2026-05-26 16:09:55.403 INFO  c.k.k.c.l.logback.LogbackConfigurator    - Logback default configuration initialized from: C:\Users\CROWN-STAFF\.katalon\packages\KS-11.1.3\configuration\org.eclipse.osgi\150\0\.cp\resources\logback\logback-execution.xml
2026-05-26 16:09:55.407 INFO  c.k.k.c.l.logback.LogbackConfigurator    - Logback custom configuration initialized from: C:\Users\CROWN-STAFF\git\convergence-qa-tests\Include\config\log.properties
2026-05-26 16:09:56.351 INFO  c.k.katalon.core.main.TestSuiteExecutor  - START Test Suites/Survey_suite_model
2026-05-26 16:09:56.567 INFO  c.k.katalon.core.main.TestSuiteExecutor  - userFullName = Chinwuba Okafor
2026-05-26 16:09:56.574 INFO  c.k.katalon.core.main.TestSuiteExecutor  - projectName = convergence-qa-tests
2026-05-26 16:09:56.575 INFO  c.k.katalon.core.main.TestSuiteExecutor  - hostName = CROWN-STAFF - DESKTOP-4SI0S1N
2026-05-26 16:09:56.577 INFO  c.k.katalon.core.main.TestSuiteExecutor  - os = Windows 11 64bit
2026-05-26 16:09:56.592 INFO  c.k.katalon.core.main.TestSuiteExecutor  - hostAddress = 192.168.2.111
2026-05-26 16:09:56.618 INFO  c.k.katalon.core.main.TestSuiteExecutor  - katalonVersion = 11.1.3.0
2026-05-26 16:09:57.009 INFO  c.k.katalon.core.main.TestCaseExecutor   - --------------------
2026-05-26 16:09:57.010 INFO  c.k.katalon.core.main.TestCaseExecutor   - START Test Cases/Setup/TC_Prepare_Task
2026-05-26 16:09:57.709 DEBUG testcase.TC_Prepare_Task                 - 1: callTestCase(findTestCase("Authentication/TC_Login"), [:], STOP_ON_FAILURE)
2026-05-26 16:09:57.981 INFO  c.k.katalon.core.main.TestCaseExecutor   - --------------------
2026-05-26 16:09:57.982 INFO  c.k.katalon.core.main.TestCaseExecutor   - CALL Test Cases/Authentication/TC_Login
2026-05-26 16:09:58.114 DEBUG testcase.TC_Login                        - 1: openBrowser("")
2026-05-26 16:09:58.493 INFO  c.k.k.core.webui.driver.DriverFactory    - Starting 'Chrome' driver
2026-05-26 16:09:58.566 INFO  c.k.k.core.webui.driver.DriverFactory    - Action delay is set to 0 milliseconds
2026-05-26 16:10:01.986 INFO  c.k.k.core.webui.driver.DriverFactory    - sessionId = e1e47c9a25408597d2db56e5cac4ffa6
2026-05-26 16:10:01.991 INFO  c.k.k.core.webui.driver.DriverFactory    - browser = Chrome 148.0.7778.179
2026-05-26 16:10:01.992 INFO  c.k.k.core.webui.driver.DriverFactory    - platform = Windows 11
2026-05-26 16:10:01.993 INFO  c.k.k.core.webui.driver.DriverFactory    - seleniumVersion = 4.39.0
2026-05-26 16:10:02.008 INFO  c.k.k.core.webui.driver.DriverFactory    - proxyInformation = ProxyInformation { proxyOption=NO_PROXY, proxyServerType=HTTP, username=, password=********, proxyServerAddress=, proxyServerPort=0, executionList="", isApplyToDesiredCapabilities=true }
2026-05-26 16:10:02.102 DEBUG testcase.TC_Login                        - 2: navigateToUrl("https://convergenceondemand.com/login")
2026-05-26 16:10:03.348 DEBUG testcase.TC_Login                        - 3: setText(findTestObject("Page_1Government Login/input_Enter your MDA"), "govtest")
2026-05-26 16:10:04.631 DEBUG testcase.TC_Login                        - 4: setText(findTestObject("Page_1Government Login/input_Enter Email"), "apisupport@cicod.com")
2026-05-26 16:10:05.404 DEBUG testcase.TC_Login                        - 5: setEncryptedText(findTestObject("Page_1Government Login/input_Enter password"), "9zJdpvfgkgtFa8MQRHGI0w==")
2026-05-26 16:10:05.801 DEBUG testcase.TC_Login                        - 6: click(findTestObject("Page_1Government Login/button_Login"))
2026-05-26 16:10:06.164 INFO  c.k.katalon.core.main.TestCaseExecutor   - END CALL Test Cases/Authentication/TC_Login
2026-05-26 16:10:06.165 INFO  c.k.katalon.core.main.TestCaseExecutor   - --------------------
2026-05-26 16:10:06.172 DEBUG testcase.TC_Prepare_Task                 - 2: callTestCase(findTestCase("Navigation/TC_Open_Task_Module"), [:], STOP_ON_FAILURE)
2026-05-26 16:10:06.242 INFO  c.k.katalon.core.main.TestCaseExecutor   - --------------------
2026-05-26 16:10:06.242 INFO  c.k.katalon.core.main.TestCaseExecutor   - CALL Test Cases/Navigation/TC_Open_Task_Module
2026-05-26 16:10:06.291 DEBUG testcase.TC_Open_Task_Module             - 1: click(findTestObject("Page_1Gov/p_Automate Government MDAs critical operations,"))
2026-05-26 16:10:18.335 INFO  c.k.katalon.core.main.TestCaseExecutor   - END CALL Test Cases/Navigation/TC_Open_Task_Module
2026-05-26 16:10:18.335 INFO  c.k.katalon.core.main.TestCaseExecutor   - --------------------
2026-05-26 16:10:18.337 DEBUG testcase.TC_Prepare_Task                 - 3: callTestCase(findTestCase("Setup/TC_Create_Task"), [:], STOP_ON_FAILURE)
2026-05-26 16:10:18.403 INFO  c.k.katalon.core.main.TestCaseExecutor   - --------------------
2026-05-26 16:10:18.403 INFO  c.k.katalon.core.main.TestCaseExecutor   - CALL Test Cases/Setup/TC_Create_Task
2026-05-26 16:10:18.606 DEBUG testcase.TC_Create_Task                  - 1: navigateToUrl("https://govtest.convergenceondemand.com/wfm/index.php?r=workOrder#active-tickets")
2026-05-26 16:10:18.619 DEBUG testcase.TC_Create_Task                  - 2: delay(5)
2026-05-26 16:10:23.664 DEBUG testcase.TC_Create_Task                  - 3: maximizeWindow()
2026-05-26 16:10:23.836 DEBUG testcase.TC_Create_Task                  - 4: click(findTestObject("Page_Work Order  Index- Workforce Manager/a_Create Task"))
2026-05-26 16:10:27.198 DEBUG testcase.TC_Create_Task                  - 5: click(findTestObject("Page_Work Order  Create- Workforce Manager/span_Select Queue"))
2026-05-26 16:10:30.916 DEBUG testcase.TC_Create_Task                  - 6: setText(findTestObject("Page_Work Order  Create- Workforce Manager/input_Search"), "aut")
2026-05-26 16:10:32.123 DEBUG testcase.TC_Create_Task                  - 7: click(findTestObject("Page_Work Order  Create- Workforce Manager/a_TEST AUTOMATION"))
2026-05-26 16:10:32.747 DEBUG testcase.TC_Create_Task                  - 8: click(findTestObject("Page_Work Order  Create- Workforce Manager/span_Select Queue Type"))
2026-05-26 16:10:35.821 DEBUG testcase.TC_Create_Task                  - 9: click(findTestObject("Page_Work Order  Create- Workforce Manager/span_Automated Testing"))
2026-05-26 16:10:36.179 DEBUG testcase.TC_Create_Task                  - 10: setText(findTestObject("Page_Work Order  Create- Workforce Manager/input_Task Title _"), "TEST AUTOMATION 10028791")
2026-05-26 16:10:39.279 DEBUG testcase.TC_Create_Task                  - 11: setText(findTestObject("Page_Work Order  Create- Workforce Manager/textarea_Description"), "Smoke Test")
2026-05-26 16:10:39.944 DEBUG testcase.TC_Create_Task                  - 12: setText(findTestObject("Page_Work Order  Create- Workforce Manager/input_Input First Name"), "Mr")
2026-05-26 16:10:40.599 DEBUG testcase.TC_Create_Task                  - 13: setText(findTestObject("Page_Work Order  Create- Workforce Manager/input_Input Last Name"), "Adekola")
2026-05-26 16:10:41.230 DEBUG testcase.TC_Create_Task                  - 14: setText(findTestObject("Page_Work Order  Create- Workforce Manager/input_Input Phone Number"), "Cole")
2026-05-26 16:10:41.932 DEBUG testcase.TC_Create_Task                  - 15: setText(findTestObject("Page_Work Order  Create- Workforce Manager/input_Input Email Address"), "testautomation@cicod.com")
2026-05-26 16:10:42.644 DEBUG testcase.TC_Create_Task                  - 16: setText(findTestObject("Page_Work Order  Create- Workforce Manager/input_house_no"), "45b")
2026-05-26 16:10:43.289 DEBUG testcase.TC_Create_Task                  - 17: setText(findTestObject("Page_Work Order  Create- Workforce Manager/input_street"), "Admiralty Way")
2026-05-26 16:10:43.939 DEBUG testcase.TC_Create_Task                  - 18: selectOptionByValue(findTestObject("Page_Work Order  Create- Workforce Manager/select_AngolaCameroonCongoEthopiaNigeriaSouth Af"), "Nigeria", false)
2026-05-26 16:10:44.539 DEBUG testcase.TC_Create_Task                  - 19: selectOptionByValue(findTestObject("Page_Work Order  Create- Workforce Manager/select_Select StateAbiaAbujaAdamawaAkwa IbomAnam"), "Lagos", false)
2026-05-26 16:10:45.122 DEBUG testcase.TC_Create_Task                  - 20: switchToWindowTitle("Work Order | Create- Workforce Manager")
2026-05-26 16:10:45.154 DEBUG testcase.TC_Create_Task                  - 21: click(findTestObject("Page_Work Order  Create- Workforce Manager/input_optionsRadios1"))
2026-05-26 16:10:45.546 DEBUG testcase.TC_Create_Task                  - 22: click(findTestObject("Page_Work Order  Create- Workforce Manager/input_optionsChecks1"))
2026-05-26 16:10:45.914 DEBUG testcase.TC_Create_Task                  - 23: setText(findTestObject("Page_Work Order  Create- Workforce Manager/input_Select Date"), "2026-05-20")
2026-05-26 16:10:46.567 DEBUG testcase.TC_Create_Task                  - 24: filePath = getProjectDir() + "/Include/test-files/data_backup.png"
2026-05-26 16:10:46.576 DEBUG testcase.TC_Create_Task                  - 25: assert File(filePath).exists()
2026-05-26 16:10:46.592 DEBUG testcase.TC_Create_Task                  - 26: uploadObj = findTestObject("Page_Work Order  Create- Workforce Manager/input_take-photo-input-selected_file")
2026-05-26 16:10:46.596 DEBUG testcase.TC_Create_Task                  - 27: waitForElementPresent(uploadObj, 10)
2026-05-26 16:10:46.867 DEBUG testcase.TC_Create_Task                  - 28: uploadFile(uploadObj, filePath)
2026-05-26 16:10:47.245 WARN  c.k.k.c.w.k.builtin.UploadFileKeyword    - Cannot clear the existing file path in the input element. Continue to upload file.
2026-05-26 16:10:47.267 DEBUG testcase.TC_Create_Task                  - 29: click(findTestObject("Page_Work Order  Create- Workforce Manager/input_should_assign_ticket"))
2026-05-26 16:10:47.859 DEBUG testcase.TC_Create_Task                  - 30: selectOptionByValue(findTestObject("Page_Work Order  Create- Workforce Manager/select_assign-to-user"), "82", false)
2026-05-26 16:10:48.495 DEBUG testcase.TC_Create_Task                  - 31: waitForElementClickable(findTestObject("Page_Work Order  Create- Workforce Manager/button_Create"), 20)
2026-05-26 16:10:48.909 DEBUG testcase.TC_Create_Task                  - 32: click(findTestObject("Page_Work Order  Create- Workforce Manager/button_Create"))
2026-05-26 16:10:49.310 INFO  c.k.katalon.core.main.TestCaseExecutor   - END CALL Test Cases/Setup/TC_Create_Task
2026-05-26 16:10:49.310 INFO  c.k.katalon.core.main.TestCaseExecutor   - --------------------
2026-05-26 16:10:49.312 DEBUG testcase.TC_Prepare_Task                 - 4: callTestCase(findTestCase("Setup/TC_Open_Task_Details"), [:], STOP_ON_FAILURE)
2026-05-26 16:10:49.370 INFO  c.k.katalon.core.main.TestCaseExecutor   - --------------------
2026-05-26 16:10:49.370 INFO  c.k.katalon.core.main.TestCaseExecutor   - CALL Test Cases/Setup/TC_Open_Task_Details
2026-05-26 16:10:49.707 DEBUG testcase.TC_Open_Task_Details            - 1: waitForPageLoad(30)
2026-05-26 16:10:49.787 DEBUG testcase.TC_Open_Task_Details            - 2: delay(3)
2026-05-26 16:10:52.802 DEBUG testcase.TC_Open_Task_Details            - 3: modal = new com.kms.katalon.core.testobject.TestObject()
2026-05-26 16:10:52.803 DEBUG testcase.TC_Open_Task_Details            - 4: modal.addProperty("xpath", EQUALS, "//*[contains(text(),'Ticket ID')]")
2026-05-26 16:10:52.812 DEBUG testcase.TC_Open_Task_Details            - 5: waitForElementVisible(modal, 30)
2026-05-26 16:11:23.587 WARN  k.k.c.w.k.b.WaitForElementVisibleKeyword - Object '' is not visible after 30 second(s)
2026-05-26 16:11:23.600 DEBUG testcase.TC_Open_Task_Details            - 6: successMessage = getText(modal)
2026-05-26 16:11:23.871 DEBUG testcase.TC_Open_Task_Details            - 7: println("SUCCESS → " + successMessage)
SUCCESS → Task Created Successfully - Ticket ID: 16700
2026-05-26 16:11:23.879 DEBUG testcase.TC_Open_Task_Details            - 8: matcher = successMessage =~ "\d+"
2026-05-26 16:11:23.880 DEBUG testcase.TC_Open_Task_Details            - 9: if (!(matcher.find()))
2026-05-26 16:11:23.886 DEBUG testcase.TC_Open_Task_Details            - 10: ticketId = matcher.group()
2026-05-26 16:11:23.888 DEBUG testcase.TC_Open_Task_Details            - 11: println("Captured Ticket → " + ticketId)
Captured Ticket → 16700
2026-05-26 16:11:23.890 DEBUG testcase.TC_Open_Task_Details            - 12: click(findTestObject("Page_Work Order  Create- Workforce Manager/button_message-dismiss"))
2026-05-26 16:11:24.929 DEBUG testcase.TC_Open_Task_Details            - 13: waitForPageLoad(20)
2026-05-26 16:11:24.950 DEBUG testcase.TC_Open_Task_Details            - 14: delay(2)
2026-05-26 16:11:26.954 DEBUG testcase.TC_Open_Task_Details            - 15: click(findTestObject("Page_Work Order  Index- Workforce Manager/a_Created By Me"))
2026-05-26 16:11:27.335 DEBUG testcase.TC_Open_Task_Details            - 16: waitForPageLoad(10)
2026-05-26 16:11:27.347 DEBUG testcase.TC_Open_Task_Details            - 17: delay(3)
2026-05-26 16:11:30.352 DEBUG testcase.TC_Open_Task_Details            - 18: search = findTestObject("Page_Work Order  Index- Workforce Manager/input_Search")
2026-05-26 16:11:30.362 DEBUG testcase.TC_Open_Task_Details            - 19: waitForElementVisible(search, 30)
2026-05-26 16:11:31.065 DEBUG testcase.TC_Open_Task_Details            - 20: click(search)
2026-05-26 16:11:31.439 DEBUG testcase.TC_Open_Task_Details            - 21: clearText(search)
2026-05-26 16:11:31.748 DEBUG testcase.TC_Open_Task_Details            - 22: setText(search, ticketId)
2026-05-26 16:11:32.403 DEBUG testcase.TC_Open_Task_Details            - 23: sendKeys(search, Keys.chord(ENTER))
2026-05-26 16:11:32.727 DEBUG testcase.TC_Open_Task_Details            - 24: println("Searching → " + ticketId)
Searching → 16700
2026-05-26 16:11:32.729 DEBUG testcase.TC_Open_Task_Details            - 25: delay(8)
2026-05-26 16:11:40.741 DEBUG testcase.TC_Open_Task_Details            - 26: row = new com.kms.katalon.core.testobject.TestObject()
2026-05-26 16:11:40.743 DEBUG testcase.TC_Open_Task_Details            - 27: row.addProperty("xpath", EQUALS, //tr[.//*[contains(text(),'$ticketId')]])
2026-05-26 16:11:40.774 DEBUG testcase.TC_Open_Task_Details            - 28: found = waitForElementPresent(row, 30)
2026-05-26 16:11:41.025 DEBUG testcase.TC_Open_Task_Details            - 29: if (!(found))
2026-05-26 16:11:41.026 DEBUG testcase.TC_Open_Task_Details            - 30: println("Ticket row found")
Ticket row found
2026-05-26 16:11:41.028 DEBUG testcase.TC_Open_Task_Details            - 31: titleLink = new com.kms.katalon.core.testobject.TestObject()
2026-05-26 16:11:41.029 DEBUG testcase.TC_Open_Task_Details            - 32: titleLink.addProperty("xpath", EQUALS, (//tr[.//*[contains(text(),'$ticketId')]]//td[3]//a) | (//tr[.//*[contains(text(),'$ticketId')]]//td[3]//*[self::span or self::div]))
2026-05-26 16:11:41.030 DEBUG testcase.TC_Open_Task_Details            - 33: waitForElementVisible(titleLink, 30)
2026-05-26 16:11:41.283 DEBUG testcase.TC_Open_Task_Details            - 34: scrollToElement(titleLink, 10)
2026-05-26 16:11:41.549 DEBUG testcase.TC_Open_Task_Details            - 35: link = findWebElement(titleLink, 20)
2026-05-26 16:11:41.822 DEBUG testcase.TC_Open_Task_Details            - 36: executeJavaScript("\narguments[0].scrollIntoView({\nblock:'center'\n});\n", Arrays.asList(link))
2026-05-26 16:11:41.847 DEBUG testcase.TC_Open_Task_Details            - 37: delay(2)
2026-05-26 16:11:43.866 DEBUG testcase.TC_Open_Task_Details            - 38: println("Opening ticket")
Opening ticket
2026-05-26 16:11:43.868 DEBUG testcase.TC_Open_Task_Details            - 39: try
2026-05-26 16:11:43.869 DEBUG testcase.TC_Open_Task_Details            - 1: click(titleLink)
2026-05-26 16:11:46.883 DEBUG testcase.TC_Open_Task_Details            - 42: opened = false
2026-05-26 16:11:46.884 DEBUG testcase.TC_Open_Task_Details            - 43: for ([i = 0, i < 30, (i++)])
2026-05-26 16:11:46.889 DEBUG testcase.TC_Open_Task_Details            - 1: delay(1)
2026-05-26 16:11:47.900 DEBUG testcase.TC_Open_Task_Details            - 2: details = new com.kms.katalon.core.testobject.TestObject()
2026-05-26 16:11:47.905 DEBUG testcase.TC_Open_Task_Details            - 3: details.addProperty("xpath", EQUALS, "\n//*[contains(text(),'Priority')]\n|\n//*[contains(text(),'Task Details')]\n|\n//*[contains(text(),'Queue')]\n")
2026-05-26 16:11:47.907 DEBUG testcase.TC_Open_Task_Details            - 4: if (verifyElementPresent(details, 1, OPTIONAL))
2026-05-26 16:11:49.262 DEBUG testcase.TC_Open_Task_Details            - 1: opened = true
2026-05-26 16:11:49.263 DEBUG testcase.TC_Open_Task_Details            - 2: break
2026-05-26 16:11:49.264 DEBUG testcase.TC_Open_Task_Details            - 44: if (!(opened))
2026-05-26 16:11:49.266 DEBUG testcase.TC_Open_Task_Details            - 45: println("TASK DETAILS OPENED → " + ticketId)
TASK DETAILS OPENED → 16700
2026-05-26 16:11:49.270 INFO  c.k.katalon.core.main.TestCaseExecutor   - END CALL Test Cases/Setup/TC_Open_Task_Details
2026-05-26 16:11:49.271 INFO  c.k.katalon.core.main.TestCaseExecutor   - --------------------
2026-05-26 16:11:49.272 DEBUG testcase.TC_Prepare_Task                 - 5: callTestCase(findTestCase("TaskActions/Uploads/Upload_File_From_Govdrive"), [:], STOP_ON_FAILURE)
2026-05-26 16:11:49.334 INFO  c.k.katalon.core.main.TestCaseExecutor   - --------------------
2026-05-26 16:11:49.335 INFO  c.k.katalon.core.main.TestCaseExecutor   - CALL Test Cases/TaskActions/Uploads/Upload_File_From_Govdrive
2026-05-26 16:11:49.590 DEBUG testcase.Upload_File_From_Govdrive       - 1: driver = getWebDriver()
2026-05-26 16:11:49.592 DEBUG testcase.Upload_File_From_Govdrive       - 2: switchToDefaultContent()
2026-05-26 16:11:49.610 DEBUG testcase.Upload_File_From_Govdrive       - 3: waitForPageLoad(30)
2026-05-26 16:11:49.621 DEBUG testcase.Upload_File_From_Govdrive       - 4: println("Starting upload flow")
Starting upload flow
2026-05-26 16:11:49.623 DEBUG testcase.Upload_File_From_Govdrive       - 5: waitForElementVisible(findTestObject("Page_Work Order  View- Workforce Manager/a_dLabel"), 30)
2026-05-26 16:11:53.294 DEBUG testcase.Upload_File_From_Govdrive       - 6: waitForElementClickable(findTestObject("Page_Work Order  View- Workforce Manager/a_dLabel"), 30)
2026-05-26 16:11:53.594 DEBUG testcase.Upload_File_From_Govdrive       - 7: click(findTestObject("Page_Work Order  View- Workforce Manager/a_dLabel"))
2026-05-26 16:11:53.942 DEBUG testcase.Upload_File_From_Govdrive       - 8: println("Upload menu opened")
Upload menu opened
2026-05-26 16:11:53.944 DEBUG testcase.Upload_File_From_Govdrive       - 9: waitForElementVisible(findTestObject("Page_Work Order  View- Workforce Manager/a_cde-upload"), 30)
2026-05-26 16:11:54.212 DEBUG testcase.Upload_File_From_Govdrive       - 10: waitForElementClickable(findTestObject("Page_Work Order  View- Workforce Manager/a_cde-upload"), 30)
2026-05-26 16:11:54.506 DEBUG testcase.Upload_File_From_Govdrive       - 11: try
2026-05-26 16:11:54.507 DEBUG testcase.Upload_File_From_Govdrive       - 1: click(findTestObject("Page_Work Order  View- Workforce Manager/a_cde-upload"))
2026-05-26 16:11:55.129 DEBUG testcase.Upload_File_From_Govdrive       - 14: println("GovDrive selected")
GovDrive selected
2026-05-26 16:11:55.132 DEBUG testcase.Upload_File_From_Govdrive       - 15: switchToDefaultContent()
2026-05-26 16:11:55.142 DEBUG testcase.Upload_File_From_Govdrive       - 16: waitForElementVisible(findTestObject("Page_Work Order  View- Workforce Manager/iframe_cde-widget"), 30)
2026-05-26 16:11:55.853 DEBUG testcase.Upload_File_From_Govdrive       - 17: switched = false
2026-05-26 16:11:55.854 DEBUG testcase.Upload_File_From_Govdrive       - 18: for ([i = 0, i < 3, (i++)])
2026-05-26 16:11:55.856 DEBUG testcase.Upload_File_From_Govdrive       - 1: try
2026-05-26 16:11:55.868 DEBUG testcase.Upload_File_From_Govdrive       - 1: switchToFrame(findTestObject("Page_Work Order  View- Workforce Manager/iframe_cde-widget"), 10)
2026-05-26 16:11:57.384 DEBUG testcase.Upload_File_From_Govdrive       - 2: switched = true
2026-05-26 16:11:57.386 DEBUG testcase.Upload_File_From_Govdrive       - 3: break
2026-05-26 16:11:57.387 DEBUG testcase.Upload_File_From_Govdrive       - 19: if (!(switched))
2026-05-26 16:11:57.390 DEBUG testcase.Upload_File_From_Govdrive       - 20: println("Inside iframe")
Inside iframe
2026-05-26 16:11:57.391 DEBUG testcase.Upload_File_From_Govdrive       - 21: delay(5)
2026-05-26 16:12:02.403 DEBUG testcase.Upload_File_From_Govdrive       - 22: println("Waiting for files to appear...")
Waiting for files to appear...
2026-05-26 16:12:02.404 DEBUG testcase.Upload_File_From_Govdrive       - 23: found = false
2026-05-26 16:12:02.406 DEBUG testcase.Upload_File_From_Govdrive       - 24: checkbox = null
2026-05-26 16:12:02.407 DEBUG testcase.Upload_File_From_Govdrive       - 25: for ([i = 0, i < 20, (i++)])
2026-05-26 16:12:02.408 DEBUG testcase.Upload_File_From_Govdrive       - 1: checkboxes = driver.findElements(By.xpath("//input[@type='checkbox'] | //*[@role='checkbox']"))
2026-05-26 16:12:02.436 DEBUG testcase.Upload_File_From_Govdrive       - 2: println("Checkbox count = " + checkboxes.size())
Checkbox count = 8
2026-05-26 16:12:02.438 DEBUG testcase.Upload_File_From_Govdrive       - 3: if (!(checkboxes.isEmpty()))
2026-05-26 16:12:02.440 DEBUG testcase.Upload_File_From_Govdrive       - 1: checkbox = checkboxes[0]
2026-05-26 16:12:02.444 DEBUG testcase.Upload_File_From_Govdrive       - 2: driver.executeScript("arguments[0].scrollIntoView(true)", checkbox)
2026-05-26 16:12:02.458 DEBUG testcase.Upload_File_From_Govdrive       - 3: delay(1)
2026-05-26 16:12:03.470 DEBUG testcase.Upload_File_From_Govdrive       - 4: driver.executeScript("arguments[0].click();", checkbox)
2026-05-26 16:12:03.524 DEBUG testcase.Upload_File_From_Govdrive       - 5: found = true
2026-05-26 16:12:03.525 DEBUG testcase.Upload_File_From_Govdrive       - 6: println("File selected")
File selected
2026-05-26 16:12:03.527 DEBUG testcase.Upload_File_From_Govdrive       - 7: break
2026-05-26 16:12:03.528 DEBUG testcase.Upload_File_From_Govdrive       - 26: if (!(found))
2026-05-26 16:12:03.529 DEBUG testcase.Upload_File_From_Govdrive       - 27: delay(3)
2026-05-26 16:12:06.538 DEBUG testcase.Upload_File_From_Govdrive       - 28: insertBtn = null
2026-05-26 16:12:06.541 DEBUG testcase.Upload_File_From_Govdrive       - 29: for ([i = 0, i < 15, (i++)])
2026-05-26 16:12:06.544 DEBUG testcase.Upload_File_From_Govdrive       - 1: try
2026-05-26 16:12:06.545 DEBUG testcase.Upload_File_From_Govdrive       - 1: insertBtn = driver.findElement(By.xpath("//button[normalize-space()='Insert']"))
2026-05-26 16:12:06.567 DEBUG testcase.Upload_File_From_Govdrive       - 2: visible = insertBtn.isDisplayed()
2026-05-26 16:12:06.581 DEBUG testcase.Upload_File_From_Govdrive       - 3: enabled = insertBtn.isEnabled()
2026-05-26 16:12:06.591 DEBUG testcase.Upload_File_From_Govdrive       - 4: disabled = insertBtn.getAttribute("disabled")
2026-05-26 16:12:06.605 DEBUG testcase.Upload_File_From_Govdrive       - 5: if (visible && enabled && disabled == null)
2026-05-26 16:12:06.606 DEBUG testcase.Upload_File_From_Govdrive       - 1: break
2026-05-26 16:12:06.607 DEBUG testcase.Upload_File_From_Govdrive       - 30: if (insertBtn == null)
2026-05-26 16:12:06.608 DEBUG testcase.Upload_File_From_Govdrive       - 31: driver.executeScript("\narguments[0].scrollIntoView({\nblock:'center'\n});\n", insertBtn)
2026-05-26 16:12:06.632 DEBUG testcase.Upload_File_From_Govdrive       - 32: delay(1)
2026-05-26 16:12:07.642 DEBUG testcase.Upload_File_From_Govdrive       - 33: driver.executeScript("arguments[0].click();", insertBtn)
2026-05-26 16:12:07.660 DEBUG testcase.Upload_File_From_Govdrive       - 34: println("Insert clicked")
Insert clicked
2026-05-26 16:12:07.662 DEBUG testcase.Upload_File_From_Govdrive       - 35: switchToDefaultContent()
2026-05-26 16:12:07.671 DEBUG testcase.Upload_File_From_Govdrive       - 36: try
2026-05-26 16:12:07.672 DEBUG testcase.Upload_File_From_Govdrive       - 1: delay(3)
2026-05-26 16:12:10.689 DEBUG testcase.Upload_File_From_Govdrive       - 2: okButton = driver.findElement(By.xpath("//button[normalize-space()='OK'] | //a[normalize-space()='OK']"))
2026-05-26 16:12:10.947 DEBUG testcase.Upload_File_From_Govdrive       - 3: driver.executeScript("arguments[0].click();", okButton)
2026-05-26 16:12:10.959 DEBUG testcase.Upload_File_From_Govdrive       - 4: println("Success popup closed")
Success popup closed
2026-05-26 16:12:10.962 DEBUG testcase.Upload_File_From_Govdrive       - 39: switchToDefaultContent()
2026-05-26 16:12:10.969 DEBUG testcase.Upload_File_From_Govdrive       - 40: println("Upload completed")
Upload completed
2026-05-26 16:12:10.970 INFO  c.k.katalon.core.main.TestCaseExecutor   - END CALL Test Cases/TaskActions/Uploads/Upload_File_From_Govdrive
2026-05-26 16:12:10.971 INFO  c.k.katalon.core.main.TestCaseExecutor   - --------------------
2026-05-26 16:12:10.973 DEBUG testcase.TC_Prepare_Task                 - 6: callTestCase(findTestCase("TaskActions/Uploads/Upload_file_Without_Classification"), [:], STOP_ON_FAILURE)
2026-05-26 16:12:11.031 INFO  c.k.katalon.core.main.TestCaseExecutor   - --------------------
2026-05-26 16:12:11.031 INFO  c.k.katalon.core.main.TestCaseExecutor   - CALL Test Cases/TaskActions/Uploads/Upload_file_Without_Classification
2026-05-26 16:12:11.162 DEBUG t.Upload_file_Without_Classification     - 1: taskName = "TEST AUTOMATION"
2026-05-26 16:12:11.163 DEBUG t.Upload_file_Without_Classification     - 2: uploadFile = getProjectDir() + "/Include/test-files/TASK CYCLE.pdf"
2026-05-26 16:12:11.165 DEBUG t.Upload_file_Without_Classification     - 3: waitForPageLoad(20)
2026-05-26 16:12:27.101 DEBUG t.Upload_file_Without_Classification     - 4: switchToDefaultContent()
2026-05-26 16:12:27.115 DEBUG t.Upload_file_Without_Classification     - 5: println("Looking for task: " + taskName)
Looking for task: TEST AUTOMATION
2026-05-26 16:12:27.116 DEBUG t.Upload_file_Without_Classification     - 6: task = new com.kms.katalon.core.testobject.TestObject()
2026-05-26 16:12:27.118 DEBUG t.Upload_file_Without_Classification     - 7: task.addProperty("xpath", EQUALS, "//p[contains(normalize-space(.),'" + taskName + "')]")
2026-05-26 16:12:27.119 DEBUG t.Upload_file_Without_Classification     - 8: taskExists = waitForElementPresent(task, 20, OPTIONAL)
2026-05-26 16:12:29.197 DEBUG t.Upload_file_Without_Classification     - 9: println("Task exists = " + taskExists)
Task exists = true
2026-05-26 16:12:29.198 DEBUG t.Upload_file_Without_Classification     - 10: if (!(taskExists))
2026-05-26 16:12:29.199 DEBUG t.Upload_file_Without_Classification     - 11: assert taskExists
2026-05-26 16:12:29.200 DEBUG t.Upload_file_Without_Classification     - 12: scrollToElement(task, 10)
2026-05-26 16:12:29.444 DEBUG t.Upload_file_Without_Classification     - 13: enhancedClick(task)
2026-05-26 16:12:29.750 ERROR c.k.k.c.w.k.b.EnhancedClickKeyword       - ❌ element not interactable: [object HTMLParagraphElement] has no size and location\n  (Session info: chrome=148.0.7778.179)\nBuild info: version: '4.39.0', revision: '126f156aee'\nSystem info: os.name: 'Windows 11', os.arch: 'amd64', os.version: '10.0', java.version: '21.0.9'\nDriver info: com.kms.katalon.selenium.driver.CChromeDriver\nCommand: [e1e47c9a25408597d2db56e5cac4ffa6, actions {actions=[org.openqa.selenium.interactions.Sequence@30c96ea9]}]\nCapabilities {acceptInsecureCerts: false, browserName: chrome, browserVersion: 148.0.7778.179, chrome: {chromedriverVersion: 148.0.7778.167 (65db666ac2c..., userDataDir: C:\Users\CROWN-~1\AppData\L...}, fedcm:accounts: true, goog:chromeOptions: {debuggerAddress: localhost:60401}, goog:processID: 44664, networkConnectionEnabled: false, pageLoadStrategy: normal, platformName: windows, proxy: Proxy(), se:cdp: ws://localhost:60401/devtoo..., se:cdpVersion: 148.0.7778.179, setWindowRect: true, strictFileInteractability: false, timeouts: {implicit: 0, pageLoad: 300000, script: 30000}, unhandledPromptBehavior: {alert: ignore, beforeUnload: ignore, confirm: ignore, default: ignore, file: ignore, prompt: ignore}, webSocketUrl: ws://localhost:7103/session..., webauthn:extension:credBlob: true, webauthn:extension:largeBlob: true, webauthn:extension:minPinLength: true, webauthn:extension:prf: true, webauthn:virtualAuthenticators: true}\nSession ID: e1e47c9a25408597d2db56e5cac4ffa6
2026-05-26 16:12:40.155 DEBUG t.Upload_file_Without_Classification     - 14: waitForPageLoad(20)
2026-05-26 16:12:40.163 DEBUG t.Upload_file_Without_Classification     - 15: uploadBtn = findTestObject("Page_Work Order  View- Workforce Manager/Page_Work Order  View- Workforce Manager/a_dLabel")
2026-05-26 16:12:40.168 DEBUG t.Upload_file_Without_Classification     - 16: waitForElementClickable(uploadBtn, 20)
2026-05-26 16:12:40.460 DEBUG t.Upload_file_Without_Classification     - 17: enhancedClick(uploadBtn)
2026-05-26 16:12:40.794 DEBUG t.Upload_file_Without_Classification     - 18: println("Upload modal opened")
Upload modal opened
2026-05-26 16:12:40.795 DEBUG t.Upload_file_Without_Classification     - 19: assert Files.exists(Paths.get(uploadFile))
2026-05-26 16:12:40.807 DEBUG t.Upload_file_Without_Classification     - 20: println("Uploading -> " + uploadFile)
Uploading -> C:/Users/CROWN-STAFF/git/convergence-qa-tests/Include/test-files/TASK CYCLE.pdf
2026-05-26 16:12:40.808 DEBUG t.Upload_file_Without_Classification     - 21: fileInput = new com.kms.katalon.core.testobject.TestObject()
2026-05-26 16:12:40.809 DEBUG t.Upload_file_Without_Classification     - 22: fileInput.addProperty("xpath", EQUALS, "//*[@id='file_upload']")
2026-05-26 16:12:40.810 DEBUG t.Upload_file_Without_Classification     - 23: waitForElementPresent(fileInput, 20)
2026-05-26 16:12:41.061 DEBUG t.Upload_file_Without_Classification     - 24: executeJavaScript("\narguments[0].style.display='block';\narguments[0].style.visibility='visible';\narguments[0].removeAttribute('hidden');\narguments[0].removeAttribute('disabled');\n", [findWebElement(fileInput, 20)])
2026-05-26 16:12:41.313 DEBUG t.Upload_file_Without_Classification     - 25: uploadFile(fileInput, uploadFile)
2026-05-26 16:12:41.578 WARN  c.k.k.c.w.k.builtin.UploadFileKeyword    - Cannot clear the existing file path in the input element. Continue to upload file.
2026-05-26 16:12:41.606 DEBUG t.Upload_file_Without_Classification     - 26: println("File injected successfully")
File injected successfully
2026-05-26 16:12:41.607 DEBUG t.Upload_file_Without_Classification     - 27: delay(8)
2026-05-26 16:12:49.610 DEBUG t.Upload_file_Without_Classification     - 28: noButton = new com.kms.katalon.core.testobject.TestObject()
2026-05-26 16:12:49.613 DEBUG t.Upload_file_Without_Classification     - 29: noButton.addProperty("xpath", EQUALS, "//button[normalize-space()='No']")
2026-05-26 16:12:49.615 DEBUG t.Upload_file_Without_Classification     - 30: modalPresent = waitForElementPresent(noButton, 10, OPTIONAL)
2026-05-26 16:12:49.868 DEBUG t.Upload_file_Without_Classification     - 31: if (modalPresent)
2026-05-26 16:12:49.869 DEBUG t.Upload_file_Without_Classification     - 1: waitForElementClickable(noButton, 10)
2026-05-26 16:12:50.152 DEBUG t.Upload_file_Without_Classification     - 2: enhancedClick(noButton)
2026-05-26 16:12:50.477 DEBUG t.Upload_file_Without_Classification     - 3: println("Clicked NO")
Clicked NO
2026-05-26 16:12:50.479 DEBUG t.Upload_file_Without_Classification     - 32: println("Upload completed")
Upload completed
2026-05-26 16:12:50.483 INFO  c.k.katalon.core.main.TestCaseExecutor   - END CALL Test Cases/TaskActions/Uploads/Upload_file_Without_Classification
2026-05-26 16:12:50.483 INFO  c.k.katalon.core.main.TestCaseExecutor   - --------------------
2026-05-26 16:12:50.485 DEBUG testcase.TC_Prepare_Task                 - 7: callTestCase(findTestCase("TaskActions/Table_Actions/Esign"), [:], STOP_ON_FAILURE)
2026-05-26 16:12:50.548 INFO  c.k.katalon.core.main.TestCaseExecutor   - --------------------
2026-05-26 16:12:50.548 INFO  c.k.katalon.core.main.TestCaseExecutor   - CALL Test Cases/TaskActions/Table_Actions/Esign
2026-05-26 16:12:50.905 DEBUG testcase.Esign                           - 1: driver = getWebDriver()
2026-05-26 16:12:50.907 DEBUG testcase.Esign                           - 2: wait = new org.openqa.selenium.support.ui.WebDriverWait(driver, java.time.Duration.ofSeconds(30))
2026-05-26 16:12:50.908 DEBUG testcase.Esign                           - 3: println("===== START ESIGN =====")
===== START ESIGN =====
2026-05-26 16:12:50.910 DEBUG testcase.Esign                           - 4: waitForPageLoad(30)
2026-05-26 16:12:50.918 DEBUG testcase.Esign                           - 5: click(findTestObject("Page_Work Order  View- Workforce Manager/svg_svg"))
2026-05-26 16:13:00.939 WARN  c.k.k.c.w.keyword.builtin.ClickKeyword   - Waiting for element timed out
2026-05-26 16:13:02.187 ERROR c.k.k.core.keyword.internal.KeywordMain  - ❌ Unable to click on object 'Object Repository/Page_Work Order  View- Workforce Manager/svg_svg' (Root cause: com.kms.katalon.core.exception.StepFailedException: Unable to click on object 'Object Repository/Page_Work Order  View- Workforce Manager/svg_svg'\r\n\tat com.kms.katalon.core.webui.keyword.internal.WebUIKeywordMain.stepFailed(WebUIKeywordMain.groovy:177)\r\n\tat com.kms.katalon.core.webui.keyword.internal.WebUIKeywordMain.runKeyword(WebUIKeywordMain.groovy:49)\r\n\tat com.kms.katalon.core.webui.keyword.internal.WebUIKeywordMain.runKeywordUntilTimeout(WebUIKeywordMain.groovy:133)\r\n\tat com.kms.katalon.core.webui.keyword.builtin.ClickKeyword.click(ClickKeyword.groovy:72)\r\n\tat com.kms.katalon.core.webui.keyword.builtin.ClickKeyword.execute(ClickKeyword.groovy:38)\r\n\tat com.kms.katalon.core.keyword.internal.KeywordExecutor.executeKeywordForPlatform(KeywordExecutor.groovy:99)\r\n\tat com.kms.katalon.core.webui.keyword.WebUiBuiltInKeywords.click(WebUiBuiltInKeywords.groovy:722)\r\n\tat Esign.run(Esign:25)\r\n\tat com.kms.katalon.core.main.ScriptEngine.run(ScriptEngine.java:203)\r\n\tat com.kms.katalon.core.main.ScriptEngine.runScriptAsRawText(ScriptEngine.java:115)\r\n\tat com.kms.katalon.core.main.TestCaseExecutor.runScript(TestCaseExecutor.java:504)\r\n\tat com.kms.katalon.core.main.TestCaseExecutor.doExecute(TestCaseExecutor.java:495)\r\n\tat com.kms.katalon.core.main.TestCaseExecutor.processExecutionPhase(TestCaseExecutor.java:474)\r\n\tat com.kms.katalon.core.main.TestCaseExecutor.accessMainPhase(TestCaseExecutor.java:466)\r\n\tat com.kms.katalon.core.main.TestCaseExecutor.execute(TestCaseExecutor.java:336)\r\n\tat com.kms.katalon.core.main.TestCaseMain.runTestCase(TestCaseMain.java:152)\r\n\tat com.kms.katalon.core.keyword.builtin.CallTestCaseKeyword$_callTestCase_closure1.doCall(CallTestCaseKeyword.groovy:59)\r\n\tat com.kms.katalon.core.keyword.builtin.CallTestCaseKeyword$_callTestCase_closure1.call(CallTestCaseKeyword.groovy)\r\n\tat com.kms.katalon.core.keyword.internal.KeywordMain.runKeyword(KeywordMain.groovy:75)\r\n\tat com.kms.katalon.core.keyword.builtin.CallTestCaseKeyword.callTestCase(CallTestCaseKeyword.groovy:81)\r\n\tat com.kms.katalon.core.keyword.builtin.CallTestCaseKeyword.execute(CallTestCaseKeyword.groovy:44)\r\n\tat com.kms.katalon.core.keyword.internal.KeywordExecutor.executeKeywordForPlatform(KeywordExecutor.groovy:99)\r\n\tat com.kms.katalon.core.keyword.BuiltinKeywords.callTestCase(BuiltinKeywords.groovy:294)\r\n\tat java.base/jdk.internal.reflect.DirectMethodHandleAccessor.invoke(DirectMethodHandleAccessor.java:103)\r\n\tat TC_Prepare_Task.run(TC_Prepare_Task:32)\r\n\tat com.kms.katalon.core.main.ScriptEngine.run(ScriptEngine.java:203)\r\n\tat com.kms.katalon.core.main.ScriptEngine.runScriptAsRawText(ScriptEngine.java:115)\r\n\tat com.kms.katalon.core.main.TestCaseExecutor.runScript(TestCaseExecutor.java:504)\r\n\tat com.kms.katalon.core.main.TestCaseExecutor.doExecute(TestCaseExecutor.java:495)\r\n\tat com.kms.katalon.core.main.TestCaseExecutor.processExecutionPhase(TestCaseExecutor.java:474)\r\n\tat com.kms.katalon.core.main.TestCaseExecutor.accessMainPhase(TestCaseExecutor.java:466)\r\n\tat com.kms.katalon.core.main.TestCaseExecutor.execute(TestCaseExecutor.java:336)\r\n\tat com.kms.katalon.core.common.CommonExecutor.accessTestCaseMainPhase(CommonExecutor.java:71)\r\n\tat com.kms.katalon.core.main.TestSuiteExecutor.accessTestSuiteMainPhase(TestSuiteExecutor.java:153)\r\n\tat com.kms.katalon.core.main.TestSuiteExecutor.execute(TestSuiteExecutor.java:110)\r\n\tat com.kms.katalon.core.main.TestCaseMain.startTestSuite(TestCaseMain.java:206)\r\n\tat S0526_48.run(S0526_48.groovy:40)\r\n\tat java.base/jdk.internal.reflect.DirectMethodHandleAccessor.invoke(DirectMethodHandleAccessor.java:103)\r\nCaused by: org.openqa.selenium.ElementClickInterceptedException: element click intercepted: Element <svg style="position: relative; top: 5px;" width="17" height="17" viewBox="0 0 17 17" fill="none" xmlns="http://www.w3.org/2000/svg">...</svg> is not clickable at point (677, 936). Other element would receive the click: <div id="documentClassification" class="modalBackDrop" style="display: block;">...</div>\n  (Session info: chrome=148.0.7778.179)\nBuild info: version: '4.39.0', revision: '126f156aee'\nSystem info: os.name: 'Windows 11', os.arch: 'amd64', os.version: '10.0', java.version: '21.0.9'\nDriver info: com.kms.katalon.selenium.driver.CChromeDriver\nCommand: [e1e47c9a25408597d2db56e5cac4ffa6, clickElement {id=f.B74D3E7338D9529307E04373D852E4BE.d.40C506B1B248C447E89C304A26FFE768.e.54120}]\nCapabilities {acceptInsecureCerts: false, browserName: chrome, browserVersion: 148.0.7778.179, chrome: {chromedriverVersion: 148.0.7778.167 (65db666ac2c..., userDataDir: C:\Users\CROWN-~1\AppData\L...}, fedcm:accounts: true, goog:chromeOptions: {debuggerAddress: localhost:60401}, goog:processID: 44664, networkConnectionEnabled: false, pageLoadStrategy: normal, platformName: windows, proxy: Proxy(), se:cdp: ws://localhost:60401/devtoo..., se:cdpVersion: 148.0.7778.179, setWindowRect: true, strictFileInteractability: false, timeouts: {implicit: 0, pageLoad: 300000, script: 30000}, unhandledPromptBehavior: {alert: ignore, beforeUnload: ignore, confirm: ignore, default: ignore, file: ignore, prompt: ignore}, webSocketUrl: ws://localhost:7103/session..., webauthn:extension:credBlob: true, webauthn:extension:largeBlob: true, webauthn:extension:minPinLength: true, webauthn:extension:prf: true, webauthn:virtualAuthenticators: true}\nElement: [[CChromeDriver: chrome on windows (e1e47c9a25408597d2db56e5cac4ffa6)] -> xpath: //*[(name() = 'tr') and (position() = 1)]//*[(name() = 'span') and (position() = 3)]//*[@fill = 'none']]\nSession ID: e1e47c9a25408597d2db56e5cac4ffa6\r\n\tat java.base/jdk.internal.reflect.DirectConstructorHandleAccessor.newInstance(DirectConstructorHandleAccessor.java:62)\r\n\tat org.openqa.selenium.remote.ErrorCodec.decode(ErrorCodec.java:167)\r\n\tat org.openqa.selenium.remote.codec.w3c.W3CHttpResponseCodec.decode(W3CHttpResponseCodec.java:142)\r\n\tat org.openqa.selenium.remote.codec.w3c.W3CHttpResponseCodec.decode(W3CHttpResponseCodec.java:49)\r\n\tat org.openqa.selenium.remote.HttpCommandExecutor.execute(HttpCommandExecutor.java:215)\r\n\tat org.openqa.selenium.remote.service.DriverCommandExecutor.invokeExecute(DriverCommandExecutor.java:216)\r\n\tat org.openqa.selenium.remote.service.DriverCommandExecutor.execute(DriverCommandExecutor.java:174)\r\n\tat org.openqa.selenium.remote.RemoteWebDriver.execute(RemoteWebDriver.java:561)\r\n\tat org.openqa.selenium.remote.RemoteWebElement.execute(RemoteWebElement.java:223)\r\n\tat org.openqa.selenium.remote.RemoteWebElement.click(RemoteWebElement.java:76)\r\n\tat java.base/jdk.internal.reflect.DirectMethodHandleAccessor.invoke(DirectMethodHandleAccessor.java:103)\r\n\tat org.openqa.selenium.support.decorators.WebDriverDecorator.call(WebDriverDecorator.java:326)\r\n\tat org.openqa.selenium.support.decorators.DefaultDecorated.call(DefaultDecorated.java:48)\r\n\tat org.openqa.selenium.support.decorators.WebDriverDecorator.lambda$createProxyFactory$3(WebDriverDecorator.java:416)\r\n\tat net.bytebuddy.renamed.java.lang.Object$ByteBuddy$oMtCgslp.click(Unknown Source)\r\n\tat com.kms.katalon.core.webui.keyword.builtin.ClickKeyword$_click_closure1.doCall(ClickKeyword.groovy:63)\r\n\tat java.base/jdk.internal.reflect.DirectMethodHandleAccessor.invoke(DirectMethodHandleAccessor.java:103)\r\n\tat jdk.proxy2/jdk.proxy2.$Proxy56.execute(Unknown Source)\r\n\tat com.kms.katalon.core.webui.model.SeleniumActionRetryController.performAction(SeleniumActionRetryController.java:96)\r\n\tat com.kms.katalon.core.webui.model.SeleniumActionRetryController.performAction(SeleniumActionRetryController.java:83)\r\n\tat com.kms.katalon.core.webui.keyword.internal.WebUIKeywordMain$_runKeywordUntilTimeout_closure1.doCall(WebUIKeywordMain.groovy:135)\r\n\tat com.kms.katalon.core.webui.keyword.internal.WebUIKeywordMain$_runKeywordUntilTimeout_closure1.call(WebUIKeywordMain.groovy)\r\n\tat com.kms.katalon.core.webui.keyword.internal.WebUIKeywordMain.runKeyword(WebUIKeywordMain.groovy:41)\r\n\tat com.kms.katalon.core.webui.keyword.internal.WebUIKeywordMain.runKeywordUntilTimeout(WebUIKeywordMain.groovy:133)\r\n\tat com.kms.katalon.core.webui.keyword.builtin.ClickKeyword.click(ClickKeyword.groovy:72)\r\n\tat com.kms.katalon.core.webui.keyword.builtin.ClickKeyword.execute(ClickKeyword.groovy:38)\r\n\tat com.kms.katalon.core.keyword.internal.KeywordExecutor.executeKeywordForPlatform(KeywordExecutor.groovy:99)\r\n\tat com.kms.katalon.core.webui.keyword.WebUiBuiltInKeywords.click(WebUiBuiltInKeywords.groovy:722)\r\n\tat Script1779706958324.run(Script1779706958324.groovy:25)\r\n\tat com.kms.katalon.core.main.ScriptEngine.run(ScriptEngine.java:203)\r\n\tat com.kms.katalon.core.main.ScriptEngine.runScriptAsRawText(ScriptEngine.java:115)\r\n\tat com.kms.katalon.core.main.TestCaseExecutor.runScript(TestCaseExecutor.java:504)\r\n\tat com.kms.katalon.core.main.TestCaseExecutor.doExecute(TestCaseExecutor.java:495)\r\n\tat com.kms.katalon.core.main.TestCaseExecutor.processExecutionPhase(TestCaseExecutor.java:474)\r\n\tat com.kms.katalon.core.main.TestCaseExecutor.accessMainPhase(TestCaseExecutor.java:466)\r\n\tat com.kms.katalon.core.main.TestCaseExecutor.execute(TestCaseExecutor.java:336)\r\n\tat com.kms.katalon.core.main.TestCaseMain.runTestCase(TestCaseMain.java:152)\r\n\tat com.kms.katalon.core.keyword.builtin.CallTestCaseKeyword$_callTestCase_closure1.doCall(CallTestCaseKeyword.groovy:59)\r\n\tat com.kms.katalon.core.keyword.builtin.CallTestCaseKeyword$_callTestCase_closure1.call(CallTestCaseKeyword.groovy)\r\n\tat com.kms.katalon.core.keyword.internal.KeywordMain.runKeyword(KeywordMain.groovy:75)\r\n\tat com.kms.katalon.core.keyword.builtin.CallTestCaseKeyword.callTestCase(CallTestCaseKeyword.groovy:81)\r\n\tat com.kms.katalon.core.keyword.builtin.CallTestCaseKeyword.execute(CallTestCaseKeyword.groovy:44)\r\n\tat com.kms.katalon.core.keyword.internal.KeywordExecutor.executeKeywordForPlatform(KeywordExecutor.groovy:99)\r\n\tat com.kms.katalon.core.keyword.BuiltinKeywords.callTestCase(BuiltinKeywords.groovy:294)\r\n\tat java.base/jdk.internal.reflect.DirectMethodHandleAccessor.invoke(DirectMethodHandleAccessor.java:103)\r\n\tat Script1779525823646.run(Script1779525823646.groovy:32)\r\n\t... 13 more\r\n)
2026-05-26 16:13:02.192 ERROR c.k.katalon.core.main.TestCaseExecutor   - ❌ Test Cases/TaskActions/Table_Actions/Esign FAILED.\nReason:\ncom.kms.katalon.core.exception.StepFailedException: Unable to click on object 'Object Repository/Page_Work Order  View- Workforce Manager/svg_svg'\r\n\tat com.kms.katalon.core.webui.keyword.internal.WebUIKeywordMain.stepFailed(WebUIKeywordMain.groovy:177)\r\n\tat com.kms.katalon.core.webui.keyword.internal.WebUIKeywordMain.runKeyword(WebUIKeywordMain.groovy:49)\r\n\tat com.kms.katalon.core.webui.keyword.internal.WebUIKeywordMain.runKeywordUntilTimeout(WebUIKeywordMain.groovy:133)\r\n\tat com.kms.katalon.core.webui.keyword.builtin.ClickKeyword.click(ClickKeyword.groovy:72)\r\n\tat com.kms.katalon.core.webui.keyword.builtin.ClickKeyword.execute(ClickKeyword.groovy:38)\r\n\tat com.kms.katalon.core.keyword.internal.KeywordExecutor.executeKeywordForPlatform(KeywordExecutor.groovy:99)\r\n\tat com.kms.katalon.core.webui.keyword.WebUiBuiltInKeywords.click(WebUiBuiltInKeywords.groovy:722)\r\n\tat Esign.run(Esign:25)\r\n\tat com.kms.katalon.core.main.ScriptEngine.run(ScriptEngine.java:203)\r\n\tat com.kms.katalon.core.main.ScriptEngine.runScriptAsRawText(ScriptEngine.java:115)\r\n\tat com.kms.katalon.core.main.TestCaseExecutor.runScript(TestCaseExecutor.java:504)\r\n\tat com.kms.katalon.core.main.TestCaseExecutor.doExecute(TestCaseExecutor.java:495)\r\n\tat com.kms.katalon.core.main.TestCaseExecutor.processExecutionPhase(TestCaseExecutor.java:474)\r\n\tat com.kms.katalon.core.main.TestCaseExecutor.accessMainPhase(TestCaseExecutor.java:466)\r\n\tat com.kms.katalon.core.main.TestCaseExecutor.execute(TestCaseExecutor.java:336)\r\n\tat com.kms.katalon.core.main.TestCaseMain.runTestCase(TestCaseMain.java:152)\r\n\tat com.kms.katalon.core.keyword.builtin.CallTestCaseKeyword$_callTestCase_closure1.doCall(CallTestCaseKeyword.groovy:59)\r\n\tat com.kms.katalon.core.keyword.builtin.CallTestCaseKeyword$_callTestCase_closure1.call(CallTestCaseKeyword.groovy)\r\n\tat com.kms.katalon.core.keyword.internal.KeywordMain.runKeyword(KeywordMain.groovy:75)\r\n\tat com.kms.katalon.core.keyword.builtin.CallTestCaseKeyword.callTestCase(CallTestCaseKeyword.groovy:81)\r\n\tat com.kms.katalon.core.keyword.builtin.CallTestCaseKeyword.execute(CallTestCaseKeyword.groovy:44)\r\n\tat com.kms.katalon.core.keyword.internal.KeywordExecutor.executeKeywordForPlatform(KeywordExecutor.groovy:99)\r\n\tat com.kms.katalon.core.keyword.BuiltinKeywords.callTestCase(BuiltinKeywords.groovy:294)\r\n\tat java.base/jdk.internal.reflect.DirectMethodHandleAccessor.invoke(DirectMethodHandleAccessor.java:103)\r\n\tat TC_Prepare_Task.run(TC_Prepare_Task:32)\r\n\tat com.kms.katalon.core.main.ScriptEngine.run(ScriptEngine.java:203)\r\n\tat com.kms.katalon.core.main.ScriptEngine.runScriptAsRawText(ScriptEngine.java:115)\r\n\tat com.kms.katalon.core.main.TestCaseExecutor.runScript(TestCaseExecutor.java:504)\r\n\tat com.kms.katalon.core.main.TestCaseExecutor.doExecute(TestCaseExecutor.java:495)\r\n\tat com.kms.katalon.core.main.TestCaseExecutor.processExecutionPhase(TestCaseExecutor.java:474)\r\n\tat com.kms.katalon.core.main.TestCaseExecutor.accessMainPhase(TestCaseExecutor.java:466)\r\n\tat com.kms.katalon.core.main.TestCaseExecutor.execute(TestCaseExecutor.java:336)\r\n\tat com.kms.katalon.core.common.CommonExecutor.accessTestCaseMainPhase(CommonExecutor.java:71)\r\n\tat com.kms.katalon.core.main.TestSuiteExecutor.accessTestSuiteMainPhase(TestSuiteExecutor.java:153)\r\n\tat com.kms.katalon.core.main.TestSuiteExecutor.execute(TestSuiteExecutor.java:110)\r\n\tat com.kms.katalon.core.main.TestCaseMain.startTestSuite(TestCaseMain.java:206)\r\n\tat S0526_48.run(S0526_48.groovy:40)\r\n\tat java.base/jdk.internal.reflect.DirectMethodHandleAccessor.invoke(DirectMethodHandleAccessor.java:103)\r\nCaused by: org.openqa.selenium.ElementClickInterceptedException: element click intercepted: Element <svg style="position: relative; top: 5px;" width="17" height="17" viewBox="0 0 17 17" fill="none" xmlns="http://www.w3.org/2000/svg">...</svg> is not clickable at point (677, 936). Other element would receive the click: <div id="documentClassification" class="modalBackDrop" style="display: block;">...</div>\n  (Session info: chrome=148.0.7778.179)\nBuild info: version: '4.39.0', revision: '126f156aee'\nSystem info: os.name: 'Windows 11', os.arch: 'amd64', os.version: '10.0', java.version: '21.0.9'\nDriver info: com.kms.katalon.selenium.driver.CChromeDriver\nCommand: [e1e47c9a25408597d2db56e5cac4ffa6, clickElement {id=f.B74D3E7338D9529307E04373D852E4BE.d.40C506B1B248C447E89C304A26FFE768.e.54120}]\nCapabilities {acceptInsecureCerts: false, browserName: chrome, browserVersion: 148.0.7778.179, chrome: {chromedriverVersion: 148.0.7778.167 (65db666ac2c..., userDataDir: C:\Users\CROWN-~1\AppData\L...}, fedcm:accounts: true, goog:chromeOptions: {debuggerAddress: localhost:60401}, goog:processID: 44664, networkConnectionEnabled: false, pageLoadStrategy: normal, platformName: windows, proxy: Proxy(), se:cdp: ws://localhost:60401/devtoo..., se:cdpVersion: 148.0.7778.179, setWindowRect: true, strictFileInteractability: false, timeouts: {implicit: 0, pageLoad: 300000, script: 30000}, unhandledPromptBehavior: {alert: ignore, beforeUnload: ignore, confirm: ignore, default: ignore, file: ignore, prompt: ignore}, webSocketUrl: ws://localhost:7103/session..., webauthn:extension:credBlob: true, webauthn:extension:largeBlob: true, webauthn:extension:minPinLength: true, webauthn:extension:prf: true, webauthn:virtualAuthenticators: true}\nElement: [[CChromeDriver: chrome on windows (e1e47c9a25408597d2db56e5cac4ffa6)] -> xpath: //*[(name() = 'tr') and (position() = 1)]//*[(name() = 'span') and (position() = 3)]//*[@fill = 'none']]\nSession ID: e1e47c9a25408597d2db56e5cac4ffa6\r\n\tat java.base/jdk.internal.reflect.DirectConstructorHandleAccessor.newInstance(DirectConstructorHandleAccessor.java:62)\r\n\tat org.openqa.selenium.remote.ErrorCodec.decode(ErrorCodec.java:167)\r\n\tat org.openqa.selenium.remote.codec.w3c.W3CHttpResponseCodec.decode(W3CHttpResponseCodec.java:142)\r\n\tat org.openqa.selenium.remote.codec.w3c.W3CHttpResponseCodec.decode(W3CHttpResponseCodec.java:49)\r\n\tat org.openqa.selenium.remote.HttpCommandExecutor.execute(HttpCommandExecutor.java:215)\r\n\tat org.openqa.selenium.remote.service.DriverCommandExecutor.invokeExecute(DriverCommandExecutor.java:216)\r\n\tat org.openqa.selenium.remote.service.DriverCommandExecutor.execute(DriverCommandExecutor.java:174)\r\n\tat org.openqa.selenium.remote.RemoteWebDriver.execute(RemoteWebDriver.java:561)\r\n\tat org.openqa.selenium.remote.RemoteWebElement.execute(RemoteWebElement.java:223)\r\n\tat org.openqa.selenium.remote.RemoteWebElement.click(RemoteWebElement.java:76)\r\n\tat java.base/jdk.internal.reflect.DirectMethodHandleAccessor.invoke(DirectMethodHandleAccessor.java:103)\r\n\tat org.openqa.selenium.support.decorators.WebDriverDecorator.call(WebDriverDecorator.java:326)\r\n\tat org.openqa.selenium.support.decorators.DefaultDecorated.call(DefaultDecorated.java:48)\r\n\tat org.openqa.selenium.support.decorators.WebDriverDecorator.lambda$createProxyFactory$3(WebDriverDecorator.java:416)\r\n\tat net.bytebuddy.renamed.java.lang.Object$ByteBuddy$oMtCgslp.click(Unknown Source)\r\n\tat com.kms.katalon.core.webui.keyword.builtin.ClickKeyword$_click_closure1.doCall(ClickKeyword.groovy:63)\r\n\tat java.base/jdk.internal.reflect.DirectMethodHandleAccessor.invoke(DirectMethodHandleAccessor.java:103)\r\n\tat jdk.proxy2/jdk.proxy2.$Proxy56.execute(Unknown Source)\r\n\tat com.kms.katalon.core.webui.model.SeleniumActionRetryController.performAction(SeleniumActionRetryController.java:96)\r\n\tat com.kms.katalon.core.webui.model.SeleniumActionRetryController.performAction(SeleniumActionRetryController.java:83)\r\n\tat com.kms.katalon.core.webui.keyword.internal.WebUIKeywordMain$_runKeywordUntilTimeout_closure1.doCall(WebUIKeywordMain.groovy:135)\r\n\tat com.kms.katalon.core.webui.keyword.internal.WebUIKeywordMain$_runKeywordUntilTimeout_closure1.call(WebUIKeywordMain.groovy)\r\n\tat com.kms.katalon.core.webui.keyword.internal.WebUIKeywordMain.runKeyword(WebUIKeywordMain.groovy:41)\r\n\t... 36 more\r\n
2026-05-26 16:13:02.197 INFO  c.k.katalon.core.main.TestCaseExecutor   - END CALL Test Cases/TaskActions/Table_Actions/Esign
2026-05-26 16:13:02.198 INFO  c.k.katalon.core.main.TestCaseExecutor   - --------------------
2026-05-26 16:13:02.199 ERROR c.k.k.core.keyword.internal.KeywordMain  - ❌ Unable to call Test Case 'Test Cases/TaskActions/Table_Actions/Esign' (Root cause: com.kms.katalon.core.exception.StepFailedException: Call Test Case 'Test Cases/TaskActions/Table_Actions/Esign' failed\r\n\tat com.kms.katalon.core.keyword.builtin.CallTestCaseKeyword$_callTestCase_closure1.doCall(CallTestCaseKeyword.groovy:63)\r\n\tat com.kms.katalon.core.keyword.builtin.CallTestCaseKeyword$_callTestCase_closure1.call(CallTestCaseKeyword.groovy)\r\n\tat com.kms.katalon.core.keyword.internal.KeywordMain.runKeyword(KeywordMain.groovy:75)\r\n\tat com.kms.katalon.core.keyword.builtin.CallTestCaseKeyword.callTestCase(CallTestCaseKeyword.groovy:81)\r\n\tat com.kms.katalon.core.keyword.builtin.CallTestCaseKeyword.execute(CallTestCaseKeyword.groovy:44)\r\n\tat com.kms.katalon.core.keyword.internal.KeywordExecutor.executeKeywordForPlatform(KeywordExecutor.groovy:99)\r\n\tat com.kms.katalon.core.keyword.BuiltinKeywords.callTestCase(BuiltinKeywords.groovy:294)\r\n\tat java.base/jdk.internal.reflect.DirectMethodHandleAccessor.invoke(DirectMethodHandleAccessor.java:103)\r\n\tat TC_Prepare_Task.run(TC_Prepare_Task:32)\r\n\tat com.kms.katalon.core.main.ScriptEngine.run(ScriptEngine.java:203)\r\n\tat com.kms.katalon.core.main.ScriptEngine.runScriptAsRawText(ScriptEngine.java:115)\r\n\tat com.kms.katalon.core.main.TestCaseExecutor.runScript(TestCaseExecutor.java:504)\r\n\tat com.kms.katalon.core.main.TestCaseExecutor.doExecute(TestCaseExecutor.java:495)\r\n\tat com.kms.katalon.core.main.TestCaseExecutor.processExecutionPhase(TestCaseExecutor.java:474)\r\n\tat com.kms.katalon.core.main.TestCaseExecutor.accessMainPhase(TestCaseExecutor.java:466)\r\n\tat com.kms.katalon.core.main.TestCaseExecutor.execute(TestCaseExecutor.java:336)\r\n\tat com.kms.katalon.core.common.CommonExecutor.accessTestCaseMainPhase(CommonExecutor.java:71)\r\n\tat com.kms.katalon.core.main.TestSuiteExecutor.accessTestSuiteMainPhase(TestSuiteExecutor.java:153)\r\n\tat com.kms.katalon.core.main.TestSuiteExecutor.execute(TestSuiteExecutor.java:110)\r\n\tat com.kms.katalon.core.main.TestCaseMain.startTestSuite(TestCaseMain.java:206)\r\n\tat S0526_48.run(S0526_48.groovy:40)\r\n\tat java.base/jdk.internal.reflect.DirectMethodHandleAccessor.invoke(DirectMethodHandleAccessor.java:103)\r\nCaused by: com.kms.katalon.core.exception.StepFailedException: Unable to click on object 'Object Repository/Page_Work Order  View- Workforce Manager/svg_svg'\r\n\tat com.kms.katalon.core.webui.keyword.internal.WebUIKeywordMain.stepFailed(WebUIKeywordMain.groovy:177)\r\n\tat com.kms.katalon.core.webui.keyword.internal.WebUIKeywordMain.runKeyword(WebUIKeywordMain.groovy:49)\r\n\tat com.kms.katalon.core.webui.keyword.internal.WebUIKeywordMain.runKeywordUntilTimeout(WebUIKeywordMain.groovy:133)\r\n\tat com.kms.katalon.core.webui.keyword.builtin.ClickKeyword.click(ClickKeyword.groovy:72)\r\n\tat com.kms.katalon.core.webui.keyword.builtin.ClickKeyword.execute(ClickKeyword.groovy:38)\r\n\tat com.kms.katalon.core.keyword.internal.KeywordExecutor.executeKeywordForPlatform(KeywordExecutor.groovy:99)\r\n\tat com.kms.katalon.core.webui.keyword.WebUiBuiltInKeywords.click(WebUiBuiltInKeywords.groovy:722)\r\n\tat Esign.run(Esign:25)\r\n\tat com.kms.katalon.core.main.ScriptEngine.run(ScriptEngine.java:203)\r\n\tat com.kms.katalon.core.main.ScriptEngine.runScriptAsRawText(ScriptEngine.java:115)\r\n\tat com.kms.katalon.core.main.TestCaseExecutor.runScript(TestCaseExecutor.java:504)\r\n\tat com.kms.katalon.core.main.TestCaseExecutor.doExecute(TestCaseExecutor.java:495)\r\n\tat com.kms.katalon.core.main.TestCaseExecutor.processExecutionPhase(TestCaseExecutor.java:474)\r\n\tat com.kms.katalon.core.main.TestCaseExecutor.accessMainPhase(TestCaseExecutor.java:466)\r\n\tat com.kms.katalon.core.main.TestCaseExecutor.execute(TestCaseExecutor.java:336)\r\n\tat com.kms.katalon.core.main.TestCaseMain.runTestCase(TestCaseMain.java:152)\r\n\tat com.kms.katalon.core.keyword.builtin.CallTestCaseKeyword$_callTestCase_closure1.doCall(CallTestCaseKeyword.groovy:59)\r\n\t... 21 more\r\nCaused by: org.openqa.selenium.ElementClickInterceptedException: element click intercepted: Element <svg style="position: relative; top: 5px;" width="17" height="17" viewBox="0 0 17 17" fill="none" xmlns="http://www.w3.org/2000/svg">...</svg> is not clickable at point (677, 936). Other element would receive the click: <div id="documentClassification" class="modalBackDrop" style="display: block;">...</div>\n  (Session info: chrome=148.0.7778.179)\nBuild info: version: '4.39.0', revision: '126f156aee'\nSystem info: os.name: 'Windows 11', os.arch: 'amd64', os.version: '10.0', java.version: '21.0.9'\nDriver info: com.kms.katalon.selenium.driver.CChromeDriver\nCommand: [e1e47c9a25408597d2db56e5cac4ffa6, clickElement {id=f.B74D3E7338D9529307E04373D852E4BE.d.40C506B1B248C447E89C304A26FFE768.e.54120}]\nCapabilities {acceptInsecureCerts: false, browserName: chrome, browserVersion: 148.0.7778.179, chrome: {chromedriverVersion: 148.0.7778.167 (65db666ac2c..., userDataDir: C:\Users\CROWN-~1\AppData\L...}, fedcm:accounts: true, goog:chromeOptions: {debuggerAddress: localhost:60401}, goog:processID: 44664, networkConnectionEnabled: false, pageLoadStrategy: normal, platformName: windows, proxy: Proxy(), se:cdp: ws://localhost:60401/devtoo..., se:cdpVersion: 148.0.7778.179, setWindowRect: true, strictFileInteractability: false, timeouts: {implicit: 0, pageLoad: 300000, script: 30000}, unhandledPromptBehavior: {alert: ignore, beforeUnload: ignore, confirm: ignore, default: ignore, file: ignore, prompt: ignore}, webSocketUrl: ws://localhost:7103/session..., webauthn:extension:credBlob: true, webauthn:extension:largeBlob: true, webauthn:extension:minPinLength: true, webauthn:extension:prf: true, webauthn:virtualAuthenticators: true}\nElement: [[CChromeDriver: chrome on windows (e1e47c9a25408597d2db56e5cac4ffa6)] -> xpath: //*[(name() = 'tr') and (position() = 1)]//*[(name() = 'span') and (position() = 3)]//*[@fill = 'none']]\nSession ID: e1e47c9a25408597d2db56e5cac4ffa6\r\n\tat java.base/jdk.internal.reflect.DirectConstructorHandleAccessor.newInstance(DirectConstructorHandleAccessor.java:62)\r\n\tat org.openqa.selenium.remote.ErrorCodec.decode(ErrorCodec.java:167)\r\n\tat org.openqa.selenium.remote.codec.w3c.W3CHttpResponseCodec.decode(W3CHttpResponseCodec.java:142)\r\n\tat org.openqa.selenium.remote.codec.w3c.W3CHttpResponseCodec.decode(W3CHttpResponseCodec.java:49)\r\n\tat org.openqa.selenium.remote.HttpCommandExecutor.execute(HttpCommandExecutor.java:215)\r\n\tat org.openqa.selenium.remote.service.DriverCommandExecutor.invokeExecute(DriverCommandExecutor.java:216)\r\n\tat org.openqa.selenium.remote.service.DriverCommandExecutor.execute(DriverCommandExecutor.java:174)\r\n\tat org.openqa.selenium.remote.RemoteWebDriver.execute(RemoteWebDriver.java:561)\r\n\tat org.openqa.selenium.remote.RemoteWebElement.execute(RemoteWebElement.java:223)\r\n\tat org.openqa.selenium.remote.RemoteWebElement.click(RemoteWebElement.java:76)\r\n\tat java.base/jdk.internal.reflect.DirectMethodHandleAccessor.invoke(DirectMethodHandleAccessor.java:103)\r\n\tat org.openqa.selenium.support.decorators.WebDriverDecorator.call(WebDriverDecorator.java:326)\r\n\tat org.openqa.selenium.support.decorators.DefaultDecorated.call(DefaultDecorated.java:48)\r\n\tat org.openqa.selenium.support.decorators.WebDriverDecorator.lambda$createProxyFactory$3(WebDriverDecorator.java:416)\r\n\tat net.bytebuddy.renamed.java.lang.Object$ByteBuddy$oMtCgslp.click(Unknown Source)\r\n\tat com.kms.katalon.core.webui.keyword.builtin.ClickKeyword$_click_closure1.doCall(ClickKeyword.groovy:63)\r\n\tat java.base/jdk.internal.reflect.DirectMethodHandleAccessor.invoke(DirectMethodHandleAccessor.java:103)\r\n\tat jdk.proxy2/jdk.proxy2.$Proxy56.execute(Unknown Source)\r\n\tat com.kms.katalon.core.webui.model.SeleniumActionRetryController.performAction(SeleniumActionRetryController.java:96)\r\n\tat com.kms.katalon.core.webui.model.SeleniumActionRetryController.performAction(SeleniumActionRetryController.java:83)\r\n\tat com.kms.katalon.core.webui.keyword.internal.WebUIKeywordMain$_runKeywordUntilTimeout_closure1.doCall(WebUIKeywordMain.groovy:135)\r\n\tat com.kms.katalon.core.webui.keyword.internal.WebUIKeywordMain$_runKeywordUntilTimeout_closure1.call(WebUIKeywordMain.groovy)\r\n\tat com.kms.katalon.core.webui.keyword.internal.WebUIKeywordMain.runKeyword(WebUIKeywordMain.groovy:41)\r\n\t... 36 more\r\n)
2026-05-26 16:13:02.204 ERROR c.k.katalon.core.main.TestCaseExecutor   - ❌ Test Cases/Setup/TC_Prepare_Task FAILED.\nReason:\ncom.kms.katalon.core.exception.StepFailedException: Call Test Case 'Test Cases/TaskActions/Table_Actions/Esign' failed\r\n\tat com.kms.katalon.core.keyword.builtin.CallTestCaseKeyword$_callTestCase_closure1.doCall(CallTestCaseKeyword.groovy:63)\r\n\tat com.kms.katalon.core.keyword.builtin.CallTestCaseKeyword$_callTestCase_closure1.call(CallTestCaseKeyword.groovy)\r\n\tat com.kms.katalon.core.keyword.internal.KeywordMain.runKeyword(KeywordMain.groovy:75)\r\n\tat com.kms.katalon.core.keyword.builtin.CallTestCaseKeyword.callTestCase(CallTestCaseKeyword.groovy:81)\r\n\tat com.kms.katalon.core.keyword.builtin.CallTestCaseKeyword.execute(CallTestCaseKeyword.groovy:44)\r\n\tat com.kms.katalon.core.keyword.internal.KeywordExecutor.executeKeywordForPlatform(KeywordExecutor.groovy:99)\r\n\tat com.kms.katalon.core.keyword.BuiltinKeywords.callTestCase(BuiltinKeywords.groovy:294)\r\n\tat java.base/jdk.internal.reflect.DirectMethodHandleAccessor.invoke(DirectMethodHandleAccessor.java:103)\r\n\tat TC_Prepare_Task.run(TC_Prepare_Task:32)\r\n\tat com.kms.katalon.core.main.ScriptEngine.run(ScriptEngine.java:203)\r\n\tat com.kms.katalon.core.main.ScriptEngine.runScriptAsRawText(ScriptEngine.java:115)\r\n\tat com.kms.katalon.core.main.TestCaseExecutor.runScript(TestCaseExecutor.java:504)\r\n\tat com.kms.katalon.core.main.TestCaseExecutor.doExecute(TestCaseExecutor.java:495)\r\n\tat com.kms.katalon.core.main.TestCaseExecutor.processExecutionPhase(TestCaseExecutor.java:474)\r\n\tat com.kms.katalon.core.main.TestCaseExecutor.accessMainPhase(TestCaseExecutor.java:466)\r\n\tat com.kms.katalon.core.main.TestCaseExecutor.execute(TestCaseExecutor.java:336)\r\n\tat com.kms.katalon.core.common.CommonExecutor.accessTestCaseMainPhase(CommonExecutor.java:71)\r\n\tat com.kms.katalon.core.main.TestSuiteExecutor.accessTestSuiteMainPhase(TestSuiteExecutor.java:153)\r\n\tat com.kms.katalon.core.main.TestSuiteExecutor.execute(TestSuiteExecutor.java:110)\r\n\tat com.kms.katalon.core.main.TestCaseMain.startTestSuite(TestCaseMain.java:206)\r\n\tat S0526_48.run(S0526_48.groovy:40)\r\n\tat java.base/jdk.internal.reflect.DirectMethodHandleAccessor.invoke(DirectMethodHandleAccessor.java:103)\r\nCaused by: com.kms.katalon.core.exception.StepFailedException: Unable to click on object 'Object Repository/Page_Work Order  View- Workforce Manager/svg_svg'\r\n\tat com.kms.katalon.core.webui.keyword.internal.WebUIKeywordMain.stepFailed(WebUIKeywordMain.groovy:177)\r\n\tat com.kms.katalon.core.webui.keyword.internal.WebUIKeywordMain.runKeyword(WebUIKeywordMain.groovy:49)\r\n\tat com.kms.katalon.core.webui.keyword.internal.WebUIKeywordMain.runKeywordUntilTimeout(WebUIKeywordMain.groovy:133)\r\n\tat com.kms.katalon.core.webui.keyword.builtin.ClickKeyword.click(ClickKeyword.groovy:72)\r\n\tat com.kms.katalon.core.webui.keyword.builtin.ClickKeyword.execute(ClickKeyword.groovy:38)\r\n\tat com.kms.katalon.core.keyword.internal.KeywordExecutor.executeKeywordForPlatform(KeywordExecutor.groovy:99)\r\n\tat com.kms.katalon.core.webui.keyword.WebUiBuiltInKeywords.click(WebUiBuiltInKeywords.groovy:722)\r\n\tat Esign.run(Esign:25)\r\n\tat com.kms.katalon.core.main.ScriptEngine.run(ScriptEngine.java:203)\r\n\tat com.kms.katalon.core.main.ScriptEngine.runScriptAsRawText(ScriptEngine.java:115)\r\n\tat com.kms.katalon.core.main.TestCaseExecutor.runScript(TestCaseExecutor.java:504)\r\n\tat com.kms.katalon.core.main.TestCaseExecutor.doExecute(TestCaseExecutor.java:495)\r\n\tat com.kms.katalon.core.main.TestCaseExecutor.processExecutionPhase(TestCaseExecutor.java:474)\r\n\tat com.kms.katalon.core.main.TestCaseExecutor.accessMainPhase(TestCaseExecutor.java:466)\r\n\tat com.kms.katalon.core.main.TestCaseExecutor.execute(TestCaseExecutor.java:336)\r\n\tat com.kms.katalon.core.main.TestCaseMain.runTestCase(TestCaseMain.java:152)\r\n\tat com.kms.katalon.core.keyword.builtin.CallTestCaseKeyword$_callTestCase_closure1.doCall(CallTestCaseKeyword.groovy:59)\r\n\t... 21 more\r\nCaused by: org.openqa.selenium.ElementClickInterceptedException: element click intercepted: Element <svg style="position: relative; top: 5px;" width="17" height="17" viewBox="0 0 17 17" fill="none" xmlns="http://www.w3.org/2000/svg">...</svg> is not clickable at point (677, 936). Other element would receive the click: <div id="documentClassification" class="modalBackDrop" style="display: block;">...</div>\n  (Session info: chrome=148.0.7778.179)\nBuild info: version: '4.39.0', revision: '126f156aee'\nSystem info: os.name: 'Windows 11', os.arch: 'amd64', os.version: '10.0', java.version: '21.0.9'\nDriver info: com.kms.katalon.selenium.driver.CChromeDriver\nCommand: [e1e47c9a25408597d2db56e5cac4ffa6, clickElement {id=f.B74D3E7338D9529307E04373D852E4BE.d.40C506B1B248C447E89C304A26FFE768.e.54120}]\nCapabilities {acceptInsecureCerts: false, browserName: chrome, browserVersion: 148.0.7778.179, chrome: {chromedriverVersion: 148.0.7778.167 (65db666ac2c..., userDataDir: C:\Users\CROWN-~1\AppData\L...}, fedcm:accounts: true, goog:chromeOptions: {debuggerAddress: localhost:60401}, goog:processID: 44664, networkConnectionEnabled: false, pageLoadStrategy: normal, platformName: windows, proxy: Proxy(), se:cdp: ws://localhost:60401/devtoo..., se:cdpVersion: 148.0.7778.179, setWindowRect: true, strictFileInteractability: false, timeouts: {implicit: 0, pageLoad: 300000, script: 30000}, unhandledPromptBehavior: {alert: ignore, beforeUnload: ignore, confirm: ignore, default: ignore, file: ignore, prompt: ignore}, webSocketUrl: ws://localhost:7103/session..., webauthn:extension:credBlob: true, webauthn:extension:largeBlob: true, webauthn:extension:minPinLength: true, webauthn:extension:prf: true, webauthn:virtualAuthenticators: true}\nElement: [[CChromeDriver: chrome on windows (e1e47c9a25408597d2db56e5cac4ffa6)] -> xpath: //*[(name() = 'tr') and (position() = 1)]//*[(name() = 'span') and (position() = 3)]//*[@fill = 'none']]\nSession ID: e1e47c9a25408597d2db56e5cac4ffa6\r\n\tat java.base/jdk.internal.reflect.DirectConstructorHandleAccessor.newInstance(DirectConstructorHandleAccessor.java:62)\r\n\tat org.openqa.selenium.remote.ErrorCodec.decode(ErrorCodec.java:167)\r\n\tat org.openqa.selenium.remote.codec.w3c.W3CHttpResponseCodec.decode(W3CHttpResponseCodec.java:142)\r\n\tat org.openqa.selenium.remote.codec.w3c.W3CHttpResponseCodec.decode(W3CHttpResponseCodec.java:49)\r\n\tat org.openqa.selenium.remote.HttpCommandExecutor.execute(HttpCommandExecutor.java:215)\r\n\tat org.openqa.selenium.remote.service.DriverCommandExecutor.invokeExecute(DriverCommandExecutor.java:216)\r\n\tat org.openqa.selenium.remote.service.DriverCommandExecutor.execute(DriverCommandExecutor.java:174)\r\n\tat org.openqa.selenium.remote.RemoteWebDriver.execute(RemoteWebDriver.java:561)\r\n\tat org.openqa.selenium.remote.RemoteWebElement.execute(RemoteWebElement.java:223)\r\n\tat org.openqa.selenium.remote.RemoteWebElement.click(RemoteWebElement.java:76)\r\n\tat java.base/jdk.internal.reflect.DirectMethodHandleAccessor.invoke(DirectMethodHandleAccessor.java:103)\r\n\tat org.openqa.selenium.support.decorators.WebDriverDecorator.call(WebDriverDecorator.java:326)\r\n\tat org.openqa.selenium.support.decorators.DefaultDecorated.call(DefaultDecorated.java:48)\r\n\tat org.openqa.selenium.support.decorators.WebDriverDecorator.lambda$createProxyFactory$3(WebDriverDecorator.java:416)\r\n\tat net.bytebuddy.renamed.java.lang.Object$ByteBuddy$oMtCgslp.click(Unknown Source)\r\n\tat com.kms.katalon.core.webui.keyword.builtin.ClickKeyword$_click_closure1.doCall(ClickKeyword.groovy:63)\r\n\tat java.base/jdk.internal.reflect.DirectMethodHandleAccessor.invoke(DirectMethodHandleAccessor.java:103)\r\n\tat jdk.proxy2/jdk.proxy2.$Proxy56.execute(Unknown Source)\r\n\tat com.kms.katalon.core.webui.model.SeleniumActionRetryController.performAction(SeleniumActionRetryController.java:96)\r\n\tat com.kms.katalon.core.webui.model.SeleniumActionRetryController.performAction(SeleniumActionRetryController.java:83)\r\n\tat com.kms.katalon.core.webui.keyword.internal.WebUIKeywordMain$_runKeywordUntilTimeout_closure1.doCall(WebUIKeywordMain.groovy:135)\r\n\tat com.kms.katalon.core.webui.keyword.internal.WebUIKeywordMain$_runKeywordUntilTimeout_closure1.call(WebUIKeywordMain.groovy)\r\n\tat com.kms.katalon.core.webui.keyword.internal.WebUIKeywordMain.runKeyword(WebUIKeywordMain.groovy:41)\r\n\t... 36 more\r\n
2026-05-26 16:13:02.208 INFO  c.k.katalon.core.main.TestCaseExecutor   - END Test Cases/Setup/TC_Prepare_Task
2026-05-26 16:13:02.215 INFO  c.k.katalon.core.main.TestCaseExecutor   - --------------------
2026-05-26 16:13:02.215 INFO  c.k.katalon.core.main.TestCaseExecutor   - START Test Cases/Setup/TC_Prepare_Task - Retry attempt 1
2026-05-26 16:13:02.225 DEBUG testcase.TC_Prepare_Task                 - 1: callTestCase(findTestCase("Authentication/TC_Login"), [:], STOP_ON_FAILURE)
2026-05-26 16:13:02.187 ERROR c.k.k.core.keyword.internal.KeywordMain  - ❌ Unable to click on object 'Object Repository/Page_Work Order  View- Workforce Manager/svg_svg' (Root cause: com.kms.katalon.core.exception.StepFailedException: Unable to click on object 'Object Repository/Page_Work Order  View- Workforce Manager/svg_svg'\r\n\tat com.kms.katalon.core.webui.keyword.internal.WebUIKeywordMain.stepFailed(WebUIKeywordMain.groovy:177)\r\n\tat com.kms.katalon.core.webui.keyword.internal.WebUIKeywordMain.runKeyword(WebUIKeywordMain.groovy:49)\r\n\tat com.kms.katalon.core.webui.keyword.internal.WebUIKeywordMain.runKeywordUntilTimeout(WebUIKeywordMain.groovy:133)\r\n\tat com.kms.katalon.core.webui.keyword.builtin.ClickKeyword.click(ClickKeyword.groovy:72)\r\n\tat com.kms.katalon.core.webui.keyword.builtin.ClickKeyword.execute(ClickKeyword.groovy:38)\r\n\tat com.kms.katalon.core.keyword.internal.KeywordExecutor.executeKeywordForPlatform(KeywordExecutor.groovy:99)\r\n\tat com.kms.katalon.core.webui.keyword.WebUiBuiltInKeywords.click(WebUiBuiltInKeywords.groovy:722)\r\n\tat Esign.run(Esign:25)\r\n\tat com.kms.katalon.core.main.ScriptEngine.run(ScriptEngine.java:203)\r\n\tat com.kms.katalon.core.main.ScriptEngine.runScriptAsRawText(ScriptEngine.java:115)\r\n\tat com.kms.katalon.core.main.TestCaseExecutor.runScript(TestCaseExecutor.java:504)\r\n\tat com.kms.katalon.core.main.TestCaseExecutor.doExecute(TestCaseExecutor.java:495)\r\n\tat com.kms.katalon.core.main.TestCaseExecutor.processExecutionPhase(TestCaseExecutor.java:474)\r\n\tat com.kms.katalon.core.main.TestCaseExecutor.accessMainPhase(TestCaseExecutor.java:466)\r\n\tat com.kms.katalon.core.main.TestCaseExecutor.execute(TestCaseExecutor.java:336)\r\n\tat com.kms.katalon.core.main.TestCaseMain.runTestCase(TestCaseMain.java:152)\r\n\tat com.kms.katalon.core.keyword.builtin.CallTestCaseKeyword$_callTestCase_closure1.doCall(CallTestCaseKeyword.groovy:59)\r\n\tat com.kms.katalon.core.keyword.builtin.CallTestCaseKeyword$_callTestCase_closure1.call(CallTestCaseKeyword.groovy)\r\n\tat com.kms.katalon.core.keyword.internal.KeywordMain.runKeyword(KeywordMain.groovy:75)\r\n\tat com.kms.katalon.core.keyword.builtin.CallTestCaseKeyword.callTestCase(CallTestCaseKeyword.groovy:81)\r\n\tat com.kms.katalon.core.keyword.builtin.CallTestCaseKeyword.execute(CallTestCaseKeyword.groovy:44)\r\n\tat com.kms.katalon.core.keyword.internal.KeywordExecutor.executeKeywordForPlatform(KeywordExecutor.groovy:99)\r\n\tat com.kms.katalon.core.keyword.BuiltinKeywords.callTestCase(BuiltinKeywords.groovy:294)\r\n\tat java.base/jdk.internal.reflect.DirectMethodHandleAccessor.invoke(DirectMethodHandleAccessor.java:103)\r\n\tat TC_Prepare_Task.run(TC_Prepare_Task:32)\r\n\tat com.kms.katalon.core.main.ScriptEngine.run(ScriptEngine.java:203)\r\n\tat com.kms.katalon.core.main.ScriptEngine.runScriptAsRawText(ScriptEngine.java:115)\r\n\tat com.kms.katalon.core.main.TestCaseExecutor.runScript(TestCaseExecutor.java:504)\r\n\tat com.kms.katalon.core.main.TestCaseExecutor.doExecute(TestCaseExecutor.java:495)\r\n\tat com.kms.katalon.core.main.TestCaseExecutor.processExecutionPhase(TestCaseExecutor.java:474)\r\n\tat com.kms.katalon.core.main.TestCaseExecutor.accessMainPhase(TestCaseExecutor.java:466)\r\n\tat com.kms.katalon.core.main.TestCaseExecutor.execute(TestCaseExecutor.java:336)\r\n\tat com.kms.katalon.core.common.CommonExecutor.accessTestCaseMainPhase(CommonExecutor.java:71)\r\n\tat com.kms.katalon.core.main.TestSuiteExecutor.accessTestSuiteMainPhase(TestSuiteExecutor.java:153)\r\n\tat com.kms.katalon.core.main.TestSuiteExecutor.execute(TestSuiteExecutor.java:110)\r\n\tat com.kms.katalon.core.main.TestCaseMain.startTestSuite(TestCaseMain.java:206)\r\n\tat S0526_48.run(S0526_48.groovy:40)\r\n\tat java.base/jdk.internal.reflect.DirectMethodHandleAccessor.invoke(DirectMethodHandleAccessor.java:103)\r\nCaused by: org.openqa.selenium.ElementClickInterceptedException: element click intercepted: Element <svg style="position: relative; top: 5px;" width="17" height="17" viewBox="0 0 17 17" fill="none" xmlns="http://www.w3.org/2000/svg">...</svg> is not clickable at point (677, 936). Other element would receive the click: <div id="documentClassification" class="modalBackDrop" style="display: block;">...</div>\n  (Session info: chrome=148.0.7778.179)\nBuild info: version: '4.39.0', revision: '126f156aee'\nSystem info: os.name: 'Windows 11', os.arch: 'amd64', os.version: '10.0', java.version: '21.0.9'\nDriver info: com.kms.katalon.selenium.driver.CChromeDriver\nCommand: [e1e47c9a25408597d2db56e5cac4ffa6, clickElement {id=f.B74D3E7338D9529307E04373D852E4BE.d.40C506B1B248C447E89C304A26FFE768.e.54120}]\nCapabilities {acceptInsecureCerts: false, browserName: chrome, browserVersion: 148.0.7778.179, chrome: {chromedriverVersion: 148.0.7778.167 (65db666ac2c..., userDataDir: C:\Users\CROWN-~1\AppData\L...}, fedcm:accounts: true, goog:chromeOptions: {debuggerAddress: localhost:60401}, goog:processID: 44664, networkConnectionEnabled: false, pageLoadStrategy: normal, platformName: windows, proxy: Proxy(), se:cdp: ws://localhost:60401/devtoo..., se:cdpVersion: 148.0.7778.179, setWindowRect: true, strictFileInteractability: false, timeouts: {implicit: 0, pageLoad: 300000, script: 30000}, unhandledPromptBehavior: {alert: ignore, beforeUnload: ignore, confirm: ignore, default: ignore, file: ignore, prompt: ignore}, webSocketUrl: ws://localhost:7103/session..., webauthn:extension:credBlob: true, webauthn:extension:largeBlob: true, webauthn:extension:minPinLength: true, webauthn:extension:prf: true, webauthn:virtualAuthenticators: true}\nElement: [[CChromeDriver: chrome on windows (e1e47c9a25408597d2db56e5cac4ffa6)] -> xpath: //*[(name() = 'tr') and (position() = 1)]//*[(name() = 'span') and (position() = 3)]//*[@fill = 'none']]\nSession ID: e1e47c9a25408597d2db56e5cac4ffa6\r\n\tat java.base/jdk.internal.reflect.DirectConstructorHandleAccessor.newInstance(DirectConstructorHandleAccessor.java:62)\r\n\tat org.openqa.selenium.remote.ErrorCodec.decode(ErrorCodec.java:167)\r\n\tat org.openqa.selenium.remote.codec.w3c.W3CHttpResponseCodec.decode(W3CHttpResponseCodec.java:142)\r\n\tat org.openqa.selenium.remote.codec.w3c.W3CHttpResponseCodec.decode(W3CHttpResponseCodec.java:49)\r\n\tat org.openqa.selenium.remote.HttpCommandExecutor.execute(HttpCommandExecutor.java:215)\r\n\tat org.openqa.selenium.remote.service.DriverCommandExecutor.invokeExecute(DriverCommandExecutor.java:216)\r\n\tat org.openqa.selenium.remote.service.DriverCommandExecutor.execute(DriverCommandExecutor.java:174)\r\n\tat org.openqa.selenium.remote.RemoteWebDriver.execute(RemoteWebDriver.java:561)\r\n\tat org.openqa.selenium.remote.RemoteWebElement.execute(RemoteWebElement.java:223)\r\n\tat org.openqa.selenium.remote.RemoteWebElement.click(RemoteWebElement.java:76)\r\n\tat java.base/jdk.internal.reflect.DirectMethodHandleAccessor.invoke(DirectMethodHandleAccessor.java:103)\r\n\tat org.openqa.selenium.support.decorators.WebDriverDecorator.call(WebDriverDecorator.java:326)\r\n\tat org.openqa.selenium.support.decorators.DefaultDecorated.call(DefaultDecorated.java:48)\r\n\tat org.openqa.selenium.support.decorators.WebDriverDecorator.lambda$createProxyFactory$3(WebDriverDecorator.java:416)\r\n\tat net.bytebuddy.renamed.java.lang.Object$ByteBuddy$oMtCgslp.click(Unknown Source)\r\n\tat com.kms.katalon.core.webui.keyword.builtin.ClickKeyword$_click_closure1.doCall(ClickKeyword.groovy:63)\r\n\tat java.base/jdk.internal.reflect.DirectMethodHandleAccessor.invoke(DirectMethodHandleAccessor.java:103)\r\n\tat jdk.proxy2/jdk.proxy2.$Proxy56.execute(Unknown Source)\r\n\tat com.kms.katalon.core.webui.model.SeleniumActionRetryController.performAction(SeleniumActionRetryController.java:96)\r\n\tat com.kms.katalon.core.webui.model.SeleniumActionRetryController.performAction(SeleniumActionRetryController.java:83)\r\n\tat com.kms.katalon.core.webui.keyword.internal.WebUIKeywordMain$_runKeywordUntilTimeout_closure1.doCall(WebUIKeywordMain.groovy:135)\r\n\tat com.kms.katalon.core.webui.keyword.internal.WebUIKeywordMain$_runKeywordUntilTimeout_closure1.call(WebUIKeywordMain.groovy)\r\n\tat com.kms.katalon.core.webui.keyword.internal.WebUIKeywordMain.runKeyword(WebUIKeywordMain.groovy:41)\r\n\tat com.kms.katalon.core.webui.keyword.internal.WebUIKeywordMain.runKeywordUntilTimeout(WebUIKeywordMain.groovy:133)\r\n\tat com.kms.katalon.core.webui.keyword.builtin.ClickKeyword.click(ClickKeyword.groovy:72)\r\n\tat com.kms.katalon.core.webui.keyword.builtin.ClickKeyword.execute(ClickKeyword.groovy:38)\r\n\tat com.kms.katalon.core.keyword.internal.KeywordExecutor.executeKeywordForPlatform(KeywordExecutor.groovy:99)\r\n\tat com.kms.katalon.core.webui.keyword.WebUiBuiltInKeywords.click(WebUiBuiltInKeywords.groovy:722)\r\n\tat Script1779706958324.run(Script1779706958324.groovy:25)\r\n\tat com.kms.katalon.core.main.ScriptEngine.run(ScriptEngine.java:203)\r\n\tat com.kms.katalon.core.main.ScriptEngine.runScriptAsRawText(ScriptEngine.java:115)\r\n\tat com.kms.katalon.core.main.TestCaseExecutor.runScript(TestCaseExecutor.java:504)\r\n\tat com.kms.katalon.core.main.TestCaseExecutor.doExecute(TestCaseExecutor.java:495)\r\n\tat com.kms.katalon.core.main.TestCaseExecutor.processExecutionPhase(TestCaseExecutor.java:474)\r\n\tat com.kms.katalon.core.main.TestCaseExecutor.accessMainPhase(TestCaseExecutor.java:466)\r\n\tat com.kms.katalon.core.main.TestCaseExecutor.execute(TestCaseExecutor.java:336)\r\n\tat com.kms.katalon.core.main.TestCaseMain.runTestCase(TestCaseMain.java:152)\r\n\tat com.kms.katalon.core.keyword.builtin.CallTestCaseKeyword$_callTestCase_closure1.doCall(CallTestCaseKeyword.groovy:59)\r\n\tat com.kms.katalon.core.keyword.builtin.CallTestCaseKeyword$_callTestCase_closure1.call(CallTestCaseKeyword.groovy)\r\n\tat com.kms.katalon.core.keyword.internal.KeywordMain.runKeyword(KeywordMain.groovy:75)\r\n\tat com.kms.katalon.core.keyword.builtin.CallTestCaseKeyword.callTestCase(CallTestCaseKeyword.groovy:81)\r\n\tat com.kms.katalon.core.keyword.builtin.CallTestCaseKeyword.execute(CallTestCaseKeyword.groovy:44)\r\n\tat com.kms.katalon.core.keyword.internal.KeywordExecutor.executeKeywordForPlatform(KeywordExecutor.groovy:99)\r\n\tat com.kms.katalon.core.keyword.BuiltinKeywords.callTestCase(BuiltinKeywords.groovy:294)\r\n\tat java.base/jdk.internal.reflect.DirectMethodHandleAccessor.invoke(DirectMethodHandleAccessor.java:103)\r\n\tat Script1779525823646.run(Script1779525823646.groovy:32)\r\n\t... 13 more\r\n)
2026-05-26 16:13:02.192 ERROR c.k.katalon.core.main.TestCaseExecutor   - ❌ Test Cases/TaskActions/Table_Actions/Esign FAILED.\nReason:\ncom.kms.katalon.core.exception.StepFailedException: Unable to click on object 'Object Repository/Page_Work Order  View- Workforce Manager/svg_svg'\r\n\tat com.kms.katalon.core.webui.keyword.internal.WebUIKeywordMain.stepFailed(WebUIKeywordMain.groovy:177)\r\n\tat com.kms.katalon.core.webui.keyword.internal.WebUIKeywordMain.runKeyword(WebUIKeywordMain.groovy:49)\r\n\tat com.kms.katalon.core.webui.keyword.internal.WebUIKeywordMain.runKeywordUntilTimeout(WebUIKeywordMain.groovy:133)\r\n\tat com.kms.katalon.core.webui.keyword.builtin.ClickKeyword.click(ClickKeyword.groovy:72)\r\n\tat com.kms.katalon.core.webui.keyword.builtin.ClickKeyword.execute(ClickKeyword.groovy:38)\r\n\tat com.kms.katalon.core.keyword.internal.KeywordExecutor.executeKeywordForPlatform(KeywordExecutor.groovy:99)\r\n\tat com.kms.katalon.core.webui.keyword.WebUiBuiltInKeywords.click(WebUiBuiltInKeywords.groovy:722)\r\n\tat Esign.run(Esign:25)\r\n\tat com.kms.katalon.core.main.ScriptEngine.run(ScriptEngine.java:203)\r\n\tat com.kms.katalon.core.main.ScriptEngine.runScriptAsRawText(ScriptEngine.java:115)\r\n\tat com.kms.katalon.core.main.TestCaseExecutor.runScript(TestCaseExecutor.java:504)\r\n\tat com.kms.katalon.core.main.TestCaseExecutor.doExecute(TestCaseExecutor.java:495)\r\n\tat com.kms.katalon.core.main.TestCaseExecutor.processExecutionPhase(TestCaseExecutor.java:474)\r\n\tat com.kms.katalon.core.main.TestCaseExecutor.accessMainPhase(TestCaseExecutor.java:466)\r\n\tat com.kms.katalon.core.main.TestCaseExecutor.execute(TestCaseExecutor.java:336)\r\n\tat com.kms.katalon.core.main.TestCaseMain.runTestCase(TestCaseMain.java:152)\r\n\tat com.kms.katalon.core.keyword.builtin.CallTestCaseKeyword$_callTestCase_closure1.doCall(CallTestCaseKeyword.groovy:59)\r\n\tat com.kms.katalon.core.keyword.builtin.CallTestCaseKeyword$_callTestCase_closure1.call(CallTestCaseKeyword.groovy)\r\n\tat com.kms.katalon.core.keyword.internal.KeywordMain.runKeyword(KeywordMain.groovy:75)\r\n\tat com.kms.katalon.core.keyword.builtin.CallTestCaseKeyword.callTestCase(CallTestCaseKeyword.groovy:81)\r\n\tat com.kms.katalon.core.keyword.builtin.CallTestCaseKeyword.execute(CallTestCaseKeyword.groovy:44)\r\n\tat com.kms.katalon.core.keyword.internal.KeywordExecutor.executeKeywordForPlatform(KeywordExecutor.groovy:99)\r\n\tat com.kms.katalon.core.keyword.BuiltinKeywords.callTestCase(BuiltinKeywords.groovy:294)\r\n\tat java.base/jdk.internal.reflect.DirectMethodHandleAccessor.invoke(DirectMethodHandleAccessor.java:103)\r\n\tat TC_Prepare_Task.run(TC_Prepare_Task:32)\r\n\tat com.kms.katalon.core.main.ScriptEngine.run(ScriptEngine.java:203)\r\n\tat com.kms.katalon.core.main.ScriptEngine.runScriptAsRawText(ScriptEngine.java:115)\r\n\tat com.kms.katalon.core.main.TestCaseExecutor.runScript(TestCaseExecutor.java:504)\r\n\tat com.kms.katalon.core.main.TestCaseExecutor.doExecute(TestCaseExecutor.java:495)\r\n\tat com.kms.katalon.core.main.TestCaseExecutor.processExecutionPhase(TestCaseExecutor.java:474)\r\n\tat com.kms.katalon.core.main.TestCaseExecutor.accessMainPhase(TestCaseExecutor.java:466)\r\n\tat com.kms.katalon.core.main.TestCaseExecutor.execute(TestCaseExecutor.java:336)\r\n\tat com.kms.katalon.core.common.CommonExecutor.accessTestCaseMainPhase(CommonExecutor.java:71)\r\n\tat com.kms.katalon.core.main.TestSuiteExecutor.accessTestSuiteMainPhase(TestSuiteExecutor.java:153)\r\n\tat com.kms.katalon.core.main.TestSuiteExecutor.execute(TestSuiteExecutor.java:110)\r\n\tat com.kms.katalon.core.main.TestCaseMain.startTestSuite(TestCaseMain.java:206)\r\n\tat S0526_48.run(S0526_48.groovy:40)\r\n\tat java.base/jdk.internal.reflect.DirectMethodHandleAccessor.invoke(DirectMethodHandleAccessor.java:103)\r\nCaused by: org.openqa.selenium.ElementClickInterceptedException: element click intercepted: Element <svg style="position: relative; top: 5px;" width="17" height="17" viewBox="0 0 17 17" fill="none" xmlns="http://www.w3.org/2000/svg">...</svg> is not clickable at point (677, 936). Other element would receive the click: <div id="documentClassification" class="modalBackDrop" style="display: block;">...</div>\n  (Session info: chrome=148.0.7778.179)\nBuild info: version: '4.39.0', revision: '126f156aee'\nSystem info: os.name: 'Windows 11', os.arch: 'amd64', os.version: '10.0', java.version: '21.0.9'\nDriver info: com.kms.katalon.selenium.driver.CChromeDriver\nCommand: [e1e47c9a25408597d2db56e5cac4ffa6, clickElement {id=f.B74D3E7338D9529307E04373D852E4BE.d.40C506B1B248C447E89C304A26FFE768.e.54120}]\nCapabilities {acceptInsecureCerts: false, browserName: chrome, browserVersion: 148.0.7778.179, chrome: {chromedriverVersion: 148.0.7778.167 (65db666ac2c..., userDataDir: C:\Users\CROWN-~1\AppData\L...}, fedcm:accounts: true, goog:chromeOptions: {debuggerAddress: localhost:60401}, goog:processID: 44664, networkConnectionEnabled: false, pageLoadStrategy: normal, platformName: windows, proxy: Proxy(), se:cdp: ws://localhost:60401/devtoo..., se:cdpVersion: 148.0.7778.179, setWindowRect: true, strictFileInteractability: false, timeouts: {implicit: 0, pageLoad: 300000, script: 30000}, unhandledPromptBehavior: {alert: ignore, beforeUnload: ignore, confirm: ignore, default: ignore, file: ignore, prompt: ignore}, webSocketUrl: ws://localhost:7103/session..., webauthn:extension:credBlob: true, webauthn:extension:largeBlob: true, webauthn:extension:minPinLength: true, webauthn:extension:prf: true, webauthn:virtualAuthenticators: true}\nElement: [[CChromeDriver: chrome on windows (e1e47c9a25408597d2db56e5cac4ffa6)] -> xpath: //*[(name() = 'tr') and (position() = 1)]//*[(name() = 'span') and (position() = 3)]//*[@fill = 'none']]\nSession ID: e1e47c9a25408597d2db56e5cac4ffa6\r\n\tat java.base/jdk.internal.reflect.DirectConstructorHandleAccessor.newInstance(DirectConstructorHandleAccessor.java:62)\r\n\tat org.openqa.selenium.remote.ErrorCodec.decode(ErrorCodec.java:167)\r\n\tat org.openqa.selenium.remote.codec.w3c.W3CHttpResponseCodec.decode(W3CHttpResponseCodec.java:142)\r\n\tat org.openqa.selenium.remote.codec.w3c.W3CHttpResponseCodec.decode(W3CHttpResponseCodec.java:49)\r\n\tat org.openqa.selenium.remote.HttpCommandExecutor.execute(HttpCommandExecutor.java:215)\r\n\tat org.openqa.selenium.remote.service.DriverCommandExecutor.invokeExecute(DriverCommandExecutor.java:216)\r\n\tat org.openqa.selenium.remote.service.DriverCommandExecutor.execute(DriverCommandExecutor.java:174)\r\n\tat org.openqa.selenium.remote.RemoteWebDriver.execute(RemoteWebDriver.java:561)\r\n\tat org.openqa.selenium.remote.RemoteWebElement.execute(RemoteWebElement.java:223)\r\n\tat org.openqa.selenium.remote.RemoteWebElement.click(RemoteWebElement.java:76)\r\n\tat java.base/jdk.internal.reflect.DirectMethodHandleAccessor.invoke(DirectMethodHandleAccessor.java:103)\r\n\tat org.openqa.selenium.support.decorators.WebDriverDecorator.call(WebDriverDecorator.java:326)\r\n\tat org.openqa.selenium.support.decorators.DefaultDecorated.call(DefaultDecorated.java:48)\r\n\tat org.openqa.selenium.support.decorators.WebDriverDecorator.lambda$createProxyFactory$3(WebDriverDecorator.java:416)\r\n\tat net.bytebuddy.renamed.java.lang.Object$ByteBuddy$oMtCgslp.click(Unknown Source)\r\n\tat com.kms.katalon.core.webui.keyword.builtin.ClickKeyword$_click_closure1.doCall(ClickKeyword.groovy:63)\r\n\tat java.base/jdk.internal.reflect.DirectMethodHandleAccessor.invoke(DirectMethodHandleAccessor.java:103)\r\n\tat jdk.proxy2/jdk.proxy2.$Proxy56.execute(Unknown Source)\r\n\tat com.kms.katalon.core.webui.model.SeleniumActionRetryController.performAction(SeleniumActionRetryController.java:96)\r\n\tat com.kms.katalon.core.webui.model.SeleniumActionRetryController.performAction(SeleniumActionRetryController.java:83)\r\n\tat com.kms.katalon.core.webui.keyword.internal.WebUIKeywordMain$_runKeywordUntilTimeout_closure1.doCall(WebUIKeywordMain.groovy:135)\r\n\tat com.kms.katalon.core.webui.keyword.internal.WebUIKeywordMain$_runKeywordUntilTimeout_closure1.call(WebUIKeywordMain.groovy)\r\n\tat com.kms.katalon.core.webui.keyword.internal.WebUIKeywordMain.runKeyword(WebUIKeywordMain.groovy:41)\r\n\t... 36 more\r\n
2026-05-26 16:13:02.197 INFO  c.k.katalon.core.main.TestCaseExecutor   - END CALL Test Cases/TaskActions/Table_Actions/Esign
2026-05-26 16:13:02.198 INFO  c.k.katalon.core.main.TestCaseExecutor   - --------------------
2026-05-26 16:13:02.199 ERROR c.k.k.core.keyword.internal.KeywordMain  - ❌ Unable to call Test Case 'Test Cases/TaskActions/Table_Actions/Esign' (Root cause: com.kms.katalon.core.exception.StepFailedException: Call Test Case 'Test Cases/TaskActions/Table_Actions/Esign' failed\r\n\tat com.kms.katalon.core.keyword.builtin.CallTestCaseKeyword$_callTestCase_closure1.doCall(CallTestCaseKeyword.groovy:63)\r\n\tat com.kms.katalon.core.keyword.builtin.CallTestCaseKeyword$_callTestCase_closure1.call(CallTestCaseKeyword.groovy)\r\n\tat com.kms.katalon.core.keyword.internal.KeywordMain.runKeyword(KeywordMain.groovy:75)\r\n\tat com.kms.katalon.core.keyword.builtin.CallTestCaseKeyword.callTestCase(CallTestCaseKeyword.groovy:81)\r\n\tat com.kms.katalon.core.keyword.builtin.CallTestCaseKeyword.execute(CallTestCaseKeyword.groovy:44)\r\n\tat com.kms.katalon.core.keyword.internal.KeywordExecutor.executeKeywordForPlatform(KeywordExecutor.groovy:99)\r\n\tat com.kms.katalon.core.keyword.BuiltinKeywords.callTestCase(BuiltinKeywords.groovy:294)\r\n\tat java.base/jdk.internal.reflect.DirectMethodHandleAccessor.invoke(DirectMethodHandleAccessor.java:103)\r\n\tat TC_Prepare_Task.run(TC_Prepare_Task:32)\r\n\tat com.kms.katalon.core.main.ScriptEngine.run(ScriptEngine.java:203)\r\n\tat com.kms.katalon.core.main.ScriptEngine.runScriptAsRawText(ScriptEngine.java:115)\r\n\tat com.kms.katalon.core.main.TestCaseExecutor.runScript(TestCaseExecutor.java:504)\r\n\tat com.kms.katalon.core.main.TestCaseExecutor.doExecute(TestCaseExecutor.java:495)\r\n\tat com.kms.katalon.core.main.TestCaseExecutor.processExecutionPhase(TestCaseExecutor.java:474)\r\n\tat com.kms.katalon.core.main.TestCaseExecutor.accessMainPhase(TestCaseExecutor.java:466)\r\n\tat com.kms.katalon.core.main.TestCaseExecutor.execute(TestCaseExecutor.java:336)\r\n\tat com.kms.katalon.core.common.CommonExecutor.accessTestCaseMainPhase(CommonExecutor.java:71)\r\n\tat com.kms.katalon.core.main.TestSuiteExecutor.accessTestSuiteMainPhase(TestSuiteExecutor.java:153)\r\n\tat com.kms.katalon.core.main.TestSuiteExecutor.execute(TestSuiteExecutor.java:110)\r\n\tat com.kms.katalon.core.main.TestCaseMain.startTestSuite(TestCaseMain.java:206)\r\n\tat S0526_48.run(S0526_48.groovy:40)\r\n\tat java.base/jdk.internal.reflect.DirectMethodHandleAccessor.invoke(DirectMethodHandleAccessor.java:103)\r\nCaused by: com.kms.katalon.core.exception.StepFailedException: Unable to click on object 'Object Repository/Page_Work Order  View- Workforce Manager/svg_svg'\r\n\tat com.kms.katalon.core.webui.keyword.internal.WebUIKeywordMain.stepFailed(WebUIKeywordMain.groovy:177)\r\n\tat com.kms.katalon.core.webui.keyword.internal.WebUIKeywordMain.runKeyword(WebUIKeywordMain.groovy:49)\r\n\tat com.kms.katalon.core.webui.keyword.internal.WebUIKeywordMain.runKeywordUntilTimeout(WebUIKeywordMain.groovy:133)\r\n\tat com.kms.katalon.core.webui.keyword.builtin.ClickKeyword.click(ClickKeyword.groovy:72)\r\n\tat com.kms.katalon.core.webui.keyword.builtin.ClickKeyword.execute(ClickKeyword.groovy:38)\r\n\tat com.kms.katalon.core.keyword.internal.KeywordExecutor.executeKeywordForPlatform(KeywordExecutor.groovy:99)\r\n\tat com.kms.katalon.core.webui.keyword.WebUiBuiltInKeywords.click(WebUiBuiltInKeywords.groovy:722)\r\n\tat Esign.run(Esign:25)\r\n\tat com.kms.katalon.core.main.ScriptEngine.run(ScriptEngine.java:203)\r\n\tat com.kms.katalon.core.main.ScriptEngine.runScriptAsRawText(ScriptEngine.java:115)\r\n\tat com.kms.katalon.core.main.TestCaseExecutor.runScript(TestCaseExecutor.java:504)\r\n\tat com.kms.katalon.core.main.TestCaseExecutor.doExecute(TestCaseExecutor.java:495)\r\n\tat com.kms.katalon.core.main.TestCaseExecutor.processExecutionPhase(TestCaseExecutor.java:474)\r\n\tat com.kms.katalon.core.main.TestCaseExecutor.accessMainPhase(TestCaseExecutor.java:466)\r\n\tat com.kms.katalon.core.main.TestCaseExecutor.execute(TestCaseExecutor.java:336)\r\n\tat com.kms.katalon.core.main.TestCaseMain.runTestCase(TestCaseMain.java:152)\r\n\tat com.kms.katalon.core.keyword.builtin.CallTestCaseKeyword$_callTestCase_closure1.doCall(CallTestCaseKeyword.groovy:59)\r\n\t... 21 more\r\nCaused by: org.openqa.selenium.ElementClickInterceptedException: element click intercepted: Element <svg style="position: relative; top: 5px;" width="17" height="17" viewBox="0 0 17 17" fill="none" xmlns="http://www.w3.org/2000/svg">...</svg> is not clickable at point (677, 936). Other element would receive the click: <div id="documentClassification" class="modalBackDrop" style="display: block;">...</div>\n  (Session info: chrome=148.0.7778.179)\nBuild info: version: '4.39.0', revision: '126f156aee'\nSystem info: os.name: 'Windows 11', os.arch: 'amd64', os.version: '10.0', java.version: '21.0.9'\nDriver info: com.kms.katalon.selenium.driver.CChromeDriver\nCommand: [e1e47c9a25408597d2db56e5cac4ffa6, clickElement {id=f.B74D3E7338D9529307E04373D852E4BE.d.40C506B1B248C447E89C304A26FFE768.e.54120}]\nCapabilities {acceptInsecureCerts: false, browserName: chrome, browserVersion: 148.0.7778.179, chrome: {chromedriverVersion: 148.0.7778.167 (65db666ac2c..., userDataDir: C:\Users\CROWN-~1\AppData\L...}, fedcm:accounts: true, goog:chromeOptions: {debuggerAddress: localhost:60401}, goog:processID: 44664, networkConnectionEnabled: false, pageLoadStrategy: normal, platformName: windows, proxy: Proxy(), se:cdp: ws://localhost:60401/devtoo..., se:cdpVersion: 148.0.7778.179, setWindowRect: true, strictFileInteractability: false, timeouts: {implicit: 0, pageLoad: 300000, script: 30000}, unhandledPromptBehavior: {alert: ignore, beforeUnload: ignore, confirm: ignore, default: ignore, file: ignore, prompt: ignore}, webSocketUrl: ws://localhost:7103/session..., webauthn:extension:credBlob: true, webauthn:extension:largeBlob: true, webauthn:extension:minPinLength: true, webauthn:extension:prf: true, webauthn:virtualAuthenticators: true}\nElement: [[CChromeDriver: chrome on windows (e1e47c9a25408597d2db56e5cac4ffa6)] -> xpath: //*[(name() = 'tr') and (position() = 1)]//*[(name() = 'span') and (position() = 3)]//*[@fill = 'none']]\nSession ID: e1e47c9a25408597d2db56e5cac4ffa6\r\n\tat java.base/jdk.internal.reflect.DirectConstructorHandleAccessor.newInstance(DirectConstructorHandleAccessor.java:62)\r\n\tat org.openqa.selenium.remote.ErrorCodec.decode(ErrorCodec.java:167)\r\n\tat org.openqa.selenium.remote.codec.w3c.W3CHttpResponseCodec.decode(W3CHttpResponseCodec.java:142)\r\n\tat org.openqa.selenium.remote.codec.w3c.W3CHttpResponseCodec.decode(W3CHttpResponseCodec.java:49)\r\n\tat org.openqa.selenium.remote.HttpCommandExecutor.execute(HttpCommandExecutor.java:215)\r\n\tat org.openqa.selenium.remote.service.DriverCommandExecutor.invokeExecute(DriverCommandExecutor.java:216)\r\n\tat org.openqa.selenium.remote.service.DriverCommandExecutor.execute(DriverCommandExecutor.java:174)\r\n\tat org.openqa.selenium.remote.RemoteWebDriver.execute(RemoteWebDriver.java:561)\r\n\tat org.openqa.selenium.remote.RemoteWebElement.execute(RemoteWebElement.java:223)\r\n\tat org.openqa.selenium.remote.RemoteWebElement.click(RemoteWebElement.java:76)\r\n\tat java.base/jdk.internal.reflect.DirectMethodHandleAccessor.invoke(DirectMethodHandleAccessor.java:103)\r\n\tat org.openqa.selenium.support.decorators.WebDriverDecorator.call(WebDriverDecorator.java:326)\r\n\tat org.openqa.selenium.support.decorators.DefaultDecorated.call(DefaultDecorated.java:48)\r\n\tat org.openqa.selenium.support.decorators.WebDriverDecorator.lambda$createProxyFactory$3(WebDriverDecorator.java:416)\r\n\tat net.bytebuddy.renamed.java.lang.Object$ByteBuddy$oMtCgslp.click(Unknown Source)\r\n\tat com.kms.katalon.core.webui.keyword.builtin.ClickKeyword$_click_closure1.doCall(ClickKeyword.groovy:63)\r\n\tat java.base/jdk.internal.reflect.DirectMethodHandleAccessor.invoke(DirectMethodHandleAccessor.java:103)\r\n\tat jdk.proxy2/jdk.proxy2.$Proxy56.execute(Unknown Source)\r\n\tat com.kms.katalon.core.webui.model.SeleniumActionRetryController.performAction(SeleniumActionRetryController.java:96)\r\n\tat com.kms.katalon.core.webui.model.SeleniumActionRetryController.performAction(SeleniumActionRetryController.java:83)\r\n\tat com.kms.katalon.core.webui.keyword.internal.WebUIKeywordMain$_runKeywordUntilTimeout_closure1.doCall(WebUIKeywordMain.groovy:135)\r\n\tat com.kms.katalon.core.webui.keyword.internal.WebUIKeywordMain$_runKeywordUntilTimeout_closure1.call(WebUIKeywordMain.groovy)\r\n\tat com.kms.katalon.core.webui.keyword.internal.WebUIKeywordMain.runKeyword(WebUIKeywordMain.groovy:41)\r\n\t... 36 more\r\n)
2026-05-26 16:13:02.204 ERROR c.k.katalon.core.main.TestCaseExecutor   - ❌ Test Cases/Setup/TC_Prepare_Task FAILED.\nReason:\ncom.kms.katalon.core.exception.StepFailedException: Call Test Case 'Test Cases/TaskActions/Table_Actions/Esign' failed\r\n\tat com.kms.katalon.core.keyword.builtin.CallTestCaseKeyword$_callTestCase_closure1.doCall(CallTestCaseKeyword.groovy:63)\r\n\tat com.kms.katalon.core.keyword.builtin.CallTestCaseKeyword$_callTestCase_closure1.call(CallTestCaseKeyword.groovy)\r\n\tat com.kms.katalon.core.keyword.internal.KeywordMain.runKeyword(KeywordMain.groovy:75)\r\n\tat com.kms.katalon.core.keyword.builtin.CallTestCaseKeyword.callTestCase(CallTestCaseKeyword.groovy:81)\r\n\tat com.kms.katalon.core.keyword.builtin.CallTestCaseKeyword.execute(CallTestCaseKeyword.groovy:44)\r\n\tat com.kms.katalon.core.keyword.internal.KeywordExecutor.executeKeywordForPlatform(KeywordExecutor.groovy:99)\r\n\tat com.kms.katalon.core.keyword.BuiltinKeywords.callTestCase(BuiltinKeywords.groovy:294)\r\n\tat java.base/jdk.internal.reflect.DirectMethodHandleAccessor.invoke(DirectMethodHandleAccessor.java:103)\r\n\tat TC_Prepare_Task.run(TC_Prepare_Task:32)\r\n\tat com.kms.katalon.core.main.ScriptEngine.run(ScriptEngine.java:203)\r\n\tat com.kms.katalon.core.main.ScriptEngine.runScriptAsRawText(ScriptEngine.java:115)\r\n\tat com.kms.katalon.core.main.TestCaseExecutor.runScript(TestCaseExecutor.java:504)\r\n\tat com.kms.katalon.core.main.TestCaseExecutor.doExecute(TestCaseExecutor.java:495)\r\n\tat com.kms.katalon.core.main.TestCaseExecutor.processExecutionPhase(TestCaseExecutor.java:474)\r\n\tat com.kms.katalon.core.main.TestCaseExecutor.accessMainPhase(TestCaseExecutor.java:466)\r\n\tat com.kms.katalon.core.main.TestCaseExecutor.execute(TestCaseExecutor.java:336)\r\n\tat com.kms.katalon.core.common.CommonExecutor.accessTestCaseMainPhase(CommonExecutor.java:71)\r\n\tat com.kms.katalon.core.main.TestSuiteExecutor.accessTestSuiteMainPhase(TestSuiteExecutor.java:153)\r\n\tat com.kms.katalon.core.main.TestSuiteExecutor.execute(TestSuiteExecutor.java:110)\r\n\tat com.kms.katalon.core.main.TestCaseMain.startTestSuite(TestCaseMain.java:206)\r\n\tat S0526_48.run(S0526_48.groovy:40)\r\n\tat java.base/jdk.internal.reflect.DirectMethodHandleAccessor.invoke(DirectMethodHandleAccessor.java:103)\r\nCaused by: com.kms.katalon.core.exception.StepFailedException: Unable to click on object 'Object Repository/Page_Work Order  View- Workforce Manager/svg_svg'\r\n\tat com.kms.katalon.core.webui.keyword.internal.WebUIKeywordMain.stepFailed(WebUIKeywordMain.groovy:177)\r\n\tat com.kms.katalon.core.webui.keyword.internal.WebUIKeywordMain.runKeyword(WebUIKeywordMain.groovy:49)\r\n\tat com.kms.katalon.core.webui.keyword.internal.WebUIKeywordMain.runKeywordUntilTimeout(WebUIKeywordMain.groovy:133)\r\n\tat com.kms.katalon.core.webui.keyword.builtin.ClickKeyword.click(ClickKeyword.groovy:72)\r\n\tat com.kms.katalon.core.webui.keyword.builtin.ClickKeyword.execute(ClickKeyword.groovy:38)\r\n\tat com.kms.katalon.core.keyword.internal.KeywordExecutor.executeKeywordForPlatform(KeywordExecutor.groovy:99)\r\n\tat com.kms.katalon.core.webui.keyword.WebUiBuiltInKeywords.click(WebUiBuiltInKeywords.groovy:722)\r\n\tat Esign.run(Esign:25)\r\n\tat com.kms.katalon.core.main.ScriptEngine.run(ScriptEngine.java:203)\r\n\tat com.kms.katalon.core.main.ScriptEngine.runScriptAsRawText(ScriptEngine.java:115)\r\n\tat com.kms.katalon.core.main.TestCaseExecutor.runScript(TestCaseExecutor.java:504)\r\n\tat com.kms.katalon.core.main.TestCaseExecutor.doExecute(TestCaseExecutor.java:495)\r\n\tat com.kms.katalon.core.main.TestCaseExecutor.processExecutionPhase(TestCaseExecutor.java:474)\r\n\tat com.kms.katalon.core.main.TestCaseExecutor.accessMainPhase(TestCaseExecutor.java:466)\r\n\tat com.kms.katalon.core.main.TestCaseExecutor.execute(TestCaseExecutor.java:336)\r\n\tat com.kms.katalon.core.main.TestCaseMain.runTestCase(TestCaseMain.java:152)\r\n\tat com.kms.katalon.core.keyword.builtin.CallTestCaseKeyword$_callTestCase_closure1.doCall(CallTestCaseKeyword.groovy:59)\r\n\t... 21 more\r\nCaused by: org.openqa.selenium.ElementClickInterceptedException: element click intercepted: Element <svg style="position: relative; top: 5px;" width="17" height="17" viewBox="0 0 17 17" fill="none" xmlns="http://www.w3.org/2000/svg">...</svg> is not clickable at point (677, 936). Other element would receive the click: <div id="documentClassification" class="modalBackDrop" style="display: block;">...</div>\n  (Session info: chrome=148.0.7778.179)\nBuild info: version: '4.39.0', revision: '126f156aee'\nSystem info: os.name: 'Windows 11', os.arch: 'amd64', os.version: '10.0', java.version: '21.0.9'\nDriver info: com.kms.katalon.selenium.driver.CChromeDriver\nCommand: [e1e47c9a25408597d2db56e5cac4ffa6, clickElement {id=f.B74D3E7338D9529307E04373D852E4BE.d.40C506B1B248C447E89C304A26FFE768.e.54120}]\nCapabilities {acceptInsecureCerts: false, browserName: chrome, browserVersion: 148.0.7778.179, chrome: {chromedriverVersion: 148.0.7778.167 (65db666ac2c..., userDataDir: C:\Users\CROWN-~1\AppData\L...}, fedcm:accounts: true, goog:chromeOptions: {debuggerAddress: localhost:60401}, goog:processID: 44664, networkConnectionEnabled: false, pageLoadStrategy: normal, platformName: windows, proxy: Proxy(), se:cdp: ws://localhost:60401/devtoo..., se:cdpVersion: 148.0.7778.179, setWindowRect: true, strictFileInteractability: false, timeouts: {implicit: 0, pageLoad: 300000, script: 30000}, unhandledPromptBehavior: {alert: ignore, beforeUnload: ignore, confirm: ignore, default: ignore, file: ignore, prompt: ignore}, webSocketUrl: ws://localhost:7103/session..., webauthn:extension:credBlob: true, webauthn:extension:largeBlob: true, webauthn:extension:minPinLength: true, webauthn:extension:prf: true, webauthn:virtualAuthenticators: true}\nElement: [[CChromeDriver: chrome on windows (e1e47c9a25408597d2db56e5cac4ffa6)] -> xpath: //*[(name() = 'tr') and (position() = 1)]//*[(name() = 'span') and (position() = 3)]//*[@fill = 'none']]\nSession ID: e1e47c9a25408597d2db56e5cac4ffa6\r\n\tat java.base/jdk.internal.reflect.DirectConstructorHandleAccessor.newInstance(DirectConstructorHandleAccessor.java:62)\r\n\tat org.openqa.selenium.remote.ErrorCodec.decode(ErrorCodec.java:167)\r\n\tat org.openqa.selenium.remote.codec.w3c.W3CHttpResponseCodec.decode(W3CHttpResponseCodec.java:142)\r\n\tat org.openqa.selenium.remote.codec.w3c.W3CHttpResponseCodec.decode(W3CHttpResponseCodec.java:49)\r\n\tat org.openqa.selenium.remote.HttpCommandExecutor.execute(HttpCommandExecutor.java:215)\r\n\tat org.openqa.selenium.remote.service.DriverCommandExecutor.invokeExecute(DriverCommandExecutor.java:216)\r\n\tat org.openqa.selenium.remote.service.DriverCommandExecutor.execute(DriverCommandExecutor.java:174)\r\n\tat org.openqa.selenium.remote.RemoteWebDriver.execute(RemoteWebDriver.java:561)\r\n\tat org.openqa.selenium.remote.RemoteWebElement.execute(RemoteWebElement.java:223)\r\n\tat org.openqa.selenium.remote.RemoteWebElement.click(RemoteWebElement.java:76)\r\n\tat java.base/jdk.internal.reflect.DirectMethodHandleAccessor.invoke(DirectMethodHandleAccessor.java:103)\r\n\tat org.openqa.selenium.support.decorators.WebDriverDecorator.call(WebDriverDecorator.java:326)\r\n\tat org.openqa.selenium.support.decorators.DefaultDecorated.call(DefaultDecorated.java:48)\r\n\tat org.openqa.selenium.support.decorators.WebDriverDecorator.lambda$createProxyFactory$3(WebDriverDecorator.java:416)\r\n\tat net.bytebuddy.renamed.java.lang.Object$ByteBuddy$oMtCgslp.click(Unknown Source)\r\n\tat com.kms.katalon.core.webui.keyword.builtin.ClickKeyword$_click_closure1.doCall(ClickKeyword.groovy:63)\r\n\tat java.base/jdk.internal.reflect.DirectMethodHandleAccessor.invoke(DirectMethodHandleAccessor.java:103)\r\n\tat jdk.proxy2/jdk.proxy2.$Proxy56.execute(Unknown Source)\r\n\tat com.kms.katalon.core.webui.model.SeleniumActionRetryController.performAction(SeleniumActionRetryController.java:96)\r\n\tat com.kms.katalon.core.webui.model.SeleniumActionRetryController.performAction(SeleniumActionRetryController.java:83)\r\n\tat com.kms.katalon.core.webui.keyword.internal.WebUIKeywordMain$_runKeywordUntilTimeout_closure1.doCall(WebUIKeywordMain.groovy:135)\r\n\tat com.kms.katalon.core.webui.keyword.internal.WebUIKeywordMain$_runKeywordUntilTimeout_closure1.call(WebUIKeywordMain.groovy)\r\n\tat com.kms.katalon.core.webui.keyword.internal.WebUIKeywordMain.runKeyword(WebUIKeywordMain.groovy:41)\r\n\t... 36 more\r\n
2026-05-26 16:13:02.208 INFO  c.k.katalon.core.main.TestCaseExecutor   - END Test Cases/Setup/TC_Prepare_Task
2026-05-26 16:13:02.215 INFO  c.k.katalon.core.main.TestCaseExecutor   - --------------------
2026-05-26 16:13:02.215 INFO  c.k.katalon.core.main.TestCaseExecutor   - START Test Cases/Setup/TC_Prepare_Task - Retry attempt 1
2026-05-26 16:13:02.225 DEBUG testcase.TC_Prepare_Task                 - 1: callTestCase(findTestCase("Authentication/TC_Login"), [:], STOP_ON_FAILURE)
2026-05-26 16:13:02.296 INFO  c.k.katalon.core.main.TestCaseExecutor   - --------------------
2026-05-26 16:13:02.296 INFO  c.k.katalon.core.main.TestCaseExecutor   - CALL Test Cases/Authentication/TC_Login
2026-05-26 16:13:02.305 DEBUG testcase.TC_Login                        - 1: openBrowser("")
2026-05-26 16:13:02.307 WARN  c.k.k.core.webui.driver.DriverFactory    - A browser is already opened. Closing browser and opening a new one
2026-05-26 16:13:02.672 INFO  c.k.k.core.webui.driver.DriverFactory    - Starting 'Chrome' driver
2026-05-26 16:13:02.675 INFO  c.k.k.core.webui.driver.DriverFactory    - Action delay is set to 0 milliseconds
2026-05-26 16:13:04.014 INFO  c.k.k.core.webui.driver.DriverFactory    - sessionId = 25e783f6c1a94f293162c3c8c1a27f9c
2026-05-26 16:13:04.015 INFO  c.k.k.core.webui.driver.DriverFactory    - browser = Chrome 148.0.7778.179
2026-05-26 16:13:04.016 INFO  c.k.k.core.webui.driver.DriverFactory    - platform = Windows 11
2026-05-26 16:13:04.016 INFO  c.k.k.core.webui.driver.DriverFactory    - seleniumVersion = 4.39.0
2026-05-26 16:13:04.017 INFO  c.k.k.core.webui.driver.DriverFactory    - proxyInformation = ProxyInformation { proxyOption=NO_PROXY, proxyServerType=HTTP, username=, password=********, proxyServerAddress=, proxyServerPort=0, executionList="", isApplyToDesiredCapabilities=true }
2026-05-26 16:13:04.050 DEBUG testcase.TC_Login                        - 2: navigateToUrl("https://convergenceondemand.com/login")
2026-05-26 16:13:13.112 DEBUG testcase.TC_Login                        - 3: setText(findTestObject("Page_1Government Login/input_Enter your MDA"), "govtest")
2026-05-26 16:13:14.161 DEBUG testcase.TC_Login                        - 4: setText(findTestObject("Page_1Government Login/input_Enter Email"), "apisupport@cicod.com")
2026-05-26 16:13:14.833 DEBUG testcase.TC_Login                        - 5: setEncryptedText(findTestObject("Page_1Government Login/input_Enter password"), "9zJdpvfgkgtFa8MQRHGI0w==")
2026-05-26 16:13:15.204 DEBUG testcase.TC_Login                        - 6: click(findTestObject("Page_1Government Login/button_Login"))
2026-05-26 16:13:15.545 INFO  c.k.katalon.core.main.TestCaseExecutor   - END CALL Test Cases/Authentication/TC_Login
2026-05-26 16:13:15.545 INFO  c.k.katalon.core.main.TestCaseExecutor   - --------------------
2026-05-26 16:13:15.545 DEBUG testcase.TC_Prepare_Task                 - 2: callTestCase(findTestCase("Navigation/TC_Open_Task_Module"), [:], STOP_ON_FAILURE)
2026-05-26 16:13:15.615 INFO  c.k.katalon.core.main.TestCaseExecutor   - --------------------
2026-05-26 16:13:15.615 INFO  c.k.katalon.core.main.TestCaseExecutor   - CALL Test Cases/Navigation/TC_Open_Task_Module
2026-05-26 16:13:15.628 DEBUG testcase.TC_Open_Task_Module             - 1: click(findTestObject("Page_1Gov/p_Automate Government MDAs critical operations,"))
2026-05-26 16:13:21.798 INFO  c.k.katalon.core.main.TestCaseExecutor   - END CALL Test Cases/Navigation/TC_Open_Task_Module
2026-05-26 16:13:21.798 INFO  c.k.katalon.core.main.TestCaseExecutor   - --------------------
2026-05-26 16:13:21.799 DEBUG testcase.TC_Prepare_Task                 - 3: callTestCase(findTestCase("Setup/TC_Create_Task"), [:], STOP_ON_FAILURE)
2026-05-26 16:13:21.858 INFO  c.k.katalon.core.main.TestCaseExecutor   - --------------------
2026-05-26 16:13:21.858 INFO  c.k.katalon.core.main.TestCaseExecutor   - CALL Test Cases/Setup/TC_Create_Task
2026-05-26 16:13:21.872 DEBUG testcase.TC_Create_Task                  - 1: navigateToUrl("https://govtest.convergenceondemand.com/wfm/index.php?r=workOrder#active-tickets")
2026-05-26 16:13:21.883 DEBUG testcase.TC_Create_Task                  - 2: delay(5)
2026-05-26 16:13:26.891 DEBUG testcase.TC_Create_Task                  - 3: maximizeWindow()
2026-05-26 16:13:27.047 DEBUG testcase.TC_Create_Task                  - 4: click(findTestObject("Page_Work Order  Index- Workforce Manager/a_Create Task"))
2026-05-26 16:13:28.680 DEBUG testcase.TC_Create_Task                  - 5: click(findTestObject("Page_Work Order  Create- Workforce Manager/span_Select Queue"))
2026-05-26 16:13:31.838 DEBUG testcase.TC_Create_Task                  - 6: setText(findTestObject("Page_Work Order  Create- Workforce Manager/input_Search"), "aut")
2026-05-26 16:13:32.519 DEBUG testcase.TC_Create_Task                  - 7: click(findTestObject("Page_Work Order  Create- Workforce Manager/a_TEST AUTOMATION"))
2026-05-26 16:13:32.886 DEBUG testcase.TC_Create_Task                  - 8: click(findTestObject("Page_Work Order  Create- Workforce Manager/span_Select Queue Type"))
2026-05-26 16:13:36.455 DEBUG testcase.TC_Create_Task                  - 9: click(findTestObject("Page_Work Order  Create- Workforce Manager/span_Automated Testing"))
2026-05-26 16:13:36.829 DEBUG testcase.TC_Create_Task                  - 10: setText(findTestObject("Page_Work Order  Create- Workforce Manager/input_Task Title _"), "TEST AUTOMATION 10028791")
2026-05-26 16:13:39.881 DEBUG testcase.TC_Create_Task                  - 11: setText(findTestObject("Page_Work Order  Create- Workforce Manager/textarea_Description"), "Smoke Test")
2026-05-26 16:13:40.493 DEBUG testcase.TC_Create_Task                  - 12: setText(findTestObject("Page_Work Order  Create- Workforce Manager/input_Input First Name"), "Mr")
2026-05-26 16:13:41.173 DEBUG testcase.TC_Create_Task                  - 13: setText(findTestObject("Page_Work Order  Create- Workforce Manager/input_Input Last Name"), "Adekola")
2026-05-26 16:13:41.804 DEBUG testcase.TC_Create_Task                  - 14: setText(findTestObject("Page_Work Order  Create- Workforce Manager/input_Input Phone Number"), "Cole")
2026-05-26 16:13:42.443 DEBUG testcase.TC_Create_Task                  - 15: setText(findTestObject("Page_Work Order  Create- Workforce Manager/input_Input Email Address"), "testautomation@cicod.com")
2026-05-26 16:13:43.205 DEBUG testcase.TC_Create_Task                  - 16: setText(findTestObject("Page_Work Order  Create- Workforce Manager/input_house_no"), "45b")
2026-05-26 16:13:43.814 DEBUG testcase.TC_Create_Task                  - 17: setText(findTestObject("Page_Work Order  Create- Workforce Manager/input_street"), "Admiralty Way")
2026-05-26 16:13:44.482 DEBUG testcase.TC_Create_Task                  - 18: selectOptionByValue(findTestObject("Page_Work Order  Create- Workforce Manager/select_AngolaCameroonCongoEthopiaNigeriaSouth Af"), "Nigeria", false)
2026-05-26 16:13:45.043 DEBUG testcase.TC_Create_Task                  - 19: selectOptionByValue(findTestObject("Page_Work Order  Create- Workforce Manager/select_Select StateAbiaAbujaAdamawaAkwa IbomAnam"), "Lagos", false)
2026-05-26 16:13:45.600 DEBUG testcase.TC_Create_Task                  - 20: switchToWindowTitle("Work Order | Create- Workforce Manager")
2026-05-26 16:13:45.619 DEBUG testcase.TC_Create_Task                  - 21: click(findTestObject("Page_Work Order  Create- Workforce Manager/input_optionsRadios1"))
2026-05-26 16:13:45.949 DEBUG testcase.TC_Create_Task                  - 22: click(findTestObject("Page_Work Order  Create- Workforce Manager/input_optionsChecks1"))
2026-05-26 16:13:46.303 DEBUG testcase.TC_Create_Task                  - 23: setText(findTestObject("Page_Work Order  Create- Workforce Manager/input_Select Date"), "2026-05-20")
2026-05-26 16:13:46.966 DEBUG testcase.TC_Create_Task                  - 24: filePath = getProjectDir() + "/Include/test-files/data_backup.png"
2026-05-26 16:13:46.966 DEBUG testcase.TC_Create_Task                  - 25: assert File(filePath).exists()
2026-05-26 16:13:46.967 DEBUG testcase.TC_Create_Task                  - 26: uploadObj = findTestObject("Page_Work Order  Create- Workforce Manager/input_take-photo-input-selected_file")
2026-05-26 16:13:46.969 DEBUG testcase.TC_Create_Task                  - 27: waitForElementPresent(uploadObj, 10)
2026-05-26 16:13:47.201 DEBUG testcase.TC_Create_Task                  - 28: uploadFile(uploadObj, filePath)
2026-05-26 16:13:47.450 WARN  c.k.k.c.w.k.builtin.UploadFileKeyword    - Cannot clear the existing file path in the input element. Continue to upload file.
2026-05-26 16:13:47.469 DEBUG testcase.TC_Create_Task                  - 29: click(findTestObject("Page_Work Order  Create- Workforce Manager/input_should_assign_ticket"))
2026-05-26 16:13:48.049 DEBUG testcase.TC_Create_Task                  - 30: selectOptionByValue(findTestObject("Page_Work Order  Create- Workforce Manager/select_assign-to-user"), "82", false)
2026-05-26 16:13:48.679 DEBUG testcase.TC_Create_Task                  - 31: waitForElementClickable(findTestObject("Page_Work Order  Create- Workforce Manager/button_Create"), 20)
2026-05-26 16:13:48.960 DEBUG testcase.TC_Create_Task                  - 32: click(findTestObject("Page_Work Order  Create- Workforce Manager/button_Create"))
2026-05-26 16:13:49.281 INFO  c.k.katalon.core.main.TestCaseExecutor   - END CALL Test Cases/Setup/TC_Create_Task
2026-05-26 16:13:49.281 INFO  c.k.katalon.core.main.TestCaseExecutor   - --------------------
2026-05-26 16:13:49.281 DEBUG testcase.TC_Prepare_Task                 - 4: callTestCase(findTestCase("Setup/TC_Open_Task_Details"), [:], STOP_ON_FAILURE)
2026-05-26 16:13:49.348 INFO  c.k.katalon.core.main.TestCaseExecutor   - --------------------
2026-05-26 16:13:49.348 INFO  c.k.katalon.core.main.TestCaseExecutor   - CALL Test Cases/Setup/TC_Open_Task_Details
2026-05-26 16:13:49.359 DEBUG testcase.TC_Open_Task_Details            - 1: waitForPageLoad(30)
2026-05-26 16:13:49.374 DEBUG testcase.TC_Open_Task_Details            - 2: delay(3)
2026-05-26 16:13:52.382 DEBUG testcase.TC_Open_Task_Details            - 3: modal = new com.kms.katalon.core.testobject.TestObject()
2026-05-26 16:13:52.382 DEBUG testcase.TC_Open_Task_Details            - 4: modal.addProperty("xpath", EQUALS, "//*[contains(text(),'Ticket ID')]")
2026-05-26 16:13:52.382 DEBUG testcase.TC_Open_Task_Details            - 5: waitForElementVisible(modal, 30)
2026-05-26 16:14:22.872 WARN  k.k.c.w.k.b.WaitForElementVisibleKeyword - Object '' is not visible after 30 second(s)
2026-05-26 16:14:22.873 DEBUG testcase.TC_Open_Task_Details            - 6: successMessage = getText(modal)
2026-05-26 16:14:23.122 DEBUG testcase.TC_Open_Task_Details            - 7: println("SUCCESS → " + successMessage)
SUCCESS → Task Created Successfully - Ticket ID: 16701
2026-05-26 16:14:23.122 DEBUG testcase.TC_Open_Task_Details            - 8: matcher = successMessage =~ "\d+"
2026-05-26 16:14:23.123 DEBUG testcase.TC_Open_Task_Details            - 9: if (!(matcher.find()))
2026-05-26 16:14:23.123 DEBUG testcase.TC_Open_Task_Details            - 10: ticketId = matcher.group()
2026-05-26 16:14:23.123 DEBUG testcase.TC_Open_Task_Details            - 11: println("Captured Ticket → " + ticketId)
Captured Ticket → 16701
2026-05-26 16:14:23.124 DEBUG testcase.TC_Open_Task_Details            - 12: click(findTestObject("Page_Work Order  Create- Workforce Manager/button_message-dismiss"))
2026-05-26 16:14:25.027 DEBUG testcase.TC_Open_Task_Details            - 13: waitForPageLoad(20)
2026-05-26 16:14:25.041 DEBUG testcase.TC_Open_Task_Details            - 14: delay(2)
2026-05-26 16:14:27.050 DEBUG testcase.TC_Open_Task_Details            - 15: click(findTestObject("Page_Work Order  Index- Workforce Manager/a_Created By Me"))
2026-05-26 16:14:27.443 DEBUG testcase.TC_Open_Task_Details            - 16: waitForPageLoad(10)
2026-05-26 16:14:27.452 DEBUG testcase.TC_Open_Task_Details            - 17: delay(3)
2026-05-26 16:14:30.464 DEBUG testcase.TC_Open_Task_Details            - 18: search = findTestObject("Page_Work Order  Index- Workforce Manager/input_Search")
2026-05-26 16:14:30.467 DEBUG testcase.TC_Open_Task_Details            - 19: waitForElementVisible(search, 30)
2026-05-26 16:14:30.723 DEBUG testcase.TC_Open_Task_Details            - 20: click(search)
2026-05-26 16:14:31.057 DEBUG testcase.TC_Open_Task_Details            - 21: clearText(search)
2026-05-26 16:14:31.310 DEBUG testcase.TC_Open_Task_Details            - 22: setText(search, ticketId)
2026-05-26 16:14:32.272 DEBUG testcase.TC_Open_Task_Details            - 23: sendKeys(search, Keys.chord(ENTER))
2026-05-26 16:14:32.575 DEBUG testcase.TC_Open_Task_Details            - 24: println("Searching → " + ticketId)
Searching → 16701
2026-05-26 16:14:32.576 DEBUG testcase.TC_Open_Task_Details            - 25: delay(8)
2026-05-26 16:14:40.591 DEBUG testcase.TC_Open_Task_Details            - 26: row = new com.kms.katalon.core.testobject.TestObject()
2026-05-26 16:14:40.591 DEBUG testcase.TC_Open_Task_Details            - 27: row.addProperty("xpath", EQUALS, //tr[.//*[contains(text(),'$ticketId')]])
2026-05-26 16:14:40.592 DEBUG testcase.TC_Open_Task_Details            - 28: found = waitForElementPresent(row, 30)
2026-05-26 16:14:40.856 DEBUG testcase.TC_Open_Task_Details            - 29: if (!(found))
2026-05-26 16:14:40.857 DEBUG testcase.TC_Open_Task_Details            - 30: println("Ticket row found")
Ticket row found
2026-05-26 16:14:40.857 DEBUG testcase.TC_Open_Task_Details            - 31: titleLink = new com.kms.katalon.core.testobject.TestObject()
2026-05-26 16:14:40.857 DEBUG testcase.TC_Open_Task_Details            - 32: titleLink.addProperty("xpath", EQUALS, (//tr[.//*[contains(text(),'$ticketId')]]//td[3]//a) | (//tr[.//*[contains(text(),'$ticketId')]]//td[3]//*[self::span or self::div]))
2026-05-26 16:14:40.857 DEBUG testcase.TC_Open_Task_Details            - 33: waitForElementVisible(titleLink, 30)
2026-05-26 16:14:41.106 DEBUG testcase.TC_Open_Task_Details            - 34: scrollToElement(titleLink, 10)
2026-05-26 16:14:41.352 DEBUG testcase.TC_Open_Task_Details            - 35: link = findWebElement(titleLink, 20)
2026-05-26 16:14:41.603 DEBUG testcase.TC_Open_Task_Details            - 36: executeJavaScript("\narguments[0].scrollIntoView({\nblock:'center'\n});\n", Arrays.asList(link))
2026-05-26 16:14:41.613 DEBUG testcase.TC_Open_Task_Details            - 37: delay(2)
2026-05-26 16:14:43.623 DEBUG testcase.TC_Open_Task_Details            - 38: println("Opening ticket")
Opening ticket
2026-05-26 16:14:43.625 DEBUG testcase.TC_Open_Task_Details            - 39: try
2026-05-26 16:14:43.625 DEBUG testcase.TC_Open_Task_Details            - 1: click(titleLink)
2026-05-26 16:14:57.313 DEBUG testcase.TC_Open_Task_Details            - 42: opened = false
2026-05-26 16:14:57.313 DEBUG testcase.TC_Open_Task_Details            - 43: for ([i = 0, i < 30, (i++)])
2026-05-26 16:14:57.314 DEBUG testcase.TC_Open_Task_Details            - 1: delay(1)
2026-05-26 16:14:58.317 DEBUG testcase.TC_Open_Task_Details            - 2: details = new com.kms.katalon.core.testobject.TestObject()
2026-05-26 16:14:58.317 DEBUG testcase.TC_Open_Task_Details            - 3: details.addProperty("xpath", EQUALS, "\n//*[contains(text(),'Priority')]\n|\n//*[contains(text(),'Task Details')]\n|\n//*[contains(text(),'Queue')]\n")
2026-05-26 16:14:58.317 DEBUG testcase.TC_Open_Task_Details            - 4: if (verifyElementPresent(details, 1, OPTIONAL))
2026-05-26 16:15:00.761 DEBUG testcase.TC_Open_Task_Details            - 1: opened = true
2026-05-26 16:15:00.762 DEBUG testcase.TC_Open_Task_Details            - 2: break
2026-05-26 16:15:00.762 DEBUG testcase.TC_Open_Task_Details            - 44: if (!(opened))
2026-05-26 16:15:00.763 DEBUG testcase.TC_Open_Task_Details            - 45: println("TASK DETAILS OPENED → " + ticketId)
TASK DETAILS OPENED → 16701
2026-05-26 16:15:00.764 INFO  c.k.katalon.core.main.TestCaseExecutor   - END CALL Test Cases/Setup/TC_Open_Task_Details
2026-05-26 16:15:00.764 INFO  c.k.katalon.core.main.TestCaseExecutor   - --------------------
2026-05-26 16:15:00.764 DEBUG testcase.TC_Prepare_Task                 - 5: callTestCase(findTestCase("TaskActions/Uploads/Upload_File_From_Govdrive"), [:], STOP_ON_FAILURE)
2026-05-26 16:15:00.834 INFO  c.k.katalon.core.main.TestCaseExecutor   - --------------------
2026-05-26 16:15:00.834 INFO  c.k.katalon.core.main.TestCaseExecutor   - CALL Test Cases/TaskActions/Uploads/Upload_File_From_Govdrive
2026-05-26 16:15:00.846 DEBUG testcase.Upload_File_From_Govdrive       - 1: driver = getWebDriver()
2026-05-26 16:15:00.847 DEBUG testcase.Upload_File_From_Govdrive       - 2: switchToDefaultContent()
2026-05-26 16:15:00.855 DEBUG testcase.Upload_File_From_Govdrive       - 3: waitForPageLoad(30)
2026-05-26 16:15:00.861 DEBUG testcase.Upload_File_From_Govdrive       - 4: println("Starting upload flow")
Starting upload flow
2026-05-26 16:15:00.862 DEBUG testcase.Upload_File_From_Govdrive       - 5: waitForElementVisible(findTestObject("Page_Work Order  View- Workforce Manager/a_dLabel"), 30)
2026-05-26 16:15:01.543 DEBUG testcase.Upload_File_From_Govdrive       - 6: waitForElementClickable(findTestObject("Page_Work Order  View- Workforce Manager/a_dLabel"), 30)
2026-05-26 16:15:01.810 DEBUG testcase.Upload_File_From_Govdrive       - 7: click(findTestObject("Page_Work Order  View- Workforce Manager/a_dLabel"))
2026-05-26 16:15:02.151 DEBUG testcase.Upload_File_From_Govdrive       - 8: println("Upload menu opened")
Upload menu opened
2026-05-26 16:15:02.153 DEBUG testcase.Upload_File_From_Govdrive       - 9: waitForElementVisible(findTestObject("Page_Work Order  View- Workforce Manager/a_cde-upload"), 30)
2026-05-26 16:15:02.420 DEBUG testcase.Upload_File_From_Govdrive       - 10: waitForElementClickable(findTestObject("Page_Work Order  View- Workforce Manager/a_cde-upload"), 30)
2026-05-26 16:15:02.705 DEBUG testcase.Upload_File_From_Govdrive       - 11: try
2026-05-26 16:15:02.706 DEBUG testcase.Upload_File_From_Govdrive       - 1: click(findTestObject("Page_Work Order  View- Workforce Manager/a_cde-upload"))
2026-05-26 16:15:03.063 DEBUG testcase.Upload_File_From_Govdrive       - 14: println("GovDrive selected")
GovDrive selected
2026-05-26 16:15:03.064 DEBUG testcase.Upload_File_From_Govdrive       - 15: switchToDefaultContent()
2026-05-26 16:15:03.075 DEBUG testcase.Upload_File_From_Govdrive       - 16: waitForElementVisible(findTestObject("Page_Work Order  View- Workforce Manager/iframe_cde-widget"), 30)
2026-05-26 16:15:03.657 DEBUG testcase.Upload_File_From_Govdrive       - 17: switched = false
2026-05-26 16:15:03.658 DEBUG testcase.Upload_File_From_Govdrive       - 18: for ([i = 0, i < 3, (i++)])
2026-05-26 16:15:03.658 DEBUG testcase.Upload_File_From_Govdrive       - 1: try
2026-05-26 16:15:03.658 DEBUG testcase.Upload_File_From_Govdrive       - 1: switchToFrame(findTestObject("Page_Work Order  View- Workforce Manager/iframe_cde-widget"), 10)
2026-05-26 16:15:04.099 DEBUG testcase.Upload_File_From_Govdrive       - 2: switched = true
2026-05-26 16:15:04.099 DEBUG testcase.Upload_File_From_Govdrive       - 3: break
2026-05-26 16:15:04.100 DEBUG testcase.Upload_File_From_Govdrive       - 19: if (!(switched))
2026-05-26 16:15:04.102 DEBUG testcase.Upload_File_From_Govdrive       - 20: println("Inside iframe")
Inside iframe
2026-05-26 16:15:04.103 DEBUG testcase.Upload_File_From_Govdrive       - 21: delay(5)
2026-05-26 16:15:09.112 DEBUG testcase.Upload_File_From_Govdrive       - 22: println("Waiting for files to appear...")
Waiting for files to appear...
2026-05-26 16:15:09.112 DEBUG testcase.Upload_File_From_Govdrive       - 23: found = false
2026-05-26 16:15:09.113 DEBUG testcase.Upload_File_From_Govdrive       - 24: checkbox = null
2026-05-26 16:15:09.113 DEBUG testcase.Upload_File_From_Govdrive       - 25: for ([i = 0, i < 20, (i++)])
2026-05-26 16:15:09.113 DEBUG testcase.Upload_File_From_Govdrive       - 1: checkboxes = driver.findElements(By.xpath("//input[@type='checkbox'] | //*[@role='checkbox']"))
2026-05-26 16:15:09.133 DEBUG testcase.Upload_File_From_Govdrive       - 2: println("Checkbox count = " + checkboxes.size())
Checkbox count = 8
2026-05-26 16:15:09.134 DEBUG testcase.Upload_File_From_Govdrive       - 3: if (!(checkboxes.isEmpty()))
2026-05-26 16:15:09.135 DEBUG testcase.Upload_File_From_Govdrive       - 1: checkbox = checkboxes[0]
2026-05-26 16:15:09.135 DEBUG testcase.Upload_File_From_Govdrive       - 2: driver.executeScript("arguments[0].scrollIntoView(true)", checkbox)
2026-05-26 16:15:09.144 DEBUG testcase.Upload_File_From_Govdrive       - 3: delay(1)
2026-05-26 16:15:10.153 DEBUG testcase.Upload_File_From_Govdrive       - 4: driver.executeScript("arguments[0].click();", checkbox)
2026-05-26 16:15:10.195 DEBUG testcase.Upload_File_From_Govdrive       - 5: found = true
2026-05-26 16:15:10.196 DEBUG testcase.Upload_File_From_Govdrive       - 6: println("File selected")
File selected
2026-05-26 16:15:10.196 DEBUG testcase.Upload_File_From_Govdrive       - 7: break
2026-05-26 16:15:10.197 DEBUG testcase.Upload_File_From_Govdrive       - 26: if (!(found))
2026-05-26 16:15:10.197 DEBUG testcase.Upload_File_From_Govdrive       - 27: delay(3)
2026-05-26 16:15:13.203 DEBUG testcase.Upload_File_From_Govdrive       - 28: insertBtn = null
2026-05-26 16:15:13.204 DEBUG testcase.Upload_File_From_Govdrive       - 29: for ([i = 0, i < 15, (i++)])
2026-05-26 16:15:13.204 DEBUG testcase.Upload_File_From_Govdrive       - 1: try
2026-05-26 16:15:13.204 DEBUG testcase.Upload_File_From_Govdrive       - 1: insertBtn = driver.findElement(By.xpath("//button[normalize-space()='Insert']"))
2026-05-26 16:15:13.223 DEBUG testcase.Upload_File_From_Govdrive       - 2: visible = insertBtn.isDisplayed()
2026-05-26 16:15:13.237 DEBUG testcase.Upload_File_From_Govdrive       - 3: enabled = insertBtn.isEnabled()
2026-05-26 16:15:13.245 DEBUG testcase.Upload_File_From_Govdrive       - 4: disabled = insertBtn.getAttribute("disabled")
2026-05-26 16:15:13.253 DEBUG testcase.Upload_File_From_Govdrive       - 5: if (visible && enabled && disabled == null)
2026-05-26 16:15:13.253 DEBUG testcase.Upload_File_From_Govdrive       - 1: break
2026-05-26 16:15:13.254 DEBUG testcase.Upload_File_From_Govdrive       - 30: if (insertBtn == null)
2026-05-26 16:15:13.254 DEBUG testcase.Upload_File_From_Govdrive       - 31: driver.executeScript("\narguments[0].scrollIntoView({\nblock:'center'\n});\n", insertBtn)
2026-05-26 16:15:13.262 DEBUG testcase.Upload_File_From_Govdrive       - 32: delay(1)
2026-05-26 16:15:14.269 DEBUG testcase.Upload_File_From_Govdrive       - 33: driver.executeScript("arguments[0].click();", insertBtn)
2026-05-26 16:15:14.285 DEBUG testcase.Upload_File_From_Govdrive       - 34: println("Insert clicked")
Insert clicked
2026-05-26 16:15:14.286 DEBUG testcase.Upload_File_From_Govdrive       - 35: switchToDefaultContent()
2026-05-26 16:15:14.291 DEBUG testcase.Upload_File_From_Govdrive       - 36: try
2026-05-26 16:15:14.291 DEBUG testcase.Upload_File_From_Govdrive       - 1: delay(3)
2026-05-26 16:15:17.298 DEBUG testcase.Upload_File_From_Govdrive       - 2: okButton = driver.findElement(By.xpath("//button[normalize-space()='OK'] | //a[normalize-space()='OK']"))
2026-05-26 16:15:17.529 DEBUG testcase.Upload_File_From_Govdrive       - 3: driver.executeScript("arguments[0].click();", okButton)
2026-05-26 16:15:17.540 DEBUG testcase.Upload_File_From_Govdrive       - 4: println("Success popup closed")
Success popup closed
2026-05-26 16:15:17.541 DEBUG testcase.Upload_File_From_Govdrive       - 39: switchToDefaultContent()
2026-05-26 16:15:17.546 DEBUG testcase.Upload_File_From_Govdrive       - 40: println("Upload completed")
Upload completed
2026-05-26 16:15:17.547 INFO  c.k.katalon.core.main.TestCaseExecutor   - END CALL Test Cases/TaskActions/Uploads/Upload_File_From_Govdrive
2026-05-26 16:15:17.547 INFO  c.k.katalon.core.main.TestCaseExecutor   - --------------------
2026-05-26 16:15:17.548 DEBUG testcase.TC_Prepare_Task                 - 6: callTestCase(findTestCase("TaskActions/Uploads/Upload_file_Without_Classification"), [:], STOP_ON_FAILURE)
2026-05-26 16:15:17.607 INFO  c.k.katalon.core.main.TestCaseExecutor   - --------------------
2026-05-26 16:15:17.608 INFO  c.k.katalon.core.main.TestCaseExecutor   - CALL Test Cases/TaskActions/Uploads/Upload_file_Without_Classification
2026-05-26 16:15:17.617 DEBUG t.Upload_file_Without_Classification     - 1: taskName = "TEST AUTOMATION"
2026-05-26 16:15:17.617 DEBUG t.Upload_file_Without_Classification     - 2: uploadFile = getProjectDir() + "/Include/test-files/TASK CYCLE.pdf"
2026-05-26 16:15:17.618 DEBUG t.Upload_file_Without_Classification     - 3: waitForPageLoad(20)
2026-05-26 16:15:17.625 DEBUG t.Upload_file_Without_Classification     - 4: switchToDefaultContent()
2026-05-26 16:15:17.630 DEBUG t.Upload_file_Without_Classification     - 5: println("Looking for task: " + taskName)
Looking for task: TEST AUTOMATION
2026-05-26 16:15:17.631 DEBUG t.Upload_file_Without_Classification     - 6: task = new com.kms.katalon.core.testobject.TestObject()
2026-05-26 16:15:17.631 DEBUG t.Upload_file_Without_Classification     - 7: task.addProperty("xpath", EQUALS, "//p[contains(normalize-space(.),'" + taskName + "')]")
2026-05-26 16:15:17.632 DEBUG t.Upload_file_Without_Classification     - 8: taskExists = waitForElementPresent(task, 20, OPTIONAL)
2026-05-26 16:15:24.299 DEBUG t.Upload_file_Without_Classification     - 9: println("Task exists = " + taskExists)
Task exists = true
2026-05-26 16:15:24.300 DEBUG t.Upload_file_Without_Classification     - 10: if (!(taskExists))
2026-05-26 16:15:24.300 DEBUG t.Upload_file_Without_Classification     - 11: assert taskExists
2026-05-26 16:15:24.300 DEBUG t.Upload_file_Without_Classification     - 12: scrollToElement(task, 10)
2026-05-26 16:15:26.577 DEBUG t.Upload_file_Without_Classification     - 13: enhancedClick(task)
2026-05-26 16:15:26.840 ERROR c.k.k.c.w.k.b.EnhancedClickKeyword       - ❌ element not interactable: [object HTMLParagraphElement] has no size and location\n  (Session info: chrome=148.0.7778.179)\nBuild info: version: '4.39.0', revision: '126f156aee'\nSystem info: os.name: 'Windows 11', os.arch: 'amd64', os.version: '10.0', java.version: '21.0.9'\nDriver info: com.kms.katalon.selenium.driver.CChromeDriver\nCommand: [25e783f6c1a94f293162c3c8c1a27f9c, actions {actions=[org.openqa.selenium.interactions.Sequence@19266d52]}]\nCapabilities {acceptInsecureCerts: false, browserName: chrome, browserVersion: 148.0.7778.179, chrome: {chromedriverVersion: 148.0.7778.167 (65db666ac2c..., userDataDir: C:\Users\CROWN-~1\AppData\L...}, fedcm:accounts: true, goog:chromeOptions: {debuggerAddress: localhost:53910}, goog:processID: 23688, networkConnectionEnabled: false, pageLoadStrategy: normal, platformName: windows, proxy: Proxy(), se:cdp: ws://localhost:53910/devtoo..., se:cdpVersion: 148.0.7778.179, setWindowRect: true, strictFileInteractability: false, timeouts: {implicit: 0, pageLoad: 300000, script: 30000}, unhandledPromptBehavior: {alert: ignore, beforeUnload: ignore, confirm: ignore, default: ignore, file: ignore, prompt: ignore}, webSocketUrl: ws://localhost:28370/sessio..., webauthn:extension:credBlob: true, webauthn:extension:largeBlob: true, webauthn:extension:minPinLength: true, webauthn:extension:prf: true, webauthn:virtualAuthenticators: true}\nSession ID: 25e783f6c1a94f293162c3c8c1a27f9c
2026-05-26 16:15:37.197 DEBUG t.Upload_file_Without_Classification     - 14: waitForPageLoad(20)
2026-05-26 16:15:37.203 DEBUG t.Upload_file_Without_Classification     - 15: uploadBtn = findTestObject("Page_Work Order  View- Workforce Manager/Page_Work Order  View- Workforce Manager/a_dLabel")
2026-05-26 16:15:37.205 DEBUG t.Upload_file_Without_Classification     - 16: waitForElementClickable(uploadBtn, 20)
2026-05-26 16:15:37.493 DEBUG t.Upload_file_Without_Classification     - 17: enhancedClick(uploadBtn)
2026-05-26 16:15:37.786 DEBUG t.Upload_file_Without_Classification     - 18: println("Upload modal opened")
Upload modal opened
2026-05-26 16:15:37.786 DEBUG t.Upload_file_Without_Classification     - 19: assert Files.exists(Paths.get(uploadFile))
2026-05-26 16:15:37.787 DEBUG t.Upload_file_Without_Classification     - 20: println("Uploading -> " + uploadFile)
Uploading -> C:/Users/CROWN-STAFF/git/convergence-qa-tests/Include/test-files/TASK CYCLE.pdf
2026-05-26 16:15:37.787 DEBUG t.Upload_file_Without_Classification     - 21: fileInput = new com.kms.katalon.core.testobject.TestObject()
2026-05-26 16:15:37.787 DEBUG t.Upload_file_Without_Classification     - 22: fileInput.addProperty("xpath", EQUALS, "//*[@id='file_upload']")
2026-05-26 16:15:37.788 DEBUG t.Upload_file_Without_Classification     - 23: waitForElementPresent(fileInput, 20)
2026-05-26 16:15:38.047 DEBUG t.Upload_file_Without_Classification     - 24: executeJavaScript("\narguments[0].style.display='block';\narguments[0].style.visibility='visible';\narguments[0].removeAttribute('hidden');\narguments[0].removeAttribute('disabled');\n", [findWebElement(fileInput, 20)])
2026-05-26 16:15:38.307 DEBUG t.Upload_file_Without_Classification     - 25: uploadFile(fileInput, uploadFile)
2026-05-26 16:15:38.565 WARN  c.k.k.c.w.k.builtin.UploadFileKeyword    - Cannot clear the existing file path in the input element. Continue to upload file.
2026-05-26 16:15:38.590 DEBUG t.Upload_file_Without_Classification     - 26: println("File injected successfully")
File injected successfully
2026-05-26 16:15:38.591 DEBUG t.Upload_file_Without_Classification     - 27: delay(8)
2026-05-26 16:15:46.602 DEBUG t.Upload_file_Without_Classification     - 28: noButton = new com.kms.katalon.core.testobject.TestObject()
2026-05-26 16:15:46.602 DEBUG t.Upload_file_Without_Classification     - 29: noButton.addProperty("xpath", EQUALS, "//button[normalize-space()='No']")
2026-05-26 16:15:46.603 DEBUG t.Upload_file_Without_Classification     - 30: modalPresent = waitForElementPresent(noButton, 10, OPTIONAL)
2026-05-26 16:15:46.848 DEBUG t.Upload_file_Without_Classification     - 31: if (modalPresent)
2026-05-26 16:15:46.849 DEBUG t.Upload_file_Without_Classification     - 1: waitForElementClickable(noButton, 10)
2026-05-26 16:15:47.105 DEBUG t.Upload_file_Without_Classification     - 2: enhancedClick(noButton)
2026-05-26 16:15:47.429 DEBUG t.Upload_file_Without_Classification     - 3: println("Clicked NO")
Clicked NO
2026-05-26 16:15:47.430 DEBUG t.Upload_file_Without_Classification     - 32: println("Upload completed")
Upload completed
2026-05-26 16:15:47.433 INFO  c.k.katalon.core.main.TestCaseExecutor   - END CALL Test Cases/TaskActions/Uploads/Upload_file_Without_Classification
2026-05-26 16:15:47.433 INFO  c.k.katalon.core.main.TestCaseExecutor   - --------------------
2026-05-26 16:15:47.435 DEBUG testcase.TC_Prepare_Task                 - 7: callTestCase(findTestCase("TaskActions/Table_Actions/Esign"), [:], STOP_ON_FAILURE)
2026-05-26 16:15:47.506 INFO  c.k.katalon.core.main.TestCaseExecutor   - --------------------
2026-05-26 16:15:47.506 INFO  c.k.katalon.core.main.TestCaseExecutor   - CALL Test Cases/TaskActions/Table_Actions/Esign
2026-05-26 16:15:47.519 DEBUG testcase.Esign                           - 1: driver = getWebDriver()
2026-05-26 16:15:47.520 DEBUG testcase.Esign                           - 2: wait = new org.openqa.selenium.support.ui.WebDriverWait(driver, java.time.Duration.ofSeconds(30))
2026-05-26 16:15:47.523 DEBUG testcase.Esign                           - 3: println("===== START ESIGN =====")
===== START ESIGN =====
2026-05-26 16:15:47.524 DEBUG testcase.Esign                           - 4: waitForPageLoad(30)
2026-05-26 16:15:47.531 DEBUG testcase.Esign                           - 5: click(findTestObject("Page_Work Order  View- Workforce Manager/svg_svg"))
2026-05-26 16:15:57.552 WARN  c.k.k.c.w.keyword.builtin.ClickKeyword   - Waiting for element timed out
2026-05-26 16:15:58.819 ERROR c.k.k.core.keyword.internal.KeywordMain  - ❌ Unable to click on object 'Object Repository/Page_Work Order  View- Workforce Manager/svg_svg' (Root cause: com.kms.katalon.core.exception.StepFailedException: Unable to click on object 'Object Repository/Page_Work Order  View- Workforce Manager/svg_svg'\r\n\tat com.kms.katalon.core.webui.keyword.internal.WebUIKeywordMain.stepFailed(WebUIKeywordMain.groovy:177)\r\n\tat com.kms.katalon.core.webui.keyword.internal.WebUIKeywordMain.runKeyword(WebUIKeywordMain.groovy:49)\r\n\tat com.kms.katalon.core.webui.keyword.internal.WebUIKeywordMain.runKeywordUntilTimeout(WebUIKeywordMain.groovy:133)\r\n\tat com.kms.katalon.core.webui.keyword.builtin.ClickKeyword.click(ClickKeyword.groovy:72)\r\n\tat com.kms.katalon.core.webui.keyword.builtin.ClickKeyword.execute(ClickKeyword.groovy:38)\r\n\tat com.kms.katalon.core.keyword.internal.KeywordExecutor.executeKeywordForPlatform(KeywordExecutor.groovy:99)\r\n\tat com.kms.katalon.core.webui.keyword.WebUiBuiltInKeywords.click(WebUiBuiltInKeywords.groovy:722)\r\n\tat Esign.run(Esign:25)\r\n\tat com.kms.katalon.core.main.ScriptEngine.run(ScriptEngine.java:203)\r\n\tat com.kms.katalon.core.main.ScriptEngine.runScriptAsRawText(ScriptEngine.java:115)\r\n\tat com.kms.katalon.core.main.TestCaseExecutor.runScript(TestCaseExecutor.java:504)\r\n\tat com.kms.katalon.core.main.TestCaseExecutor.doExecute(TestCaseExecutor.java:495)\r\n\tat com.kms.katalon.core.main.TestCaseExecutor.processExecutionPhase(TestCaseExecutor.java:474)\r\n\tat com.kms.katalon.core.main.TestCaseExecutor.accessMainPhase(TestCaseExecutor.java:466)\r\n\tat com.kms.katalon.core.main.TestCaseExecutor.execute(TestCaseExecutor.java:336)\r\n\tat com.kms.katalon.core.main.TestCaseMain.runTestCase(TestCaseMain.java:152)\r\n\tat com.kms.katalon.core.keyword.builtin.CallTestCaseKeyword$_callTestCase_closure1.doCall(CallTestCaseKeyword.groovy:59)\r\n\tat com.kms.katalon.core.keyword.builtin.CallTestCaseKeyword$_callTestCase_closure1.call(CallTestCaseKeyword.groovy)\r\n\tat com.kms.katalon.core.keyword.internal.KeywordMain.runKeyword(KeywordMain.groovy:75)\r\n\tat com.kms.katalon.core.keyword.builtin.CallTestCaseKeyword.callTestCase(CallTestCaseKeyword.groovy:81)\r\n\tat com.kms.katalon.core.keyword.builtin.CallTestCaseKeyword.execute(CallTestCaseKeyword.groovy:44)\r\n\tat com.kms.katalon.core.keyword.internal.KeywordExecutor.executeKeywordForPlatform(KeywordExecutor.groovy:99)\r\n\tat com.kms.katalon.core.keyword.BuiltinKeywords.callTestCase(BuiltinKeywords.groovy:294)\r\n\tat java.base/jdk.internal.reflect.DirectMethodHandleAccessor.invoke(DirectMethodHandleAccessor.java:103)\r\n\tat TC_Prepare_Task.run(TC_Prepare_Task:32)\r\n\tat com.kms.katalon.core.main.ScriptEngine.run(ScriptEngine.java:203)\r\n\tat com.kms.katalon.core.main.ScriptEngine.runScriptAsRawText(ScriptEngine.java:115)\r\n\tat com.kms.katalon.core.main.TestCaseExecutor.runScript(TestCaseExecutor.java:504)\r\n\tat com.kms.katalon.core.main.TestCaseExecutor.doExecute(TestCaseExecutor.java:495)\r\n\tat com.kms.katalon.core.main.TestCaseExecutor.processExecutionPhase(TestCaseExecutor.java:474)\r\n\tat com.kms.katalon.core.main.TestCaseExecutor.accessMainPhase(TestCaseExecutor.java:466)\r\n\tat com.kms.katalon.core.main.TestCaseExecutor.execute(TestCaseExecutor.java:336)\r\n\tat com.kms.katalon.core.main.TestCaseExecutor.execute(TestCaseExecutor.java:424)\r\n\tat com.kms.katalon.core.common.CommonExecutor.accessTestCaseMainPhase(CommonExecutor.java:71)\r\n\tat com.kms.katalon.core.main.TestSuiteExecutor.accessTestSuiteMainPhase(TestSuiteExecutor.java:153)\r\n\tat com.kms.katalon.core.main.TestSuiteExecutor.execute(TestSuiteExecutor.java:110)\r\n\tat com.kms.katalon.core.main.TestCaseMain.startTestSuite(TestCaseMain.java:206)\r\n\tat S0526_48.run(S0526_48.groovy:40)\r\n\tat java.base/jdk.internal.reflect.DirectMethodHandleAccessor.invoke(DirectMethodHandleAccessor.java:103)\r\nCaused by: org.openqa.selenium.ElementClickInterceptedException: element click intercepted: Element <svg style="position: relative; top: 5px;" width="17" height="17" viewBox="0 0 17 17" fill="none" xmlns="http://www.w3.org/2000/svg">...</svg> is not clickable at point (1345, 862). Other element would receive the click: <div id="documentClassification" class="modalBackDrop" style="display: block;">...</div>\n  (Session info: chrome=148.0.7778.179)\nBuild info: version: '4.39.0', revision: '126f156aee'\nSystem info: os.name: 'Windows 11', os.arch: 'amd64', os.version: '10.0', java.version: '21.0.9'\nDriver info: com.kms.katalon.selenium.driver.CChromeDriver\nCommand: [25e783f6c1a94f293162c3c8c1a27f9c, clickElement {id=f.45A583C1D55788CA5ADA644FCBAC7B6A.d.5E97DC3D3B4D6723BAF3CE82380A4570.e.64990}]\nCapabilities {acceptInsecureCerts: false, browserName: chrome, browserVersion: 148.0.7778.179, chrome: {chromedriverVersion: 148.0.7778.167 (65db666ac2c..., userDataDir: C:\Users\CROWN-~1\AppData\L...}, fedcm:accounts: true, goog:chromeOptions: {debuggerAddress: localhost:53910}, goog:processID: 23688, networkConnectionEnabled: false, pageLoadStrategy: normal, platformName: windows, proxy: Proxy(), se:cdp: ws://localhost:53910/devtoo..., se:cdpVersion: 148.0.7778.179, setWindowRect: true, strictFileInteractability: false, timeouts: {implicit: 0, pageLoad: 300000, script: 30000}, unhandledPromptBehavior: {alert: ignore, beforeUnload: ignore, confirm: ignore, default: ignore, file: ignore, prompt: ignore}, webSocketUrl: ws://localhost:28370/sessio..., webauthn:extension:credBlob: true, webauthn:extension:largeBlob: true, webauthn:extension:minPinLength: true, webauthn:extension:prf: true, webauthn:virtualAuthenticators: true}\nElement: [[CChromeDriver: chrome on windows (25e783f6c1a94f293162c3c8c1a27f9c)] -> xpath: //*[(name() = 'tr') and (position() = 1)]//*[(name() = 'span') and (position() = 3)]//*[@fill = 'none']]\nSession ID: 25e783f6c1a94f293162c3c8c1a27f9c\r\n\tat java.base/jdk.internal.reflect.DirectConstructorHandleAccessor.newInstance(DirectConstructorHandleAccessor.java:62)\r\n\tat org.openqa.selenium.remote.ErrorCodec.decode(ErrorCodec.java:167)\r\n\tat org.openqa.selenium.remote.codec.w3c.W3CHttpResponseCodec.decode(W3CHttpResponseCodec.java:142)\r\n\tat org.openqa.selenium.remote.codec.w3c.W3CHttpResponseCodec.decode(W3CHttpResponseCodec.java:49)\r\n\tat org.openqa.selenium.remote.HttpCommandExecutor.execute(HttpCommandExecutor.java:215)\r\n\tat org.openqa.selenium.remote.service.DriverCommandExecutor.invokeExecute(DriverCommandExecutor.java:216)\r\n\tat org.openqa.selenium.remote.service.DriverCommandExecutor.execute(DriverCommandExecutor.java:174)\r\n\tat org.openqa.selenium.remote.RemoteWebDriver.execute(RemoteWebDriver.java:561)\r\n\tat org.openqa.selenium.remote.RemoteWebElement.execute(RemoteWebElement.java:223)\r\n\tat org.openqa.selenium.remote.RemoteWebElement.click(RemoteWebElement.java:76)\r\n\tat java.base/jdk.internal.reflect.DirectMethodHandleAccessor.invoke(DirectMethodHandleAccessor.java:103)\r\n\tat org.openqa.selenium.support.decorators.WebDriverDecorator.call(WebDriverDecorator.java:326)\r\n\tat org.openqa.selenium.support.decorators.DefaultDecorated.call(DefaultDecorated.java:48)\r\n\tat org.openqa.selenium.support.decorators.WebDriverDecorator.lambda$createProxyFactory$3(WebDriverDecorator.java:416)\r\n\tat net.bytebuddy.renamed.java.lang.Object$ByteBuddy$zFYpquH5.click(Unknown Source)\r\n\tat com.kms.katalon.core.webui.keyword.builtin.ClickKeyword$_click_closure1.doCall(ClickKeyword.groovy:63)\r\n\tat java.base/jdk.internal.reflect.DirectMethodHandleAccessor.invoke(DirectMethodHandleAccessor.java:103)\r\n\tat jdk.proxy2/jdk.proxy2.$Proxy56.execute(Unknown Source)\r\n\tat com.kms.katalon.core.webui.model.SeleniumActionRetryController.performAction(SeleniumActionRetryController.java:96)\r\n\tat com.kms.katalon.core.webui.model.SeleniumActionRetryController.performAction(SeleniumActionRetryController.java:83)\r\n\tat com.kms.katalon.core.webui.keyword.internal.WebUIKeywordMain$_runKeywordUntilTimeout_closure1.doCall(WebUIKeywordMain.groovy:135)\r\n\tat com.kms.katalon.core.webui.keyword.internal.WebUIKeywordMain$_runKeywordUntilTimeout_closure1.call(WebUIKeywordMain.groovy)\r\n\tat com.kms.katalon.core.webui.keyword.internal.WebUIKeywordMain.runKeyword(WebUIKeywordMain.groovy:41)\r\n\tat com.kms.katalon.core.webui.keyword.internal.WebUIKeywordMain.runKeywordUntilTimeout(WebUIKeywordMain.groovy:133)\r\n\tat com.kms.katalon.core.webui.keyword.builtin.ClickKeyword.click(ClickKeyword.groovy:72)\r\n\tat com.kms.katalon.core.webui.keyword.builtin.ClickKeyword.execute(ClickKeyword.groovy:38)\r\n\tat com.kms.katalon.core.keyword.internal.KeywordExecutor.executeKeywordForPlatform(KeywordExecutor.groovy:99)\r\n\tat com.kms.katalon.core.webui.keyword.WebUiBuiltInKeywords.click(WebUiBuiltInKeywords.groovy:722)\r\n\tat Script1779706958324.run(Script1779706958324.groovy:25)\r\n\tat com.kms.katalon.core.main.ScriptEngine.run(ScriptEngine.java:203)\r\n\tat com.kms.katalon.core.main.ScriptEngine.runScriptAsRawText(ScriptEngine.java:115)\r\n\tat com.kms.katalon.core.main.TestCaseExecutor.runScript(TestCaseExecutor.java:504)\r\n\tat com.kms.katalon.core.main.TestCaseExecutor.doExecute(TestCaseExecutor.java:495)\r\n\tat com.kms.katalon.core.main.TestCaseExecutor.processExecutionPhase(TestCaseExecutor.java:474)\r\n\tat com.kms.katalon.core.main.TestCaseExecutor.accessMainPhase(TestCaseExecutor.java:466)\r\n\tat com.kms.katalon.core.main.TestCaseExecutor.execute(TestCaseExecutor.java:336)\r\n\tat com.kms.katalon.core.main.TestCaseMain.runTestCase(TestCaseMain.java:152)\r\n\tat com.kms.katalon.core.keyword.builtin.CallTestCaseKeyword$_callTestCase_closure1.doCall(CallTestCaseKeyword.groovy:59)\r\n\tat com.kms.katalon.core.keyword.builtin.CallTestCaseKeyword$_callTestCase_closure1.call(CallTestCaseKeyword.groovy)\r\n\tat com.kms.katalon.core.keyword.internal.KeywordMain.runKeyword(KeywordMain.groovy:75)\r\n\tat com.kms.katalon.core.keyword.builtin.CallTestCaseKeyword.callTestCase(CallTestCaseKeyword.groovy:81)\r\n\tat com.kms.katalon.core.keyword.builtin.CallTestCaseKeyword.execute(CallTestCaseKeyword.groovy:44)\r\n\tat com.kms.katalon.core.keyword.internal.KeywordExecutor.executeKeywordForPlatform(KeywordExecutor.groovy:99)\r\n\tat com.kms.katalon.core.keyword.BuiltinKeywords.callTestCase(BuiltinKeywords.groovy:294)\r\n\tat java.base/jdk.internal.reflect.DirectMethodHandleAccessor.invoke(DirectMethodHandleAccessor.java:103)\r\n\tat Script1779525823646.run(Script1779525823646.groovy:32)\r\n\t... 14 more\r\n)
2026-05-26 16:15:58.837 ERROR c.k.katalon.core.main.TestCaseExecutor   - ❌ Test Cases/TaskActions/Table_Actions/Esign FAILED.\nReason:\ncom.kms.katalon.core.exception.StepFailedException: Unable to click on object 'Object Repository/Page_Work Order  View- Workforce Manager/svg_svg'\r\n\tat com.kms.katalon.core.webui.keyword.internal.WebUIKeywordMain.stepFailed(WebUIKeywordMain.groovy:177)\r\n\tat com.kms.katalon.core.webui.keyword.internal.WebUIKeywordMain.runKeyword(WebUIKeywordMain.groovy:49)\r\n\tat com.kms.katalon.core.webui.keyword.internal.WebUIKeywordMain.runKeywordUntilTimeout(WebUIKeywordMain.groovy:133)\r\n\tat com.kms.katalon.core.webui.keyword.builtin.ClickKeyword.click(ClickKeyword.groovy:72)\r\n\tat com.kms.katalon.core.webui.keyword.builtin.ClickKeyword.execute(ClickKeyword.groovy:38)\r\n\tat com.kms.katalon.core.keyword.internal.KeywordExecutor.executeKeywordForPlatform(KeywordExecutor.groovy:99)\r\n\tat com.kms.katalon.core.webui.keyword.WebUiBuiltInKeywords.click(WebUiBuiltInKeywords.groovy:722)\r\n\tat Esign.run(Esign:25)\r\n\tat com.kms.katalon.core.main.ScriptEngine.run(ScriptEngine.java:203)\r\n\tat com.kms.katalon.core.main.ScriptEngine.runScriptAsRawText(ScriptEngine.java:115)\r\n\tat com.kms.katalon.core.main.TestCaseExecutor.runScript(TestCaseExecutor.java:504)\r\n\tat com.kms.katalon.core.main.TestCaseExecutor.doExecute(TestCaseExecutor.java:495)\r\n\tat com.kms.katalon.core.main.TestCaseExecutor.processExecutionPhase(TestCaseExecutor.java:474)\r\n\tat com.kms.katalon.core.main.TestCaseExecutor.accessMainPhase(TestCaseExecutor.java:466)\r\n\tat com.kms.katalon.core.main.TestCaseExecutor.execute(TestCaseExecutor.java:336)\r\n\tat com.kms.katalon.core.main.TestCaseMain.runTestCase(TestCaseMain.java:152)\r\n\tat com.kms.katalon.core.keyword.builtin.CallTestCaseKeyword$_callTestCase_closure1.doCall(CallTestCaseKeyword.groovy:59)\r\n\tat com.kms.katalon.core.keyword.builtin.CallTestCaseKeyword$_callTestCase_closure1.call(CallTestCaseKeyword.groovy)\r\n\tat com.kms.katalon.core.keyword.internal.KeywordMain.runKeyword(KeywordMain.groovy:75)\r\n\tat com.kms.katalon.core.keyword.builtin.CallTestCaseKeyword.callTestCase(CallTestCaseKeyword.groovy:81)\r\n\tat com.kms.katalon.core.keyword.builtin.CallTestCaseKeyword.execute(CallTestCaseKeyword.groovy:44)\r\n\tat com.kms.katalon.core.keyword.internal.KeywordExecutor.executeKeywordForPlatform(KeywordExecutor.groovy:99)\r\n\tat com.kms.katalon.core.keyword.BuiltinKeywords.callTestCase(BuiltinKeywords.groovy:294)\r\n\tat java.base/jdk.internal.reflect.DirectMethodHandleAccessor.invoke(DirectMethodHandleAccessor.java:103)\r\n\tat TC_Prepare_Task.run(TC_Prepare_Task:32)\r\n\tat com.kms.katalon.core.main.ScriptEngine.run(ScriptEngine.java:203)\r\n\tat com.kms.katalon.core.main.ScriptEngine.runScriptAsRawText(ScriptEngine.java:115)\r\n\tat com.kms.katalon.core.main.TestCaseExecutor.runScript(TestCaseExecutor.java:504)\r\n\tat com.kms.katalon.core.main.TestCaseExecutor.doExecute(TestCaseExecutor.java:495)\r\n\tat com.kms.katalon.core.main.TestCaseExecutor.processExecutionPhase(TestCaseExecutor.java:474)\r\n\tat com.kms.katalon.core.main.TestCaseExecutor.accessMainPhase(TestCaseExecutor.java:466)\r\n\tat com.kms.katalon.core.main.TestCaseExecutor.execute(TestCaseExecutor.java:336)\r\n\tat com.kms.katalon.core.main.TestCaseExecutor.execute(TestCaseExecutor.java:424)\r\n\tat com.kms.katalon.core.common.CommonExecutor.accessTestCaseMainPhase(CommonExecutor.java:71)\r\n\tat com.kms.katalon.core.main.TestSuiteExecutor.accessTestSuiteMainPhase(TestSuiteExecutor.java:153)\r\n\tat com.kms.katalon.core.main.TestSuiteExecutor.execute(TestSuiteExecutor.java:110)\r\n\tat com.kms.katalon.core.main.TestCaseMain.startTestSuite(TestCaseMain.java:206)\r\n\tat S0526_48.run(S0526_48.groovy:40)\r\n\tat java.base/jdk.internal.reflect.DirectMethodHandleAccessor.invoke(DirectMethodHandleAccessor.java:103)\r\nCaused by: org.openqa.selenium.ElementClickInterceptedException: element click intercepted: Element <svg style="position: relative; top: 5px;" width="17" height="17" viewBox="0 0 17 17" fill="none" xmlns="http://www.w3.org/2000/svg">...</svg> is not clickable at point (1345, 862). Other element would receive the click: <div id="documentClassification" class="modalBackDrop" style="display: block;">...</div>\n  (Session info: chrome=148.0.7778.179)\nBuild info: version: '4.39.0', revision: '126f156aee'\nSystem info: os.name: 'Windows 11', os.arch: 'amd64', os.version: '10.0', java.version: '21.0.9'\nDriver info: com.kms.katalon.selenium.driver.CChromeDriver\nCommand: [25e783f6c1a94f293162c3c8c1a27f9c, clickElement {id=f.45A583C1D55788CA5ADA644FCBAC7B6A.d.5E97DC3D3B4D6723BAF3CE82380A4570.e.64990}]\nCapabilities {acceptInsecureCerts: false, browserName: chrome, browserVersion: 148.0.7778.179, chrome: {chromedriverVersion: 148.0.7778.167 (65db666ac2c..., userDataDir: C:\Users\CROWN-~1\AppData\L...}, fedcm:accounts: true, goog:chromeOptions: {debuggerAddress: localhost:53910}, goog:processID: 23688, networkConnectionEnabled: false, pageLoadStrategy: normal, platformName: windows, proxy: Proxy(), se:cdp: ws://localhost:53910/devtoo..., se:cdpVersion: 148.0.7778.179, setWindowRect: true, strictFileInteractability: false, timeouts: {implicit: 0, pageLoad: 300000, script: 30000}, unhandledPromptBehavior: {alert: ignore, beforeUnload: ignore, confirm: ignore, default: ignore, file: ignore, prompt: ignore}, webSocketUrl: ws://localhost:28370/sessio..., webauthn:extension:credBlob: true, webauthn:extension:largeBlob: true, webauthn:extension:minPinLength: true, webauthn:extension:prf: true, webauthn:virtualAuthenticators: true}\nElement: [[CChromeDriver: chrome on windows (25e783f6c1a94f293162c3c8c1a27f9c)] -> xpath: //*[(name() = 'tr') and (position() = 1)]//*[(name() = 'span') and (position() = 3)]//*[@fill = 'none']]\nSession ID: 25e783f6c1a94f293162c3c8c1a27f9c\r\n\tat java.base/jdk.internal.reflect.DirectConstructorHandleAccessor.newInstance(DirectConstructorHandleAccessor.java:62)\r\n\tat org.openqa.selenium.remote.ErrorCodec.decode(ErrorCodec.java:167)\r\n\tat org.openqa.selenium.remote.codec.w3c.W3CHttpResponseCodec.decode(W3CHttpResponseCodec.java:142)\r\n\tat org.openqa.selenium.remote.codec.w3c.W3CHttpResponseCodec.decode(W3CHttpResponseCodec.java:49)\r\n\tat org.openqa.selenium.remote.HttpCommandExecutor.execute(HttpCommandExecutor.java:215)\r\n\tat org.openqa.selenium.remote.service.DriverCommandExecutor.invokeExecute(DriverCommandExecutor.java:216)\r\n\tat org.openqa.selenium.remote.service.DriverCommandExecutor.execute(DriverCommandExecutor.java:174)\r\n\tat org.openqa.selenium.remote.RemoteWebDriver.execute(RemoteWebDriver.java:561)\r\n\tat org.openqa.selenium.remote.RemoteWebElement.execute(RemoteWebElement.java:223)\r\n\tat org.openqa.selenium.remote.RemoteWebElement.click(RemoteWebElement.java:76)\r\n\tat java.base/jdk.internal.reflect.DirectMethodHandleAccessor.invoke(DirectMethodHandleAccessor.java:103)\r\n\tat org.openqa.selenium.support.decorators.WebDriverDecorator.call(WebDriverDecorator.java:326)\r\n\tat org.openqa.selenium.support.decorators.DefaultDecorated.call(DefaultDecorated.java:48)\r\n\tat org.openqa.selenium.support.decorators.WebDriverDecorator.lambda$createProxyFactory$3(WebDriverDecorator.java:416)\r\n\tat net.bytebuddy.renamed.java.lang.Object$ByteBuddy$zFYpquH5.click(Unknown Source)\r\n\tat com.kms.katalon.core.webui.keyword.builtin.ClickKeyword$_click_closure1.doCall(ClickKeyword.groovy:63)\r\n\tat java.base/jdk.internal.reflect.DirectMethodHandleAccessor.invoke(DirectMethodHandleAccessor.java:103)\r\n\tat jdk.proxy2/jdk.proxy2.$Proxy56.execute(Unknown Source)\r\n\tat com.kms.katalon.core.webui.model.SeleniumActionRetryController.performAction(SeleniumActionRetryController.java:96)\r\n\tat com.kms.katalon.core.webui.model.SeleniumActionRetryController.performAction(SeleniumActionRetryController.java:83)\r\n\tat com.kms.katalon.core.webui.keyword.internal.WebUIKeywordMain$_runKeywordUntilTimeout_closure1.doCall(WebUIKeywordMain.groovy:135)\r\n\tat com.kms.katalon.core.webui.keyword.internal.WebUIKeywordMain$_runKeywordUntilTimeout_closure1.call(WebUIKeywordMain.groovy)\r\n\tat com.kms.katalon.core.webui.keyword.internal.WebUIKeywordMain.runKeyword(WebUIKeywordMain.groovy:41)\r\n\t... 37 more\r\n
2026-05-26 16:15:58.841 INFO  c.k.katalon.core.main.TestCaseExecutor   - END CALL Test Cases/TaskActions/Table_Actions/Esign
2026-05-26 16:15:58.841 INFO  c.k.katalon.core.main.TestCaseExecutor   - --------------------
2026-05-26 16:15:58.843 ERROR c.k.k.core.keyword.internal.KeywordMain  - ❌ Unable to call Test Case 'Test Cases/TaskActions/Table_Actions/Esign' (Root cause: com.kms.katalon.core.exception.StepFailedException: Call Test Case 'Test Cases/TaskActions/Table_Actions/Esign' failed\r\n\tat com.kms.katalon.core.keyword.builtin.CallTestCaseKeyword$_callTestCase_closure1.doCall(CallTestCaseKeyword.groovy:63)\r\n\tat com.kms.katalon.core.keyword.builtin.CallTestCaseKeyword$_callTestCase_closure1.call(CallTestCaseKeyword.groovy)\r\n\tat com.kms.katalon.core.keyword.internal.KeywordMain.runKeyword(KeywordMain.groovy:75)\r\n\tat com.kms.katalon.core.keyword.builtin.CallTestCaseKeyword.callTestCase(CallTestCaseKeyword.groovy:81)\r\n\tat com.kms.katalon.core.keyword.builtin.CallTestCaseKeyword.execute(CallTestCaseKeyword.groovy:44)\r\n\tat com.kms.katalon.core.keyword.internal.KeywordExecutor.executeKeywordForPlatform(KeywordExecutor.groovy:99)\r\n\tat com.kms.katalon.core.keyword.BuiltinKeywords.callTestCase(BuiltinKeywords.groovy:294)\r\n\tat java.base/jdk.internal.reflect.DirectMethodHandleAccessor.invoke(DirectMethodHandleAccessor.java:103)\r\n\tat TC_Prepare_Task.run(TC_Prepare_Task:32)\r\n\tat com.kms.katalon.core.main.ScriptEngine.run(ScriptEngine.java:203)\r\n\tat com.kms.katalon.core.main.ScriptEngine.runScriptAsRawText(ScriptEngine.java:115)\r\n\tat com.kms.katalon.core.main.TestCaseExecutor.runScript(TestCaseExecutor.java:504)\r\n\tat com.kms.katalon.core.main.TestCaseExecutor.doExecute(TestCaseExecutor.java:495)\r\n\tat com.kms.katalon.core.main.TestCaseExecutor.processExecutionPhase(TestCaseExecutor.java:474)\r\n\tat com.kms.katalon.core.main.TestCaseExecutor.accessMainPhase(TestCaseExecutor.java:466)\r\n\tat com.kms.katalon.core.main.TestCaseExecutor.execute(TestCaseExecutor.java:336)\r\n\tat com.kms.katalon.core.main.TestCaseExecutor.execute(TestCaseExecutor.java:424)\r\n\tat com.kms.katalon.core.common.CommonExecutor.accessTestCaseMainPhase(CommonExecutor.java:71)\r\n\tat com.kms.katalon.core.main.TestSuiteExecutor.accessTestSuiteMainPhase(TestSuiteExecutor.java:153)\r\n\tat com.kms.katalon.core.main.TestSuiteExecutor.execute(TestSuiteExecutor.java:110)\r\n\tat com.kms.katalon.core.main.TestCaseMain.startTestSuite(TestCaseMain.java:206)\r\n\tat S0526_48.run(S0526_48.groovy:40)\r\n\tat java.base/jdk.internal.reflect.DirectMethodHandleAccessor.invoke(DirectMethodHandleAccessor.java:103)\r\nCaused by: com.kms.katalon.core.exception.StepFailedException: Unable to click on object 'Object Repository/Page_Work Order  View- Workforce Manager/svg_svg'\r\n\tat com.kms.katalon.core.webui.keyword.internal.WebUIKeywordMain.stepFailed(WebUIKeywordMain.groovy:177)\r\n\tat com.kms.katalon.core.webui.keyword.internal.WebUIKeywordMain.runKeyword(WebUIKeywordMain.groovy:49)\r\n\tat com.kms.katalon.core.webui.keyword.internal.WebUIKeywordMain.runKeywordUntilTimeout(WebUIKeywordMain.groovy:133)\r\n\tat com.kms.katalon.core.webui.keyword.builtin.ClickKeyword.click(ClickKeyword.groovy:72)\r\n\tat com.kms.katalon.core.webui.keyword.builtin.ClickKeyword.execute(ClickKeyword.groovy:38)\r\n\tat com.kms.katalon.core.keyword.internal.KeywordExecutor.executeKeywordForPlatform(KeywordExecutor.groovy:99)\r\n\tat com.kms.katalon.core.webui.keyword.WebUiBuiltInKeywords.click(WebUiBuiltInKeywords.groovy:722)\r\n\tat Esign.run(Esign:25)\r\n\tat com.kms.katalon.core.main.ScriptEngine.run(ScriptEngine.java:203)\r\n\tat com.kms.katalon.core.main.ScriptEngine.runScriptAsRawText(ScriptEngine.java:115)\r\n\tat com.kms.katalon.core.main.TestCaseExecutor.runScript(TestCaseExecutor.java:504)\r\n\tat com.kms.katalon.core.main.TestCaseExecutor.doExecute(TestCaseExecutor.java:495)\r\n\tat com.kms.katalon.core.main.TestCaseExecutor.processExecutionPhase(TestCaseExecutor.java:474)\r\n\tat com.kms.katalon.core.main.TestCaseExecutor.accessMainPhase(TestCaseExecutor.java:466)\r\n\tat com.kms.katalon.core.main.TestCaseExecutor.execute(TestCaseExecutor.java:336)\r\n\tat com.kms.katalon.core.main.TestCaseMain.runTestCase(TestCaseMain.java:152)\r\n\tat com.kms.katalon.core.keyword.builtin.CallTestCaseKeyword$_callTestCase_closure1.doCall(CallTestCaseKeyword.groovy:59)\r\n\t... 22 more\r\nCaused by: org.openqa.selenium.ElementClickInterceptedException: element click intercepted: Element <svg style="position: relative; top: 5px;" width="17" height="17" viewBox="0 0 17 17" fill="none" xmlns="http://www.w3.org/2000/svg">...</svg> is not clickable at point (1345, 862). Other element would receive the click: <div id="documentClassification" class="modalBackDrop" style="display: block;">...</div>\n  (Session info: chrome=148.0.7778.179)\nBuild info: version: '4.39.0', revision: '126f156aee'\nSystem info: os.name: 'Windows 11', os.arch: 'amd64', os.version: '10.0', java.version: '21.0.9'\nDriver info: com.kms.katalon.selenium.driver.CChromeDriver\nCommand: [25e783f6c1a94f293162c3c8c1a27f9c, clickElement {id=f.45A583C1D55788CA5ADA644FCBAC7B6A.d.5E97DC3D3B4D6723BAF3CE82380A4570.e.64990}]\nCapabilities {acceptInsecureCerts: false, browserName: chrome, browserVersion: 148.0.7778.179, chrome: {chromedriverVersion: 148.0.7778.167 (65db666ac2c..., userDataDir: C:\Users\CROWN-~1\AppData\L...}, fedcm:accounts: true, goog:chromeOptions: {debuggerAddress: localhost:53910}, goog:processID: 23688, networkConnectionEnabled: false, pageLoadStrategy: normal, platformName: windows, proxy: Proxy(), se:cdp: ws://localhost:53910/devtoo..., se:cdpVersion: 148.0.7778.179, setWindowRect: true, strictFileInteractability: false, timeouts: {implicit: 0, pageLoad: 300000, script: 30000}, unhandledPromptBehavior: {alert: ignore, beforeUnload: ignore, confirm: ignore, default: ignore, file: ignore, prompt: ignore}, webSocketUrl: ws://localhost:28370/sessio..., webauthn:extension:credBlob: true, webauthn:extension:largeBlob: true, webauthn:extension:minPinLength: true, webauthn:extension:prf: true, webauthn:virtualAuthenticators: true}\nElement: [[CChromeDriver: chrome on windows (25e783f6c1a94f293162c3c8c1a27f9c)] -> xpath: //*[(name() = 'tr') and (position() = 1)]//*[(name() = 'span') and (position() = 3)]//*[@fill = 'none']]\nSession ID: 25e783f6c1a94f293162c3c8c1a27f9c\r\n\tat java.base/jdk.internal.reflect.DirectConstructorHandleAccessor.newInstance(DirectConstructorHandleAccessor.java:62)\r\n\tat org.openqa.selenium.remote.ErrorCodec.decode(ErrorCodec.java:167)\r\n\tat org.openqa.selenium.remote.codec.w3c.W3CHttpResponseCodec.decode(W3CHttpResponseCodec.java:142)\r\n\tat org.openqa.selenium.remote.codec.w3c.W3CHttpResponseCodec.decode(W3CHttpResponseCodec.java:49)\r\n\tat org.openqa.selenium.remote.HttpCommandExecutor.execute(HttpCommandExecutor.java:215)\r\n\tat org.openqa.selenium.remote.service.DriverCommandExecutor.invokeExecute(DriverCommandExecutor.java:216)\r\n\tat org.openqa.selenium.remote.service.DriverCommandExecutor.execute(DriverCommandExecutor.java:174)\r\n\tat org.openqa.selenium.remote.RemoteWebDriver.execute(RemoteWebDriver.java:561)\r\n\tat org.openqa.selenium.remote.RemoteWebElement.execute(RemoteWebElement.java:223)\r\n\tat org.openqa.selenium.remote.RemoteWebElement.click(RemoteWebElement.java:76)\r\n\tat java.base/jdk.internal.reflect.DirectMethodHandleAccessor.invoke(DirectMethodHandleAccessor.java:103)\r\n\tat org.openqa.selenium.support.decorators.WebDriverDecorator.call(WebDriverDecorator.java:326)\r\n\tat org.openqa.selenium.support.decorators.DefaultDecorated.call(DefaultDecorated.java:48)\r\n\tat org.openqa.selenium.support.decorators.WebDriverDecorator.lambda$createProxyFactory$3(WebDriverDecorator.java:416)\r\n\tat net.bytebuddy.renamed.java.lang.Object$ByteBuddy$zFYpquH5.click(Unknown Source)\r\n\tat com.kms.katalon.core.webui.keyword.builtin.ClickKeyword$_click_closure1.doCall(ClickKeyword.groovy:63)\r\n\tat java.base/jdk.internal.reflect.DirectMethodHandleAccessor.invoke(DirectMethodHandleAccessor.java:103)\r\n\tat jdk.proxy2/jdk.proxy2.$Proxy56.execute(Unknown Source)\r\n\tat com.kms.katalon.core.webui.model.SeleniumActionRetryController.performAction(SeleniumActionRetryController.java:96)\r\n\tat com.kms.katalon.core.webui.model.SeleniumActionRetryController.performAction(SeleniumActionRetryController.java:83)\r\n\tat com.kms.katalon.core.webui.keyword.internal.WebUIKeywordMain$_runKeywordUntilTimeout_closure1.doCall(WebUIKeywordMain.groovy:135)\r\n\tat com.kms.katalon.core.webui.keyword.internal.WebUIKeywordMain$_runKeywordUntilTimeout_closure1.call(WebUIKeywordMain.groovy)\r\n\tat com.kms.katalon.core.webui.keyword.internal.WebUIKeywordMain.runKeyword(WebUIKeywordMain.groovy:41)\r\n\t... 37 more\r\n)
2026-05-26 16:15:58.848 ERROR c.k.katalon.core.main.TestCaseExecutor   - ❌ Test Cases/Setup/TC_Prepare_Task FAILED.\nReason:\ncom.kms.katalon.core.exception.StepFailedException: Call Test Case 'Test Cases/TaskActions/Table_Actions/Esign' failed\r\n\tat com.kms.katalon.core.keyword.builtin.CallTestCaseKeyword$_callTestCase_closure1.doCall(CallTestCaseKeyword.groovy:63)\r\n\tat com.kms.katalon.core.keyword.builtin.CallTestCaseKeyword$_callTestCase_closure1.call(CallTestCaseKeyword.groovy)\r\n\tat com.kms.katalon.core.keyword.internal.KeywordMain.runKeyword(KeywordMain.groovy:75)\r\n\tat com.kms.katalon.core.keyword.builtin.CallTestCaseKeyword.callTestCase(CallTestCaseKeyword.groovy:81)\r\n\tat com.kms.katalon.core.keyword.builtin.CallTestCaseKeyword.execute(CallTestCaseKeyword.groovy:44)\r\n\tat com.kms.katalon.core.keyword.internal.KeywordExecutor.executeKeywordForPlatform(KeywordExecutor.groovy:99)\r\n\tat com.kms.katalon.core.keyword.BuiltinKeywords.callTestCase(BuiltinKeywords.groovy:294)\r\n\tat java.base/jdk.internal.reflect.DirectMethodHandleAccessor.invoke(DirectMethodHandleAccessor.java:103)\r\n\tat TC_Prepare_Task.run(TC_Prepare_Task:32)\r\n\tat com.kms.katalon.core.main.ScriptEngine.run(ScriptEngine.java:203)\r\n\tat com.kms.katalon.core.main.ScriptEngine.runScriptAsRawText(ScriptEngine.java:115)\r\n\tat com.kms.katalon.core.main.TestCaseExecutor.runScript(TestCaseExecutor.java:504)\r\n\tat com.kms.katalon.core.main.TestCaseExecutor.doExecute(TestCaseExecutor.java:495)\r\n\tat com.kms.katalon.core.main.TestCaseExecutor.processExecutionPhase(TestCaseExecutor.java:474)\r\n\tat com.kms.katalon.core.main.TestCaseExecutor.accessMainPhase(TestCaseExecutor.java:466)\r\n\tat com.kms.katalon.core.main.TestCaseExecutor.execute(TestCaseExecutor.java:336)\r\n\tat com.kms.katalon.core.main.TestCaseExecutor.execute(TestCaseExecutor.java:424)\r\n\tat com.kms.katalon.core.common.CommonExecutor.accessTestCaseMainPhase(CommonExecutor.java:71)\r\n\tat com.kms.katalon.core.main.TestSuiteExecutor.accessTestSuiteMainPhase(TestSuiteExecutor.java:153)\r\n\tat com.kms.katalon.core.main.TestSuiteExecutor.execute(TestSuiteExecutor.java:110)\r\n\tat com.kms.katalon.core.main.TestCaseMain.startTestSuite(TestCaseMain.java:206)\r\n\tat S0526_48.run(S0526_48.groovy:40)\r\n\tat java.base/jdk.internal.reflect.DirectMethodHandleAccessor.invoke(DirectMethodHandleAccessor.java:103)\r\nCaused by: com.kms.katalon.core.exception.StepFailedException: Unable to click on object 'Object Repository/Page_Work Order  View- Workforce Manager/svg_svg'\r\n\tat com.kms.katalon.core.webui.keyword.internal.WebUIKeywordMain.stepFailed(WebUIKeywordMain.groovy:177)\r\n\tat com.kms.katalon.core.webui.keyword.internal.WebUIKeywordMain.runKeyword(WebUIKeywordMain.groovy:49)\r\n\tat com.kms.katalon.core.webui.keyword.internal.WebUIKeywordMain.runKeywordUntilTimeout(WebUIKeywordMain.groovy:133)\r\n\tat com.kms.katalon.core.webui.keyword.builtin.ClickKeyword.click(ClickKeyword.groovy:72)\r\n\tat com.kms.katalon.core.webui.keyword.builtin.ClickKeyword.execute(ClickKeyword.groovy:38)\r\n\tat com.kms.katalon.core.keyword.internal.KeywordExecutor.executeKeywordForPlatform(KeywordExecutor.groovy:99)\r\n\tat com.kms.katalon.core.webui.keyword.WebUiBuiltInKeywords.click(WebUiBuiltInKeywords.groovy:722)\r\n\tat Esign.run(Esign:25)\r\n\tat com.kms.katalon.core.main.ScriptEngine.run(ScriptEngine.java:203)\r\n\tat com.kms.katalon.core.main.ScriptEngine.runScriptAsRawText(ScriptEngine.java:115)\r\n\tat com.kms.katalon.core.main.TestCaseExecutor.runScript(TestCaseExecutor.java:504)\r\n\tat com.kms.katalon.core.main.TestCaseExecutor.doExecute(TestCaseExecutor.java:495)\r\n\tat com.kms.katalon.core.main.TestCaseExecutor.processExecutionPhase(TestCaseExecutor.java:474)\r\n\tat com.kms.katalon.core.main.TestCaseExecutor.accessMainPhase(TestCaseExecutor.java:466)\r\n\tat com.kms.katalon.core.main.TestCaseExecutor.execute(TestCaseExecutor.java:336)\r\n\tat com.kms.katalon.core.main.TestCaseMain.runTestCase(TestCaseMain.java:152)\r\n\tat com.kms.katalon.core.keyword.builtin.CallTestCaseKeyword$_callTestCase_closure1.doCall(CallTestCaseKeyword.groovy:59)\r\n\t... 22 more\r\nCaused by: org.openqa.selenium.ElementClickInterceptedException: element click intercepted: Element <svg style="position: relative; top: 5px;" width="17" height="17" viewBox="0 0 17 17" fill="none" xmlns="http://www.w3.org/2000/svg">...</svg> is not clickable at point (1345, 862). Other element would receive the click: <div id="documentClassification" class="modalBackDrop" style="display: block;">...</div>\n  (Session info: chrome=148.0.7778.179)\nBuild info: version: '4.39.0', revision: '126f156aee'\nSystem info: os.name: 'Windows 11', os.arch: 'amd64', os.version: '10.0', java.version: '21.0.9'\nDriver info: com.kms.katalon.selenium.driver.CChromeDriver\nCommand: [25e783f6c1a94f293162c3c8c1a27f9c, clickElement {id=f.45A583C1D55788CA5ADA644FCBAC7B6A.d.5E97DC3D3B4D6723BAF3CE82380A4570.e.64990}]\nCapabilities {acceptInsecureCerts: false, browserName: chrome, browserVersion: 148.0.7778.179, chrome: {chromedriverVersion: 148.0.7778.167 (65db666ac2c..., userDataDir: C:\Users\CROWN-~1\AppData\L...}, fedcm:accounts: true, goog:chromeOptions: {debuggerAddress: localhost:53910}, goog:processID: 23688, networkConnectionEnabled: false, pageLoadStrategy: normal, platformName: windows, proxy: Proxy(), se:cdp: ws://localhost:53910/devtoo..., se:cdpVersion: 148.0.7778.179, setWindowRect: true, strictFileInteractability: false, timeouts: {implicit: 0, pageLoad: 300000, script: 30000}, unhandledPromptBehavior: {alert: ignore, beforeUnload: ignore, confirm: ignore, default: ignore, file: ignore, prompt: ignore}, webSocketUrl: ws://localhost:28370/sessio..., webauthn:extension:credBlob: true, webauthn:extension:largeBlob: true, webauthn:extension:minPinLength: true, webauthn:extension:prf: true, webauthn:virtualAuthenticators: true}\nElement: [[CChromeDriver: chrome on windows (25e783f6c1a94f293162c3c8c1a27f9c)] -> xpath: //*[(name() = 'tr') and (position() = 1)]//*[(name() = 'span') and (position() = 3)]//*[@fill = 'none']]\nSession ID: 25e783f6c1a94f293162c3c8c1a27f9c\r\n\tat java.base/jdk.internal.reflect.DirectConstructorHandleAccessor.newInstance(DirectConstructorHandleAccessor.java:62)\r\n\tat org.openqa.selenium.remote.ErrorCodec.decode(ErrorCodec.java:167)\r\n\tat org.openqa.selenium.remote.codec.w3c.W3CHttpResponseCodec.decode(W3CHttpResponseCodec.java:142)\r\n\tat org.openqa.selenium.remote.codec.w3c.W3CHttpResponseCodec.decode(W3CHttpResponseCodec.java:49)\r\n\tat org.openqa.selenium.remote.HttpCommandExecutor.execute(HttpCommandExecutor.java:215)\r\n\tat org.openqa.selenium.remote.service.DriverCommandExecutor.invokeExecute(DriverCommandExecutor.java:216)\r\n\tat org.openqa.selenium.remote.service.DriverCommandExecutor.execute(DriverCommandExecutor.java:174)\r\n\tat org.openqa.selenium.remote.RemoteWebDriver.execute(RemoteWebDriver.java:561)\r\n\tat org.openqa.selenium.remote.RemoteWebElement.execute(RemoteWebElement.java:223)\r\n\tat org.openqa.selenium.remote.RemoteWebElement.click(RemoteWebElement.java:76)\r\n\tat java.base/jdk.internal.reflect.DirectMethodHandleAccessor.invoke(DirectMethodHandleAccessor.java:103)\r\n\tat org.openqa.selenium.support.decorators.WebDriverDecorator.call(WebDriverDecorator.java:326)\r\n\tat org.openqa.selenium.support.decorators.DefaultDecorated.call(DefaultDecorated.java:48)\r\n\tat org.openqa.selenium.support.decorators.WebDriverDecorator.lambda$createProxyFactory$3(WebDriverDecorator.java:416)\r\n\tat net.bytebuddy.renamed.java.lang.Object$ByteBuddy$zFYpquH5.click(Unknown Source)\r\n\tat com.kms.katalon.core.webui.keyword.builtin.ClickKeyword$_click_closure1.doCall(ClickKeyword.groovy:63)\r\n\tat java.base/jdk.internal.reflect.DirectMethodHandleAccessor.invoke(DirectMethodHandleAccessor.java:103)\r\n\tat jdk.proxy2/jdk.proxy2.$Proxy56.execute(Unknown Source)\r\n\tat com.kms.katalon.core.webui.model.SeleniumActionRetryController.performAction(SeleniumActionRetryController.java:96)\r\n\tat com.kms.katalon.core.webui.model.SeleniumActionRetryController.performAction(SeleniumActionRetryController.java:83)\r\n\tat com.kms.katalon.core.webui.keyword.internal.WebUIKeywordMain$_runKeywordUntilTimeout_closure1.doCall(WebUIKeywordMain.groovy:135)\r\n\tat com.kms.katalon.core.webui.keyword.internal.WebUIKeywordMain$_runKeywordUntilTimeout_closure1.call(WebUIKeywordMain.groovy)\r\n\tat com.kms.katalon.core.webui.keyword.internal.WebUIKeywordMain.runKeyword(WebUIKeywordMain.groovy:41)\r\n\t... 37 more\r\n
2026-05-26 16:15:58.852 INFO  c.k.katalon.core.main.TestCaseExecutor   - END Test Cases/Setup/TC_Prepare_Task
2026-05-26 16:15:58.852 INFO  c.k.katalon.core.main.TestCaseExecutor   - --------------------
2026-05-26 16:15:58.852 INFO  c.k.katalon.core.main.TestCaseExecutor   - START Test Cases/Setup/TC_Prepare_Task - Retry attempt 2
2026-05-26 16:15:58.886 DEBUG testcase.TC_Prepare_Task                 - 1: callTestCase(findTestCase("Authentication/TC_Login"), [:], STOP_ON_FAILURE)
2026-05-26 16:15:58.961 INFO  c.k.katalon.core.main.TestCaseExecutor   - --------------------
2026-05-26 16:15:58.961 INFO  c.k.katalon.core.main.TestCaseExecutor   - CALL Test Cases/Authentication/TC_Login
2026-05-26 16:15:58.985 DEBUG testcase.TC_Login                        - 1: openBrowser("")
2026-05-26 16:15:58.993 WARN  c.k.k.core.webui.driver.DriverFactory    - A browser is already opened. Closing browser and opening a new one
2026-05-26 16:15:59.275 INFO  c.k.k.core.webui.driver.DriverFactory    - Starting 'Chrome' driver
2026-05-26 16:15:59.277 INFO  c.k.k.core.webui.driver.DriverFactory    - Action delay is set to 0 milliseconds
2026-05-26 16:16:00.628 INFO  c.k.k.core.webui.driver.DriverFactory    - sessionId = bb96cc6229450566bbb3fbdeedea8c3d
2026-05-26 16:16:00.629 INFO  c.k.k.core.webui.driver.DriverFactory    - browser = Chrome 148.0.7778.179
2026-05-26 16:16:00.630 INFO  c.k.k.core.webui.driver.DriverFactory    - platform = Windows 11
2026-05-26 16:16:00.630 INFO  c.k.k.core.webui.driver.DriverFactory    - seleniumVersion = 4.39.0
2026-05-26 16:16:00.631 INFO  c.k.k.core.webui.driver.DriverFactory    - proxyInformation = ProxyInformation { proxyOption=NO_PROXY, proxyServerType=HTTP, username=, password=********, proxyServerAddress=, proxyServerPort=0, executionList="", isApplyToDesiredCapabilities=true }
2026-05-26 16:16:00.654 DEBUG testcase.TC_Login                        - 2: navigateToUrl("https://convergenceondemand.com/login")
2026-05-26 16:16:01.687 DEBUG testcase.TC_Login                        - 3: setText(findTestObject("Page_1Government Login/input_Enter your MDA"), "govtest")
2026-05-26 16:16:02.726 DEBUG testcase.TC_Login                        - 4: setText(findTestObject("Page_1Government Login/input_Enter Email"), "apisupport@cicod.com")
2026-05-26 16:16:03.368 DEBUG testcase.TC_Login                        - 5: setEncryptedText(findTestObject("Page_1Government Login/input_Enter password"), "9zJdpvfgkgtFa8MQRHGI0w==")
2026-05-26 16:16:03.736 DEBUG testcase.TC_Login                        - 6: click(findTestObject("Page_1Government Login/button_Login"))
2026-05-26 16:16:04.063 INFO  c.k.katalon.core.main.TestCaseExecutor   - END CALL Test Cases/Authentication/TC_Login
2026-05-26 16:16:04.063 INFO  c.k.katalon.core.main.TestCaseExecutor   - --------------------
2026-05-26 16:16:04.063 DEBUG testcase.TC_Prepare_Task                 - 2: callTestCase(findTestCase("Navigation/TC_Open_Task_Module"), [:], STOP_ON_FAILURE)
2026-05-26 16:16:04.122 INFO  c.k.katalon.core.main.TestCaseExecutor   - --------------------
2026-05-26 16:16:04.122 INFO  c.k.katalon.core.main.TestCaseExecutor   - CALL Test Cases/Navigation/TC_Open_Task_Module
2026-05-26 16:16:04.133 DEBUG testcase.TC_Open_Task_Module             - 1: click(findTestObject("Page_1Gov/p_Automate Government MDAs critical operations,"))
2026-05-26 16:16:14.188 ERROR c.k.s.e.healers.SelfHealingPipeline      - ❌ Failed to execute candidate self-healer, trigger AI-SelfHealing: invalid session id\nBuild info: version: '4.39.0', revision: '126f156aee'\nSystem info: os.name: 'Windows 11', os.arch: 'amd64', os.version: '10.0', java.version: '21.0.9'\nDriver info: com.kms.katalon.selenium.driver.CChromeDriver\nCommand: [bb96cc6229450566bbb3fbdeedea8c3d, findElements {using=xpath, value=//p}]\nCapabilities {acceptInsecureCerts: false, browserName: chrome, browserVersion: 148.0.7778.179, chrome: {chromedriverVersion: 148.0.7778.167 (65db666ac2c..., userDataDir: C:\Users\CROWN-~1\AppData\L...}, fedcm:accounts: true, goog:chromeOptions: {debuggerAddress: localhost:55403}, goog:processID: 44456, networkConnectionEnabled: false, pageLoadStrategy: normal, platformName: windows, proxy: Proxy(), se:cdp: ws://localhost:55403/devtoo..., se:cdpVersion: 148.0.7778.179, setWindowRect: true, strictFileInteractability: false, timeouts: {implicit: 0, pageLoad: 300000, script: 30000}, unhandledPromptBehavior: {alert: ignore, beforeUnload: ignore, confirm: ignore, default: ignore, file: ignore, prompt: ignore}, webSocketUrl: ws://localhost:12065/sessio..., webauthn:extension:credBlob: true, webauthn:extension:largeBlob: true, webauthn:extension:minPinLength: true, webauthn:extension:prf: true, webauthn:virtualAuthenticators: true}\nSession ID: bb96cc6229450566bbb3fbdeedea8c3d
2026-05-26 16:16:14.189 INFO  c.k.s.e.healers.SelfHealingPipeline      - [AI Self-Healing] Recovering element locator by using AI Self-Healing...
2026-05-26 16:16:14.208 WARN  c.k.k.c.w.h.s.WebUIScreenCaptor          - Cannot take screenshot
2026-05-26 16:16:14.211 ERROR c.k.k.core.keyword.internal.KeywordMain  - ❌ Unable to click on object 'Object Repository/Page_1Gov/p_Automate Government MDAs critical operations,' (Root cause: com.kms.katalon.core.exception.StepFailedException: Unable to click on object 'Object Repository/Page_1Gov/p_Automate Government MDAs critical operations,'\r\n\tat com.kms.katalon.core.webui.keyword.internal.WebUIKeywordMain.stepFailed(WebUIKeywordMain.groovy:177)\r\n\tat com.kms.katalon.core.webui.keyword.internal.WebUIKeywordMain.runKeyword(WebUIKeywordMain.groovy:49)\r\n\tat com.kms.katalon.core.webui.keyword.internal.WebUIKeywordMain.runKeywordUntilTimeout(WebUIKeywordMain.groovy:133)\r\n\tat com.kms.katalon.core.webui.keyword.builtin.ClickKeyword.click(ClickKeyword.groovy:72)\r\n\tat com.kms.katalon.core.webui.keyword.builtin.ClickKeyword.execute(ClickKeyword.groovy:38)\r\n\tat com.kms.katalon.core.keyword.internal.KeywordExecutor.executeKeywordForPlatform(KeywordExecutor.groovy:99)\r\n\tat com.kms.katalon.core.webui.keyword.WebUiBuiltInKeywords.click(WebUiBuiltInKeywords.groovy:722)\r\n\tat TC_Open_Task_Module.run(TC_Open_Task_Module:20)\r\n\tat com.kms.katalon.core.main.ScriptEngine.run(ScriptEngine.java:203)\r\n\tat com.kms.katalon.core.main.ScriptEngine.runScriptAsRawText(ScriptEngine.java:115)\r\n\tat com.kms.katalon.core.main.TestCaseExecutor.runScript(TestCaseExecutor.java:504)\r\n\tat com.kms.katalon.core.main.TestCaseExecutor.doExecute(TestCaseExecutor.java:495)\r\n\tat com.kms.katalon.core.main.TestCaseExecutor.processExecutionPhase(TestCaseExecutor.java:474)\r\n\tat com.kms.katalon.core.main.TestCaseExecutor.accessMainPhase(TestCaseExecutor.java:466)\r\n\tat com.kms.katalon.core.main.TestCaseExecutor.execute(TestCaseExecutor.java:336)\r\n\tat com.kms.katalon.core.main.TestCaseMain.runTestCase(TestCaseMain.java:152)\r\n\tat com.kms.katalon.core.keyword.builtin.CallTestCaseKeyword$_callTestCase_closure1.doCall(CallTestCaseKeyword.groovy:59)\r\n\tat com.kms.katalon.core.keyword.builtin.CallTestCaseKeyword$_callTestCase_closure1.call(CallTestCaseKeyword.groovy)\r\n\tat com.kms.katalon.core.keyword.internal.KeywordMain.runKeyword(KeywordMain.groovy:75)\r\n\tat com.kms.katalon.core.keyword.builtin.CallTestCaseKeyword.callTestCase(CallTestCaseKeyword.groovy:81)\r\n\tat com.kms.katalon.core.keyword.builtin.CallTestCaseKeyword.execute(CallTestCaseKeyword.groovy:44)\r\n\tat com.kms.katalon.core.keyword.internal.KeywordExecutor.executeKeywordForPlatform(KeywordExecutor.groovy:99)\r\n\tat com.kms.katalon.core.keyword.BuiltinKeywords.callTestCase(BuiltinKeywords.groovy:294)\r\n\tat java.base/jdk.internal.reflect.DirectMethodHandleAccessor.invoke(DirectMethodHandleAccessor.java:103)\r\n\tat TC_Prepare_Task.run(TC_Prepare_Task:22)\r\n\tat com.kms.katalon.core.main.ScriptEngine.run(ScriptEngine.java:203)\r\n\tat com.kms.katalon.core.main.ScriptEngine.runScriptAsRawText(ScriptEngine.java:115)\r\n\tat com.kms.katalon.core.main.TestCaseExecutor.runScript(TestCaseExecutor.java:504)\r\n\tat com.kms.katalon.core.main.TestCaseExecutor.doExecute(TestCaseExecutor.java:495)\r\n\tat com.kms.katalon.core.main.TestCaseExecutor.processExecutionPhase(TestCaseExecutor.java:474)\r\n\tat com.kms.katalon.core.main.TestCaseExecutor.accessMainPhase(TestCaseExecutor.java:466)\r\n\tat com.kms.katalon.core.main.TestCaseExecutor.execute(TestCaseExecutor.java:336)\r\n\tat com.kms.katalon.core.main.TestCaseExecutor.execute(TestCaseExecutor.java:424)\r\n\tat com.kms.katalon.core.main.TestCaseExecutor.execute(TestCaseExecutor.java:424)\r\n\tat com.kms.katalon.core.common.CommonExecutor.accessTestCaseMainPhase(CommonExecutor.java:71)\r\n\tat com.kms.katalon.core.main.TestSuiteExecutor.accessTestSuiteMainPhase(TestSuiteExecutor.java:153)\r\n\tat com.kms.katalon.core.main.TestSuiteExecutor.execute(TestSuiteExecutor.java:110)\r\n\tat com.kms.katalon.core.main.TestCaseMain.startTestSuite(TestCaseMain.java:206)\r\n\tat S0526_48.run(S0526_48.groovy:40)\r\n\tat java.base/jdk.internal.reflect.DirectMethodHandleAccessor.invoke(DirectMethodHandleAccessor.java:103)\r\nCaused by: org.openqa.selenium.NoSuchSessionException: invalid session id\nBuild info: version: '4.39.0', revision: '126f156aee'\nSystem info: os.name: 'Windows 11', os.arch: 'amd64', os.version: '10.0', java.version: '21.0.9'\nDriver info: com.kms.katalon.selenium.driver.CChromeDriver\nCommand: [bb96cc6229450566bbb3fbdeedea8c3d, getPageSource {}]\nCapabilities {acceptInsecureCerts: false, browserName: chrome, browserVersion: 148.0.7778.179, chrome: {chromedriverVersion: 148.0.7778.167 (65db666ac2c..., userDataDir: C:\Users\CROWN-~1\AppData\L...}, fedcm:accounts: true, goog:chromeOptions: {debuggerAddress: localhost:55403}, goog:processID: 44456, networkConnectionEnabled: false, pageLoadStrategy: normal, platformName: windows, proxy: Proxy(), se:cdp: ws://localhost:55403/devtoo..., se:cdpVersion: 148.0.7778.179, setWindowRect: true, strictFileInteractability: false, timeouts: {implicit: 0, pageLoad: 300000, script: 30000}, unhandledPromptBehavior: {alert: ignore, beforeUnload: ignore, confirm: ignore, default: ignore, file: ignore, prompt: ignore}, webSocketUrl: ws://localhost:12065/sessio..., webauthn:extension:credBlob: true, webauthn:extension:largeBlob: true, webauthn:extension:minPinLength: true, webauthn:extension:prf: true, webauthn:virtualAuthenticators: true}\nSession ID: bb96cc6229450566bbb3fbdeedea8c3d\r\n\tat java.base/jdk.internal.reflect.DirectConstructorHandleAccessor.newInstance(DirectConstructorHandleAccessor.java:62)\r\n\tat org.openqa.selenium.remote.ErrorCodec.decode(ErrorCodec.java:167)\r\n\tat org.openqa.selenium.remote.codec.w3c.W3CHttpResponseCodec.decode(W3CHttpResponseCodec.java:142)\r\n\tat org.openqa.selenium.remote.codec.w3c.W3CHttpResponseCodec.decode(W3CHttpResponseCodec.java:49)\r\n\tat org.openqa.selenium.remote.HttpCommandExecutor.execute(HttpCommandExecutor.java:215)\r\n\tat org.openqa.selenium.remote.service.DriverCommandExecutor.invokeExecute(DriverCommandExecutor.java:216)\r\n\tat org.openqa.selenium.remote.service.DriverCommandExecutor.execute(DriverCommandExecutor.java:174)\r\n\tat org.openqa.selenium.remote.RemoteWebDriver.execute(RemoteWebDriver.java:561)\r\n\tat org.openqa.selenium.remote.RemoteWebDriver.execute(RemoteWebDriver.java:638)\r\n\tat com.kms.katalon.selenium.driver.CChromeDriver.execute(CChromeDriver.java:22)\r\n\tat org.openqa.selenium.remote.RemoteWebDriver.execute(RemoteWebDriver.java:642)\r\n\tat org.openqa.selenium.remote.RemoteWebDriver.getPageSource(RemoteWebDriver.java:410)\r\n\tat java.base/jdk.internal.reflect.DirectMethodHandleAccessor.invoke(DirectMethodHandleAccessor.java:103)\r\n\tat org.openqa.selenium.support.decorators.WebDriverDecorator.call(WebDriverDecorator.java:326)\r\n\tat org.openqa.selenium.support.decorators.DefaultDecorated.call(DefaultDecorated.java:48)\r\n\tat org.openqa.selenium.support.decorators.WebDriverDecorator.lambda$createProxyFactory$3(WebDriverDecorator.java:416)\r\n\tat org.openqa.selenium.remote.RemoteWebDriver$ByteBuddy$M1gu5Zym.getPageSource(Unknown Source)\r\n\tat com.kms.katalon.core.aut.SeleniumAUT.getPageSource(SeleniumAUT.java:25)\r\n\tat com.kms.katalon.core.aut.WebAUT.getPageSource(WebAUT.java:16)\r\n\tat com.katalon.selfhealing.execution.healers.SelfHealingPipeline.lambda$1(SelfHealingPipeline.java:177)\r\n\tat com.kms.katalon.core.executionpipeline.SubExecutionPipeline.execute(SubExecutionPipeline.java:31)\r\n\tat com.kms.katalon.core.executionpipeline.SubExecutionPipeline.execute(SubExecutionPipeline.java:25)\r\n\tat com.kms.katalon.core.executionpipeline.ExecutionPipeline.execute(ExecutionPipeline.java:16)\r\n\tat com.katalon.selfhealing.execution.healers.SelfHealingPipeline.execute(SelfHealingPipeline.java:248)\r\n\tat com.kms.katalon.core.webui.keyword.internal.WebUIAbstractKeyword.findElemnentsWithSelfHealing(WebUIAbstractKeyword.java:215)\r\n\tat com.kms.katalon.core.webui.keyword.internal.WebUIAbstractKeyword.lambda$1(WebUIAbstractKeyword.java:126)\r\n\tat com.kms.katalon.core.webui.model.SeleniumActionRetryController.performAction(SeleniumActionRetryController.java:96)\r\n\tat com.kms.katalon.core.webui.model.SeleniumActionRetryController.performAction(SeleniumActionRetryController.java:83)\r\n\tat com.kms.katalon.core.webui.model.SeleniumActionRetryController.retry(SeleniumActionRetryController.java:49)\r\n\tat com.kms.katalon.core.webui.model.SeleniumActionRetryController.retry(SeleniumActionRetryController.java:44)\r\n\tat com.kms.katalon.core.webui.keyword.internal.WebUIAbstractKeyword.findWebElement(WebUIAbstractKeyword.java:116)\r\n\tat com.kms.katalon.core.webui.keyword.builtin.ClickKeyword$_click_closure1.doCall(ClickKeyword.groovy:52)\r\n\tat java.base/jdk.internal.reflect.DirectMethodHandleAccessor.invoke(DirectMethodHandleAccessor.java:103)\r\n\tat jdk.proxy2/jdk.proxy2.$Proxy56.execute(Unknown Source)\r\n\tat com.kms.katalon.core.webui.model.SeleniumActionRetryController.performAction(SeleniumActionRetryController.java:96)\r\n\tat com.kms.katalon.core.webui.model.SeleniumActionRetryController.performAction(SeleniumActionRetryController.java:83)\r\n\tat com.kms.katalon.core.webui.keyword.internal.WebUIKeywordMain$_runKeywordUntilTimeout_closure1.doCall(WebUIKeywordMain.groovy:135)\r\n\tat com.kms.katalon.core.webui.keyword.internal.WebUIKeywordMain$_runKeywordUntilTimeout_closure1.call(WebUIKeywordMain.groovy)\r\n\tat com.kms.katalon.core.webui.keyword.internal.WebUIKeywordMain.runKeyword(WebUIKeywordMain.groovy:41)\r\n\tat com.kms.katalon.core.webui.keyword.internal.WebUIKeywordMain.runKeywordUntilTimeout(WebUIKeywordMain.groovy:133)\r\n\tat com.kms.katalon.core.webui.keyword.builtin.ClickKeyword.click(ClickKeyword.groovy:72)\r\n\tat com.kms.katalon.core.webui.keyword.builtin.ClickKeyword.execute(ClickKeyword.groovy:38)\r\n\tat com.kms.katalon.core.keyword.internal.KeywordExecutor.executeKeywordForPlatform(KeywordExecutor.groovy:99)\r\n\tat com.kms.katalon.core.webui.keyword.WebUiBuiltInKeywords.click(WebUiBuiltInKeywords.groovy:722)\r\n\tat Script1779527487717.run(Script1779527487717.groovy:20)\r\n\tat com.kms.katalon.core.main.ScriptEngine.run(ScriptEngine.java:203)\r\n\tat com.kms.katalon.core.main.ScriptEngine.runScriptAsRawText(ScriptEngine.java:115)\r\n\tat com.kms.katalon.core.main.TestCaseExecutor.runScript(TestCaseExecutor.java:504)\r\n\tat com.kms.katalon.core.main.TestCaseExecutor.doExecute(TestCaseExecutor.java:495)\r\n\tat com.kms.katalon.core.main.TestCaseExecutor.processExecutionPhase(TestCaseExecutor.java:474)\r\n\tat com.kms.katalon.core.main.TestCaseExecutor.accessMainPhase(TestCaseExecutor.java:466)\r\n\tat com.kms.katalon.core.main.TestCaseExecutor.execute(TestCaseExecutor.java:336)\r\n\tat com.kms.katalon.core.main.TestCaseMain.runTestCase(TestCaseMain.java:152)\r\n\tat com.kms.katalon.core.keyword.builtin.CallTestCaseKeyword$_callTestCase_closure1.doCall(CallTestCaseKeyword.groovy:59)\r\n\tat com.kms.katalon.core.keyword.builtin.CallTestCaseKeyword$_callTestCase_closure1.call(CallTestCaseKeyword.groovy)\r\n\tat com.kms.katalon.core.keyword.internal.KeywordMain.runKeyword(KeywordMain.groovy:75)\r\n\tat com.kms.katalon.core.keyword.builtin.CallTestCaseKeyword.callTestCase(CallTestCaseKeyword.groovy:81)\r\n\tat com.kms.katalon.core.keyword.builtin.CallTestCaseKeyword.execute(CallTestCaseKeyword.groovy:44)\r\n\tat com.kms.katalon.core.keyword.internal.KeywordExecutor.executeKeywordForPlatform(KeywordExecutor.groovy:99)\r\n\tat com.kms.katalon.core.keyword.BuiltinKeywords.callTestCase(BuiltinKeywords.groovy:294)\r\n\tat java.base/jdk.internal.reflect.DirectMethodHandleAccessor.invoke(DirectMethodHandleAccessor.java:103)\r\n\tat Script1779525823646.run(Script1779525823646.groovy:22)\r\n\t... 15 more\r\n)
2026-05-26 16:16:14.215 ERROR c.k.katalon.core.main.TestCaseExecutor   - ❌ Test Cases/Navigation/TC_Open_Task_Module FAILED.\nReason:\ncom.kms.katalon.core.exception.StepFailedException: Unable to click on object 'Object Repository/Page_1Gov/p_Automate Government MDAs critical operations,'\r\n\tat com.kms.katalon.core.webui.keyword.internal.WebUIKeywordMain.stepFailed(WebUIKeywordMain.groovy:177)\r\n\tat com.kms.katalon.core.webui.keyword.internal.WebUIKeywordMain.runKeyword(WebUIKeywordMain.groovy:49)\r\n\tat com.kms.katalon.core.webui.keyword.internal.WebUIKeywordMain.runKeywordUntilTimeout(WebUIKeywordMain.groovy:133)\r\n\tat com.kms.katalon.core.webui.keyword.builtin.ClickKeyword.click(ClickKeyword.groovy:72)\r\n\tat com.kms.katalon.core.webui.keyword.builtin.ClickKeyword.execute(ClickKeyword.groovy:38)\r\n\tat com.kms.katalon.core.keyword.internal.KeywordExecutor.executeKeywordForPlatform(KeywordExecutor.groovy:99)\r\n\tat com.kms.katalon.core.webui.keyword.WebUiBuiltInKeywords.click(WebUiBuiltInKeywords.groovy:722)\r\n\tat TC_Open_Task_Module.run(TC_Open_Task_Module:20)\r\n\tat com.kms.katalon.core.main.ScriptEngine.run(ScriptEngine.java:203)\r\n\tat com.kms.katalon.core.main.ScriptEngine.runScriptAsRawText(ScriptEngine.java:115)\r\n\tat com.kms.katalon.core.main.TestCaseExecutor.runScript(TestCaseExecutor.java:504)\r\n\tat com.kms.katalon.core.main.TestCaseExecutor.doExecute(TestCaseExecutor.java:495)\r\n\tat com.kms.katalon.core.main.TestCaseExecutor.processExecutionPhase(TestCaseExecutor.java:474)\r\n\tat com.kms.katalon.core.main.TestCaseExecutor.accessMainPhase(TestCaseExecutor.java:466)\r\n\tat com.kms.katalon.core.main.TestCaseExecutor.execute(TestCaseExecutor.java:336)\r\n\tat com.kms.katalon.core.main.TestCaseMain.runTestCase(TestCaseMain.java:152)\r\n\tat com.kms.katalon.core.keyword.builtin.CallTestCaseKeyword$_callTestCase_closure1.doCall(CallTestCaseKeyword.groovy:59)\r\n\tat com.kms.katalon.core.keyword.builtin.CallTestCaseKeyword$_callTestCase_closure1.call(CallTestCaseKeyword.groovy)\r\n\tat com.kms.katalon.core.keyword.internal.KeywordMain.runKeyword(KeywordMain.groovy:75)\r\n\tat com.kms.katalon.core.keyword.builtin.CallTestCaseKeyword.callTestCase(CallTestCaseKeyword.groovy:81)\r\n\tat com.kms.katalon.core.keyword.builtin.CallTestCaseKeyword.execute(CallTestCaseKeyword.groovy:44)\r\n\tat com.kms.katalon.core.keyword.internal.KeywordExecutor.executeKeywordForPlatform(KeywordExecutor.groovy:99)\r\n\tat com.kms.katalon.core.keyword.BuiltinKeywords.callTestCase(BuiltinKeywords.groovy:294)\r\n\tat java.base/jdk.internal.reflect.DirectMethodHandleAccessor.invoke(DirectMethodHandleAccessor.java:103)\r\n\tat TC_Prepare_Task.run(TC_Prepare_Task:22)\r\n\tat com.kms.katalon.core.main.ScriptEngine.run(ScriptEngine.java:203)\r\n\tat com.kms.katalon.core.main.ScriptEngine.runScriptAsRawText(ScriptEngine.java:115)\r\n\tat com.kms.katalon.core.main.TestCaseExecutor.runScript(TestCaseExecutor.java:504)\r\n\tat com.kms.katalon.core.main.TestCaseExecutor.doExecute(TestCaseExecutor.java:495)\r\n\tat com.kms.katalon.core.main.TestCaseExecutor.processExecutionPhase(TestCaseExecutor.java:474)\r\n\tat com.kms.katalon.core.main.TestCaseExecutor.accessMainPhase(TestCaseExecutor.java:466)\r\n\tat com.kms.katalon.core.main.TestCaseExecutor.execute(TestCaseExecutor.java:336)\r\n\tat com.kms.katalon.core.main.TestCaseExecutor.execute(TestCaseExecutor.java:424)\r\n\tat com.kms.katalon.core.main.TestCaseExecutor.execute(TestCaseExecutor.java:424)\r\n\tat com.kms.katalon.core.common.CommonExecutor.accessTestCaseMainPhase(CommonExecutor.java:71)\r\n\tat com.kms.katalon.core.main.TestSuiteExecutor.accessTestSuiteMainPhase(TestSuiteExecutor.java:153)\r\n\tat com.kms.katalon.core.main.TestSuiteExecutor.execute(TestSuiteExecutor.java:110)\r\n\tat com.kms.katalon.core.main.TestCaseMain.startTestSuite(TestCaseMain.java:206)\r\n\tat S0526_48.run(S0526_48.groovy:40)\r\n\tat java.base/jdk.internal.reflect.DirectMethodHandleAccessor.invoke(DirectMethodHandleAccessor.java:103)\r\nCaused by: org.openqa.selenium.NoSuchSessionException: invalid session id\nBuild info: version: '4.39.0', revision: '126f156aee'\nSystem info: os.name: 'Windows 11', os.arch: 'amd64', os.version: '10.0', java.version: '21.0.9'\nDriver info: com.kms.katalon.selenium.driver.CChromeDriver\nCommand: [bb96cc6229450566bbb3fbdeedea8c3d, getPageSource {}]\nCapabilities {acceptInsecureCerts: false, browserName: chrome, browserVersion: 148.0.7778.179, chrome: {chromedriverVersion: 148.0.7778.167 (65db666ac2c..., userDataDir: C:\Users\CROWN-~1\AppData\L...}, fedcm:accounts: true, goog:chromeOptions: {debuggerAddress: localhost:55403}, goog:processID: 44456, networkConnectionEnabled: false, pageLoadStrategy: normal, platformName: windows, proxy: Proxy(), se:cdp: ws://localhost:55403/devtoo..., se:cdpVersion: 148.0.7778.179, setWindowRect: true, strictFileInteractability: false, timeouts: {implicit: 0, pageLoad: 300000, script: 30000}, unhandledPromptBehavior: {alert: ignore, beforeUnload: ignore, confirm: ignore, default: ignore, file: ignore, prompt: ignore}, webSocketUrl: ws://localhost:12065/sessio..., webauthn:extension:credBlob: true, webauthn:extension:largeBlob: true, webauthn:extension:minPinLength: true, webauthn:extension:prf: true, webauthn:virtualAuthenticators: true}\nSession ID: bb96cc6229450566bbb3fbdeedea8c3d\r\n\tat java.base/jdk.internal.reflect.DirectConstructorHandleAccessor.newInstance(DirectConstructorHandleAccessor.java:62)\r\n\tat org.openqa.selenium.remote.ErrorCodec.decode(ErrorCodec.java:167)\r\n\tat org.openqa.selenium.remote.codec.w3c.W3CHttpResponseCodec.decode(W3CHttpResponseCodec.java:142)\r\n\tat org.openqa.selenium.remote.codec.w3c.W3CHttpResponseCodec.decode(W3CHttpResponseCodec.java:49)\r\n\tat org.openqa.selenium.remote.HttpCommandExecutor.execute(HttpCommandExecutor.java:215)\r\n\tat org.openqa.selenium.remote.service.DriverCommandExecutor.invokeExecute(DriverCommandExecutor.java:216)\r\n\tat org.openqa.selenium.remote.service.DriverCommandExecutor.execute(DriverCommandExecutor.java:174)\r\n\tat org.openqa.selenium.remote.RemoteWebDriver.execute(RemoteWebDriver.java:561)\r\n\tat org.openqa.selenium.remote.RemoteWebDriver.execute(RemoteWebDriver.java:638)\r\n\tat com.kms.katalon.selenium.driver.CChromeDriver.execute(CChromeDriver.java:22)\r\n\tat org.openqa.selenium.remote.RemoteWebDriver.execute(RemoteWebDriver.java:642)\r\n\tat org.openqa.selenium.remote.RemoteWebDriver.getPageSource(RemoteWebDriver.java:410)\r\n\tat java.base/jdk.internal.reflect.DirectMethodHandleAccessor.invoke(DirectMethodHandleAccessor.java:103)\r\n\tat org.openqa.selenium.support.decorators.WebDriverDecorator.call(WebDriverDecorator.java:326)\r\n\tat org.openqa.selenium.support.decorators.DefaultDecorated.call(DefaultDecorated.java:48)\r\n\tat org.openqa.selenium.support.decorators.WebDriverDecorator.lambda$createProxyFactory$3(WebDriverDecorator.java:416)\r\n\tat org.openqa.selenium.remote.RemoteWebDriver$ByteBuddy$M1gu5Zym.getPageSource(Unknown Source)\r\n\tat com.kms.katalon.core.aut.SeleniumAUT.getPageSource(SeleniumAUT.java:25)\r\n\tat com.kms.katalon.core.aut.WebAUT.getPageSource(WebAUT.java:16)\r\n\tat com.katalon.selfhealing.execution.healers.SelfHealingPipeline.lambda$1(SelfHealingPipeline.java:177)\r\n\tat com.kms.katalon.core.executionpipeline.SubExecutionPipeline.execute(SubExecutionPipeline.java:31)\r\n\tat com.kms.katalon.core.executionpipeline.SubExecutionPipeline.execute(SubExecutionPipeline.java:25)\r\n\tat com.kms.katalon.core.executionpipeline.ExecutionPipeline.execute(ExecutionPipeline.java:16)\r\n\tat com.katalon.selfhealing.execution.healers.SelfHealingPipeline.execute(SelfHealingPipeline.java:248)\r\n\tat com.kms.katalon.core.webui.keyword.internal.WebUIAbstractKeyword.findElemnentsWithSelfHealing(WebUIAbstractKeyword.java:215)\r\n\tat com.kms.katalon.core.webui.keyword.internal.WebUIAbstractKeyword.lambda$1(WebUIAbstractKeyword.java:126)\r\n\tat com.kms.katalon.core.webui.model.SeleniumActionRetryController.performAction(SeleniumActionRetryController.java:96)\r\n\tat com.kms.katalon.core.webui.model.SeleniumActionRetryController.performAction(SeleniumActionRetryController.java:83)\r\n\tat com.kms.katalon.core.webui.model.SeleniumActionRetryController.retry(SeleniumActionRetryController.java:49)\r\n\tat com.kms.katalon.core.webui.model.SeleniumActionRetryController.retry(SeleniumActionRetryController.java:44)\r\n\tat com.kms.katalon.core.webui.keyword.internal.WebUIAbstractKeyword.findWebElement(WebUIAbstractKeyword.java:116)\r\n\tat com.kms.katalon.core.webui.keyword.builtin.ClickKeyword$_click_closure1.doCall(ClickKeyword.groovy:52)\r\n\tat java.base/jdk.internal.reflect.DirectMethodHandleAccessor.invoke(DirectMethodHandleAccessor.java:103)\r\n\tat jdk.proxy2/jdk.proxy2.$Proxy56.execute(Unknown Source)\r\n\tat com.kms.katalon.core.webui.model.SeleniumActionRetryController.performAction(SeleniumActionRetryController.java:96)\r\n\tat com.kms.katalon.core.webui.model.SeleniumActionRetryController.performAction(SeleniumActionRetryController.java:83)\r\n\tat com.kms.katalon.core.webui.keyword.internal.WebUIKeywordMain$_runKeywordUntilTimeout_closure1.doCall(WebUIKeywordMain.groovy:135)\r\n\tat com.kms.katalon.core.webui.keyword.internal.WebUIKeywordMain$_runKeywordUntilTimeout_closure1.call(WebUIKeywordMain.groovy)\r\n\tat com.kms.katalon.core.webui.keyword.internal.WebUIKeywordMain.runKeyword(WebUIKeywordMain.groovy:41)\r\n\t... 38 more\r\n
2026-05-26 16:16:14.218 INFO  c.k.katalon.core.main.TestCaseExecutor   - END CALL Test Cases/Navigation/TC_Open_Task_Module
2026-05-26 16:16:14.218 INFO  c.k.katalon.core.main.TestCaseExecutor   - --------------------
2026-05-26 16:16:14.220 ERROR c.k.k.core.keyword.internal.KeywordMain  - ❌ Unable to call Test Case 'Test Cases/Navigation/TC_Open_Task_Module' (Root cause: com.kms.katalon.core.exception.StepFailedException: Call Test Case 'Test Cases/Navigation/TC_Open_Task_Module' failed\r\n\tat com.kms.katalon.core.keyword.builtin.CallTestCaseKeyword$_callTestCase_closure1.doCall(CallTestCaseKeyword.groovy:63)\r\n\tat com.kms.katalon.core.keyword.builtin.CallTestCaseKeyword$_callTestCase_closure1.call(CallTestCaseKeyword.groovy)\r\n\tat com.kms.katalon.core.keyword.internal.KeywordMain.runKeyword(KeywordMain.groovy:75)\r\n\tat com.kms.katalon.core.keyword.builtin.CallTestCaseKeyword.callTestCase(CallTestCaseKeyword.groovy:81)\r\n\tat com.kms.katalon.core.keyword.builtin.CallTestCaseKeyword.execute(CallTestCaseKeyword.groovy:44)\r\n\tat com.kms.katalon.core.keyword.internal.KeywordExecutor.executeKeywordForPlatform(KeywordExecutor.groovy:99)\r\n\tat com.kms.katalon.core.keyword.BuiltinKeywords.callTestCase(BuiltinKeywords.groovy:294)\r\n\tat java.base/jdk.internal.reflect.DirectMethodHandleAccessor.invoke(DirectMethodHandleAccessor.java:103)\r\n\tat TC_Prepare_Task.run(TC_Prepare_Task:22)\r\n\tat com.kms.katalon.core.main.ScriptEngine.run(ScriptEngine.java:203)\r\n\tat com.kms.katalon.core.main.ScriptEngine.runScriptAsRawText(ScriptEngine.java:115)\r\n\tat com.kms.katalon.core.main.TestCaseExecutor.runScript(TestCaseExecutor.java:504)\r\n\tat com.kms.katalon.core.main.TestCaseExecutor.doExecute(TestCaseExecutor.java:495)\r\n\tat com.kms.katalon.core.main.TestCaseExecutor.processExecutionPhase(TestCaseExecutor.java:474)\r\n\tat com.kms.katalon.core.main.TestCaseExecutor.accessMainPhase(TestCaseExecutor.java:466)\r\n\tat com.kms.katalon.core.main.TestCaseExecutor.execute(TestCaseExecutor.java:336)\r\n\tat com.kms.katalon.core.main.TestCaseExecutor.execute(TestCaseExecutor.java:424)\r\n\tat com.kms.katalon.core.main.TestCaseExecutor.execute(TestCaseExecutor.java:424)\r\n\tat com.kms.katalon.core.common.CommonExecutor.accessTestCaseMainPhase(CommonExecutor.java:71)\r\n\tat com.kms.katalon.core.main.TestSuiteExecutor.accessTestSuiteMainPhase(TestSuiteExecutor.java:153)\r\n\tat com.kms.katalon.core.main.TestSuiteExecutor.execute(TestSuiteExecutor.java:110)\r\n\tat com.kms.katalon.core.main.TestCaseMain.startTestSuite(TestCaseMain.java:206)\r\n\tat S0526_48.run(S0526_48.groovy:40)\r\n\tat java.base/jdk.internal.reflect.DirectMethodHandleAccessor.invoke(DirectMethodHandleAccessor.java:103)\r\nCaused by: com.kms.katalon.core.exception.StepFailedException: Unable to click on object 'Object Repository/Page_1Gov/p_Automate Government MDAs critical operations,'\r\n\tat com.kms.katalon.core.webui.keyword.internal.WebUIKeywordMain.stepFailed(WebUIKeywordMain.groovy:177)\r\n\tat com.kms.katalon.core.webui.keyword.internal.WebUIKeywordMain.runKeyword(WebUIKeywordMain.groovy:49)\r\n\tat com.kms.katalon.core.webui.keyword.internal.WebUIKeywordMain.runKeywordUntilTimeout(WebUIKeywordMain.groovy:133)\r\n\tat com.kms.katalon.core.webui.keyword.builtin.ClickKeyword.click(ClickKeyword.groovy:72)\r\n\tat com.kms.katalon.core.webui.keyword.builtin.ClickKeyword.execute(ClickKeyword.groovy:38)\r\n\tat com.kms.katalon.core.keyword.internal.KeywordExecutor.executeKeywordForPlatform(KeywordExecutor.groovy:99)\r\n\tat com.kms.katalon.core.webui.keyword.WebUiBuiltInKeywords.click(WebUiBuiltInKeywords.groovy:722)\r\n\tat TC_Open_Task_Module.run(TC_Open_Task_Module:20)\r\n\tat com.kms.katalon.core.main.ScriptEngine.run(ScriptEngine.java:203)\r\n\tat com.kms.katalon.core.main.ScriptEngine.runScriptAsRawText(ScriptEngine.java:115)\r\n\tat com.kms.katalon.core.main.TestCaseExecutor.runScript(TestCaseExecutor.java:504)\r\n\tat com.kms.katalon.core.main.TestCaseExecutor.doExecute(TestCaseExecutor.java:495)\r\n\tat com.kms.katalon.core.main.TestCaseExecutor.processExecutionPhase(TestCaseExecutor.java:474)\r\n\tat com.kms.katalon.core.main.TestCaseExecutor.accessMainPhase(TestCaseExecutor.java:466)\r\n\tat com.kms.katalon.core.main.TestCaseExecutor.execute(TestCaseExecutor.java:336)\r\n\tat com.kms.katalon.core.main.TestCaseMain.runTestCase(TestCaseMain.java:152)\r\n\tat com.kms.katalon.core.keyword.builtin.CallTestCaseKeyword$_callTestCase_closure1.doCall(CallTestCaseKeyword.groovy:59)\r\n\t... 23 more\r\nCaused by: org.openqa.selenium.NoSuchSessionException: invalid session id\nBuild info: version: '4.39.0', revision: '126f156aee'\nSystem info: os.name: 'Windows 11', os.arch: 'amd64', os.version: '10.0', java.version: '21.0.9'\nDriver info: com.kms.katalon.selenium.driver.CChromeDriver\nCommand: [bb96cc6229450566bbb3fbdeedea8c3d, getPageSource {}]\nCapabilities {acceptInsecureCerts: false, browserName: chrome, browserVersion: 148.0.7778.179, chrome: {chromedriverVersion: 148.0.7778.167 (65db666ac2c..., userDataDir: C:\Users\CROWN-~1\AppData\L...}, fedcm:accounts: true, goog:chromeOptions: {debuggerAddress: localhost:55403}, goog:processID: 44456, networkConnectionEnabled: false, pageLoadStrategy: normal, platformName: windows, proxy: Proxy(), se:cdp: ws://localhost:55403/devtoo..., se:cdpVersion: 148.0.7778.179, setWindowRect: true, strictFileInteractability: false, timeouts: {implicit: 0, pageLoad: 300000, script: 30000}, unhandledPromptBehavior: {alert: ignore, beforeUnload: ignore, confirm: ignore, default: ignore, file: ignore, prompt: ignore}, webSocketUrl: ws://localhost:12065/sessio..., webauthn:extension:credBlob: true, webauthn:extension:largeBlob: true, webauthn:extension:minPinLength: true, webauthn:extension:prf: true, webauthn:virtualAuthenticators: true}\nSession ID: bb96cc6229450566bbb3fbdeedea8c3d\r\n\tat java.base/jdk.internal.reflect.DirectConstructorHandleAccessor.newInstance(DirectConstructorHandleAccessor.java:62)\r\n\tat org.openqa.selenium.remote.ErrorCodec.decode(ErrorCodec.java:167)\r\n\tat org.openqa.selenium.remote.codec.w3c.W3CHttpResponseCodec.decode(W3CHttpResponseCodec.java:142)\r\n\tat org.openqa.selenium.remote.codec.w3c.W3CHttpResponseCodec.decode(W3CHttpResponseCodec.java:49)\r\n\tat org.openqa.selenium.remote.HttpCommandExecutor.execute(HttpCommandExecutor.java:215)\r\n\tat org.openqa.selenium.remote.service.DriverCommandExecutor.invokeExecute(DriverCommandExecutor.java:216)\r\n\tat org.openqa.selenium.remote.service.DriverCommandExecutor.execute(DriverCommandExecutor.java:174)\r\n\tat org.openqa.selenium.remote.RemoteWebDriver.execute(RemoteWebDriver.java:561)\r\n\tat org.openqa.selenium.remote.RemoteWebDriver.execute(RemoteWebDriver.java:638)\r\n\tat com.kms.katalon.selenium.driver.CChromeDriver.execute(CChromeDriver.java:22)\r\n\tat org.openqa.selenium.remote.RemoteWebDriver.execute(RemoteWebDriver.java:642)\r\n\tat org.openqa.selenium.remote.RemoteWebDriver.getPageSource(RemoteWebDriver.java:410)\r\n\tat java.base/jdk.internal.reflect.DirectMethodHandleAccessor.invoke(DirectMethodHandleAccessor.java:103)\r\n\tat org.openqa.selenium.support.decorators.WebDriverDecorator.call(WebDriverDecorator.java:326)\r\n\tat org.openqa.selenium.support.decorators.DefaultDecorated.call(DefaultDecorated.java:48)\r\n\tat org.openqa.selenium.support.decorators.WebDriverDecorator.lambda$createProxyFactory$3(WebDriverDecorator.java:416)\r\n\tat org.openqa.selenium.remote.RemoteWebDriver$ByteBuddy$M1gu5Zym.getPageSource(Unknown Source)\r\n\tat com.kms.katalon.core.aut.SeleniumAUT.getPageSource(SeleniumAUT.java:25)\r\n\tat com.kms.katalon.core.aut.WebAUT.getPageSource(WebAUT.java:16)\r\n\tat com.katalon.selfhealing.execution.healers.SelfHealingPipeline.lambda$1(SelfHealingPipeline.java:177)\r\n\tat com.kms.katalon.core.executionpipeline.SubExecutionPipeline.execute(SubExecutionPipeline.java:31)\r\n\tat com.kms.katalon.core.executionpipeline.SubExecutionPipeline.execute(SubExecutionPipeline.java:25)\r\n\tat com.kms.katalon.core.executionpipeline.ExecutionPipeline.execute(ExecutionPipeline.java:16)\r\n\tat com.katalon.selfhealing.execution.healers.SelfHealingPipeline.execute(SelfHealingPipeline.java:248)\r\n\tat com.kms.katalon.core.webui.keyword.internal.WebUIAbstractKeyword.findElemnentsWithSelfHealing(WebUIAbstractKeyword.java:215)\r\n\tat com.kms.katalon.core.webui.keyword.internal.WebUIAbstractKeyword.lambda$1(WebUIAbstractKeyword.java:126)\r\n\tat com.kms.katalon.core.webui.model.SeleniumActionRetryController.performAction(SeleniumActionRetryController.java:96)\r\n\tat com.kms.katalon.core.webui.model.SeleniumActionRetryController.performAction(SeleniumActionRetryController.java:83)\r\n\tat com.kms.katalon.core.webui.model.SeleniumActionRetryController.retry(SeleniumActionRetryController.java:49)\r\n\tat com.kms.katalon.core.webui.model.SeleniumActionRetryController.retry(SeleniumActionRetryController.java:44)\r\n\tat com.kms.katalon.core.webui.keyword.internal.WebUIAbstractKeyword.findWebElement(WebUIAbstractKeyword.java:116)\r\n\tat com.kms.katalon.core.webui.keyword.builtin.ClickKeyword$_click_closure1.doCall(ClickKeyword.groovy:52)\r\n\tat java.base/jdk.internal.reflect.DirectMethodHandleAccessor.invoke(DirectMethodHandleAccessor.java:103)\r\n\tat jdk.proxy2/jdk.proxy2.$Proxy56.execute(Unknown Source)\r\n\tat com.kms.katalon.core.webui.model.SeleniumActionRetryController.performAction(SeleniumActionRetryController.java:96)\r\n\tat com.kms.katalon.core.webui.model.SeleniumActionRetryController.performAction(SeleniumActionRetryController.java:83)\r\n\tat com.kms.katalon.core.webui.keyword.internal.WebUIKeywordMain$_runKeywordUntilTimeout_closure1.doCall(WebUIKeywordMain.groovy:135)\r\n\tat com.kms.katalon.core.webui.keyword.internal.WebUIKeywordMain$_runKeywordUntilTimeout_closure1.call(WebUIKeywordMain.groovy)\r\n\tat com.kms.katalon.core.webui.keyword.internal.WebUIKeywordMain.runKeyword(WebUIKeywordMain.groovy:41)\r\n\t... 38 more\r\n)
2026-05-26 16:16:14.223 ERROR c.k.katalon.core.main.TestCaseExecutor   - ❌ Test Cases/Setup/TC_Prepare_Task FAILED.\nReason:\ncom.kms.katalon.core.exception.StepFailedException: Call Test Case 'Test Cases/Navigation/TC_Open_Task_Module' failed\r\n\tat com.kms.katalon.core.keyword.builtin.CallTestCaseKeyword$_callTestCase_closure1.doCall(CallTestCaseKeyword.groovy:63)\r\n\tat com.kms.katalon.core.keyword.builtin.CallTestCaseKeyword$_callTestCase_closure1.call(CallTestCaseKeyword.groovy)\r\n\tat com.kms.katalon.core.keyword.internal.KeywordMain.runKeyword(KeywordMain.groovy:75)\r\n\tat com.kms.katalon.core.keyword.builtin.CallTestCaseKeyword.callTestCase(CallTestCaseKeyword.groovy:81)\r\n\tat com.kms.katalon.core.keyword.builtin.CallTestCaseKeyword.execute(CallTestCaseKeyword.groovy:44)\r\n\tat com.kms.katalon.core.keyword.internal.KeywordExecutor.executeKeywordForPlatform(KeywordExecutor.groovy:99)\r\n\tat com.kms.katalon.core.keyword.BuiltinKeywords.callTestCase(BuiltinKeywords.groovy:294)\r\n\tat java.base/jdk.internal.reflect.DirectMethodHandleAccessor.invoke(DirectMethodHandleAccessor.java:103)\r\n\tat TC_Prepare_Task.run(TC_Prepare_Task:22)\r\n\tat com.kms.katalon.core.main.ScriptEngine.run(ScriptEngine.java:203)\r\n\tat com.kms.katalon.core.main.ScriptEngine.runScriptAsRawText(ScriptEngine.java:115)\r\n\tat com.kms.katalon.core.main.TestCaseExecutor.runScript(TestCaseExecutor.java:504)\r\n\tat com.kms.katalon.core.main.TestCaseExecutor.doExecute(TestCaseExecutor.java:495)\r\n\tat com.kms.katalon.core.main.TestCaseExecutor.processExecutionPhase(TestCaseExecutor.java:474)\r\n\tat com.kms.katalon.core.main.TestCaseExecutor.accessMainPhase(TestCaseExecutor.java:466)\r\n\tat com.kms.katalon.core.main.TestCaseExecutor.execute(TestCaseExecutor.java:336)\r\n\tat com.kms.katalon.core.main.TestCaseExecutor.execute(TestCaseExecutor.java:424)\r\n\tat com.kms.katalon.core.main.TestCaseExecutor.execute(TestCaseExecutor.java:424)\r\n\tat com.kms.katalon.core.common.CommonExecutor.accessTestCaseMainPhase(CommonExecutor.java:71)\r\n\tat com.kms.katalon.core.main.TestSuiteExecutor.accessTestSuiteMainPhase(TestSuiteExecutor.java:153)\r\n\tat com.kms.katalon.core.main.TestSuiteExecutor.execute(TestSuiteExecutor.java:110)\r\n\tat com.kms.katalon.core.main.TestCaseMain.startTestSuite(TestCaseMain.java:206)\r\n\tat S0526_48.run(S0526_48.groovy:40)\r\n\tat java.base/jdk.internal.reflect.DirectMethodHandleAccessor.invoke(DirectMethodHandleAccessor.java:103)\r\nCaused by: com.kms.katalon.core.exception.StepFailedException: Unable to click on object 'Object Repository/Page_1Gov/p_Automate Government MDAs critical operations,'\r\n\tat com.kms.katalon.core.webui.keyword.internal.WebUIKeywordMain.stepFailed(WebUIKeywordMain.groovy:177)\r\n\tat com.kms.katalon.core.webui.keyword.internal.WebUIKeywordMain.runKeyword(WebUIKeywordMain.groovy:49)\r\n\tat com.kms.katalon.core.webui.keyword.internal.WebUIKeywordMain.runKeywordUntilTimeout(WebUIKeywordMain.groovy:133)\r\n\tat com.kms.katalon.core.webui.keyword.builtin.ClickKeyword.click(ClickKeyword.groovy:72)\r\n\tat com.kms.katalon.core.webui.keyword.builtin.ClickKeyword.execute(ClickKeyword.groovy:38)\r\n\tat com.kms.katalon.core.keyword.internal.KeywordExecutor.executeKeywordForPlatform(KeywordExecutor.groovy:99)\r\n\tat com.kms.katalon.core.webui.keyword.WebUiBuiltInKeywords.click(WebUiBuiltInKeywords.groovy:722)\r\n\tat TC_Open_Task_Module.run(TC_Open_Task_Module:20)\r\n\tat com.kms.katalon.core.main.ScriptEngine.run(ScriptEngine.java:203)\r\n\tat com.kms.katalon.core.main.ScriptEngine.runScriptAsRawText(ScriptEngine.java:115)\r\n\tat com.kms.katalon.core.main.TestCaseExecutor.runScript(TestCaseExecutor.java:504)\r\n\tat com.kms.katalon.core.main.TestCaseExecutor.doExecute(TestCaseExecutor.java:495)\r\n\tat com.kms.katalon.core.main.TestCaseExecutor.processExecutionPhase(TestCaseExecutor.java:474)\r\n\tat com.kms.katalon.core.main.TestCaseExecutor.accessMainPhase(TestCaseExecutor.java:466)\r\n\tat com.kms.katalon.core.main.TestCaseExecutor.execute(TestCaseExecutor.java:336)\r\n\tat com.kms.katalon.core.main.TestCaseMain.runTestCase(TestCaseMain.java:152)\r\n\tat com.kms.katalon.core.keyword.builtin.CallTestCaseKeyword$_callTestCase_closure1.doCall(CallTestCaseKeyword.groovy:59)\r\n\t... 23 more\r\nCaused by: org.openqa.selenium.NoSuchSessionException: invalid session id\nBuild info: version: '4.39.0', revision: '126f156aee'\nSystem info: os.name: 'Windows 11', os.arch: 'amd64', os.version: '10.0', java.version: '21.0.9'\nDriver info: com.kms.katalon.selenium.driver.CChromeDriver\nCommand: [bb96cc6229450566bbb3fbdeedea8c3d, getPageSource {}]\nCapabilities {acceptInsecureCerts: false, browserName: chrome, browserVersion: 148.0.7778.179, chrome: {chromedriverVersion: 148.0.7778.167 (65db666ac2c..., userDataDir: C:\Users\CROWN-~1\AppData\L...}, fedcm:accounts: true, goog:chromeOptions: {debuggerAddress: localhost:55403}, goog:processID: 44456, networkConnectionEnabled: false, pageLoadStrategy: normal, platformName: windows, proxy: Proxy(), se:cdp: ws://localhost:55403/devtoo..., se:cdpVersion: 148.0.7778.179, setWindowRect: true, strictFileInteractability: false, timeouts: {implicit: 0, pageLoad: 300000, script: 30000}, unhandledPromptBehavior: {alert: ignore, beforeUnload: ignore, confirm: ignore, default: ignore, file: ignore, prompt: ignore}, webSocketUrl: ws://localhost:12065/sessio..., webauthn:extension:credBlob: true, webauthn:extension:largeBlob: true, webauthn:extension:minPinLength: true, webauthn:extension:prf: true, webauthn:virtualAuthenticators: true}\nSession ID: bb96cc6229450566bbb3fbdeedea8c3d\r\n\tat java.base/jdk.internal.reflect.DirectConstructorHandleAccessor.newInstance(DirectConstructorHandleAccessor.java:62)\r\n\tat org.openqa.selenium.remote.ErrorCodec.decode(ErrorCodec.java:167)\r\n\tat org.openqa.selenium.remote.codec.w3c.W3CHttpResponseCodec.decode(W3CHttpResponseCodec.java:142)\r\n\tat org.openqa.selenium.remote.codec.w3c.W3CHttpResponseCodec.decode(W3CHttpResponseCodec.java:49)\r\n\tat org.openqa.selenium.remote.HttpCommandExecutor.execute(HttpCommandExecutor.java:215)\r\n\tat org.openqa.selenium.remote.service.DriverCommandExecutor.invokeExecute(DriverCommandExecutor.java:216)\r\n\tat org.openqa.selenium.remote.service.DriverCommandExecutor.execute(DriverCommandExecutor.java:174)\r\n\tat org.openqa.selenium.remote.RemoteWebDriver.execute(RemoteWebDriver.java:561)\r\n\tat org.openqa.selenium.remote.RemoteWebDriver.execute(RemoteWebDriver.java:638)\r\n\tat com.kms.katalon.selenium.driver.CChromeDriver.execute(CChromeDriver.java:22)\r\n\tat org.openqa.selenium.remote.RemoteWebDriver.execute(RemoteWebDriver.java:642)\r\n\tat org.openqa.selenium.remote.RemoteWebDriver.getPageSource(RemoteWebDriver.java:410)\r\n\tat java.base/jdk.internal.reflect.DirectMethodHandleAccessor.invoke(DirectMethodHandleAccessor.java:103)\r\n\tat org.openqa.selenium.support.decorators.WebDriverDecorator.call(WebDriverDecorator.java:326)\r\n\tat org.openqa.selenium.support.decorators.DefaultDecorated.call(DefaultDecorated.java:48)\r\n\tat org.openqa.selenium.support.decorators.WebDriverDecorator.lambda$createProxyFactory$3(WebDriverDecorator.java:416)\r\n\tat org.openqa.selenium.remote.RemoteWebDriver$ByteBuddy$M1gu5Zym.getPageSource(Unknown Source)\r\n\tat com.kms.katalon.core.aut.SeleniumAUT.getPageSource(SeleniumAUT.java:25)\r\n\tat com.kms.katalon.core.aut.WebAUT.getPageSource(WebAUT.java:16)\r\n\tat com.katalon.selfhealing.execution.healers.SelfHealingPipeline.lambda$1(SelfHealingPipeline.java:177)\r\n\tat com.kms.katalon.core.executionpipeline.SubExecutionPipeline.execute(SubExecutionPipeline.java:31)\r\n\tat com.kms.katalon.core.executionpipeline.SubExecutionPipeline.execute(SubExecutionPipeline.java:25)\r\n\tat com.kms.katalon.core.executionpipeline.ExecutionPipeline.execute(ExecutionPipeline.java:16)\r\n\tat com.katalon.selfhealing.execution.healers.SelfHealingPipeline.execute(SelfHealingPipeline.java:248)\r\n\tat com.kms.katalon.core.webui.keyword.internal.WebUIAbstractKeyword.findElemnentsWithSelfHealing(WebUIAbstractKeyword.java:215)\r\n\tat com.kms.katalon.core.webui.keyword.internal.WebUIAbstractKeyword.lambda$1(WebUIAbstractKeyword.java:126)\r\n\tat com.kms.katalon.core.webui.model.SeleniumActionRetryController.performAction(SeleniumActionRetryController.java:96)\r\n\tat com.kms.katalon.core.webui.model.SeleniumActionRetryController.performAction(SeleniumActionRetryController.java:83)\r\n\tat com.kms.katalon.core.webui.model.SeleniumActionRetryController.retry(SeleniumActionRetryController.java:49)\r\n\tat com.kms.katalon.core.webui.model.SeleniumActionRetryController.retry(SeleniumActionRetryController.java:44)\r\n\tat com.kms.katalon.core.webui.keyword.internal.WebUIAbstractKeyword.findWebElement(WebUIAbstractKeyword.java:116)\r\n\tat com.kms.katalon.core.webui.keyword.builtin.ClickKeyword$_click_closure1.doCall(ClickKeyword.groovy:52)\r\n\tat java.base/jdk.internal.reflect.DirectMethodHandleAccessor.invoke(DirectMethodHandleAccessor.java:103)\r\n\tat jdk.proxy2/jdk.proxy2.$Proxy56.execute(Unknown Source)\r\n\tat com.kms.katalon.core.webui.model.SeleniumActionRetryController.performAction(SeleniumActionRetryController.java:96)\r\n\tat com.kms.katalon.core.webui.model.SeleniumActionRetryController.performAction(SeleniumActionRetryController.java:83)\r\n\tat com.kms.katalon.core.webui.keyword.internal.WebUIKeywordMain$_runKeywordUntilTimeout_closure1.doCall(WebUIKeywordMain.groovy:135)\r\n\tat com.kms.katalon.core.webui.keyword.internal.WebUIKeywordMain$_runKeywordUntilTimeout_closure1.call(WebUIKeywordMain.groovy)\r\n\tat com.kms.katalon.core.webui.keyword.internal.WebUIKeywordMain.runKeyword(WebUIKeywordMain.groovy:41)\r\n\t... 38 more\r\n
2026-05-26 16:16:14.227 INFO  c.k.katalon.core.main.TestCaseExecutor   - END Test Cases/Setup/TC_Prepare_Task
2026-05-26 16:16:14.232 INFO  c.k.katalon.core.main.TestCaseExecutor   - --------------------
2026-05-26 16:16:14.232 INFO  c.k.katalon.core.main.TestCaseExecutor   - START Test Cases/Setup/TC_Prepare_Task - Retry attempt 3
2026-05-26 16:16:14.248 DEBUG testcase.TC_Prepare_Task                 - 1: callTestCase(findTestCase("Authentication/TC_Login"), [:], STOP_ON_FAILURE)
2026-05-26 16:16:14.320 INFO  c.k.katalon.core.main.TestCaseExecutor   - --------------------
2026-05-26 16:16:14.320 INFO  c.k.katalon.core.main.TestCaseExecutor   - CALL Test Cases/Authentication/TC_Login
2026-05-26 16:16:14.333 DEBUG testcase.TC_Login                        - 1: openBrowser("")
2026-05-26 16:16:14.334 WARN  c.k.k.core.webui.driver.DriverFactory    - A browser is already opened. Closing browser and opening a new one
2026-05-26 16:16:14.367 INFO  c.k.k.core.webui.driver.DriverFactory    - Starting 'Chrome' driver
2026-05-26 16:16:14.371 INFO  c.k.k.core.webui.driver.DriverFactory    - Action delay is set to 0 milliseconds
2026-05-26 16:16:15.824 INFO  c.k.k.core.webui.driver.DriverFactory    - sessionId = 225a5c05b78441a85e954eb01dfcce4b
2026-05-26 16:16:15.825 INFO  c.k.k.core.webui.driver.DriverFactory    - browser = Chrome 148.0.7778.179
2026-05-26 16:16:15.825 INFO  c.k.k.core.webui.driver.DriverFactory    - platform = Windows 11
2026-05-26 16:16:15.825 INFO  c.k.k.core.webui.driver.DriverFactory    - seleniumVersion = 4.39.0
2026-05-26 16:16:15.826 INFO  c.k.k.core.webui.driver.DriverFactory    - proxyInformation = ProxyInformation { proxyOption=NO_PROXY, proxyServerType=HTTP, username=, password=********, proxyServerAddress=, proxyServerPort=0, executionList="", isApplyToDesiredCapabilities=true }
2026-05-26 16:16:15.856 DEBUG testcase.TC_Login                        - 2: navigateToUrl("https://convergenceondemand.com/login")
2026-05-26 16:16:20.641 DEBUG testcase.TC_Login                        - 3: setText(findTestObject("Page_1Government Login/input_Enter your MDA"), "govtest")
2026-05-26 16:16:21.795 DEBUG testcase.TC_Login                        - 4: setText(findTestObject("Page_1Government Login/input_Enter Email"), "apisupport@cicod.com")
2026-05-26 16:16:22.524 DEBUG testcase.TC_Login                        - 5: setEncryptedText(findTestObject("Page_1Government Login/input_Enter password"), "9zJdpvfgkgtFa8MQRHGI0w==")
2026-05-26 16:16:22.929 DEBUG testcase.TC_Login                        - 6: click(findTestObject("Page_1Government Login/button_Login"))
2026-05-26 16:16:23.308 INFO  c.k.katalon.core.main.TestCaseExecutor   - END CALL Test Cases/Authentication/TC_Login
2026-05-26 16:16:23.308 INFO  c.k.katalon.core.main.TestCaseExecutor   - --------------------
2026-05-26 16:16:23.309 DEBUG testcase.TC_Prepare_Task                 - 2: callTestCase(findTestCase("Navigation/TC_Open_Task_Module"), [:], STOP_ON_FAILURE)
2026-05-26 16:16:23.374 INFO  c.k.katalon.core.main.TestCaseExecutor   - --------------------
2026-05-26 16:16:23.374 INFO  c.k.katalon.core.main.TestCaseExecutor   - CALL Test Cases/Navigation/TC_Open_Task_Module
2026-05-26 16:16:23.389 DEBUG testcase.TC_Open_Task_Module             - 1: click(findTestObject("Page_1Gov/p_Automate Government MDAs critical operations,"))
2026-05-26 16:17:13.322 INFO  c.k.katalon.core.main.TestCaseExecutor   - END CALL Test Cases/Navigation/TC_Open_Task_Module
2026-05-26 16:17:13.323 INFO  c.k.katalon.core.main.TestCaseExecutor   - --------------------
2026-05-26 16:17:13.323 DEBUG testcase.TC_Prepare_Task                 - 3: callTestCase(findTestCase("Setup/TC_Create_Task"), [:], STOP_ON_FAILURE)
2026-05-26 16:17:13.383 INFO  c.k.katalon.core.main.TestCaseExecutor   - --------------------
2026-05-26 16:17:13.383 INFO  c.k.katalon.core.main.TestCaseExecutor   - CALL Test Cases/Setup/TC_Create_Task
2026-05-26 16:17:13.398 DEBUG testcase.TC_Create_Task                  - 1: navigateToUrl("https://govtest.convergenceondemand.com/wfm/index.php?r=workOrder#active-tickets")
2026-05-26 16:17:13.414 DEBUG testcase.TC_Create_Task                  - 2: delay(5)
2026-05-26 16:17:18.430 DEBUG testcase.TC_Create_Task                  - 3: maximizeWindow()
2026-05-26 16:17:18.581 DEBUG testcase.TC_Create_Task                  - 4: click(findTestObject("Page_Work Order  Index- Workforce Manager/a_Create Task"))
2026-05-26 16:17:22.076 DEBUG testcase.TC_Create_Task                  - 5: click(findTestObject("Page_Work Order  Create- Workforce Manager/span_Select Queue"))
2026-05-26 16:17:26.094 DEBUG testcase.TC_Create_Task                  - 6: setText(findTestObject("Page_Work Order  Create- Workforce Manager/input_Search"), "aut")
2026-05-26 16:17:26.857 DEBUG testcase.TC_Create_Task                  - 7: click(findTestObject("Page_Work Order  Create- Workforce Manager/a_TEST AUTOMATION"))
2026-05-26 16:17:27.335 DEBUG testcase.TC_Create_Task                  - 8: click(findTestObject("Page_Work Order  Create- Workforce Manager/span_Select Queue Type"))
2026-05-26 16:17:31.229 DEBUG testcase.TC_Create_Task                  - 9: click(findTestObject("Page_Work Order  Create- Workforce Manager/span_Automated Testing"))
2026-05-26 16:17:31.660 DEBUG testcase.TC_Create_Task                  - 10: setText(findTestObject("Page_Work Order  Create- Workforce Manager/input_Task Title _"), "TEST AUTOMATION 10028791")
2026-05-26 16:17:35.261 DEBUG testcase.TC_Create_Task                  - 11: setText(findTestObject("Page_Work Order  Create- Workforce Manager/textarea_Description"), "Smoke Test")
2026-05-26 16:17:36.038 DEBUG testcase.TC_Create_Task                  - 12: setText(findTestObject("Page_Work Order  Create- Workforce Manager/input_Input First Name"), "Mr")
2026-05-26 16:17:36.758 DEBUG testcase.TC_Create_Task                  - 13: setText(findTestObject("Page_Work Order  Create- Workforce Manager/input_Input Last Name"), "Adekola")
2026-05-26 16:17:37.488 DEBUG testcase.TC_Create_Task                  - 14: setText(findTestObject("Page_Work Order  Create- Workforce Manager/input_Input Phone Number"), "Cole")
2026-05-26 16:17:38.241 DEBUG testcase.TC_Create_Task                  - 15: setText(findTestObject("Page_Work Order  Create- Workforce Manager/input_Input Email Address"), "testautomation@cicod.com")
2026-05-26 16:17:39.002 DEBUG testcase.TC_Create_Task                  - 16: setText(findTestObject("Page_Work Order  Create- Workforce Manager/input_house_no"), "45b")
2026-05-26 16:17:39.765 DEBUG testcase.TC_Create_Task                  - 17: setText(findTestObject("Page_Work Order  Create- Workforce Manager/input_street"), "Admiralty Way")
2026-05-26 16:17:40.472 DEBUG testcase.TC_Create_Task                  - 18: selectOptionByValue(findTestObject("Page_Work Order  Create- Workforce Manager/select_AngolaCameroonCongoEthopiaNigeriaSouth Af"), "Nigeria", false)
2026-05-26 16:17:41.068 DEBUG testcase.TC_Create_Task                  - 19: selectOptionByValue(findTestObject("Page_Work Order  Create- Workforce Manager/select_Select StateAbiaAbujaAdamawaAkwa IbomAnam"), "Lagos", false)
2026-05-26 16:17:41.734 DEBUG testcase.TC_Create_Task                  - 20: switchToWindowTitle("Work Order | Create- Workforce Manager")
2026-05-26 16:17:41.753 DEBUG testcase.TC_Create_Task                  - 21: click(findTestObject("Page_Work Order  Create- Workforce Manager/input_optionsRadios1"))
2026-05-26 16:17:42.153 DEBUG testcase.TC_Create_Task                  - 22: click(findTestObject("Page_Work Order  Create- Workforce Manager/input_optionsChecks1"))
2026-05-26 16:17:42.522 DEBUG testcase.TC_Create_Task                  - 23: setText(findTestObject("Page_Work Order  Create- Workforce Manager/input_Select Date"), "2026-05-20")
2026-05-26 16:17:43.279 DEBUG testcase.TC_Create_Task                  - 24: filePath = getProjectDir() + "/Include/test-files/data_backup.png"
2026-05-26 16:17:43.280 DEBUG testcase.TC_Create_Task                  - 25: assert File(filePath).exists()
2026-05-26 16:17:43.280 DEBUG testcase.TC_Create_Task                  - 26: uploadObj = findTestObject("Page_Work Order  Create- Workforce Manager/input_take-photo-input-selected_file")
2026-05-26 16:17:43.292 DEBUG testcase.TC_Create_Task                  - 27: waitForElementPresent(uploadObj, 10)
2026-05-26 16:17:43.551 DEBUG testcase.TC_Create_Task                  - 28: uploadFile(uploadObj, filePath)
2026-05-26 16:17:43.811 WARN  c.k.k.c.w.k.builtin.UploadFileKeyword    - Cannot clear the existing file path in the input element. Continue to upload file.
2026-05-26 16:17:43.837 DEBUG testcase.TC_Create_Task                  - 29: click(findTestObject("Page_Work Order  Create- Workforce Manager/input_should_assign_ticket"))
2026-05-26 16:17:44.474 DEBUG testcase.TC_Create_Task                  - 30: selectOptionByValue(findTestObject("Page_Work Order  Create- Workforce Manager/select_assign-to-user"), "82", false)
2026-05-26 16:17:45.151 DEBUG testcase.TC_Create_Task                  - 31: waitForElementClickable(findTestObject("Page_Work Order  Create- Workforce Manager/button_Create"), 20)
2026-05-26 16:17:45.448 DEBUG testcase.TC_Create_Task                  - 32: click(findTestObject("Page_Work Order  Create- Workforce Manager/button_Create"))
2026-05-26 16:17:45.817 INFO  c.k.katalon.core.main.TestCaseExecutor   - END CALL Test Cases/Setup/TC_Create_Task
2026-05-26 16:17:45.817 INFO  c.k.katalon.core.main.TestCaseExecutor   - --------------------
2026-05-26 16:17:45.817 DEBUG testcase.TC_Prepare_Task                 - 4: callTestCase(findTestCase("Setup/TC_Open_Task_Details"), [:], STOP_ON_FAILURE)
2026-05-26 16:17:45.884 INFO  c.k.katalon.core.main.TestCaseExecutor   - --------------------
2026-05-26 16:17:45.884 INFO  c.k.katalon.core.main.TestCaseExecutor   - CALL Test Cases/Setup/TC_Open_Task_Details
2026-05-26 16:17:45.918 DEBUG testcase.TC_Open_Task_Details            - 1: waitForPageLoad(30)
2026-05-26 16:17:45.970 DEBUG testcase.TC_Open_Task_Details            - 2: delay(3)
2026-05-26 16:17:48.983 DEBUG testcase.TC_Open_Task_Details            - 3: modal = new com.kms.katalon.core.testobject.TestObject()
2026-05-26 16:17:48.983 DEBUG testcase.TC_Open_Task_Details            - 4: modal.addProperty("xpath", EQUALS, "//*[contains(text(),'Ticket ID')]")
2026-05-26 16:17:48.983 DEBUG testcase.TC_Open_Task_Details            - 5: waitForElementVisible(modal, 30)
2026-05-26 16:18:19.474 WARN  k.k.c.w.k.b.WaitForElementVisibleKeyword - Object '' is not visible after 30 second(s)
2026-05-26 16:18:19.478 DEBUG testcase.TC_Open_Task_Details            - 6: successMessage = getText(modal)
2026-05-26 16:18:19.749 DEBUG testcase.TC_Open_Task_Details            - 7: println("SUCCESS → " + successMessage)
SUCCESS → Task Created Successfully - Ticket ID: 16702
2026-05-26 16:18:19.755 DEBUG testcase.TC_Open_Task_Details            - 8: matcher = successMessage =~ "\d+"
2026-05-26 16:18:19.756 DEBUG testcase.TC_Open_Task_Details            - 9: if (!(matcher.find()))
2026-05-26 16:18:19.757 DEBUG testcase.TC_Open_Task_Details            - 10: ticketId = matcher.group()
2026-05-26 16:18:19.757 DEBUG testcase.TC_Open_Task_Details            - 11: println("Captured Ticket → " + ticketId)
Captured Ticket → 16702
2026-05-26 16:18:19.757 DEBUG testcase.TC_Open_Task_Details            - 12: click(findTestObject("Page_Work Order  Create- Workforce Manager/button_message-dismiss"))
2026-05-26 16:18:21.354 DEBUG testcase.TC_Open_Task_Details            - 13: waitForPageLoad(20)
2026-05-26 16:18:21.370 DEBUG testcase.TC_Open_Task_Details            - 14: delay(2)
2026-05-26 16:18:23.385 DEBUG testcase.TC_Open_Task_Details            - 15: click(findTestObject("Page_Work Order  Index- Workforce Manager/a_Created By Me"))
2026-05-26 16:18:24.114 DEBUG testcase.TC_Open_Task_Details            - 16: waitForPageLoad(10)
2026-05-26 16:18:24.122 DEBUG testcase.TC_Open_Task_Details            - 17: delay(3)
2026-05-26 16:18:27.137 DEBUG testcase.TC_Open_Task_Details            - 18: search = findTestObject("Page_Work Order  Index- Workforce Manager/input_Search")
2026-05-26 16:18:27.144 DEBUG testcase.TC_Open_Task_Details            - 19: waitForElementVisible(search, 30)
2026-05-26 16:18:27.427 DEBUG testcase.TC_Open_Task_Details            - 20: click(search)
2026-05-26 16:18:27.807 DEBUG testcase.TC_Open_Task_Details            - 21: clearText(search)
2026-05-26 16:18:28.518 DEBUG testcase.TC_Open_Task_Details            - 22: setText(search, ticketId)
2026-05-26 16:18:29.209 DEBUG testcase.TC_Open_Task_Details            - 23: sendKeys(search, Keys.chord(ENTER))
2026-05-26 16:18:29.525 DEBUG testcase.TC_Open_Task_Details            - 24: println("Searching → " + ticketId)
Searching → 16702
2026-05-26 16:18:29.526 DEBUG testcase.TC_Open_Task_Details            - 25: delay(8)
2026-05-26 16:18:37.540 DEBUG testcase.TC_Open_Task_Details            - 26: row = new com.kms.katalon.core.testobject.TestObject()
2026-05-26 16:18:37.541 DEBUG testcase.TC_Open_Task_Details            - 27: row.addProperty("xpath", EQUALS, //tr[.//*[contains(text(),'$ticketId')]])
2026-05-26 16:18:37.542 DEBUG testcase.TC_Open_Task_Details            - 28: found = waitForElementPresent(row, 30)
2026-05-26 16:18:37.806 DEBUG testcase.TC_Open_Task_Details            - 29: if (!(found))
2026-05-26 16:18:37.806 DEBUG testcase.TC_Open_Task_Details            - 30: println("Ticket row found")
Ticket row found
2026-05-26 16:18:37.807 DEBUG testcase.TC_Open_Task_Details            - 31: titleLink = new com.kms.katalon.core.testobject.TestObject()
2026-05-26 16:18:37.807 DEBUG testcase.TC_Open_Task_Details            - 32: titleLink.addProperty("xpath", EQUALS, (//tr[.//*[contains(text(),'$ticketId')]]//td[3]//a) | (//tr[.//*[contains(text(),'$ticketId')]]//td[3]//*[self::span or self::div]))
2026-05-26 16:18:37.808 DEBUG testcase.TC_Open_Task_Details            - 33: waitForElementVisible(titleLink, 30)
2026-05-26 16:18:38.094 DEBUG testcase.TC_Open_Task_Details            - 34: scrollToElement(titleLink, 10)
2026-05-26 16:18:38.385 DEBUG testcase.TC_Open_Task_Details            - 35: link = findWebElement(titleLink, 20)
2026-05-26 16:18:38.649 DEBUG testcase.TC_Open_Task_Details            - 36: executeJavaScript("\narguments[0].scrollIntoView({\nblock:'center'\n});\n", Arrays.asList(link))
2026-05-26 16:18:38.661 DEBUG testcase.TC_Open_Task_Details            - 37: delay(2)
2026-05-26 16:18:40.677 DEBUG testcase.TC_Open_Task_Details            - 38: println("Opening ticket")
Opening ticket
2026-05-26 16:18:40.678 DEBUG testcase.TC_Open_Task_Details            - 39: try
2026-05-26 16:18:40.679 DEBUG testcase.TC_Open_Task_Details            - 1: click(titleLink)
2026-05-26 16:18:44.971 DEBUG testcase.TC_Open_Task_Details            - 42: opened = false
2026-05-26 16:18:44.971 DEBUG testcase.TC_Open_Task_Details            - 43: for ([i = 0, i < 30, (i++)])
2026-05-26 16:18:44.972 DEBUG testcase.TC_Open_Task_Details            - 1: delay(1)
2026-05-26 16:18:45.982 DEBUG testcase.TC_Open_Task_Details            - 2: details = new com.kms.katalon.core.testobject.TestObject()
2026-05-26 16:18:45.983 DEBUG testcase.TC_Open_Task_Details            - 3: details.addProperty("xpath", EQUALS, "\n//*[contains(text(),'Priority')]\n|\n//*[contains(text(),'Task Details')]\n|\n//*[contains(text(),'Queue')]\n")
2026-05-26 16:18:45.984 DEBUG testcase.TC_Open_Task_Details            - 4: if (verifyElementPresent(details, 1, OPTIONAL))
2026-05-26 16:18:47.316 DEBUG testcase.TC_Open_Task_Details            - 1: opened = true
2026-05-26 16:18:47.317 DEBUG testcase.TC_Open_Task_Details            - 2: break
2026-05-26 16:18:47.317 DEBUG testcase.TC_Open_Task_Details            - 44: if (!(opened))
2026-05-26 16:18:47.318 DEBUG testcase.TC_Open_Task_Details            - 45: println("TASK DETAILS OPENED → " + ticketId)
TASK DETAILS OPENED → 16702
2026-05-26 16:18:47.320 INFO  c.k.katalon.core.main.TestCaseExecutor   - END CALL Test Cases/Setup/TC_Open_Task_Details
2026-05-26 16:18:47.320 INFO  c.k.katalon.core.main.TestCaseExecutor   - --------------------
2026-05-26 16:18:47.320 DEBUG testcase.TC_Prepare_Task                 - 5: callTestCase(findTestCase("TaskActions/Uploads/Upload_File_From_Govdrive"), [:], STOP_ON_FAILURE)
2026-05-26 16:18:47.383 INFO  c.k.katalon.core.main.TestCaseExecutor   - --------------------
2026-05-26 16:18:47.383 INFO  c.k.katalon.core.main.TestCaseExecutor   - CALL Test Cases/TaskActions/Uploads/Upload_File_From_Govdrive
2026-05-26 16:18:47.415 DEBUG testcase.Upload_File_From_Govdrive       - 1: driver = getWebDriver()
2026-05-26 16:18:47.415 DEBUG testcase.Upload_File_From_Govdrive       - 2: switchToDefaultContent()
2026-05-26 16:18:47.422 DEBUG testcase.Upload_File_From_Govdrive       - 3: waitForPageLoad(30)
2026-05-26 16:18:47.432 DEBUG testcase.Upload_File_From_Govdrive       - 4: println("Starting upload flow")
Starting upload flow
2026-05-26 16:18:47.432 DEBUG testcase.Upload_File_From_Govdrive       - 5: waitForElementVisible(findTestObject("Page_Work Order  View- Workforce Manager/a_dLabel"), 30)
2026-05-26 16:18:53.111 DEBUG testcase.Upload_File_From_Govdrive       - 6: waitForElementClickable(findTestObject("Page_Work Order  View- Workforce Manager/a_dLabel"), 30)
2026-05-26 16:18:54.189 DEBUG testcase.Upload_File_From_Govdrive       - 7: click(findTestObject("Page_Work Order  View- Workforce Manager/a_dLabel"))
2026-05-26 16:18:54.734 DEBUG testcase.Upload_File_From_Govdrive       - 8: println("Upload menu opened")
Upload menu opened
2026-05-26 16:18:54.735 DEBUG testcase.Upload_File_From_Govdrive       - 9: waitForElementVisible(findTestObject("Page_Work Order  View- Workforce Manager/a_cde-upload"), 30)
2026-05-26 16:18:55.050 DEBUG testcase.Upload_File_From_Govdrive       - 10: waitForElementClickable(findTestObject("Page_Work Order  View- Workforce Manager/a_cde-upload"), 30)
2026-05-26 16:18:55.601 DEBUG testcase.Upload_File_From_Govdrive       - 11: try
2026-05-26 16:18:55.604 DEBUG testcase.Upload_File_From_Govdrive       - 1: click(findTestObject("Page_Work Order  View- Workforce Manager/a_cde-upload"))
2026-05-26 16:18:56.520 DEBUG testcase.Upload_File_From_Govdrive       - 14: println("GovDrive selected")
GovDrive selected
2026-05-26 16:18:56.522 DEBUG testcase.Upload_File_From_Govdrive       - 15: switchToDefaultContent()
2026-05-26 16:18:56.543 DEBUG testcase.Upload_File_From_Govdrive       - 16: waitForElementVisible(findTestObject("Page_Work Order  View- Workforce Manager/iframe_cde-widget"), 30)
2026-05-26 16:18:56.958 DEBUG testcase.Upload_File_From_Govdrive       - 17: switched = false
2026-05-26 16:18:56.960 DEBUG testcase.Upload_File_From_Govdrive       - 18: for ([i = 0, i < 3, (i++)])
2026-05-26 16:18:56.961 DEBUG testcase.Upload_File_From_Govdrive       - 1: try
2026-05-26 16:18:56.961 DEBUG testcase.Upload_File_From_Govdrive       - 1: switchToFrame(findTestObject("Page_Work Order  View- Workforce Manager/iframe_cde-widget"), 10)
2026-05-26 16:18:58.377 DEBUG testcase.Upload_File_From_Govdrive       - 2: switched = true
2026-05-26 16:18:58.379 DEBUG testcase.Upload_File_From_Govdrive       - 3: break
2026-05-26 16:18:58.380 DEBUG testcase.Upload_File_From_Govdrive       - 19: if (!(switched))
2026-05-26 16:18:58.381 DEBUG testcase.Upload_File_From_Govdrive       - 20: println("Inside iframe")
Inside iframe
2026-05-26 16:18:58.383 DEBUG testcase.Upload_File_From_Govdrive       - 21: delay(5)
2026-05-26 16:19:03.399 DEBUG testcase.Upload_File_From_Govdrive       - 22: println("Waiting for files to appear...")
Waiting for files to appear...
2026-05-26 16:19:03.400 DEBUG testcase.Upload_File_From_Govdrive       - 23: found = false
2026-05-26 16:19:03.400 DEBUG testcase.Upload_File_From_Govdrive       - 24: checkbox = null
2026-05-26 16:19:03.400 DEBUG testcase.Upload_File_From_Govdrive       - 25: for ([i = 0, i < 20, (i++)])
2026-05-26 16:19:03.401 DEBUG testcase.Upload_File_From_Govdrive       - 1: checkboxes = driver.findElements(By.xpath("//input[@type='checkbox'] | //*[@role='checkbox']"))
2026-05-26 16:19:03.454 DEBUG testcase.Upload_File_From_Govdrive       - 2: println("Checkbox count = " + checkboxes.size())
Checkbox count = 0
2026-05-26 16:19:03.457 DEBUG testcase.Upload_File_From_Govdrive       - 3: if (!(checkboxes.isEmpty()))
2026-05-26 16:19:03.459 DEBUG testcase.Upload_File_From_Govdrive       - 4: delay(2)
2026-05-26 16:19:05.491 DEBUG testcase.Upload_File_From_Govdrive       - 1: checkboxes = driver.findElements(By.xpath("//input[@type='checkbox'] | //*[@role='checkbox']"))
2026-05-26 16:19:05.527 DEBUG testcase.Upload_File_From_Govdrive       - 2: println("Checkbox count = " + checkboxes.size())
Checkbox count = 0
2026-05-26 16:19:05.528 DEBUG testcase.Upload_File_From_Govdrive       - 3: if (!(checkboxes.isEmpty()))
2026-05-26 16:19:05.529 DEBUG testcase.Upload_File_From_Govdrive       - 4: delay(2)
2026-05-26 16:19:07.535 DEBUG testcase.Upload_File_From_Govdrive       - 1: checkboxes = driver.findElements(By.xpath("//input[@type='checkbox'] | //*[@role='checkbox']"))
2026-05-26 16:19:07.574 DEBUG testcase.Upload_File_From_Govdrive       - 2: println("Checkbox count = " + checkboxes.size())
Checkbox count = 0
2026-05-26 16:19:07.575 DEBUG testcase.Upload_File_From_Govdrive       - 3: if (!(checkboxes.isEmpty()))
2026-05-26 16:19:07.576 DEBUG testcase.Upload_File_From_Govdrive       - 4: delay(2)
2026-05-26 16:19:09.600 DEBUG testcase.Upload_File_From_Govdrive       - 1: checkboxes = driver.findElements(By.xpath("//input[@type='checkbox'] | //*[@role='checkbox']"))
2026-05-26 16:19:09.647 DEBUG testcase.Upload_File_From_Govdrive       - 2: println("Checkbox count = " + checkboxes.size())
Checkbox count = 0
2026-05-26 16:19:09.647 DEBUG testcase.Upload_File_From_Govdrive       - 3: if (!(checkboxes.isEmpty()))
2026-05-26 16:19:09.648 DEBUG testcase.Upload_File_From_Govdrive       - 4: delay(2)
2026-05-26 16:19:11.658 DEBUG testcase.Upload_File_From_Govdrive       - 1: checkboxes = driver.findElements(By.xpath("//input[@type='checkbox'] | //*[@role='checkbox']"))
2026-05-26 16:19:11.674 DEBUG testcase.Upload_File_From_Govdrive       - 2: println("Checkbox count = " + checkboxes.size())
Checkbox count = 0
2026-05-26 16:19:11.675 DEBUG testcase.Upload_File_From_Govdrive       - 3: if (!(checkboxes.isEmpty()))
2026-05-26 16:19:11.675 DEBUG testcase.Upload_File_From_Govdrive       - 4: delay(2)
2026-05-26 16:19:13.687 DEBUG testcase.Upload_File_From_Govdrive       - 1: checkboxes = driver.findElements(By.xpath("//input[@type='checkbox'] | //*[@role='checkbox']"))
2026-05-26 16:19:13.714 DEBUG testcase.Upload_File_From_Govdrive       - 2: println("Checkbox count = " + checkboxes.size())
Checkbox count = 0
2026-05-26 16:19:13.715 DEBUG testcase.Upload_File_From_Govdrive       - 3: if (!(checkboxes.isEmpty()))
2026-05-26 16:19:13.716 DEBUG testcase.Upload_File_From_Govdrive       - 4: delay(2)
2026-05-26 16:19:15.720 DEBUG testcase.Upload_File_From_Govdrive       - 1: checkboxes = driver.findElements(By.xpath("//input[@type='checkbox'] | //*[@role='checkbox']"))
2026-05-26 16:19:15.739 DEBUG testcase.Upload_File_From_Govdrive       - 2: println("Checkbox count = " + checkboxes.size())
Checkbox count = 0
2026-05-26 16:19:15.740 DEBUG testcase.Upload_File_From_Govdrive       - 3: if (!(checkboxes.isEmpty()))
2026-05-26 16:19:15.740 DEBUG testcase.Upload_File_From_Govdrive       - 4: delay(2)
2026-05-26 16:19:17.758 DEBUG testcase.Upload_File_From_Govdrive       - 1: checkboxes = driver.findElements(By.xpath("//input[@type='checkbox'] | //*[@role='checkbox']"))
2026-05-26 16:19:17.786 DEBUG testcase.Upload_File_From_Govdrive       - 2: println("Checkbox count = " + checkboxes.size())
Checkbox count = 0
2026-05-26 16:19:17.787 DEBUG testcase.Upload_File_From_Govdrive       - 3: if (!(checkboxes.isEmpty()))
2026-05-26 16:19:17.787 DEBUG testcase.Upload_File_From_Govdrive       - 4: delay(2)
2026-05-26 16:19:19.797 DEBUG testcase.Upload_File_From_Govdrive       - 1: checkboxes = driver.findElements(By.xpath("//input[@type='checkbox'] | //*[@role='checkbox']"))
2026-05-26 16:19:19.819 DEBUG testcase.Upload_File_From_Govdrive       - 2: println("Checkbox count = " + checkboxes.size())
Checkbox count = 0
2026-05-26 16:19:19.820 DEBUG testcase.Upload_File_From_Govdrive       - 3: if (!(checkboxes.isEmpty()))
2026-05-26 16:19:19.822 DEBUG testcase.Upload_File_From_Govdrive       - 4: delay(2)
2026-05-26 16:19:21.832 DEBUG testcase.Upload_File_From_Govdrive       - 1: checkboxes = driver.findElements(By.xpath("//input[@type='checkbox'] | //*[@role='checkbox']"))
2026-05-26 16:19:21.850 DEBUG testcase.Upload_File_From_Govdrive       - 2: println("Checkbox count = " + checkboxes.size())
Checkbox count = 0
2026-05-26 16:19:21.851 DEBUG testcase.Upload_File_From_Govdrive       - 3: if (!(checkboxes.isEmpty()))
2026-05-26 16:19:21.851 DEBUG testcase.Upload_File_From_Govdrive       - 4: delay(2)
2026-05-26 16:19:23.858 DEBUG testcase.Upload_File_From_Govdrive       - 1: checkboxes = driver.findElements(By.xpath("//input[@type='checkbox'] | //*[@role='checkbox']"))
2026-05-26 16:19:23.890 DEBUG testcase.Upload_File_From_Govdrive       - 2: println("Checkbox count = " + checkboxes.size())
Checkbox count = 0
2026-05-26 16:19:23.891 DEBUG testcase.Upload_File_From_Govdrive       - 3: if (!(checkboxes.isEmpty()))
2026-05-26 16:19:23.891 DEBUG testcase.Upload_File_From_Govdrive       - 4: delay(2)
2026-05-26 16:19:25.900 DEBUG testcase.Upload_File_From_Govdrive       - 1: checkboxes = driver.findElements(By.xpath("//input[@type='checkbox'] | //*[@role='checkbox']"))
2026-05-26 16:19:25.932 DEBUG testcase.Upload_File_From_Govdrive       - 2: println("Checkbox count = " + checkboxes.size())
Checkbox count = 0
2026-05-26 16:19:25.934 DEBUG testcase.Upload_File_From_Govdrive       - 3: if (!(checkboxes.isEmpty()))
2026-05-26 16:19:25.934 DEBUG testcase.Upload_File_From_Govdrive       - 4: delay(2)
2026-05-26 16:19:27.948 DEBUG testcase.Upload_File_From_Govdrive       - 1: checkboxes = driver.findElements(By.xpath("//input[@type='checkbox'] | //*[@role='checkbox']"))
2026-05-26 16:19:28.187 DEBUG testcase.Upload_File_From_Govdrive       - 2: println("Checkbox count = " + checkboxes.size())
Checkbox count = 6
2026-05-26 16:19:28.187 DEBUG testcase.Upload_File_From_Govdrive       - 3: if (!(checkboxes.isEmpty()))
2026-05-26 16:19:28.189 DEBUG testcase.Upload_File_From_Govdrive       - 1: checkbox = checkboxes[0]
2026-05-26 16:19:28.189 DEBUG testcase.Upload_File_From_Govdrive       - 2: driver.executeScript("arguments[0].scrollIntoView(true)", checkbox)
2026-05-26 16:19:28.197 DEBUG testcase.Upload_File_From_Govdrive       - 3: delay(1)
2026-05-26 16:19:29.210 DEBUG testcase.Upload_File_From_Govdrive       - 4: driver.executeScript("arguments[0].click();", checkbox)
2026-05-26 16:19:29.217 ERROR c.k.katalon.core.main.TestCaseExecutor   - ❌ Test Cases/TaskActions/Uploads/Upload_File_From_Govdrive FAILED.\nReason:\norg.openqa.selenium.NoSuchSessionException: invalid session id\nBuild info: version: '4.39.0', revision: '126f156aee'\nSystem info: os.name: 'Windows 11', os.arch: 'amd64', os.version: '10.0', java.version: '21.0.9'\nDriver info: com.kms.katalon.selenium.driver.CChromeDriver\nCommand: [225a5c05b78441a85e954eb01dfcce4b, executeScript {script=arguments[0].click();, args=[{element-6066-11e4-a52e-4f735466cecf=f.4DAC052CA3FEB4FE51CE0528B32FF850.d.1C08B71D40416BD199F0CE767F43DCB6.e.28805}]}]\nCapabilities {acceptInsecureCerts: false, browserName: chrome, browserVersion: 148.0.7778.179, chrome: {chromedriverVersion: 148.0.7778.167 (65db666ac2c..., userDataDir: C:\Users\CROWN-~1\AppData\L...}, fedcm:accounts: true, goog:chromeOptions: {debuggerAddress: localhost:60209}, goog:processID: 37312, networkConnectionEnabled: false, pageLoadStrategy: normal, platformName: windows, proxy: Proxy(), se:cdp: ws://localhost:60209/devtoo..., se:cdpVersion: 148.0.7778.179, setWindowRect: true, strictFileInteractability: false, timeouts: {implicit: 0, pageLoad: 300000, script: 30000}, unhandledPromptBehavior: {alert: ignore, beforeUnload: ignore, confirm: ignore, default: ignore, file: ignore, prompt: ignore}, webSocketUrl: ws://localhost:37136/sessio..., webauthn:extension:credBlob: true, webauthn:extension:largeBlob: true, webauthn:extension:minPinLength: true, webauthn:extension:prf: true, webauthn:virtualAuthenticators: true}\nSession ID: 225a5c05b78441a85e954eb01dfcce4b\r\n\tat java.base/jdk.internal.reflect.DirectConstructorHandleAccessor.newInstance(DirectConstructorHandleAccessor.java:62)\r\n\tat org.openqa.selenium.remote.ErrorCodec.decode(ErrorCodec.java:167)\r\n\tat org.openqa.selenium.remote.codec.w3c.W3CHttpResponseCodec.decode(W3CHttpResponseCodec.java:142)\r\n\tat org.openqa.selenium.remote.codec.w3c.W3CHttpResponseCodec.decode(W3CHttpResponseCodec.java:49)\r\n\tat org.openqa.selenium.remote.HttpCommandExecutor.execute(HttpCommandExecutor.java:215)\r\n\tat org.openqa.selenium.remote.service.DriverCommandExecutor.invokeExecute(DriverCommandExecutor.java:216)\r\n\tat org.openqa.selenium.remote.service.DriverCommandExecutor.execute(DriverCommandExecutor.java:174)\r\n\tat org.openqa.selenium.remote.RemoteWebDriver.execute(RemoteWebDriver.java:561)\r\n\tat org.openqa.selenium.remote.RemoteWebDriver.executeScript(RemoteWebDriver.java:492)\r\n\tat java.base/jdk.internal.reflect.DirectMethodHandleAccessor.invoke(DirectMethodHandleAccessor.java:103)\r\n\tat org.openqa.selenium.support.decorators.WebDriverDecorator.call(WebDriverDecorator.java:326)\r\n\tat org.openqa.selenium.support.decorators.DefaultDecorated.call(DefaultDecorated.java:48)\r\n\tat org.openqa.selenium.support.decorators.WebDriverDecorator.lambda$createProxyFactory$3(WebDriverDecorator.java:416)\r\n\tat org.openqa.selenium.remote.RemoteWebDriver$ByteBuddy$R84BUx1H.executeScript(Unknown Source)\r\n\tat Upload_File_From_Govdrive.run(Upload_File_From_Govdrive:174)\r\n\tat com.kms.katalon.core.main.ScriptEngine.run(ScriptEngine.java:203)\r\n\tat com.kms.katalon.core.main.ScriptEngine.runScriptAsRawText(ScriptEngine.java:115)\r\n\tat com.kms.katalon.core.main.TestCaseExecutor.runScript(TestCaseExecutor.java:504)\r\n\tat com.kms.katalon.core.main.TestCaseExecutor.doExecute(TestCaseExecutor.java:495)\r\n\tat com.kms.katalon.core.main.TestCaseExecutor.processExecutionPhase(TestCaseExecutor.java:474)\r\n\tat com.kms.katalon.core.main.TestCaseExecutor.accessMainPhase(TestCaseExecutor.java:466)\r\n\tat com.kms.katalon.core.main.TestCaseExecutor.execute(TestCaseExecutor.java:336)\r\n\tat com.kms.katalon.core.main.TestCaseMain.runTestCase(TestCaseMain.java:152)\r\n\tat com.kms.katalon.core.keyword.builtin.CallTestCaseKeyword$_callTestCase_closure1.doCall(CallTestCaseKeyword.groovy:59)\r\n\tat com.kms.katalon.core.keyword.builtin.CallTestCaseKeyword$_callTestCase_closure1.call(CallTestCaseKeyword.groovy)\r\n\tat com.kms.katalon.core.keyword.internal.KeywordMain.runKeyword(KeywordMain.groovy:75)\r\n\tat com.kms.katalon.core.keyword.builtin.CallTestCaseKeyword.callTestCase(CallTestCaseKeyword.groovy:81)\r\n\tat com.kms.katalon.core.keyword.builtin.CallTestCaseKeyword.execute(CallTestCaseKeyword.groovy:44)\r\n\tat com.kms.katalon.core.keyword.internal.KeywordExecutor.executeKeywordForPlatform(KeywordExecutor.groovy:99)\r\n\tat com.kms.katalon.core.keyword.BuiltinKeywords.callTestCase(BuiltinKeywords.groovy:294)\r\n\tat java.base/jdk.internal.reflect.DirectMethodHandleAccessor.invoke(DirectMethodHandleAccessor.java:103)\r\n\tat TC_Prepare_Task.run(TC_Prepare_Task:28)\r\n\tat com.kms.katalon.core.main.ScriptEngine.run(ScriptEngine.java:203)\r\n\tat com.kms.katalon.core.main.ScriptEngine.runScriptAsRawText(ScriptEngine.java:115)\r\n\tat com.kms.katalon.core.main.TestCaseExecutor.runScript(TestCaseExecutor.java:504)\r\n\tat com.kms.katalon.core.main.TestCaseExecutor.doExecute(TestCaseExecutor.java:495)\r\n\tat com.kms.katalon.core.main.TestCaseExecutor.processExecutionPhase(TestCaseExecutor.java:474)\r\n\tat com.kms.katalon.core.main.TestCaseExecutor.accessMainPhase(TestCaseExecutor.java:466)\r\n\tat com.kms.katalon.core.main.TestCaseExecutor.execute(TestCaseExecutor.java:336)\r\n\tat com.kms.katalon.core.main.TestCaseExecutor.execute(TestCaseExecutor.java:424)\r\n\tat com.kms.katalon.core.main.TestCaseExecutor.execute(TestCaseExecutor.java:424)\r\n\tat com.kms.katalon.core.main.TestCaseExecutor.execute(TestCaseExecutor.java:424)\r\n\tat com.kms.katalon.core.common.CommonExecutor.accessTestCaseMainPhase(CommonExecutor.java:71)\r\n\tat com.kms.katalon.core.main.TestSuiteExecutor.accessTestSuiteMainPhase(TestSuiteExecutor.java:153)\r\n\tat com.kms.katalon.core.main.TestSuiteExecutor.execute(TestSuiteExecutor.java:110)\r\n\tat com.kms.katalon.core.main.TestCaseMain.startTestSuite(TestCaseMain.java:206)\r\n\tat S0526_48.run(S0526_48.groovy:40)\r\n\tat java.base/jdk.internal.reflect.DirectMethodHandleAccessor.invoke(DirectMethodHandleAccessor.java:103)\r\n
2026-05-26 16:19:29.223 ERROR c.k.katalon.core.main.TestCaseExecutor   - ❌ Test Cases/TaskActions/Uploads/Upload_File_From_Govdrive FAILED.\nReason:\norg.openqa.selenium.NoSuchSessionException: invalid session id\nBuild info: version: '4.39.0', revision: '126f156aee'\nSystem info: os.name: 'Windows 11', os.arch: 'amd64', os.version: '10.0', java.version: '21.0.9'\nDriver info: com.kms.katalon.selenium.driver.CChromeDriver\nCommand: [225a5c05b78441a85e954eb01dfcce4b, executeScript {script=arguments[0].click();, args=[{element-6066-11e4-a52e-4f735466cecf=f.4DAC052CA3FEB4FE51CE0528B32FF850.d.1C08B71D40416BD199F0CE767F43DCB6.e.28805}]}]\nCapabilities {acceptInsecureCerts: false, browserName: chrome, browserVersion: 148.0.7778.179, chrome: {chromedriverVersion: 148.0.7778.167 (65db666ac2c..., userDataDir: C:\Users\CROWN-~1\AppData\L...}, fedcm:accounts: true, goog:chromeOptions: {debuggerAddress: localhost:60209}, goog:processID: 37312, networkConnectionEnabled: false, pageLoadStrategy: normal, platformName: windows, proxy: Proxy(), se:cdp: ws://localhost:60209/devtoo..., se:cdpVersion: 148.0.7778.179, setWindowRect: true, strictFileInteractability: false, timeouts: {implicit: 0, pageLoad: 300000, script: 30000}, unhandledPromptBehavior: {alert: ignore, beforeUnload: ignore, confirm: ignore, default: ignore, file: ignore, prompt: ignore}, webSocketUrl: ws://localhost:37136/sessio..., webauthn:extension:credBlob: true, webauthn:extension:largeBlob: true, webauthn:extension:minPinLength: true, webauthn:extension:prf: true, webauthn:virtualAuthenticators: true}\nSession ID: 225a5c05b78441a85e954eb01dfcce4b\r\n\tat java.base/jdk.internal.reflect.DirectConstructorHandleAccessor.newInstance(DirectConstructorHandleAccessor.java:62)\r\n\tat org.openqa.selenium.remote.ErrorCodec.decode(ErrorCodec.java:167)\r\n\tat org.openqa.selenium.remote.codec.w3c.W3CHttpResponseCodec.decode(W3CHttpResponseCodec.java:142)\r\n\tat org.openqa.selenium.remote.codec.w3c.W3CHttpResponseCodec.decode(W3CHttpResponseCodec.java:49)\r\n\tat org.openqa.selenium.remote.HttpCommandExecutor.execute(HttpCommandExecutor.java:215)\r\n\tat org.openqa.selenium.remote.service.DriverCommandExecutor.invokeExecute(DriverCommandExecutor.java:216)\r\n\tat org.openqa.selenium.remote.service.DriverCommandExecutor.execute(DriverCommandExecutor.java:174)\r\n\tat org.openqa.selenium.remote.RemoteWebDriver.execute(RemoteWebDriver.java:561)\r\n\tat org.openqa.selenium.remote.RemoteWebDriver.executeScript(RemoteWebDriver.java:492)\r\n\tat java.base/jdk.internal.reflect.DirectMethodHandleAccessor.invoke(DirectMethodHandleAccessor.java:103)\r\n\tat org.openqa.selenium.support.decorators.WebDriverDecorator.call(WebDriverDecorator.java:326)\r\n\tat org.openqa.selenium.support.decorators.DefaultDecorated.call(DefaultDecorated.java:48)\r\n\tat org.openqa.selenium.support.decorators.WebDriverDecorator.lambda$createProxyFactory$3(WebDriverDecorator.java:416)\r\n\tat org.openqa.selenium.remote.RemoteWebDriver$ByteBuddy$R84BUx1H.executeScript(Unknown Source)\r\n\tat Upload_File_From_Govdrive.run(Upload_File_From_Govdrive:174)\r\n\tat com.kms.katalon.core.main.ScriptEngine.run(ScriptEngine.java:203)\r\n\tat com.kms.katalon.core.main.ScriptEngine.runScriptAsRawText(ScriptEngine.java:115)\r\n\tat com.kms.katalon.core.main.TestCaseExecutor.runScript(TestCaseExecutor.java:504)\r\n\tat com.kms.katalon.core.main.TestCaseExecutor.doExecute(TestCaseExecutor.java:495)\r\n\tat com.kms.katalon.core.main.TestCaseExecutor.processExecutionPhase(TestCaseExecutor.java:474)\r\n\tat com.kms.katalon.core.main.TestCaseExecutor.accessMainPhase(TestCaseExecutor.java:466)\r\n\tat com.kms.katalon.core.main.TestCaseExecutor.execute(TestCaseExecutor.java:336)\r\n\tat com.kms.katalon.core.main.TestCaseMain.runTestCase(TestCaseMain.java:152)\r\n\tat com.kms.katalon.core.keyword.builtin.CallTestCaseKeyword$_callTestCase_closure1.doCall(CallTestCaseKeyword.groovy:59)\r\n\tat com.kms.katalon.core.keyword.builtin.CallTestCaseKeyword$_callTestCase_closure1.call(CallTestCaseKeyword.groovy)\r\n\tat com.kms.katalon.core.keyword.internal.KeywordMain.runKeyword(KeywordMain.groovy:75)\r\n\tat com.kms.katalon.core.keyword.builtin.CallTestCaseKeyword.callTestCase(CallTestCaseKeyword.groovy:81)\r\n\tat com.kms.katalon.core.keyword.builtin.CallTestCaseKeyword.execute(CallTestCaseKeyword.groovy:44)\r\n\tat com.kms.katalon.core.keyword.internal.KeywordExecutor.executeKeywordForPlatform(KeywordExecutor.groovy:99)\r\n\tat com.kms.katalon.core.keyword.BuiltinKeywords.callTestCase(BuiltinKeywords.groovy:294)\r\n\tat java.base/jdk.internal.reflect.DirectMethodHandleAccessor.invoke(DirectMethodHandleAccessor.java:103)\r\n\tat TC_Prepare_Task.run(TC_Prepare_Task:28)\r\n\tat com.kms.katalon.core.main.ScriptEngine.run(ScriptEngine.java:203)\r\n\tat com.kms.katalon.core.main.ScriptEngine.runScriptAsRawText(ScriptEngine.java:115)\r\n\tat com.kms.katalon.core.main.TestCaseExecutor.runScript(TestCaseExecutor.java:504)\r\n\tat com.kms.katalon.core.main.TestCaseExecutor.doExecute(TestCaseExecutor.java:495)\r\n\tat com.kms.katalon.core.main.TestCaseExecutor.processExecutionPhase(TestCaseExecutor.java:474)\r\n\tat com.kms.katalon.core.main.TestCaseExecutor.accessMainPhase(TestCaseExecutor.java:466)\r\n\tat com.kms.katalon.core.main.TestCaseExecutor.execute(TestCaseExecutor.java:336)\r\n\tat com.kms.katalon.core.main.TestCaseExecutor.execute(TestCaseExecutor.java:424)\r\n\tat com.kms.katalon.core.main.TestCaseExecutor.execute(TestCaseExecutor.java:424)\r\n\tat com.kms.katalon.core.main.TestCaseExecutor.execute(TestCaseExecutor.java:424)\r\n\tat com.kms.katalon.core.common.CommonExecutor.accessTestCaseMainPhase(CommonExecutor.java:71)\r\n\tat com.kms.katalon.core.main.TestSuiteExecutor.accessTestSuiteMainPhase(TestSuiteExecutor.java:153)\r\n\tat com.kms.katalon.core.main.TestSuiteExecutor.execute(TestSuiteExecutor.java:110)\r\n\tat com.kms.katalon.core.main.TestCaseMain.startTestSuite(TestCaseMain.java:206)\r\n\tat S0526_48.run(S0526_48.groovy:40)\r\n\tat java.base/jdk.internal.reflect.DirectMethodHandleAccessor.invoke(DirectMethodHandleAccessor.java:103)\r\n
2026-05-26 16:19:29.226 INFO  c.k.katalon.core.main.TestCaseExecutor   - END CALL Test Cases/TaskActions/Uploads/Upload_File_From_Govdrive
2026-05-26 16:19:29.226 INFO  c.k.katalon.core.main.TestCaseExecutor   - --------------------
2026-05-26 16:19:29.227 ERROR c.k.k.core.keyword.internal.KeywordMain  - ❌ Unable to call Test Case 'Test Cases/TaskActions/Uploads/Upload_File_From_Govdrive' (Root cause: com.kms.katalon.core.exception.StepErrorException: Call Test Case 'Test Cases/TaskActions/Uploads/Upload_File_From_Govdrive' failed because of error(s)\r\n\tat com.kms.katalon.core.keyword.builtin.CallTestCaseKeyword$_callTestCase_closure1.doCall(CallTestCaseKeyword.groovy:66)\r\n\tat com.kms.katalon.core.keyword.builtin.CallTestCaseKeyword$_callTestCase_closure1.call(CallTestCaseKeyword.groovy)\r\n\tat com.kms.katalon.core.keyword.internal.KeywordMain.runKeyword(KeywordMain.groovy:75)\r\n\tat com.kms.katalon.core.keyword.builtin.CallTestCaseKeyword.callTestCase(CallTestCaseKeyword.groovy:81)\r\n\tat com.kms.katalon.core.keyword.builtin.CallTestCaseKeyword.execute(CallTestCaseKeyword.groovy:44)\r\n\tat com.kms.katalon.core.keyword.internal.KeywordExecutor.executeKeywordForPlatform(KeywordExecutor.groovy:99)\r\n\tat com.kms.katalon.core.keyword.BuiltinKeywords.callTestCase(BuiltinKeywords.groovy:294)\r\n\tat java.base/jdk.internal.reflect.DirectMethodHandleAccessor.invoke(DirectMethodHandleAccessor.java:103)\r\n\tat TC_Prepare_Task.run(TC_Prepare_Task:28)\r\n\tat com.kms.katalon.core.main.ScriptEngine.run(ScriptEngine.java:203)\r\n\tat com.kms.katalon.core.main.ScriptEngine.runScriptAsRawText(ScriptEngine.java:115)\r\n\tat com.kms.katalon.core.main.TestCaseExecutor.runScript(TestCaseExecutor.java:504)\r\n\tat com.kms.katalon.core.main.TestCaseExecutor.doExecute(TestCaseExecutor.java:495)\r\n\tat com.kms.katalon.core.main.TestCaseExecutor.processExecutionPhase(TestCaseExecutor.java:474)\r\n\tat com.kms.katalon.core.main.TestCaseExecutor.accessMainPhase(TestCaseExecutor.java:466)\r\n\tat com.kms.katalon.core.main.TestCaseExecutor.execute(TestCaseExecutor.java:336)\r\n\tat com.kms.katalon.core.main.TestCaseExecutor.execute(TestCaseExecutor.java:424)\r\n\tat com.kms.katalon.core.main.TestCaseExecutor.execute(TestCaseExecutor.java:424)\r\n\tat com.kms.katalon.core.main.TestCaseExecutor.execute(TestCaseExecutor.java:424)\r\n\tat com.kms.katalon.core.common.CommonExecutor.accessTestCaseMainPhase(CommonExecutor.java:71)\r\n\tat com.kms.katalon.core.main.TestSuiteExecutor.accessTestSuiteMainPhase(TestSuiteExecutor.java:153)\r\n\tat com.kms.katalon.core.main.TestSuiteExecutor.execute(TestSuiteExecutor.java:110)\r\n\tat com.kms.katalon.core.main.TestCaseMain.startTestSuite(TestCaseMain.java:206)\r\n\tat S0526_48.run(S0526_48.groovy:40)\r\n\tat java.base/jdk.internal.reflect.DirectMethodHandleAccessor.invoke(DirectMethodHandleAccessor.java:103)\r\nCaused by: org.openqa.selenium.NoSuchSessionException: invalid session id\nBuild info: version: '4.39.0', revision: '126f156aee'\nSystem info: os.name: 'Windows 11', os.arch: 'amd64', os.version: '10.0', java.version: '21.0.9'\nDriver info: com.kms.katalon.selenium.driver.CChromeDriver\nCommand: [225a5c05b78441a85e954eb01dfcce4b, executeScript {script=arguments[0].click();, args=[{element-6066-11e4-a52e-4f735466cecf=f.4DAC052CA3FEB4FE51CE0528B32FF850.d.1C08B71D40416BD199F0CE767F43DCB6.e.28805}]}]\nCapabilities {acceptInsecureCerts: false, browserName: chrome, browserVersion: 148.0.7778.179, chrome: {chromedriverVersion: 148.0.7778.167 (65db666ac2c..., userDataDir: C:\Users\CROWN-~1\AppData\L...}, fedcm:accounts: true, goog:chromeOptions: {debuggerAddress: localhost:60209}, goog:processID: 37312, networkConnectionEnabled: false, pageLoadStrategy: normal, platformName: windows, proxy: Proxy(), se:cdp: ws://localhost:60209/devtoo..., se:cdpVersion: 148.0.7778.179, setWindowRect: true, strictFileInteractability: false, timeouts: {implicit: 0, pageLoad: 300000, script: 30000}, unhandledPromptBehavior: {alert: ignore, beforeUnload: ignore, confirm: ignore, default: ignore, file: ignore, prompt: ignore}, webSocketUrl: ws://localhost:37136/sessio..., webauthn:extension:credBlob: true, webauthn:extension:largeBlob: true, webauthn:extension:minPinLength: true, webauthn:extension:prf: true, webauthn:virtualAuthenticators: true}\nSession ID: 225a5c05b78441a85e954eb01dfcce4b\r\n\tat java.base/jdk.internal.reflect.DirectConstructorHandleAccessor.newInstance(DirectConstructorHandleAccessor.java:62)\r\n\tat org.openqa.selenium.remote.ErrorCodec.decode(ErrorCodec.java:167)\r\n\tat org.openqa.selenium.remote.codec.w3c.W3CHttpResponseCodec.decode(W3CHttpResponseCodec.java:142)\r\n\tat org.openqa.selenium.remote.codec.w3c.W3CHttpResponseCodec.decode(W3CHttpResponseCodec.java:49)\r\n\tat org.openqa.selenium.remote.HttpCommandExecutor.execute(HttpCommandExecutor.java:215)\r\n\tat org.openqa.selenium.remote.service.DriverCommandExecutor.invokeExecute(DriverCommandExecutor.java:216)\r\n\tat org.openqa.selenium.remote.service.DriverCommandExecutor.execute(DriverCommandExecutor.java:174)\r\n\tat org.openqa.selenium.remote.RemoteWebDriver.execute(RemoteWebDriver.java:561)\r\n\tat org.openqa.selenium.remote.RemoteWebDriver.executeScript(RemoteWebDriver.java:492)\r\n\tat java.base/jdk.internal.reflect.DirectMethodHandleAccessor.invoke(DirectMethodHandleAccessor.java:103)\r\n\tat org.openqa.selenium.support.decorators.WebDriverDecorator.call(WebDriverDecorator.java:326)\r\n\tat org.openqa.selenium.support.decorators.DefaultDecorated.call(DefaultDecorated.java:48)\r\n\tat org.openqa.selenium.support.decorators.WebDriverDecorator.lambda$createProxyFactory$3(WebDriverDecorator.java:416)\r\n\tat org.openqa.selenium.remote.RemoteWebDriver$ByteBuddy$R84BUx1H.executeScript(Unknown Source)\r\n\tat Upload_File_From_Govdrive.run(Upload_File_From_Govdrive:174)\r\n\tat com.kms.katalon.core.main.ScriptEngine.run(ScriptEngine.java:203)\r\n\tat com.kms.katalon.core.main.ScriptEngine.runScriptAsRawText(ScriptEngine.java:115)\r\n\tat com.kms.katalon.core.main.TestCaseExecutor.runScript(TestCaseExecutor.java:504)\r\n\tat com.kms.katalon.core.main.TestCaseExecutor.doExecute(TestCaseExecutor.java:495)\r\n\tat com.kms.katalon.core.main.TestCaseExecutor.processExecutionPhase(TestCaseExecutor.java:474)\r\n\tat com.kms.katalon.core.main.TestCaseExecutor.accessMainPhase(TestCaseExecutor.java:466)\r\n\tat com.kms.katalon.core.main.TestCaseExecutor.execute(TestCaseExecutor.java:336)\r\n\tat com.kms.katalon.core.main.TestCaseMain.runTestCase(TestCaseMain.java:152)\r\n\tat com.kms.katalon.core.keyword.builtin.CallTestCaseKeyword$_callTestCase_closure1.doCall(CallTestCaseKeyword.groovy:59)\r\n\t... 24 more\r\n)
2026-05-26 16:19:29.229 ERROR c.k.katalon.core.main.TestCaseExecutor   - ❌ Test Cases/Setup/TC_Prepare_Task FAILED.\nReason:\ncom.kms.katalon.core.exception.StepErrorException: Call Test Case 'Test Cases/TaskActions/Uploads/Upload_File_From_Govdrive' failed because of error(s)\r\n\tat com.kms.katalon.core.keyword.builtin.CallTestCaseKeyword$_callTestCase_closure1.doCall(CallTestCaseKeyword.groovy:66)\r\n\tat com.kms.katalon.core.keyword.builtin.CallTestCaseKeyword$_callTestCase_closure1.call(CallTestCaseKeyword.groovy)\r\n\tat com.kms.katalon.core.keyword.internal.KeywordMain.runKeyword(KeywordMain.groovy:75)\r\n\tat com.kms.katalon.core.keyword.builtin.CallTestCaseKeyword.callTestCase(CallTestCaseKeyword.groovy:81)\r\n\tat com.kms.katalon.core.keyword.builtin.CallTestCaseKeyword.execute(CallTestCaseKeyword.groovy:44)\r\n\tat com.kms.katalon.core.keyword.internal.KeywordExecutor.executeKeywordForPlatform(KeywordExecutor.groovy:99)\r\n\tat com.kms.katalon.core.keyword.BuiltinKeywords.callTestCase(BuiltinKeywords.groovy:294)\r\n\tat java.base/jdk.internal.reflect.DirectMethodHandleAccessor.invoke(DirectMethodHandleAccessor.java:103)\r\n\tat TC_Prepare_Task.run(TC_Prepare_Task:28)\r\n\tat com.kms.katalon.core.main.ScriptEngine.run(ScriptEngine.java:203)\r\n\tat com.kms.katalon.core.main.ScriptEngine.runScriptAsRawText(ScriptEngine.java:115)\r\n\tat com.kms.katalon.core.main.TestCaseExecutor.runScript(TestCaseExecutor.java:504)\r\n\tat com.kms.katalon.core.main.TestCaseExecutor.doExecute(TestCaseExecutor.java:495)\r\n\tat com.kms.katalon.core.main.TestCaseExecutor.processExecutionPhase(TestCaseExecutor.java:474)\r\n\tat com.kms.katalon.core.main.TestCaseExecutor.accessMainPhase(TestCaseExecutor.java:466)\r\n\tat com.kms.katalon.core.main.TestCaseExecutor.execute(TestCaseExecutor.java:336)\r\n\tat com.kms.katalon.core.main.TestCaseExecutor.execute(TestCaseExecutor.java:424)\r\n\tat com.kms.katalon.core.main.TestCaseExecutor.execute(TestCaseExecutor.java:424)\r\n\tat com.kms.katalon.core.main.TestCaseExecutor.execute(TestCaseExecutor.java:424)\r\n\tat com.kms.katalon.core.common.CommonExecutor.accessTestCaseMainPhase(CommonExecutor.java:71)\r\n\tat com.kms.katalon.core.main.TestSuiteExecutor.accessTestSuiteMainPhase(TestSuiteExecutor.java:153)\r\n\tat com.kms.katalon.core.main.TestSuiteExecutor.execute(TestSuiteExecutor.java:110)\r\n\tat com.kms.katalon.core.main.TestCaseMain.startTestSuite(TestCaseMain.java:206)\r\n\tat S0526_48.run(S0526_48.groovy:40)\r\n\tat java.base/jdk.internal.reflect.DirectMethodHandleAccessor.invoke(DirectMethodHandleAccessor.java:103)\r\nCaused by: org.openqa.selenium.NoSuchSessionException: invalid session id\nBuild info: version: '4.39.0', revision: '126f156aee'\nSystem info: os.name: 'Windows 11', os.arch: 'amd64', os.version: '10.0', java.version: '21.0.9'\nDriver info: com.kms.katalon.selenium.driver.CChromeDriver\nCommand: [225a5c05b78441a85e954eb01dfcce4b, executeScript {script=arguments[0].click();, args=[{element-6066-11e4-a52e-4f735466cecf=f.4DAC052CA3FEB4FE51CE0528B32FF850.d.1C08B71D40416BD199F0CE767F43DCB6.e.28805}]}]\nCapabilities {acceptInsecureCerts: false, browserName: chrome, browserVersion: 148.0.7778.179, chrome: {chromedriverVersion: 148.0.7778.167 (65db666ac2c..., userDataDir: C:\Users\CROWN-~1\AppData\L...}, fedcm:accounts: true, goog:chromeOptions: {debuggerAddress: localhost:60209}, goog:processID: 37312, networkConnectionEnabled: false, pageLoadStrategy: normal, platformName: windows, proxy: Proxy(), se:cdp: ws://localhost:60209/devtoo..., se:cdpVersion: 148.0.7778.179, setWindowRect: true, strictFileInteractability: false, timeouts: {implicit: 0, pageLoad: 300000, script: 30000}, unhandledPromptBehavior: {alert: ignore, beforeUnload: ignore, confirm: ignore, default: ignore, file: ignore, prompt: ignore}, webSocketUrl: ws://localhost:37136/sessio..., webauthn:extension:credBlob: true, webauthn:extension:largeBlob: true, webauthn:extension:minPinLength: true, webauthn:extension:prf: true, webauthn:virtualAuthenticators: true}\nSession ID: 225a5c05b78441a85e954eb01dfcce4b\r\n\tat java.base/jdk.internal.reflect.DirectConstructorHandleAccessor.newInstance(DirectConstructorHandleAccessor.java:62)\r\n\tat org.openqa.selenium.remote.ErrorCodec.decode(ErrorCodec.java:167)\r\n\tat org.openqa.selenium.remote.codec.w3c.W3CHttpResponseCodec.decode(W3CHttpResponseCodec.java:142)\r\n\tat org.openqa.selenium.remote.codec.w3c.W3CHttpResponseCodec.decode(W3CHttpResponseCodec.java:49)\r\n\tat org.openqa.selenium.remote.HttpCommandExecutor.execute(HttpCommandExecutor.java:215)\r\n\tat org.openqa.selenium.remote.service.DriverCommandExecutor.invokeExecute(DriverCommandExecutor.java:216)\r\n\tat org.openqa.selenium.remote.service.DriverCommandExecutor.execute(DriverCommandExecutor.java:174)\r\n\tat org.openqa.selenium.remote.RemoteWebDriver.execute(RemoteWebDriver.java:561)\r\n\tat org.openqa.selenium.remote.RemoteWebDriver.executeScript(RemoteWebDriver.java:492)\r\n\tat java.base/jdk.internal.reflect.DirectMethodHandleAccessor.invoke(DirectMethodHandleAccessor.java:103)\r\n\tat org.openqa.selenium.support.decorators.WebDriverDecorator.call(WebDriverDecorator.java:326)\r\n\tat org.openqa.selenium.support.decorators.DefaultDecorated.call(DefaultDecorated.java:48)\r\n\tat org.openqa.selenium.support.decorators.WebDriverDecorator.lambda$createProxyFactory$3(WebDriverDecorator.java:416)\r\n\tat org.openqa.selenium.remote.RemoteWebDriver$ByteBuddy$R84BUx1H.executeScript(Unknown Source)\r\n\tat Upload_File_From_Govdrive.run(Upload_File_From_Govdrive:174)\r\n\tat com.kms.katalon.core.main.ScriptEngine.run(ScriptEngine.java:203)\r\n\tat com.kms.katalon.core.main.ScriptEngine.runScriptAsRawText(ScriptEngine.java:115)\r\n\tat com.kms.katalon.core.main.TestCaseExecutor.runScript(TestCaseExecutor.java:504)\r\n\tat com.kms.katalon.core.main.TestCaseExecutor.doExecute(TestCaseExecutor.java:495)\r\n\tat com.kms.katalon.core.main.TestCaseExecutor.processExecutionPhase(TestCaseExecutor.java:474)\r\n\tat com.kms.katalon.core.main.TestCaseExecutor.accessMainPhase(TestCaseExecutor.java:466)\r\n\tat com.kms.katalon.core.main.TestCaseExecutor.execute(TestCaseExecutor.java:336)\r\n\tat com.kms.katalon.core.main.TestCaseMain.runTestCase(TestCaseMain.java:152)\r\n\tat com.kms.katalon.core.keyword.builtin.CallTestCaseKeyword$_callTestCase_closure1.doCall(CallTestCaseKeyword.groovy:59)\r\n\t... 24 more\r\n
2026-05-26 16:19:29.233 ERROR c.k.katalon.core.main.TestCaseExecutor   - ❌ Test Cases/Setup/TC_Prepare_Task FAILED.\nReason:\ncom.kms.katalon.core.exception.StepErrorException: Call Test Case 'Test Cases/TaskActions/Uploads/Upload_File_From_Govdrive' failed because of error(s)\r\n\tat com.kms.katalon.core.keyword.builtin.CallTestCaseKeyword$_callTestCase_closure1.doCall(CallTestCaseKeyword.groovy:66)\r\n\tat com.kms.katalon.core.keyword.builtin.CallTestCaseKeyword$_callTestCase_closure1.call(CallTestCaseKeyword.groovy)\r\n\tat com.kms.katalon.core.keyword.internal.KeywordMain.runKeyword(KeywordMain.groovy:75)\r\n\tat com.kms.katalon.core.keyword.builtin.CallTestCaseKeyword.callTestCase(CallTestCaseKeyword.groovy:81)\r\n\tat com.kms.katalon.core.keyword.builtin.CallTestCaseKeyword.execute(CallTestCaseKeyword.groovy:44)\r\n\tat com.kms.katalon.core.keyword.internal.KeywordExecutor.executeKeywordForPlatform(KeywordExecutor.groovy:99)\r\n\tat com.kms.katalon.core.keyword.BuiltinKeywords.callTestCase(BuiltinKeywords.groovy:294)\r\n\tat java.base/jdk.internal.reflect.DirectMethodHandleAccessor.invoke(DirectMethodHandleAccessor.java:103)\r\n\tat TC_Prepare_Task.run(TC_Prepare_Task:28)\r\n\tat com.kms.katalon.core.main.ScriptEngine.run(ScriptEngine.java:203)\r\n\tat com.kms.katalon.core.main.ScriptEngine.runScriptAsRawText(ScriptEngine.java:115)\r\n\tat com.kms.katalon.core.main.TestCaseExecutor.runScript(TestCaseExecutor.java:504)\r\n\tat com.kms.katalon.core.main.TestCaseExecutor.doExecute(TestCaseExecutor.java:495)\r\n\tat com.kms.katalon.core.main.TestCaseExecutor.processExecutionPhase(TestCaseExecutor.java:474)\r\n\tat com.kms.katalon.core.main.TestCaseExecutor.accessMainPhase(TestCaseExecutor.java:466)\r\n\tat com.kms.katalon.core.main.TestCaseExecutor.execute(TestCaseExecutor.java:336)\r\n\tat com.kms.katalon.core.main.TestCaseExecutor.execute(TestCaseExecutor.java:424)\r\n\tat com.kms.katalon.core.main.TestCaseExecutor.execute(TestCaseExecutor.java:424)\r\n\tat com.kms.katalon.core.main.TestCaseExecutor.execute(TestCaseExecutor.java:424)\r\n\tat com.kms.katalon.core.common.CommonExecutor.accessTestCaseMainPhase(CommonExecutor.java:71)\r\n\tat com.kms.katalon.core.main.TestSuiteExecutor.accessTestSuiteMainPhase(TestSuiteExecutor.java:153)\r\n\tat com.kms.katalon.core.main.TestSuiteExecutor.execute(TestSuiteExecutor.java:110)\r\n\tat com.kms.katalon.core.main.TestCaseMain.startTestSuite(TestCaseMain.java:206)\r\n\tat S0526_48.run(S0526_48.groovy:40)\r\n\tat java.base/jdk.internal.reflect.DirectMethodHandleAccessor.invoke(DirectMethodHandleAccessor.java:103)\r\nCaused by: org.openqa.selenium.NoSuchSessionException: invalid session id\nBuild info: version: '4.39.0', revision: '126f156aee'\nSystem info: os.name: 'Windows 11', os.arch: 'amd64', os.version: '10.0', java.version: '21.0.9'\nDriver info: com.kms.katalon.selenium.driver.CChromeDriver\nCommand: [225a5c05b78441a85e954eb01dfcce4b, executeScript {script=arguments[0].click();, args=[{element-6066-11e4-a52e-4f735466cecf=f.4DAC052CA3FEB4FE51CE0528B32FF850.d.1C08B71D40416BD199F0CE767F43DCB6.e.28805}]}]\nCapabilities {acceptInsecureCerts: false, browserName: chrome, browserVersion: 148.0.7778.179, chrome: {chromedriverVersion: 148.0.7778.167 (65db666ac2c..., userDataDir: C:\Users\CROWN-~1\AppData\L...}, fedcm:accounts: true, goog:chromeOptions: {debuggerAddress: localhost:60209}, goog:processID: 37312, networkConnectionEnabled: false, pageLoadStrategy: normal, platformName: windows, proxy: Proxy(), se:cdp: ws://localhost:60209/devtoo..., se:cdpVersion: 148.0.7778.179, setWindowRect: true, strictFileInteractability: false, timeouts: {implicit: 0, pageLoad: 300000, script: 30000}, unhandledPromptBehavior: {alert: ignore, beforeUnload: ignore, confirm: ignore, default: ignore, file: ignore, prompt: ignore}, webSocketUrl: ws://localhost:37136/sessio..., webauthn:extension:credBlob: true, webauthn:extension:largeBlob: true, webauthn:extension:minPinLength: true, webauthn:extension:prf: true, webauthn:virtualAuthenticators: true}\nSession ID: 225a5c05b78441a85e954eb01dfcce4b\r\n\tat java.base/jdk.internal.reflect.DirectConstructorHandleAccessor.newInstance(DirectConstructorHandleAccessor.java:62)\r\n\tat org.openqa.selenium.remote.ErrorCodec.decode(ErrorCodec.java:167)\r\n\tat org.openqa.selenium.remote.codec.w3c.W3CHttpResponseCodec.decode(W3CHttpResponseCodec.java:142)\r\n\tat org.openqa.selenium.remote.codec.w3c.W3CHttpResponseCodec.decode(W3CHttpResponseCodec.java:49)\r\n\tat org.openqa.selenium.remote.HttpCommandExecutor.execute(HttpCommandExecutor.java:215)\r\n\tat org.openqa.selenium.remote.service.DriverCommandExecutor.invokeExecute(DriverCommandExecutor.java:216)\r\n\tat org.openqa.selenium.remote.service.DriverCommandExecutor.execute(DriverCommandExecutor.java:174)\r\n\tat org.openqa.selenium.remote.RemoteWebDriver.execute(RemoteWebDriver.java:561)\r\n\tat org.openqa.selenium.remote.RemoteWebDriver.executeScript(RemoteWebDriver.java:492)\r\n\tat java.base/jdk.internal.reflect.DirectMethodHandleAccessor.invoke(DirectMethodHandleAccessor.java:103)\r\n\tat org.openqa.selenium.support.decorators.WebDriverDecorator.call(WebDriverDecorator.java:326)\r\n\tat org.openqa.selenium.support.decorators.DefaultDecorated.call(DefaultDecorated.java:48)\r\n\tat org.openqa.selenium.support.decorators.WebDriverDecorator.lambda$createProxyFactory$3(WebDriverDecorator.java:416)\r\n\tat org.openqa.selenium.remote.RemoteWebDriver$ByteBuddy$R84BUx1H.executeScript(Unknown Source)\r\n\tat Upload_File_From_Govdrive.run(Upload_File_From_Govdrive:174)\r\n\tat com.kms.katalon.core.main.ScriptEngine.run(ScriptEngine.java:203)\r\n\tat com.kms.katalon.core.main.ScriptEngine.runScriptAsRawText(ScriptEngine.java:115)\r\n\tat com.kms.katalon.core.main.TestCaseExecutor.runScript(TestCaseExecutor.java:504)\r\n\tat com.kms.katalon.core.main.TestCaseExecutor.doExecute(TestCaseExecutor.java:495)\r\n\tat com.kms.katalon.core.main.TestCaseExecutor.processExecutionPhase(TestCaseExecutor.java:474)\r\n\tat com.kms.katalon.core.main.TestCaseExecutor.accessMainPhase(TestCaseExecutor.java:466)\r\n\tat com.kms.katalon.core.main.TestCaseExecutor.execute(TestCaseExecutor.java:336)\r\n\tat com.kms.katalon.core.main.TestCaseMain.runTestCase(TestCaseMain.java:152)\r\n\tat com.kms.katalon.core.keyword.builtin.CallTestCaseKeyword$_callTestCase_closure1.doCall(CallTestCaseKeyword.groovy:59)\r\n\t... 24 more\r\n
2026-05-26 16:19:29.238 INFO  c.k.katalon.core.main.TestCaseExecutor   - END Test Cases/Setup/TC_Prepare_Task
2026-05-26 16:19:29.356 INFO  c.k.katalon.core.main.TestSuiteExecutor  - --------------------
2026-05-26 16:19:29.356 INFO  c.k.katalon.core.main.TestSuiteExecutor  - END Test Suites/Survey_suite_model
2026-05-26 16:19:29.356 INFO  c.k.katalon.core.main.TestSuiteExecutor  - ====================
