<?xml version="1.0" encoding="UTF-8" standalone="no"?>
<!DOCTYPE log SYSTEM "logger.dtd">
<log>
<record>
  <date>2026-05-26T21:01:13.465941100Z</date>
  <millis>1779829273465</millis>
  <nanos>941100</nanos>
  <sequence>0</sequence>
  <level>START</level>
  <class>com.kms.katalon.core.logging.XmlKeywordLogger</class>
  <method>startSuite</method>
  <thread>1</thread>
  <message>Start Test Suite : Test Suites/Survey_suite_model</message>
  <nestedLevel>0</nestedLevel>
  <escapedJava>false</escapedJava>
  <property name="rerunTestFailImmediately">true</property>
  <property name="retryCount">3</property>
  <property name="name">Survey_suite_model</property>
  <property name="description"></property>
  <property name="id">Test Suites/Survey_suite_model</property>
</record>
<record>
  <date>2026-05-26T21:01:13.629750800Z</date>
  <millis>1779829273629</millis>
  <nanos>750800</nanos>
  <sequence>1</sequence>
  <level>RUN_DATA</level>
  <class>com.kms.katalon.core.logging.XmlKeywordLogger</class>
  <method>logMessage</method>
  <thread>1</thread>
  <message>userFullName = Chinwuba Okafor</message>
  <nestedLevel>0</nestedLevel>
  <escapedJava>false</escapedJava>
  <property name="userFullName">Chinwuba Okafor</property>
</record>
<record>
  <date>2026-05-26T21:01:13.642697500Z</date>
  <millis>1779829273642</millis>
  <nanos>697500</nanos>
  <sequence>2</sequence>
  <level>RUN_DATA</level>
  <class>com.kms.katalon.core.logging.XmlKeywordLogger</class>
  <method>logMessage</method>
  <thread>1</thread>
  <message>projectName = convergence-qa-tests</message>
  <nestedLevel>0</nestedLevel>
  <escapedJava>false</escapedJava>
  <property name="projectName">convergence-qa-tests</property>
</record>
<record>
  <date>2026-05-26T21:01:13.646731700Z</date>
  <millis>1779829273646</millis>
  <nanos>731700</nanos>
  <sequence>3</sequence>
  <level>RUN_DATA</level>
  <class>com.kms.katalon.core.logging.XmlKeywordLogger</class>
  <method>logMessage</method>
  <thread>1</thread>
  <message>hostName = CROWN-STAFF - DESKTOP-4SI0S1N</message>
  <nestedLevel>0</nestedLevel>
  <escapedJava>false</escapedJava>
  <property name="hostName">CROWN-STAFF - DESKTOP-4SI0S1N</property>
</record>
<record>
  <date>2026-05-26T21:01:13.658850300Z</date>
  <millis>1779829273658</millis>
  <nanos>850300</nanos>
  <sequence>4</sequence>
  <level>RUN_DATA</level>
  <class>com.kms.katalon.core.logging.XmlKeywordLogger</class>
  <method>logMessage</method>
  <thread>1</thread>
  <message>os = Windows 11 64bit</message>
  <nestedLevel>0</nestedLevel>
  <escapedJava>false</escapedJava>
  <property name="os">Windows 11 64bit</property>
</record>
<record>
  <date>2026-05-26T21:01:13.662896200Z</date>
  <millis>1779829273662</millis>
  <nanos>896200</nanos>
  <sequence>5</sequence>
  <level>RUN_DATA</level>
  <class>com.kms.katalon.core.logging.XmlKeywordLogger</class>
  <method>logMessage</method>
  <thread>1</thread>
  <message>hostAddress = 192.168.100.9</message>
  <nestedLevel>0</nestedLevel>
  <escapedJava>false</escapedJava>
  <property name="hostAddress">192.168.100.9</property>
</record>
<record>
  <date>2026-05-26T21:01:13.672411400Z</date>
  <millis>1779829273672</millis>
  <nanos>411400</nanos>
  <sequence>6</sequence>
  <level>RUN_DATA</level>
  <class>com.kms.katalon.core.logging.XmlKeywordLogger</class>
  <method>logMessage</method>
  <thread>1</thread>
  <message>katalonVersion = 11.1.3.0</message>
  <nestedLevel>0</nestedLevel>
  <escapedJava>false</escapedJava>
  <property name="katalonVersion">11.1.3.0</property>
</record>
<record>
  <date>2026-05-26T21:01:15.423870Z</date>
  <millis>1779829275423</millis>
  <nanos>870000</nanos>
  <sequence>7</sequence>
  <level>START</level>
  <class>com.kms.katalon.core.logging.XmlKeywordLogger</class>
  <method>startTest</method>
  <thread>1</thread>
  <message>Start Test Case : Test Cases/Authentication/TC_Login</message>
  <nestedLevel>1</nestedLevel>
  <escapedJava>false</escapedJava>
  <property name="remainingRetryCount">3</property>
  <property name="origin"></property>
  <property name="name">Test Cases/Authentication/TC_Login</property>
  <property name="description"></property>
  <property name="iteration"></property>
  <property name="id">Test Cases/Authentication/TC_Login</property>
  <property name="source">C:\Users\CROWN-STAFF\git\convergence-qa-tests\Test Cases\Authentication\TC_Login.tc</property>
  <property name="tag"></property>
  <property name="isOptional">false</property>
  <property name="uuid">425e62bb-38c6-4785-8649-baa0c38af6af</property>
  <property name="currentRetryCount">0</property>
</record>
<record>
  <date>2026-05-26T21:01:15.586955900Z</date>
  <millis>1779829275586</millis>
  <nanos>955900</nanos>
  <sequence>9</sequence>
  <level>RUN_DATA</level>
  <class>com.kms.katalon.core.logging.XmlKeywordLogger</class>
  <method>logMessage</method>
  <thread>1</thread>
  <message>executionBindingVariables = []</message>
  <nestedLevel>1</nestedLevel>
  <escapedJava>false</escapedJava>
  <property name="executionBindingVariables">[]</property>
</record>
<record>
  <date>2026-05-26T21:01:19.095713900Z</date>
  <millis>1779829279095</millis>
  <nanos>713900</nanos>
  <sequence>10</sequence>
  <level>START</level>
  <class>com.kms.katalon.core.logging.XmlKeywordLogger</class>
  <method>startKeyword</method>
  <thread>1</thread>
  <message>Start action : openBrowser(&amp;quot;&amp;quot;)</message>
  <nestedLevel>1</nestedLevel>
  <escapedJava>false</escapedJava>
  <property name="startLine">20</property>
  <property name="stepIndex">1</property>
</record>
<record>
  <date>2026-05-26T21:01:21.654929900Z</date>
  <millis>1779829281654</millis>
  <nanos>929900</nanos>
  <sequence>13</sequence>
  <level>INFO</level>
  <class>com.kms.katalon.core.logging.XmlKeywordLogger</class>
  <method>logMessage</method>
  <thread>1</thread>
  <message>Starting &amp;apos;Chrome&amp;apos; driver</message>
  <nestedLevel>1</nestedLevel>
  <escapedJava>false</escapedJava>
</record>
<record>
  <date>2026-05-26T21:01:22.546019700Z</date>
  <millis>1779829282546</millis>
  <nanos>19700</nanos>
  <sequence>14</sequence>
  <level>INFO</level>
  <class>com.kms.katalon.core.logging.XmlKeywordLogger</class>
  <method>logMessage</method>
  <thread>1</thread>
  <message>Action delay is set to 0 milliseconds</message>
  <nestedLevel>1</nestedLevel>
  <escapedJava>false</escapedJava>
</record>
<record>
  <date>2026-05-26T21:01:32.102792500Z</date>
  <millis>1779829292102</millis>
  <nanos>792500</nanos>
  <sequence>17</sequence>
  <level>RUN_DATA</level>
  <class>com.kms.katalon.core.logging.XmlKeywordLogger</class>
  <method>logMessage</method>
  <thread>1</thread>
  <message>sessionId = 9f32f14a7599f3a9f61f179199e47c7e</message>
  <nestedLevel>1</nestedLevel>
  <escapedJava>false</escapedJava>
  <property name="sessionId">9f32f14a7599f3a9f61f179199e47c7e</property>
</record>
<record>
  <date>2026-05-26T21:01:32.106829Z</date>
  <millis>1779829292106</millis>
  <nanos>829000</nanos>
  <sequence>18</sequence>
  <level>RUN_DATA</level>
  <class>com.kms.katalon.core.logging.XmlKeywordLogger</class>
  <method>logMessage</method>
  <thread>1</thread>
  <message>browser = Chrome 148.0.7778.179</message>
  <nestedLevel>1</nestedLevel>
  <escapedJava>false</escapedJava>
  <property name="browser">Chrome 148.0.7778.179</property>
</record>
<record>
  <date>2026-05-26T21:01:32.111885400Z</date>
  <millis>1779829292111</millis>
  <nanos>885400</nanos>
  <sequence>19</sequence>
  <level>RUN_DATA</level>
  <class>com.kms.katalon.core.logging.XmlKeywordLogger</class>
  <method>logMessage</method>
  <thread>1</thread>
  <message>platform = Windows 11</message>
  <nestedLevel>1</nestedLevel>
  <escapedJava>false</escapedJava>
  <property name="platform">Windows 11</property>
</record>
<record>
  <date>2026-05-26T21:01:32.118498200Z</date>
  <millis>1779829292118</millis>
  <nanos>498200</nanos>
  <sequence>20</sequence>
  <level>RUN_DATA</level>
  <class>com.kms.katalon.core.logging.XmlKeywordLogger</class>
  <method>logMessage</method>
  <thread>1</thread>
  <message>seleniumVersion = 4.39.0</message>
  <nestedLevel>1</nestedLevel>
  <escapedJava>false</escapedJava>
  <property name="seleniumVersion">4.39.0</property>
</record>
<record>
  <date>2026-05-26T21:01:32.155438700Z</date>
  <millis>1779829292155</millis>
  <nanos>438700</nanos>
  <sequence>21</sequence>
  <level>RUN_DATA</level>
  <class>com.kms.katalon.core.logging.XmlKeywordLogger</class>
  <method>logMessage</method>
  <thread>1</thread>
  <message>proxyInformation = ProxyInformation { proxyOption=NO_PROXY, proxyServerType=HTTP, username=, password=********, proxyServerAddress=, proxyServerPort=0, executionList=&amp;quot;&amp;quot;, isApplyToDesiredCapabilities=true }</message>
  <nestedLevel>1</nestedLevel>
  <escapedJava>false</escapedJava>
  <property name="proxyInformation">ProxyInformation { proxyOption=NO_PROXY, proxyServerType=HTTP, username=, password=********, proxyServerAddress=, proxyServerPort=0, executionList=&quot;&quot;, isApplyToDesiredCapabilities=true }</property>
</record>
<record>
  <date>2026-05-26T21:01:32.418974300Z</date>
  <millis>1779829292418</millis>
  <nanos>974300</nanos>
  <sequence>22</sequence>
  <level>PASSED</level>
  <class>com.kms.katalon.core.logging.XmlKeywordLogger</class>
  <method>logMessage</method>
  <thread>1</thread>
  <message>Browser is opened with url: &amp;apos;&amp;apos;</message>
  <nestedLevel>1</nestedLevel>
  <escapedJava>false</escapedJava>
  <property name="testops-method-name">com.kms.katalon.core.webui.keyword.builtin.OpenBrowserKeyword.openBrowser</property>
  <property name="testops-execution-stacktrace"></property>
</record>
<record>
  <date>2026-05-26T21:01:32.431489100Z</date>
  <millis>1779829292431</millis>
  <nanos>489100</nanos>
  <sequence>23</sequence>
  <level>END</level>
  <class>com.kms.katalon.core.logging.XmlKeywordLogger</class>
  <method>endKeyword</method>
  <thread>1</thread>
  <message>End action : openBrowser(&amp;quot;&amp;quot;)</message>
  <nestedLevel>1</nestedLevel>
  <escapedJava>false</escapedJava>
</record>
<record>
  <date>2026-05-26T21:01:32.434631500Z</date>
  <millis>1779829292434</millis>
  <nanos>631500</nanos>
  <sequence>24</sequence>
  <level>START</level>
  <class>com.kms.katalon.core.logging.XmlKeywordLogger</class>
  <method>startKeyword</method>
  <thread>1</thread>
  <message>Start action : navigateToUrl(&amp;quot;https://convergenceondemand.com/login&amp;quot;)</message>
  <nestedLevel>1</nestedLevel>
  <escapedJava>false</escapedJava>
  <property name="startLine">22</property>
  <property name="stepIndex">2</property>
</record>
<record>
  <date>2026-05-26T21:01:34.050977900Z</date>
  <millis>1779829294050</millis>
  <nanos>977900</nanos>
  <sequence>28</sequence>
  <level>PASSED</level>
  <class>com.kms.katalon.core.logging.XmlKeywordLogger</class>
  <method>logMessage</method>
  <thread>1</thread>
  <message>Navigate to &amp;apos;https://convergenceondemand.com/login&amp;apos; successfully</message>
  <nestedLevel>1</nestedLevel>
  <escapedJava>false</escapedJava>
  <property name="testops-method-name">com.kms.katalon.core.webui.keyword.builtin.NavigateToUrlKeyword.navigateToUrl</property>
  <property name="testops-execution-stacktrace"></property>
</record>
<record>
  <date>2026-05-26T21:01:34.070482Z</date>
  <millis>1779829294070</millis>
  <nanos>482000</nanos>
  <sequence>29</sequence>
  <level>END</level>
  <class>com.kms.katalon.core.logging.XmlKeywordLogger</class>
  <method>endKeyword</method>
  <thread>1</thread>
  <message>End action : navigateToUrl(&amp;quot;https://convergenceondemand.com/login&amp;quot;)</message>
  <nestedLevel>1</nestedLevel>
  <escapedJava>false</escapedJava>
</record>
<record>
  <date>2026-05-26T21:01:34.072510100Z</date>
  <millis>1779829294072</millis>
  <nanos>510100</nanos>
  <sequence>30</sequence>
  <level>START</level>
  <class>com.kms.katalon.core.logging.XmlKeywordLogger</class>
  <method>startKeyword</method>
  <thread>1</thread>
  <message>Start action : setText(findTestObject(&amp;quot;Page_1Government Login/input_Enter your MDA&amp;quot;), &amp;quot;govtest&amp;quot;)</message>
  <nestedLevel>1</nestedLevel>
  <escapedJava>false</escapedJava>
  <property name="startLine">24</property>
  <property name="stepIndex">3</property>
</record>
<record>
  <date>2026-05-26T21:01:36.550531Z</date>
  <millis>1779829296550</millis>
  <nanos>531000</nanos>
  <sequence>44</sequence>
  <level>PASSED</level>
  <class>com.kms.katalon.core.logging.XmlKeywordLogger</class>
  <method>logMessage</method>
  <thread>1</thread>
  <message>Text &amp;apos;govtest&amp;apos; is set on object &amp;apos;Object Repository/Page_1Government Login/input_Enter your MDA&amp;apos;</message>
  <nestedLevel>1</nestedLevel>
  <escapedJava>false</escapedJava>
  <property name="testops-method-name">com.kms.katalon.core.webui.keyword.internal.WebUIKeywordMain.runKeywordUntilTimeout</property>
  <property name="testops-execution-stacktrace">com.kms.katalon.core.logging.KeywordLogger.logPassed(KeywordLogger.java:350)
com.kms.katalon.core.logging.KeywordLogger.logPassed(KeywordLogger.java:345)
com.kms.katalon.core.webui.keyword.builtin.SetTextKeyword$_setText_closure1.doCall(SetTextKeyword.groovy:99)
java.base/jdk.internal.reflect.DirectMethodHandleAccessor.invoke(DirectMethodHandleAccessor.java:103)
jdk.proxy2/jdk.proxy2.$Proxy56.execute(Unknown Source)
com.kms.katalon.core.webui.model.SeleniumActionRetryController.performAction(SeleniumActionRetryController.java:96)
com.kms.katalon.core.webui.model.SeleniumActionRetryController.performAction(SeleniumActionRetryController.java:83)
com.kms.katalon.core.webui.keyword.internal.WebUIKeywordMain$_runKeywordUntilTimeout_closure1.doCall(WebUIKeywordMain.groovy:135)
com.kms.katalon.core.webui.keyword.internal.WebUIKeywordMain$_runKeywordUntilTimeout_closure1.call(WebUIKeywordMain.groovy)
com.kms.katalon.core.webui.keyword.internal.WebUIKeywordMain.runKeyword(WebUIKeywordMain.groovy:41)
com.kms.katalon.core.webui.keyword.internal.WebUIKeywordMain.runKeywordUntilTimeout(WebUIKeywordMain.groovy:133)
com.kms.katalon.core.webui.keyword.builtin.SetTextKeyword.setText(SetTextKeyword.groovy:106)
com.kms.katalon.core.webui.keyword.builtin.SetTextKeyword.execute(SetTextKeyword.groovy:49)
com.kms.katalon.core.keyword.internal.KeywordExecutor.executeKeywordForPlatform(KeywordExecutor.groovy:99)
com.kms.katalon.core.webui.keyword.WebUiBuiltInKeywords.setText(WebUiBuiltInKeywords.groovy:1082)
TC_Login.run(TC_Login:24)
</property>
</record>
<record>
  <date>2026-05-26T21:01:36.568162400Z</date>
  <millis>1779829296568</millis>
  <nanos>162400</nanos>
  <sequence>45</sequence>
  <level>END</level>
  <class>com.kms.katalon.core.logging.XmlKeywordLogger</class>
  <method>endKeyword</method>
  <thread>1</thread>
  <message>End action : setText(findTestObject(&amp;quot;Page_1Government Login/input_Enter your MDA&amp;quot;), &amp;quot;govtest&amp;quot;)</message>
  <nestedLevel>1</nestedLevel>
  <escapedJava>false</escapedJava>
</record>
<record>
  <date>2026-05-26T21:01:36.570188900Z</date>
  <millis>1779829296570</millis>
  <nanos>188900</nanos>
  <sequence>46</sequence>
  <level>START</level>
  <class>com.kms.katalon.core.logging.XmlKeywordLogger</class>
  <method>startKeyword</method>
  <thread>1</thread>
  <message>Start action : setText(findTestObject(&amp;quot;Page_1Government Login/input_Enter Email&amp;quot;), &amp;quot;apisupport@cicod.com&amp;quot;)</message>
  <nestedLevel>1</nestedLevel>
  <escapedJava>false</escapedJava>
  <property name="startLine">26</property>
  <property name="stepIndex">4</property>
</record>
<record>
  <date>2026-05-26T21:01:38.124660300Z</date>
  <millis>1779829298124</millis>
  <nanos>660300</nanos>
  <sequence>60</sequence>
  <level>PASSED</level>
  <class>com.kms.katalon.core.logging.XmlKeywordLogger</class>
  <method>logMessage</method>
  <thread>1</thread>
  <message>Text &amp;apos;apisupport@cicod.com&amp;apos; is set on object &amp;apos;Object Repository/Page_1Government Login/input_Enter Email&amp;apos;</message>
  <nestedLevel>1</nestedLevel>
  <escapedJava>false</escapedJava>
  <property name="testops-method-name">com.kms.katalon.core.webui.keyword.internal.WebUIKeywordMain.runKeywordUntilTimeout</property>
  <property name="testops-execution-stacktrace">com.kms.katalon.core.logging.KeywordLogger.logPassed(KeywordLogger.java:350)
com.kms.katalon.core.logging.KeywordLogger.logPassed(KeywordLogger.java:345)
com.kms.katalon.core.webui.keyword.builtin.SetTextKeyword$_setText_closure1.doCall(SetTextKeyword.groovy:99)
java.base/jdk.internal.reflect.DirectMethodHandleAccessor.invoke(DirectMethodHandleAccessor.java:103)
jdk.proxy2/jdk.proxy2.$Proxy56.execute(Unknown Source)
com.kms.katalon.core.webui.model.SeleniumActionRetryController.performAction(SeleniumActionRetryController.java:96)
com.kms.katalon.core.webui.model.SeleniumActionRetryController.performAction(SeleniumActionRetryController.java:83)
com.kms.katalon.core.webui.keyword.internal.WebUIKeywordMain$_runKeywordUntilTimeout_closure1.doCall(WebUIKeywordMain.groovy:135)
com.kms.katalon.core.webui.keyword.internal.WebUIKeywordMain$_runKeywordUntilTimeout_closure1.call(WebUIKeywordMain.groovy)
com.kms.katalon.core.webui.keyword.internal.WebUIKeywordMain.runKeyword(WebUIKeywordMain.groovy:41)
com.kms.katalon.core.webui.keyword.internal.WebUIKeywordMain.runKeywordUntilTimeout(WebUIKeywordMain.groovy:133)
com.kms.katalon.core.webui.keyword.builtin.SetTextKeyword.setText(SetTextKeyword.groovy:106)
com.kms.katalon.core.webui.keyword.builtin.SetTextKeyword.execute(SetTextKeyword.groovy:49)
com.kms.katalon.core.keyword.internal.KeywordExecutor.executeKeywordForPlatform(KeywordExecutor.groovy:99)
com.kms.katalon.core.webui.keyword.WebUiBuiltInKeywords.setText(WebUiBuiltInKeywords.groovy:1082)
TC_Login.run(TC_Login:26)
</property>
</record>
<record>
  <date>2026-05-26T21:01:38.135054700Z</date>
  <millis>1779829298135</millis>
  <nanos>54700</nanos>
  <sequence>61</sequence>
  <level>END</level>
  <class>com.kms.katalon.core.logging.XmlKeywordLogger</class>
  <method>endKeyword</method>
  <thread>1</thread>
  <message>End action : setText(findTestObject(&amp;quot;Page_1Government Login/input_Enter Email&amp;quot;), &amp;quot;apisupport@cicod.com&amp;quot;)</message>
  <nestedLevel>1</nestedLevel>
  <escapedJava>false</escapedJava>
</record>
<record>
  <date>2026-05-26T21:01:38.137070500Z</date>
  <millis>1779829298137</millis>
  <nanos>70500</nanos>
  <sequence>62</sequence>
  <level>START</level>
  <class>com.kms.katalon.core.logging.XmlKeywordLogger</class>
  <method>startKeyword</method>
  <thread>1</thread>
  <message>Start action : setEncryptedText(findTestObject(&amp;quot;Page_1Government Login/input_Enter password&amp;quot;), &amp;quot;9zJdpvfgkgtFa8MQRHGI0w==&amp;quot;)</message>
  <nestedLevel>1</nestedLevel>
  <escapedJava>false</escapedJava>
  <property name="startLine">28</property>
  <property name="stepIndex">5</property>
</record>
<record>
  <date>2026-05-26T21:01:39.723231500Z</date>
  <millis>1779829299723</millis>
  <nanos>231500</nanos>
  <sequence>75</sequence>
  <level>PASSED</level>
  <class>com.kms.katalon.core.logging.XmlKeywordLogger</class>
  <method>logMessage</method>
  <thread>1</thread>
  <message>Text ****** has been set on object &amp;apos;Object Repository/Page_1Government Login/input_Enter password&amp;apos;</message>
  <nestedLevel>1</nestedLevel>
  <escapedJava>false</escapedJava>
  <property name="testops-method-name">com.kms.katalon.core.webui.keyword.internal.WebUIKeywordMain.runKeywordUntilTimeout</property>
  <property name="testops-execution-stacktrace">com.kms.katalon.core.logging.KeywordLogger.logPassed(KeywordLogger.java:350)
com.kms.katalon.core.logging.KeywordLogger.logPassed(KeywordLogger.java:345)
com.kms.katalon.core.webui.keyword.builtin.SetEncryptedTextKeyword$_setEncryptedText_closure1.doCall(SetEncryptedTextKeyword.groovy:82)
java.base/jdk.internal.reflect.DirectMethodHandleAccessor.invoke(DirectMethodHandleAccessor.java:103)
jdk.proxy2/jdk.proxy2.$Proxy56.execute(Unknown Source)
com.kms.katalon.core.webui.model.SeleniumActionRetryController.performAction(SeleniumActionRetryController.java:96)
com.kms.katalon.core.webui.model.SeleniumActionRetryController.performAction(SeleniumActionRetryController.java:83)
com.kms.katalon.core.webui.keyword.internal.WebUIKeywordMain$_runKeywordUntilTimeout_closure1.doCall(WebUIKeywordMain.groovy:135)
com.kms.katalon.core.webui.keyword.internal.WebUIKeywordMain$_runKeywordUntilTimeout_closure1.call(WebUIKeywordMain.groovy)
com.kms.katalon.core.webui.keyword.internal.WebUIKeywordMain.runKeyword(WebUIKeywordMain.groovy:41)
com.kms.katalon.core.webui.keyword.internal.WebUIKeywordMain.runKeywordUntilTimeout(WebUIKeywordMain.groovy:133)
com.kms.katalon.core.webui.keyword.builtin.SetEncryptedTextKeyword.setEncryptedText(SetEncryptedTextKeyword.groovy:88)
com.kms.katalon.core.webui.keyword.builtin.SetEncryptedTextKeyword.execute(SetEncryptedTextKeyword.groovy:48)
com.kms.katalon.core.keyword.internal.KeywordExecutor.executeKeywordForPlatform(KeywordExecutor.groovy:99)
com.kms.katalon.core.webui.keyword.WebUiBuiltInKeywords.setEncryptedText(WebUiBuiltInKeywords.groovy:1113)
TC_Login.run(TC_Login:28)
</property>
</record>
<record>
  <date>2026-05-26T21:01:39.834953300Z</date>
  <millis>1779829299834</millis>
  <nanos>953300</nanos>
  <sequence>76</sequence>
  <level>END</level>
  <class>com.kms.katalon.core.logging.XmlKeywordLogger</class>
  <method>endKeyword</method>
  <thread>1</thread>
  <message>End action : setEncryptedText(findTestObject(&amp;quot;Page_1Government Login/input_Enter password&amp;quot;), &amp;quot;9zJdpvfgkgtFa8MQRHGI0w==&amp;quot;)</message>
  <nestedLevel>1</nestedLevel>
  <escapedJava>false</escapedJava>
</record>
<record>
  <date>2026-05-26T21:01:39.834953300Z</date>
  <millis>1779829299834</millis>
  <nanos>953300</nanos>
  <sequence>77</sequence>
  <level>START</level>
  <class>com.kms.katalon.core.logging.XmlKeywordLogger</class>
  <method>startKeyword</method>
  <thread>1</thread>
  <message>Start action : click(findTestObject(&amp;quot;Page_1Government Login/button_Login&amp;quot;))</message>
  <nestedLevel>1</nestedLevel>
  <escapedJava>false</escapedJava>
  <property name="startLine">30</property>
  <property name="stepIndex">6</property>
</record>
<record>
  <date>2026-05-26T21:01:43.484547700Z</date>
  <millis>1779829303484</millis>
  <nanos>547700</nanos>
  <sequence>88</sequence>
  <level>PASSED</level>
  <class>com.kms.katalon.core.logging.XmlKeywordLogger</class>
  <method>logMessage</method>
  <thread>1</thread>
  <message>Object: &amp;apos;Object Repository/Page_1Government Login/button_Login&amp;apos; is clicked on</message>
  <nestedLevel>1</nestedLevel>
  <escapedJava>false</escapedJava>
  <property name="testops-method-name">com.kms.katalon.core.webui.keyword.internal.WebUIKeywordMain.runKeywordUntilTimeout</property>
  <property name="testops-execution-stacktrace">com.kms.katalon.core.logging.KeywordLogger.logPassed(KeywordLogger.java:350)
com.kms.katalon.core.logging.KeywordLogger.logPassed(KeywordLogger.java:345)
com.kms.katalon.core.webui.keyword.builtin.ClickKeyword$_click_closure1.doCall(ClickKeyword.groovy:66)
java.base/jdk.internal.reflect.DirectMethodHandleAccessor.invoke(DirectMethodHandleAccessor.java:103)
jdk.proxy2/jdk.proxy2.$Proxy56.execute(Unknown Source)
com.kms.katalon.core.webui.model.SeleniumActionRetryController.performAction(SeleniumActionRetryController.java:96)
com.kms.katalon.core.webui.model.SeleniumActionRetryController.performAction(SeleniumActionRetryController.java:83)
com.kms.katalon.core.webui.keyword.internal.WebUIKeywordMain$_runKeywordUntilTimeout_closure1.doCall(WebUIKeywordMain.groovy:135)
com.kms.katalon.core.webui.keyword.internal.WebUIKeywordMain$_runKeywordUntilTimeout_closure1.call(WebUIKeywordMain.groovy)
com.kms.katalon.core.webui.keyword.internal.WebUIKeywordMain.runKeyword(WebUIKeywordMain.groovy:41)
com.kms.katalon.core.webui.keyword.internal.WebUIKeywordMain.runKeywordUntilTimeout(WebUIKeywordMain.groovy:133)
com.kms.katalon.core.webui.keyword.builtin.ClickKeyword.click(ClickKeyword.groovy:72)
com.kms.katalon.core.webui.keyword.builtin.ClickKeyword.execute(ClickKeyword.groovy:38)
com.kms.katalon.core.keyword.internal.KeywordExecutor.executeKeywordForPlatform(KeywordExecutor.groovy:99)
com.kms.katalon.core.webui.keyword.WebUiBuiltInKeywords.click(WebUiBuiltInKeywords.groovy:722)
TC_Login.run(TC_Login:30)
</property>
</record>
<record>
  <date>2026-05-26T21:01:43.499388700Z</date>
  <millis>1779829303499</millis>
  <nanos>388700</nanos>
  <sequence>89</sequence>
  <level>END</level>
  <class>com.kms.katalon.core.logging.XmlKeywordLogger</class>
  <method>endKeyword</method>
  <thread>1</thread>
  <message>End action : click(findTestObject(&amp;quot;Page_1Government Login/button_Login&amp;quot;))</message>
  <nestedLevel>1</nestedLevel>
  <escapedJava>false</escapedJava>
</record>
<record>
  <date>2026-05-26T21:01:43.501407500Z</date>
  <millis>1779829303501</millis>
  <nanos>407500</nanos>
  <sequence>90</sequence>
  <level>PASSED</level>
  <class>com.kms.katalon.core.logging.XmlKeywordLogger</class>
  <method>logMessage</method>
  <thread>1</thread>
  <message>Test Cases/Authentication/TC_Login</message>
  <nestedLevel>1</nestedLevel>
  <escapedJava>false</escapedJava>
</record>
<record>
  <date>2026-05-26T21:01:43.604775300Z</date>
  <millis>1779829303604</millis>
  <nanos>775300</nanos>
  <sequence>91</sequence>
  <level>END</level>
  <class>com.kms.katalon.core.logging.XmlKeywordLogger</class>
  <method>endTest</method>
  <thread>1</thread>
  <message>End Test Case : Test Cases/Authentication/TC_Login</message>
  <nestedLevel>0</nestedLevel>
  <escapedJava>false</escapedJava>
  <property name="executionBindingVariables">[]</property>
  <property name="applitools">false</property>
  <property name="remainingRetryCount">3</property>
  <property name="executedKeywords">{
  &quot;WebUI.setEncryptedText&quot;: 1,
  &quot;WebUI.navigateToUrl&quot;: 1,
  &quot;WebUI.click&quot;: 1,
  &quot;WebUI.openBrowser&quot;: 1,
  &quot;WebUI.setText&quot;: 2
}</property>
  <property name="currentRetryCount">0</property>
  <property name="keywordsUsage">{
  &quot;web_ui&quot;: true,
  &quot;web_service&quot;: false,
  &quot;cucumber&quot;: false,
  &quot;builtin&quot;: false,
  &quot;mobile&quot;: false,
  &quot;windows&quot;: false,
  &quot;testng&quot;: false
}</property>
</record>
<record>
  <date>2026-05-26T21:01:44.952925600Z</date>
  <millis>1779829304952</millis>
  <nanos>925600</nanos>
  <sequence>92</sequence>
  <level>START</level>
  <class>com.kms.katalon.core.logging.XmlKeywordLogger</class>
  <method>startTest</method>
  <thread>1</thread>
  <message>Start Test Case : Test Cases/Navigation/TC_Open_Task_Module</message>
  <nestedLevel>1</nestedLevel>
  <escapedJava>false</escapedJava>
  <property name="remainingRetryCount">3</property>
  <property name="origin">WEB_RECORDER</property>
  <property name="name">Test Cases/Navigation/TC_Open_Task_Module</property>
  <property name="description"></property>
  <property name="iteration"></property>
  <property name="id">Test Cases/Navigation/TC_Open_Task_Module</property>
  <property name="source">C:\Users\CROWN-STAFF\git\convergence-qa-tests\Test Cases\Navigation\TC_Open_Task_Module.tc</property>
  <property name="tag"></property>
  <property name="isOptional">false</property>
  <property name="uuid">2af24922-b39c-4508-9439-fa6f78bdd04f</property>
  <property name="currentRetryCount">0</property>
</record>
<record>
  <date>2026-05-26T21:01:46.394053200Z</date>
  <millis>1779829306394</millis>
  <nanos>53200</nanos>
  <sequence>94</sequence>
  <level>RUN_DATA</level>
  <class>com.kms.katalon.core.logging.XmlKeywordLogger</class>
  <method>logMessage</method>
  <thread>1</thread>
  <message>executionBindingVariables = []</message>
  <nestedLevel>1</nestedLevel>
  <escapedJava>false</escapedJava>
  <property name="executionBindingVariables">[]</property>
</record>
<record>
  <date>2026-05-26T21:01:47.231699Z</date>
  <millis>1779829307231</millis>
  <nanos>699000</nanos>
  <sequence>95</sequence>
  <level>START</level>
  <class>com.kms.katalon.core.logging.XmlKeywordLogger</class>
  <method>startKeyword</method>
  <thread>1</thread>
  <message>Start action : click(findTestObject(&amp;quot;Page_1Gov/p_Automate Government MDAs critical operations,&amp;quot;))</message>
  <nestedLevel>1</nestedLevel>
  <escapedJava>false</escapedJava>
  <property name="startLine">20</property>
  <property name="stepIndex">1</property>
</record>
<record>
  <date>2026-05-26T21:01:52.627978900Z</date>
  <millis>1779829312627</millis>
  <nanos>978900</nanos>
  <sequence>106</sequence>
  <level>PASSED</level>
  <class>com.kms.katalon.core.logging.XmlKeywordLogger</class>
  <method>logMessage</method>
  <thread>1</thread>
  <message>Object: &amp;apos;Object Repository/Page_1Gov/p_Automate Government MDAs critical operations,&amp;apos; is clicked on</message>
  <nestedLevel>1</nestedLevel>
  <escapedJava>false</escapedJava>
  <property name="testops-method-name">com.kms.katalon.core.webui.keyword.internal.WebUIKeywordMain.runKeywordUntilTimeout</property>
  <property name="testops-execution-stacktrace">com.kms.katalon.core.logging.KeywordLogger.logPassed(KeywordLogger.java:350)
com.kms.katalon.core.logging.KeywordLogger.logPassed(KeywordLogger.java:345)
com.kms.katalon.core.webui.keyword.builtin.ClickKeyword$_click_closure1.doCall(ClickKeyword.groovy:66)
java.base/jdk.internal.reflect.DirectMethodHandleAccessor.invoke(DirectMethodHandleAccessor.java:103)
jdk.proxy2/jdk.proxy2.$Proxy56.execute(Unknown Source)
com.kms.katalon.core.webui.model.SeleniumActionRetryController.performAction(SeleniumActionRetryController.java:96)
com.kms.katalon.core.webui.model.SeleniumActionRetryController.performAction(SeleniumActionRetryController.java:83)
com.kms.katalon.core.webui.keyword.internal.WebUIKeywordMain$_runKeywordUntilTimeout_closure1.doCall(WebUIKeywordMain.groovy:135)
com.kms.katalon.core.webui.keyword.internal.WebUIKeywordMain$_runKeywordUntilTimeout_closure1.call(WebUIKeywordMain.groovy)
com.kms.katalon.core.webui.keyword.internal.WebUIKeywordMain.runKeyword(WebUIKeywordMain.groovy:41)
com.kms.katalon.core.webui.keyword.internal.WebUIKeywordMain.runKeywordUntilTimeout(WebUIKeywordMain.groovy:133)
com.kms.katalon.core.webui.keyword.builtin.ClickKeyword.click(ClickKeyword.groovy:72)
com.kms.katalon.core.webui.keyword.builtin.ClickKeyword.execute(ClickKeyword.groovy:38)
com.kms.katalon.core.keyword.internal.KeywordExecutor.executeKeywordForPlatform(KeywordExecutor.groovy:99)
com.kms.katalon.core.webui.keyword.WebUiBuiltInKeywords.click(WebUiBuiltInKeywords.groovy:722)
TC_Open_Task_Module.run(TC_Open_Task_Module:20)
</property>
</record>
<record>
  <date>2026-05-26T21:01:52.634557600Z</date>
  <millis>1779829312634</millis>
  <nanos>557600</nanos>
  <sequence>107</sequence>
  <level>END</level>
  <class>com.kms.katalon.core.logging.XmlKeywordLogger</class>
  <method>endKeyword</method>
  <thread>1</thread>
  <message>End action : click(findTestObject(&amp;quot;Page_1Gov/p_Automate Government MDAs critical operations,&amp;quot;))</message>
  <nestedLevel>1</nestedLevel>
  <escapedJava>false</escapedJava>
</record>
<record>
  <date>2026-05-26T21:01:52.641104300Z</date>
  <millis>1779829312641</millis>
  <nanos>104300</nanos>
  <sequence>108</sequence>
  <level>PASSED</level>
  <class>com.kms.katalon.core.logging.XmlKeywordLogger</class>
  <method>logMessage</method>
  <thread>1</thread>
  <message>Test Cases/Navigation/TC_Open_Task_Module</message>
  <nestedLevel>1</nestedLevel>
  <escapedJava>false</escapedJava>
</record>
<record>
  <date>2026-05-26T21:01:52.647168500Z</date>
  <millis>1779829312647</millis>
  <nanos>168500</nanos>
  <sequence>109</sequence>
  <level>END</level>
  <class>com.kms.katalon.core.logging.XmlKeywordLogger</class>
  <method>endTest</method>
  <thread>1</thread>
  <message>End Test Case : Test Cases/Navigation/TC_Open_Task_Module</message>
  <nestedLevel>0</nestedLevel>
  <escapedJava>false</escapedJava>
  <property name="executionBindingVariables">[]</property>
  <property name="applitools">false</property>
  <property name="remainingRetryCount">3</property>
  <property name="executedKeywords">{
  &quot;WebUI.click&quot;: 1
}</property>
  <property name="currentRetryCount">0</property>
  <property name="keywordsUsage">{
  &quot;web_ui&quot;: true,
  &quot;web_service&quot;: false,
  &quot;cucumber&quot;: false,
  &quot;builtin&quot;: false,
  &quot;mobile&quot;: false,
  &quot;windows&quot;: false,
  &quot;testng&quot;: false
}</property>
</record>
<record>
  <date>2026-05-26T21:01:52.693652700Z</date>
  <millis>1779829312693</millis>
  <nanos>652700</nanos>
  <sequence>110</sequence>
  <level>START</level>
  <class>com.kms.katalon.core.logging.XmlKeywordLogger</class>
  <method>startTest</method>
  <thread>1</thread>
  <message>Start Test Case : Test Cases/Setup/TC_Create_Task</message>
  <nestedLevel>1</nestedLevel>
  <escapedJava>false</escapedJava>
  <property name="remainingRetryCount">3</property>
  <property name="origin"></property>
  <property name="name">Test Cases/Setup/TC_Create_Task</property>
  <property name="description"></property>
  <property name="iteration"></property>
  <property name="id">Test Cases/Setup/TC_Create_Task</property>
  <property name="source">C:\Users\CROWN-STAFF\git\convergence-qa-tests\Test Cases\Setup\TC_Create_Task.tc</property>
  <property name="tag"></property>
  <property name="isOptional">false</property>
  <property name="uuid">de6053c9-05de-4f84-9ecd-f44ff24b0aa8</property>
  <property name="currentRetryCount">0</property>
</record>
<record>
  <date>2026-05-26T21:01:53.365284Z</date>
  <millis>1779829313365</millis>
  <nanos>284000</nanos>
  <sequence>112</sequence>
  <level>RUN_DATA</level>
  <class>com.kms.katalon.core.logging.XmlKeywordLogger</class>
  <method>logMessage</method>
  <thread>1</thread>
  <message>executionBindingVariables = []</message>
  <nestedLevel>1</nestedLevel>
  <escapedJava>false</escapedJava>
  <property name="executionBindingVariables">[]</property>
</record>
<record>
  <date>2026-05-26T21:01:55.596137900Z</date>
  <millis>1779829315596</millis>
  <nanos>137900</nanos>
  <sequence>113</sequence>
  <level>START</level>
  <class>com.kms.katalon.core.logging.XmlKeywordLogger</class>
  <method>startKeyword</method>
  <thread>1</thread>
  <message>Start action : navigateToUrl(&amp;quot;https://govtest.convergenceondemand.com/wfm/index.php?r=workOrder#active-tickets&amp;quot;)</message>
  <nestedLevel>1</nestedLevel>
  <escapedJava>false</escapedJava>
  <property name="startLine">23</property>
  <property name="stepIndex">1</property>
</record>
<record>
  <date>2026-05-26T21:01:55.674760800Z</date>
  <millis>1779829315674</millis>
  <nanos>760800</nanos>
  <sequence>117</sequence>
  <level>PASSED</level>
  <class>com.kms.katalon.core.logging.XmlKeywordLogger</class>
  <method>logMessage</method>
  <thread>1</thread>
  <message>Navigate to &amp;apos;https://govtest.convergenceondemand.com/wfm/index.php?r=workOrder#active-tickets&amp;apos; successfully</message>
  <nestedLevel>1</nestedLevel>
  <escapedJava>false</escapedJava>
  <property name="testops-method-name">com.kms.katalon.core.webui.keyword.builtin.NavigateToUrlKeyword.navigateToUrl</property>
  <property name="testops-execution-stacktrace"></property>
</record>
<record>
  <date>2026-05-26T21:01:55.680655600Z</date>
  <millis>1779829315680</millis>
  <nanos>655600</nanos>
  <sequence>118</sequence>
  <level>END</level>
  <class>com.kms.katalon.core.logging.XmlKeywordLogger</class>
  <method>endKeyword</method>
  <thread>1</thread>
  <message>End action : navigateToUrl(&amp;quot;https://govtest.convergenceondemand.com/wfm/index.php?r=workOrder#active-tickets&amp;quot;)</message>
  <nestedLevel>1</nestedLevel>
  <escapedJava>false</escapedJava>
</record>
<record>
  <date>2026-05-26T21:01:55.691320700Z</date>
  <millis>1779829315691</millis>
  <nanos>320700</nanos>
  <sequence>119</sequence>
  <level>START</level>
  <class>com.kms.katalon.core.logging.XmlKeywordLogger</class>
  <method>startKeyword</method>
  <thread>1</thread>
  <message>Start action : delay(5)</message>
  <nestedLevel>1</nestedLevel>
  <escapedJava>false</escapedJava>
  <property name="startLine">26</property>
  <property name="stepIndex">2</property>
</record>
<record>
  <date>2026-05-26T21:02:01.091493300Z</date>
  <millis>1779829321091</millis>
  <nanos>493300</nanos>
  <sequence>122</sequence>
  <level>PASSED</level>
  <class>com.kms.katalon.core.logging.XmlKeywordLogger</class>
  <method>logMessage</method>
  <thread>1</thread>
  <message>Delayed 5 second(s)</message>
  <nestedLevel>1</nestedLevel>
  <escapedJava>false</escapedJava>
  <property name="testops-method-name">com.kms.katalon.core.keyword.builtin.DelayKeyword.delay</property>
  <property name="testops-execution-stacktrace"></property>
</record>
<record>
  <date>2026-05-26T21:02:01.111303Z</date>
  <millis>1779829321111</millis>
  <nanos>303000</nanos>
  <sequence>123</sequence>
  <level>END</level>
  <class>com.kms.katalon.core.logging.XmlKeywordLogger</class>
  <method>endKeyword</method>
  <thread>1</thread>
  <message>End action : delay(5)</message>
  <nestedLevel>1</nestedLevel>
  <escapedJava>false</escapedJava>
</record>
<record>
  <date>2026-05-26T21:02:01.114849200Z</date>
  <millis>1779829321114</millis>
  <nanos>849200</nanos>
  <sequence>124</sequence>
  <level>START</level>
  <class>com.kms.katalon.core.logging.XmlKeywordLogger</class>
  <method>startKeyword</method>
  <thread>1</thread>
  <message>Start action : maximizeWindow()</message>
  <nestedLevel>1</nestedLevel>
  <escapedJava>false</escapedJava>
  <property name="startLine">30</property>
  <property name="stepIndex">3</property>
  <property name="description">// Maximize Browser</property>
</record>
<record>
  <date>2026-05-26T21:02:02.560085500Z</date>
  <millis>1779829322560</millis>
  <nanos>85500</nanos>
  <sequence>127</sequence>
  <level>PASSED</level>
  <class>com.kms.katalon.core.logging.XmlKeywordLogger</class>
  <method>logMessage</method>
  <thread>1</thread>
  <message>Current window maximized</message>
  <nestedLevel>1</nestedLevel>
  <escapedJava>false</escapedJava>
  <property name="testops-method-name">com.kms.katalon.core.webui.keyword.builtin.MaximizeWindowKeyword.maximizeWindow</property>
  <property name="testops-execution-stacktrace"></property>
</record>
<record>
  <date>2026-05-26T21:02:02.659916900Z</date>
  <millis>1779829322659</millis>
  <nanos>916900</nanos>
  <sequence>128</sequence>
  <level>END</level>
  <class>com.kms.katalon.core.logging.XmlKeywordLogger</class>
  <method>endKeyword</method>
  <thread>1</thread>
  <message>End action : maximizeWindow()</message>
  <nestedLevel>1</nestedLevel>
  <escapedJava>false</escapedJava>
</record>
<record>
  <date>2026-05-26T21:02:02.674463600Z</date>
  <millis>1779829322674</millis>
  <nanos>463600</nanos>
  <sequence>129</sequence>
  <level>START</level>
  <class>com.kms.katalon.core.logging.XmlKeywordLogger</class>
  <method>startKeyword</method>
  <thread>1</thread>
  <message>Start action : click(findTestObject(&amp;quot;Page_Work Order  Index- Workforce Manager/a_Create Task&amp;quot;))</message>
  <nestedLevel>1</nestedLevel>
  <escapedJava>false</escapedJava>
  <property name="startLine">32</property>
  <property name="stepIndex">4</property>
</record>
<record>
  <date>2026-05-26T21:02:11.137172800Z</date>
  <millis>1779829331137</millis>
  <nanos>172800</nanos>
  <sequence>140</sequence>
  <level>PASSED</level>
  <class>com.kms.katalon.core.logging.XmlKeywordLogger</class>
  <method>logMessage</method>
  <thread>1</thread>
  <message>Object: &amp;apos;Object Repository/Page_Work Order  Index- Workforce Manager/a_Create Task&amp;apos; is clicked on</message>
  <nestedLevel>1</nestedLevel>
  <escapedJava>false</escapedJava>
  <property name="testops-method-name">com.kms.katalon.core.webui.keyword.internal.WebUIKeywordMain.runKeywordUntilTimeout</property>
  <property name="testops-execution-stacktrace">com.kms.katalon.core.logging.KeywordLogger.logPassed(KeywordLogger.java:350)
com.kms.katalon.core.logging.KeywordLogger.logPassed(KeywordLogger.java:345)
com.kms.katalon.core.webui.keyword.builtin.ClickKeyword$_click_closure1.doCall(ClickKeyword.groovy:66)
java.base/jdk.internal.reflect.DirectMethodHandleAccessor.invoke(DirectMethodHandleAccessor.java:103)
jdk.proxy2/jdk.proxy2.$Proxy56.execute(Unknown Source)
com.kms.katalon.core.webui.model.SeleniumActionRetryController.performAction(SeleniumActionRetryController.java:96)
com.kms.katalon.core.webui.model.SeleniumActionRetryController.performAction(SeleniumActionRetryController.java:83)
com.kms.katalon.core.webui.keyword.internal.WebUIKeywordMain$_runKeywordUntilTimeout_closure1.doCall(WebUIKeywordMain.groovy:135)
com.kms.katalon.core.webui.keyword.internal.WebUIKeywordMain$_runKeywordUntilTimeout_closure1.call(WebUIKeywordMain.groovy)
com.kms.katalon.core.webui.keyword.internal.WebUIKeywordMain.runKeyword(WebUIKeywordMain.groovy:41)
com.kms.katalon.core.webui.keyword.internal.WebUIKeywordMain.runKeywordUntilTimeout(WebUIKeywordMain.groovy:133)
com.kms.katalon.core.webui.keyword.builtin.ClickKeyword.click(ClickKeyword.groovy:72)
com.kms.katalon.core.webui.keyword.builtin.ClickKeyword.execute(ClickKeyword.groovy:38)
com.kms.katalon.core.keyword.internal.KeywordExecutor.executeKeywordForPlatform(KeywordExecutor.groovy:99)
com.kms.katalon.core.webui.keyword.WebUiBuiltInKeywords.click(WebUiBuiltInKeywords.groovy:722)
TC_Create_Task.run(TC_Create_Task:32)
</property>
</record>
<record>
  <date>2026-05-26T21:02:11.149323700Z</date>
  <millis>1779829331149</millis>
  <nanos>323700</nanos>
  <sequence>141</sequence>
  <level>END</level>
  <class>com.kms.katalon.core.logging.XmlKeywordLogger</class>
  <method>endKeyword</method>
  <thread>1</thread>
  <message>End action : click(findTestObject(&amp;quot;Page_Work Order  Index- Workforce Manager/a_Create Task&amp;quot;))</message>
  <nestedLevel>1</nestedLevel>
  <escapedJava>false</escapedJava>
</record>
<record>
  <date>2026-05-26T21:02:11.155438100Z</date>
  <millis>1779829331155</millis>
  <nanos>438100</nanos>
  <sequence>142</sequence>
  <level>START</level>
  <class>com.kms.katalon.core.logging.XmlKeywordLogger</class>
  <method>startKeyword</method>
  <thread>1</thread>
  <message>Start action : click(findTestObject(&amp;quot;Page_Work Order  Create- Workforce Manager/span_Select Queue&amp;quot;))</message>
  <nestedLevel>1</nestedLevel>
  <escapedJava>false</escapedJava>
  <property name="startLine">34</property>
  <property name="stepIndex">5</property>
</record>
<record>
  <date>2026-05-26T21:02:17.889212900Z</date>
  <millis>1779829337889</millis>
  <nanos>212900</nanos>
  <sequence>153</sequence>
  <level>PASSED</level>
  <class>com.kms.katalon.core.logging.XmlKeywordLogger</class>
  <method>logMessage</method>
  <thread>1</thread>
  <message>Object: &amp;apos;Object Repository/Page_Work Order  Create- Workforce Manager/span_Select Queue&amp;apos; is clicked on</message>
  <nestedLevel>1</nestedLevel>
  <escapedJava>false</escapedJava>
  <property name="testops-method-name">com.kms.katalon.core.webui.keyword.internal.WebUIKeywordMain.runKeywordUntilTimeout</property>
  <property name="testops-execution-stacktrace">com.kms.katalon.core.logging.KeywordLogger.logPassed(KeywordLogger.java:350)
com.kms.katalon.core.logging.KeywordLogger.logPassed(KeywordLogger.java:345)
com.kms.katalon.core.webui.keyword.builtin.ClickKeyword$_click_closure1.doCall(ClickKeyword.groovy:66)
java.base/jdk.internal.reflect.DirectMethodHandleAccessor.invoke(DirectMethodHandleAccessor.java:103)
jdk.proxy2/jdk.proxy2.$Proxy56.execute(Unknown Source)
com.kms.katalon.core.webui.model.SeleniumActionRetryController.performAction(SeleniumActionRetryController.java:96)
com.kms.katalon.core.webui.model.SeleniumActionRetryController.performAction(SeleniumActionRetryController.java:83)
com.kms.katalon.core.webui.keyword.internal.WebUIKeywordMain$_runKeywordUntilTimeout_closure1.doCall(WebUIKeywordMain.groovy:135)
com.kms.katalon.core.webui.keyword.internal.WebUIKeywordMain$_runKeywordUntilTimeout_closure1.call(WebUIKeywordMain.groovy)
com.kms.katalon.core.webui.keyword.internal.WebUIKeywordMain.runKeyword(WebUIKeywordMain.groovy:41)
com.kms.katalon.core.webui.keyword.internal.WebUIKeywordMain.runKeywordUntilTimeout(WebUIKeywordMain.groovy:133)
com.kms.katalon.core.webui.keyword.builtin.ClickKeyword.click(ClickKeyword.groovy:72)
com.kms.katalon.core.webui.keyword.builtin.ClickKeyword.execute(ClickKeyword.groovy:38)
com.kms.katalon.core.keyword.internal.KeywordExecutor.executeKeywordForPlatform(KeywordExecutor.groovy:99)
com.kms.katalon.core.webui.keyword.WebUiBuiltInKeywords.click(WebUiBuiltInKeywords.groovy:722)
TC_Create_Task.run(TC_Create_Task:34)
</property>
</record>
<record>
  <date>2026-05-26T21:02:17.893144900Z</date>
  <millis>1779829337893</millis>
  <nanos>144900</nanos>
  <sequence>154</sequence>
  <level>END</level>
  <class>com.kms.katalon.core.logging.XmlKeywordLogger</class>
  <method>endKeyword</method>
  <thread>1</thread>
  <message>End action : click(findTestObject(&amp;quot;Page_Work Order  Create- Workforce Manager/span_Select Queue&amp;quot;))</message>
  <nestedLevel>1</nestedLevel>
  <escapedJava>false</escapedJava>
</record>
<record>
  <date>2026-05-26T21:02:17.895285800Z</date>
  <millis>1779829337895</millis>
  <nanos>285800</nanos>
  <sequence>155</sequence>
  <level>START</level>
  <class>com.kms.katalon.core.logging.XmlKeywordLogger</class>
  <method>startKeyword</method>
  <thread>1</thread>
  <message>Start action : setText(findTestObject(&amp;quot;Page_Work Order  Create- Workforce Manager/input_Search&amp;quot;), &amp;quot;aut&amp;quot;)</message>
  <nestedLevel>1</nestedLevel>
  <escapedJava>false</escapedJava>
  <property name="startLine">36</property>
  <property name="stepIndex">6</property>
</record>
<record>
  <date>2026-05-26T21:02:22.457247300Z</date>
  <millis>1779829342457</millis>
  <nanos>247300</nanos>
  <sequence>169</sequence>
  <level>PASSED</level>
  <class>com.kms.katalon.core.logging.XmlKeywordLogger</class>
  <method>logMessage</method>
  <thread>1</thread>
  <message>Text &amp;apos;aut&amp;apos; is set on object &amp;apos;Object Repository/Page_Work Order  Create- Workforce Manager/input_Search&amp;apos;</message>
  <nestedLevel>1</nestedLevel>
  <escapedJava>false</escapedJava>
  <property name="testops-method-name">com.kms.katalon.core.webui.keyword.internal.WebUIKeywordMain.runKeywordUntilTimeout</property>
  <property name="testops-execution-stacktrace">com.kms.katalon.core.logging.KeywordLogger.logPassed(KeywordLogger.java:350)
com.kms.katalon.core.logging.KeywordLogger.logPassed(KeywordLogger.java:345)
com.kms.katalon.core.webui.keyword.builtin.SetTextKeyword$_setText_closure1.doCall(SetTextKeyword.groovy:99)
java.base/jdk.internal.reflect.DirectMethodHandleAccessor.invoke(DirectMethodHandleAccessor.java:103)
jdk.proxy2/jdk.proxy2.$Proxy56.execute(Unknown Source)
com.kms.katalon.core.webui.model.SeleniumActionRetryController.performAction(SeleniumActionRetryController.java:96)
com.kms.katalon.core.webui.model.SeleniumActionRetryController.performAction(SeleniumActionRetryController.java:83)
com.kms.katalon.core.webui.keyword.internal.WebUIKeywordMain$_runKeywordUntilTimeout_closure1.doCall(WebUIKeywordMain.groovy:135)
com.kms.katalon.core.webui.keyword.internal.WebUIKeywordMain$_runKeywordUntilTimeout_closure1.call(WebUIKeywordMain.groovy)
com.kms.katalon.core.webui.keyword.internal.WebUIKeywordMain.runKeyword(WebUIKeywordMain.groovy:41)
com.kms.katalon.core.webui.keyword.internal.WebUIKeywordMain.runKeywordUntilTimeout(WebUIKeywordMain.groovy:133)
com.kms.katalon.core.webui.keyword.builtin.SetTextKeyword.setText(SetTextKeyword.groovy:106)
com.kms.katalon.core.webui.keyword.builtin.SetTextKeyword.execute(SetTextKeyword.groovy:49)
com.kms.katalon.core.keyword.internal.KeywordExecutor.executeKeywordForPlatform(KeywordExecutor.groovy:99)
com.kms.katalon.core.webui.keyword.WebUiBuiltInKeywords.setText(WebUiBuiltInKeywords.groovy:1082)
TC_Create_Task.run(TC_Create_Task:36)
</property>
</record>
<record>
  <date>2026-05-26T21:02:22.468597400Z</date>
  <millis>1779829342468</millis>
  <nanos>597400</nanos>
  <sequence>170</sequence>
  <level>END</level>
  <class>com.kms.katalon.core.logging.XmlKeywordLogger</class>
  <method>endKeyword</method>
  <thread>1</thread>
  <message>End action : setText(findTestObject(&amp;quot;Page_Work Order  Create- Workforce Manager/input_Search&amp;quot;), &amp;quot;aut&amp;quot;)</message>
  <nestedLevel>1</nestedLevel>
  <escapedJava>false</escapedJava>
</record>
<record>
  <date>2026-05-26T21:02:22.471168800Z</date>
  <millis>1779829342471</millis>
  <nanos>168800</nanos>
  <sequence>171</sequence>
  <level>START</level>
  <class>com.kms.katalon.core.logging.XmlKeywordLogger</class>
  <method>startKeyword</method>
  <thread>1</thread>
  <message>Start action : click(findTestObject(&amp;quot;Page_Work Order  Create- Workforce Manager/a_TEST AUTOMATION&amp;quot;))</message>
  <nestedLevel>1</nestedLevel>
  <escapedJava>false</escapedJava>
  <property name="startLine">38</property>
  <property name="stepIndex">7</property>
</record>
<record>
  <date>2026-05-26T21:02:23.533944600Z</date>
  <millis>1779829343533</millis>
  <nanos>944600</nanos>
  <sequence>182</sequence>
  <level>PASSED</level>
  <class>com.kms.katalon.core.logging.XmlKeywordLogger</class>
  <method>logMessage</method>
  <thread>1</thread>
  <message>Object: &amp;apos;Object Repository/Page_Work Order  Create- Workforce Manager/a_TEST AUTOMATION&amp;apos; is clicked on</message>
  <nestedLevel>1</nestedLevel>
  <escapedJava>false</escapedJava>
  <property name="testops-method-name">com.kms.katalon.core.webui.keyword.internal.WebUIKeywordMain.runKeywordUntilTimeout</property>
  <property name="testops-execution-stacktrace">com.kms.katalon.core.logging.KeywordLogger.logPassed(KeywordLogger.java:350)
com.kms.katalon.core.logging.KeywordLogger.logPassed(KeywordLogger.java:345)
com.kms.katalon.core.webui.keyword.builtin.ClickKeyword$_click_closure1.doCall(ClickKeyword.groovy:66)
java.base/jdk.internal.reflect.DirectMethodHandleAccessor.invoke(DirectMethodHandleAccessor.java:103)
jdk.proxy2/jdk.proxy2.$Proxy56.execute(Unknown Source)
com.kms.katalon.core.webui.model.SeleniumActionRetryController.performAction(SeleniumActionRetryController.java:96)
com.kms.katalon.core.webui.model.SeleniumActionRetryController.performAction(SeleniumActionRetryController.java:83)
com.kms.katalon.core.webui.keyword.internal.WebUIKeywordMain$_runKeywordUntilTimeout_closure1.doCall(WebUIKeywordMain.groovy:135)
com.kms.katalon.core.webui.keyword.internal.WebUIKeywordMain$_runKeywordUntilTimeout_closure1.call(WebUIKeywordMain.groovy)
com.kms.katalon.core.webui.keyword.internal.WebUIKeywordMain.runKeyword(WebUIKeywordMain.groovy:41)
com.kms.katalon.core.webui.keyword.internal.WebUIKeywordMain.runKeywordUntilTimeout(WebUIKeywordMain.groovy:133)
com.kms.katalon.core.webui.keyword.builtin.ClickKeyword.click(ClickKeyword.groovy:72)
com.kms.katalon.core.webui.keyword.builtin.ClickKeyword.execute(ClickKeyword.groovy:38)
com.kms.katalon.core.keyword.internal.KeywordExecutor.executeKeywordForPlatform(KeywordExecutor.groovy:99)
com.kms.katalon.core.webui.keyword.WebUiBuiltInKeywords.click(WebUiBuiltInKeywords.groovy:722)
TC_Create_Task.run(TC_Create_Task:38)
</property>
</record>
<record>
  <date>2026-05-26T21:02:23.552017500Z</date>
  <millis>1779829343552</millis>
  <nanos>17500</nanos>
  <sequence>183</sequence>
  <level>END</level>
  <class>com.kms.katalon.core.logging.XmlKeywordLogger</class>
  <method>endKeyword</method>
  <thread>1</thread>
  <message>End action : click(findTestObject(&amp;quot;Page_Work Order  Create- Workforce Manager/a_TEST AUTOMATION&amp;quot;))</message>
  <nestedLevel>1</nestedLevel>
  <escapedJava>false</escapedJava>
</record>
<record>
  <date>2026-05-26T21:02:23.553598800Z</date>
  <millis>1779829343553</millis>
  <nanos>598800</nanos>
  <sequence>184</sequence>
  <level>START</level>
  <class>com.kms.katalon.core.logging.XmlKeywordLogger</class>
  <method>startKeyword</method>
  <thread>1</thread>
  <message>Start action : click(findTestObject(&amp;quot;Page_Work Order  Create- Workforce Manager/span_Select Queue Type&amp;quot;))</message>
  <nestedLevel>1</nestedLevel>
  <escapedJava>false</escapedJava>
  <property name="startLine">40</property>
  <property name="stepIndex">8</property>
</record>
<record>
  <date>2026-05-26T21:02:26.565370700Z</date>
  <millis>1779829346565</millis>
  <nanos>370700</nanos>
  <sequence>195</sequence>
  <level>PASSED</level>
  <class>com.kms.katalon.core.logging.XmlKeywordLogger</class>
  <method>logMessage</method>
  <thread>1</thread>
  <message>Object: &amp;apos;Object Repository/Page_Work Order  Create- Workforce Manager/span_Select Queue Type&amp;apos; is clicked on</message>
  <nestedLevel>1</nestedLevel>
  <escapedJava>false</escapedJava>
  <property name="testops-method-name">com.kms.katalon.core.webui.keyword.internal.WebUIKeywordMain.runKeywordUntilTimeout</property>
  <property name="testops-execution-stacktrace">com.kms.katalon.core.logging.KeywordLogger.logPassed(KeywordLogger.java:350)
com.kms.katalon.core.logging.KeywordLogger.logPassed(KeywordLogger.java:345)
com.kms.katalon.core.webui.keyword.builtin.ClickKeyword$_click_closure1.doCall(ClickKeyword.groovy:66)
java.base/jdk.internal.reflect.DirectMethodHandleAccessor.invoke(DirectMethodHandleAccessor.java:103)
jdk.proxy2/jdk.proxy2.$Proxy56.execute(Unknown Source)
com.kms.katalon.core.webui.model.SeleniumActionRetryController.performAction(SeleniumActionRetryController.java:96)
com.kms.katalon.core.webui.model.SeleniumActionRetryController.performAction(SeleniumActionRetryController.java:83)
com.kms.katalon.core.webui.keyword.internal.WebUIKeywordMain$_runKeywordUntilTimeout_closure1.doCall(WebUIKeywordMain.groovy:135)
com.kms.katalon.core.webui.keyword.internal.WebUIKeywordMain$_runKeywordUntilTimeout_closure1.call(WebUIKeywordMain.groovy)
com.kms.katalon.core.webui.keyword.internal.WebUIKeywordMain.runKeyword(WebUIKeywordMain.groovy:41)
com.kms.katalon.core.webui.keyword.internal.WebUIKeywordMain.runKeywordUntilTimeout(WebUIKeywordMain.groovy:133)
com.kms.katalon.core.webui.keyword.builtin.ClickKeyword.click(ClickKeyword.groovy:72)
com.kms.katalon.core.webui.keyword.builtin.ClickKeyword.execute(ClickKeyword.groovy:38)
com.kms.katalon.core.keyword.internal.KeywordExecutor.executeKeywordForPlatform(KeywordExecutor.groovy:99)
com.kms.katalon.core.webui.keyword.WebUiBuiltInKeywords.click(WebUiBuiltInKeywords.groovy:722)
TC_Create_Task.run(TC_Create_Task:40)
</property>
</record>
<record>
  <date>2026-05-26T21:02:26.587608500Z</date>
  <millis>1779829346587</millis>
  <nanos>608500</nanos>
  <sequence>196</sequence>
  <level>END</level>
  <class>com.kms.katalon.core.logging.XmlKeywordLogger</class>
  <method>endKeyword</method>
  <thread>1</thread>
  <message>End action : click(findTestObject(&amp;quot;Page_Work Order  Create- Workforce Manager/span_Select Queue Type&amp;quot;))</message>
  <nestedLevel>1</nestedLevel>
  <escapedJava>false</escapedJava>
</record>
<record>
  <date>2026-05-26T21:02:26.589623300Z</date>
  <millis>1779829346589</millis>
  <nanos>623300</nanos>
  <sequence>197</sequence>
  <level>START</level>
  <class>com.kms.katalon.core.logging.XmlKeywordLogger</class>
  <method>startKeyword</method>
  <thread>1</thread>
  <message>Start action : click(findTestObject(&amp;quot;Page_Work Order  Create- Workforce Manager/span_Automated Testing&amp;quot;))</message>
  <nestedLevel>1</nestedLevel>
  <escapedJava>false</escapedJava>
  <property name="startLine">42</property>
  <property name="stepIndex">9</property>
</record>
<record>
  <date>2026-05-26T21:02:27.739732800Z</date>
  <millis>1779829347739</millis>
  <nanos>732800</nanos>
  <sequence>208</sequence>
  <level>PASSED</level>
  <class>com.kms.katalon.core.logging.XmlKeywordLogger</class>
  <method>logMessage</method>
  <thread>1</thread>
  <message>Object: &amp;apos;Object Repository/Page_Work Order  Create- Workforce Manager/span_Automated Testing&amp;apos; is clicked on</message>
  <nestedLevel>1</nestedLevel>
  <escapedJava>false</escapedJava>
  <property name="testops-method-name">com.kms.katalon.core.webui.keyword.internal.WebUIKeywordMain.runKeywordUntilTimeout</property>
  <property name="testops-execution-stacktrace">com.kms.katalon.core.logging.KeywordLogger.logPassed(KeywordLogger.java:350)
com.kms.katalon.core.logging.KeywordLogger.logPassed(KeywordLogger.java:345)
com.kms.katalon.core.webui.keyword.builtin.ClickKeyword$_click_closure1.doCall(ClickKeyword.groovy:66)
java.base/jdk.internal.reflect.DirectMethodHandleAccessor.invoke(DirectMethodHandleAccessor.java:103)
jdk.proxy2/jdk.proxy2.$Proxy56.execute(Unknown Source)
com.kms.katalon.core.webui.model.SeleniumActionRetryController.performAction(SeleniumActionRetryController.java:96)
com.kms.katalon.core.webui.model.SeleniumActionRetryController.performAction(SeleniumActionRetryController.java:83)
com.kms.katalon.core.webui.keyword.internal.WebUIKeywordMain$_runKeywordUntilTimeout_closure1.doCall(WebUIKeywordMain.groovy:135)
com.kms.katalon.core.webui.keyword.internal.WebUIKeywordMain$_runKeywordUntilTimeout_closure1.call(WebUIKeywordMain.groovy)
com.kms.katalon.core.webui.keyword.internal.WebUIKeywordMain.runKeyword(WebUIKeywordMain.groovy:41)
com.kms.katalon.core.webui.keyword.internal.WebUIKeywordMain.runKeywordUntilTimeout(WebUIKeywordMain.groovy:133)
com.kms.katalon.core.webui.keyword.builtin.ClickKeyword.click(ClickKeyword.groovy:72)
com.kms.katalon.core.webui.keyword.builtin.ClickKeyword.execute(ClickKeyword.groovy:38)
com.kms.katalon.core.keyword.internal.KeywordExecutor.executeKeywordForPlatform(KeywordExecutor.groovy:99)
com.kms.katalon.core.webui.keyword.WebUiBuiltInKeywords.click(WebUiBuiltInKeywords.groovy:722)
TC_Create_Task.run(TC_Create_Task:42)
</property>
</record>
<record>
  <date>2026-05-26T21:02:27.749109300Z</date>
  <millis>1779829347749</millis>
  <nanos>109300</nanos>
  <sequence>209</sequence>
  <level>END</level>
  <class>com.kms.katalon.core.logging.XmlKeywordLogger</class>
  <method>endKeyword</method>
  <thread>1</thread>
  <message>End action : click(findTestObject(&amp;quot;Page_Work Order  Create- Workforce Manager/span_Automated Testing&amp;quot;))</message>
  <nestedLevel>1</nestedLevel>
  <escapedJava>false</escapedJava>
</record>
<record>
  <date>2026-05-26T21:02:27.752193600Z</date>
  <millis>1779829347752</millis>
  <nanos>193600</nanos>
  <sequence>210</sequence>
  <level>START</level>
  <class>com.kms.katalon.core.logging.XmlKeywordLogger</class>
  <method>startKeyword</method>
  <thread>1</thread>
  <message>Start action : setText(findTestObject(&amp;quot;Page_Work Order  Create- Workforce Manager/input_Task Title _&amp;quot;), &amp;quot;TEST AUTOMATION 10028791&amp;quot;)</message>
  <nestedLevel>1</nestedLevel>
  <escapedJava>false</escapedJava>
  <property name="startLine">44</property>
  <property name="stepIndex">10</property>
</record>
<record>
  <date>2026-05-26T21:02:33.002320200Z</date>
  <millis>1779829353002</millis>
  <nanos>320200</nanos>
  <sequence>224</sequence>
  <level>PASSED</level>
  <class>com.kms.katalon.core.logging.XmlKeywordLogger</class>
  <method>logMessage</method>
  <thread>1</thread>
  <message>Text &amp;apos;TEST AUTOMATION 10028791&amp;apos; is set on object &amp;apos;Object Repository/Page_Work Order  Create- Workforce Manager/input_Task Title _&amp;apos;</message>
  <nestedLevel>1</nestedLevel>
  <escapedJava>false</escapedJava>
  <property name="testops-method-name">com.kms.katalon.core.webui.keyword.internal.WebUIKeywordMain.runKeywordUntilTimeout</property>
  <property name="testops-execution-stacktrace">com.kms.katalon.core.logging.KeywordLogger.logPassed(KeywordLogger.java:350)
com.kms.katalon.core.logging.KeywordLogger.logPassed(KeywordLogger.java:345)
com.kms.katalon.core.webui.keyword.builtin.SetTextKeyword$_setText_closure1.doCall(SetTextKeyword.groovy:99)
java.base/jdk.internal.reflect.DirectMethodHandleAccessor.invoke(DirectMethodHandleAccessor.java:103)
jdk.proxy2/jdk.proxy2.$Proxy56.execute(Unknown Source)
com.kms.katalon.core.webui.model.SeleniumActionRetryController.performAction(SeleniumActionRetryController.java:96)
com.kms.katalon.core.webui.model.SeleniumActionRetryController.performAction(SeleniumActionRetryController.java:83)
com.kms.katalon.core.webui.keyword.internal.WebUIKeywordMain$_runKeywordUntilTimeout_closure1.doCall(WebUIKeywordMain.groovy:135)
com.kms.katalon.core.webui.keyword.internal.WebUIKeywordMain$_runKeywordUntilTimeout_closure1.call(WebUIKeywordMain.groovy)
com.kms.katalon.core.webui.keyword.internal.WebUIKeywordMain.runKeyword(WebUIKeywordMain.groovy:41)
com.kms.katalon.core.webui.keyword.internal.WebUIKeywordMain.runKeywordUntilTimeout(WebUIKeywordMain.groovy:133)
com.kms.katalon.core.webui.keyword.builtin.SetTextKeyword.setText(SetTextKeyword.groovy:106)
com.kms.katalon.core.webui.keyword.builtin.SetTextKeyword.execute(SetTextKeyword.groovy:49)
com.kms.katalon.core.keyword.internal.KeywordExecutor.executeKeywordForPlatform(KeywordExecutor.groovy:99)
com.kms.katalon.core.webui.keyword.WebUiBuiltInKeywords.setText(WebUiBuiltInKeywords.groovy:1082)
TC_Create_Task.run(TC_Create_Task:44)
</property>
</record>
<record>
  <date>2026-05-26T21:02:33.016066Z</date>
  <millis>1779829353016</millis>
  <nanos>66000</nanos>
  <sequence>225</sequence>
  <level>END</level>
  <class>com.kms.katalon.core.logging.XmlKeywordLogger</class>
  <method>endKeyword</method>
  <thread>1</thread>
  <message>End action : setText(findTestObject(&amp;quot;Page_Work Order  Create- Workforce Manager/input_Task Title _&amp;quot;), &amp;quot;TEST AUTOMATION 10028791&amp;quot;)</message>
  <nestedLevel>1</nestedLevel>
  <escapedJava>false</escapedJava>
</record>
<record>
  <date>2026-05-26T21:02:33.016066Z</date>
  <millis>1779829353016</millis>
  <nanos>66000</nanos>
  <sequence>226</sequence>
  <level>START</level>
  <class>com.kms.katalon.core.logging.XmlKeywordLogger</class>
  <method>startKeyword</method>
  <thread>1</thread>
  <message>Start action : setText(findTestObject(&amp;quot;Page_Work Order  Create- Workforce Manager/textarea_Description&amp;quot;), &amp;quot;Smoke Test&amp;quot;)</message>
  <nestedLevel>1</nestedLevel>
  <escapedJava>false</escapedJava>
  <property name="startLine">46</property>
  <property name="stepIndex">11</property>
</record>
<record>
  <date>2026-05-26T21:02:36.135955400Z</date>
  <millis>1779829356135</millis>
  <nanos>955400</nanos>
  <sequence>240</sequence>
  <level>PASSED</level>
  <class>com.kms.katalon.core.logging.XmlKeywordLogger</class>
  <method>logMessage</method>
  <thread>1</thread>
  <message>Text &amp;apos;Smoke Test&amp;apos; is set on object &amp;apos;Object Repository/Page_Work Order  Create- Workforce Manager/textarea_Description&amp;apos;</message>
  <nestedLevel>1</nestedLevel>
  <escapedJava>false</escapedJava>
  <property name="testops-method-name">com.kms.katalon.core.webui.keyword.internal.WebUIKeywordMain.runKeywordUntilTimeout</property>
  <property name="testops-execution-stacktrace">com.kms.katalon.core.logging.KeywordLogger.logPassed(KeywordLogger.java:350)
com.kms.katalon.core.logging.KeywordLogger.logPassed(KeywordLogger.java:345)
com.kms.katalon.core.webui.keyword.builtin.SetTextKeyword$_setText_closure1.doCall(SetTextKeyword.groovy:99)
java.base/jdk.internal.reflect.DirectMethodHandleAccessor.invoke(DirectMethodHandleAccessor.java:103)
jdk.proxy2/jdk.proxy2.$Proxy56.execute(Unknown Source)
com.kms.katalon.core.webui.model.SeleniumActionRetryController.performAction(SeleniumActionRetryController.java:96)
com.kms.katalon.core.webui.model.SeleniumActionRetryController.performAction(SeleniumActionRetryController.java:83)
com.kms.katalon.core.webui.keyword.internal.WebUIKeywordMain$_runKeywordUntilTimeout_closure1.doCall(WebUIKeywordMain.groovy:135)
com.kms.katalon.core.webui.keyword.internal.WebUIKeywordMain$_runKeywordUntilTimeout_closure1.call(WebUIKeywordMain.groovy)
com.kms.katalon.core.webui.keyword.internal.WebUIKeywordMain.runKeyword(WebUIKeywordMain.groovy:41)
com.kms.katalon.core.webui.keyword.internal.WebUIKeywordMain.runKeywordUntilTimeout(WebUIKeywordMain.groovy:133)
com.kms.katalon.core.webui.keyword.builtin.SetTextKeyword.setText(SetTextKeyword.groovy:106)
com.kms.katalon.core.webui.keyword.builtin.SetTextKeyword.execute(SetTextKeyword.groovy:49)
com.kms.katalon.core.keyword.internal.KeywordExecutor.executeKeywordForPlatform(KeywordExecutor.groovy:99)
com.kms.katalon.core.webui.keyword.WebUiBuiltInKeywords.setText(WebUiBuiltInKeywords.groovy:1082)
TC_Create_Task.run(TC_Create_Task:46)
</property>
</record>
<record>
  <date>2026-05-26T21:02:36.144372300Z</date>
  <millis>1779829356144</millis>
  <nanos>372300</nanos>
  <sequence>241</sequence>
  <level>END</level>
  <class>com.kms.katalon.core.logging.XmlKeywordLogger</class>
  <method>endKeyword</method>
  <thread>1</thread>
  <message>End action : setText(findTestObject(&amp;quot;Page_Work Order  Create- Workforce Manager/textarea_Description&amp;quot;), &amp;quot;Smoke Test&amp;quot;)</message>
  <nestedLevel>1</nestedLevel>
  <escapedJava>false</escapedJava>
</record>
<record>
  <date>2026-05-26T21:02:36.196730Z</date>
  <millis>1779829356196</millis>
  <nanos>730000</nanos>
  <sequence>242</sequence>
  <level>START</level>
  <class>com.kms.katalon.core.logging.XmlKeywordLogger</class>
  <method>startKeyword</method>
  <thread>1</thread>
  <message>Start action : setText(findTestObject(&amp;quot;Page_Work Order  Create- Workforce Manager/input_Input First Name&amp;quot;), &amp;quot;Mr&amp;quot;)</message>
  <nestedLevel>1</nestedLevel>
  <escapedJava>false</escapedJava>
  <property name="startLine">48</property>
  <property name="stepIndex">12</property>
</record>
<record>
  <date>2026-05-26T21:02:39.162128Z</date>
  <millis>1779829359162</millis>
  <nanos>128000</nanos>
  <sequence>256</sequence>
  <level>PASSED</level>
  <class>com.kms.katalon.core.logging.XmlKeywordLogger</class>
  <method>logMessage</method>
  <thread>1</thread>
  <message>Text &amp;apos;Mr&amp;apos; is set on object &amp;apos;Object Repository/Page_Work Order  Create- Workforce Manager/input_Input First Name&amp;apos;</message>
  <nestedLevel>1</nestedLevel>
  <escapedJava>false</escapedJava>
  <property name="testops-method-name">com.kms.katalon.core.webui.keyword.internal.WebUIKeywordMain.runKeywordUntilTimeout</property>
  <property name="testops-execution-stacktrace">com.kms.katalon.core.logging.KeywordLogger.logPassed(KeywordLogger.java:350)
com.kms.katalon.core.logging.KeywordLogger.logPassed(KeywordLogger.java:345)
com.kms.katalon.core.webui.keyword.builtin.SetTextKeyword$_setText_closure1.doCall(SetTextKeyword.groovy:99)
java.base/jdk.internal.reflect.DirectMethodHandleAccessor.invoke(DirectMethodHandleAccessor.java:103)
jdk.proxy2/jdk.proxy2.$Proxy56.execute(Unknown Source)
com.kms.katalon.core.webui.model.SeleniumActionRetryController.performAction(SeleniumActionRetryController.java:96)
com.kms.katalon.core.webui.model.SeleniumActionRetryController.performAction(SeleniumActionRetryController.java:83)
com.kms.katalon.core.webui.keyword.internal.WebUIKeywordMain$_runKeywordUntilTimeout_closure1.doCall(WebUIKeywordMain.groovy:135)
com.kms.katalon.core.webui.keyword.internal.WebUIKeywordMain$_runKeywordUntilTimeout_closure1.call(WebUIKeywordMain.groovy)
com.kms.katalon.core.webui.keyword.internal.WebUIKeywordMain.runKeyword(WebUIKeywordMain.groovy:41)
com.kms.katalon.core.webui.keyword.internal.WebUIKeywordMain.runKeywordUntilTimeout(WebUIKeywordMain.groovy:133)
com.kms.katalon.core.webui.keyword.builtin.SetTextKeyword.setText(SetTextKeyword.groovy:106)
com.kms.katalon.core.webui.keyword.builtin.SetTextKeyword.execute(SetTextKeyword.groovy:49)
com.kms.katalon.core.keyword.internal.KeywordExecutor.executeKeywordForPlatform(KeywordExecutor.groovy:99)
com.kms.katalon.core.webui.keyword.WebUiBuiltInKeywords.setText(WebUiBuiltInKeywords.groovy:1082)
TC_Create_Task.run(TC_Create_Task:48)
</property>
</record>
<record>
  <date>2026-05-26T21:02:39.169291100Z</date>
  <millis>1779829359169</millis>
  <nanos>291100</nanos>
  <sequence>257</sequence>
  <level>END</level>
  <class>com.kms.katalon.core.logging.XmlKeywordLogger</class>
  <method>endKeyword</method>
  <thread>1</thread>
  <message>End action : setText(findTestObject(&amp;quot;Page_Work Order  Create- Workforce Manager/input_Input First Name&amp;quot;), &amp;quot;Mr&amp;quot;)</message>
  <nestedLevel>1</nestedLevel>
  <escapedJava>false</escapedJava>
</record>
<record>
  <date>2026-05-26T21:02:39.169291100Z</date>
  <millis>1779829359169</millis>
  <nanos>291100</nanos>
  <sequence>258</sequence>
  <level>START</level>
  <class>com.kms.katalon.core.logging.XmlKeywordLogger</class>
  <method>startKeyword</method>
  <thread>1</thread>
  <message>Start action : setText(findTestObject(&amp;quot;Page_Work Order  Create- Workforce Manager/input_Input Last Name&amp;quot;), &amp;quot;Adekola&amp;quot;)</message>
  <nestedLevel>1</nestedLevel>
  <escapedJava>false</escapedJava>
  <property name="startLine">50</property>
  <property name="stepIndex">13</property>
</record>
<record>
  <date>2026-05-26T21:02:41.324927200Z</date>
  <millis>1779829361324</millis>
  <nanos>927200</nanos>
  <sequence>272</sequence>
  <level>PASSED</level>
  <class>com.kms.katalon.core.logging.XmlKeywordLogger</class>
  <method>logMessage</method>
  <thread>1</thread>
  <message>Text &amp;apos;Adekola&amp;apos; is set on object &amp;apos;Object Repository/Page_Work Order  Create- Workforce Manager/input_Input Last Name&amp;apos;</message>
  <nestedLevel>1</nestedLevel>
  <escapedJava>false</escapedJava>
  <property name="testops-method-name">com.kms.katalon.core.webui.keyword.internal.WebUIKeywordMain.runKeywordUntilTimeout</property>
  <property name="testops-execution-stacktrace">com.kms.katalon.core.logging.KeywordLogger.logPassed(KeywordLogger.java:350)
com.kms.katalon.core.logging.KeywordLogger.logPassed(KeywordLogger.java:345)
com.kms.katalon.core.webui.keyword.builtin.SetTextKeyword$_setText_closure1.doCall(SetTextKeyword.groovy:99)
java.base/jdk.internal.reflect.DirectMethodHandleAccessor.invoke(DirectMethodHandleAccessor.java:103)
jdk.proxy2/jdk.proxy2.$Proxy56.execute(Unknown Source)
com.kms.katalon.core.webui.model.SeleniumActionRetryController.performAction(SeleniumActionRetryController.java:96)
com.kms.katalon.core.webui.model.SeleniumActionRetryController.performAction(SeleniumActionRetryController.java:83)
com.kms.katalon.core.webui.keyword.internal.WebUIKeywordMain$_runKeywordUntilTimeout_closure1.doCall(WebUIKeywordMain.groovy:135)
com.kms.katalon.core.webui.keyword.internal.WebUIKeywordMain$_runKeywordUntilTimeout_closure1.call(WebUIKeywordMain.groovy)
com.kms.katalon.core.webui.keyword.internal.WebUIKeywordMain.runKeyword(WebUIKeywordMain.groovy:41)
com.kms.katalon.core.webui.keyword.internal.WebUIKeywordMain.runKeywordUntilTimeout(WebUIKeywordMain.groovy:133)
com.kms.katalon.core.webui.keyword.builtin.SetTextKeyword.setText(SetTextKeyword.groovy:106)
com.kms.katalon.core.webui.keyword.builtin.SetTextKeyword.execute(SetTextKeyword.groovy:49)
com.kms.katalon.core.keyword.internal.KeywordExecutor.executeKeywordForPlatform(KeywordExecutor.groovy:99)
com.kms.katalon.core.webui.keyword.WebUiBuiltInKeywords.setText(WebUiBuiltInKeywords.groovy:1082)
TC_Create_Task.run(TC_Create_Task:50)
</property>
</record>
<record>
  <date>2026-05-26T21:02:41.324927200Z</date>
  <millis>1779829361324</millis>
  <nanos>927200</nanos>
  <sequence>273</sequence>
  <level>END</level>
  <class>com.kms.katalon.core.logging.XmlKeywordLogger</class>
  <method>endKeyword</method>
  <thread>1</thread>
  <message>End action : setText(findTestObject(&amp;quot;Page_Work Order  Create- Workforce Manager/input_Input Last Name&amp;quot;), &amp;quot;Adekola&amp;quot;)</message>
  <nestedLevel>1</nestedLevel>
  <escapedJava>false</escapedJava>
</record>
<record>
  <date>2026-05-26T21:02:41.330961600Z</date>
  <millis>1779829361330</millis>
  <nanos>961600</nanos>
  <sequence>274</sequence>
  <level>START</level>
  <class>com.kms.katalon.core.logging.XmlKeywordLogger</class>
  <method>startKeyword</method>
  <thread>1</thread>
  <message>Start action : setText(findTestObject(&amp;quot;Page_Work Order  Create- Workforce Manager/input_Input Phone Number&amp;quot;), &amp;quot;Cole&amp;quot;)</message>
  <nestedLevel>1</nestedLevel>
  <escapedJava>false</escapedJava>
  <property name="startLine">52</property>
  <property name="stepIndex">14</property>
</record>
<record>
  <date>2026-05-26T21:02:42.898468800Z</date>
  <millis>1779829362898</millis>
  <nanos>468800</nanos>
  <sequence>288</sequence>
  <level>PASSED</level>
  <class>com.kms.katalon.core.logging.XmlKeywordLogger</class>
  <method>logMessage</method>
  <thread>1</thread>
  <message>Text &amp;apos;Cole&amp;apos; is set on object &amp;apos;Object Repository/Page_Work Order  Create- Workforce Manager/input_Input Phone Number&amp;apos;</message>
  <nestedLevel>1</nestedLevel>
  <escapedJava>false</escapedJava>
  <property name="testops-method-name">com.kms.katalon.core.webui.keyword.internal.WebUIKeywordMain.runKeywordUntilTimeout</property>
  <property name="testops-execution-stacktrace">com.kms.katalon.core.logging.KeywordLogger.logPassed(KeywordLogger.java:350)
com.kms.katalon.core.logging.KeywordLogger.logPassed(KeywordLogger.java:345)
com.kms.katalon.core.webui.keyword.builtin.SetTextKeyword$_setText_closure1.doCall(SetTextKeyword.groovy:99)
java.base/jdk.internal.reflect.DirectMethodHandleAccessor.invoke(DirectMethodHandleAccessor.java:103)
jdk.proxy2/jdk.proxy2.$Proxy56.execute(Unknown Source)
com.kms.katalon.core.webui.model.SeleniumActionRetryController.performAction(SeleniumActionRetryController.java:96)
com.kms.katalon.core.webui.model.SeleniumActionRetryController.performAction(SeleniumActionRetryController.java:83)
com.kms.katalon.core.webui.keyword.internal.WebUIKeywordMain$_runKeywordUntilTimeout_closure1.doCall(WebUIKeywordMain.groovy:135)
com.kms.katalon.core.webui.keyword.internal.WebUIKeywordMain$_runKeywordUntilTimeout_closure1.call(WebUIKeywordMain.groovy)
com.kms.katalon.core.webui.keyword.internal.WebUIKeywordMain.runKeyword(WebUIKeywordMain.groovy:41)
com.kms.katalon.core.webui.keyword.internal.WebUIKeywordMain.runKeywordUntilTimeout(WebUIKeywordMain.groovy:133)
com.kms.katalon.core.webui.keyword.builtin.SetTextKeyword.setText(SetTextKeyword.groovy:106)
com.kms.katalon.core.webui.keyword.builtin.SetTextKeyword.execute(SetTextKeyword.groovy:49)
com.kms.katalon.core.keyword.internal.KeywordExecutor.executeKeywordForPlatform(KeywordExecutor.groovy:99)
com.kms.katalon.core.webui.keyword.WebUiBuiltInKeywords.setText(WebUiBuiltInKeywords.groovy:1082)
TC_Create_Task.run(TC_Create_Task:52)
</property>
</record>
<record>
  <date>2026-05-26T21:02:42.908118600Z</date>
  <millis>1779829362908</millis>
  <nanos>118600</nanos>
  <sequence>289</sequence>
  <level>END</level>
  <class>com.kms.katalon.core.logging.XmlKeywordLogger</class>
  <method>endKeyword</method>
  <thread>1</thread>
  <message>End action : setText(findTestObject(&amp;quot;Page_Work Order  Create- Workforce Manager/input_Input Phone Number&amp;quot;), &amp;quot;Cole&amp;quot;)</message>
  <nestedLevel>1</nestedLevel>
  <escapedJava>false</escapedJava>
</record>
<record>
  <date>2026-05-26T21:02:42.910168100Z</date>
  <millis>1779829362910</millis>
  <nanos>168100</nanos>
  <sequence>290</sequence>
  <level>START</level>
  <class>com.kms.katalon.core.logging.XmlKeywordLogger</class>
  <method>startKeyword</method>
  <thread>1</thread>
  <message>Start action : setText(findTestObject(&amp;quot;Page_Work Order  Create- Workforce Manager/input_Input Email Address&amp;quot;), &amp;quot;testautomation@cicod.com&amp;quot;)</message>
  <nestedLevel>1</nestedLevel>
  <escapedJava>false</escapedJava>
  <property name="startLine">54</property>
  <property name="stepIndex">15</property>
</record>
<record>
  <date>2026-05-26T21:02:45.377275100Z</date>
  <millis>1779829365377</millis>
  <nanos>275100</nanos>
  <sequence>304</sequence>
  <level>PASSED</level>
  <class>com.kms.katalon.core.logging.XmlKeywordLogger</class>
  <method>logMessage</method>
  <thread>1</thread>
  <message>Text &amp;apos;testautomation@cicod.com&amp;apos; is set on object &amp;apos;Object Repository/Page_Work Order  Create- Workforce Manager/input_Input Email Address&amp;apos;</message>
  <nestedLevel>1</nestedLevel>
  <escapedJava>false</escapedJava>
  <property name="testops-method-name">com.kms.katalon.core.webui.keyword.internal.WebUIKeywordMain.runKeywordUntilTimeout</property>
  <property name="testops-execution-stacktrace">com.kms.katalon.core.logging.KeywordLogger.logPassed(KeywordLogger.java:350)
com.kms.katalon.core.logging.KeywordLogger.logPassed(KeywordLogger.java:345)
com.kms.katalon.core.webui.keyword.builtin.SetTextKeyword$_setText_closure1.doCall(SetTextKeyword.groovy:99)
java.base/jdk.internal.reflect.DirectMethodHandleAccessor.invoke(DirectMethodHandleAccessor.java:103)
jdk.proxy2/jdk.proxy2.$Proxy56.execute(Unknown Source)
com.kms.katalon.core.webui.model.SeleniumActionRetryController.performAction(SeleniumActionRetryController.java:96)
com.kms.katalon.core.webui.model.SeleniumActionRetryController.performAction(SeleniumActionRetryController.java:83)
com.kms.katalon.core.webui.keyword.internal.WebUIKeywordMain$_runKeywordUntilTimeout_closure1.doCall(WebUIKeywordMain.groovy:135)
com.kms.katalon.core.webui.keyword.internal.WebUIKeywordMain$_runKeywordUntilTimeout_closure1.call(WebUIKeywordMain.groovy)
com.kms.katalon.core.webui.keyword.internal.WebUIKeywordMain.runKeyword(WebUIKeywordMain.groovy:41)
com.kms.katalon.core.webui.keyword.internal.WebUIKeywordMain.runKeywordUntilTimeout(WebUIKeywordMain.groovy:133)
com.kms.katalon.core.webui.keyword.builtin.SetTextKeyword.setText(SetTextKeyword.groovy:106)
com.kms.katalon.core.webui.keyword.builtin.SetTextKeyword.execute(SetTextKeyword.groovy:49)
com.kms.katalon.core.keyword.internal.KeywordExecutor.executeKeywordForPlatform(KeywordExecutor.groovy:99)
com.kms.katalon.core.webui.keyword.WebUiBuiltInKeywords.setText(WebUiBuiltInKeywords.groovy:1082)
TC_Create_Task.run(TC_Create_Task:54)
</property>
</record>
<record>
  <date>2026-05-26T21:02:45.413912900Z</date>
  <millis>1779829365413</millis>
  <nanos>912900</nanos>
  <sequence>305</sequence>
  <level>END</level>
  <class>com.kms.katalon.core.logging.XmlKeywordLogger</class>
  <method>endKeyword</method>
  <thread>1</thread>
  <message>End action : setText(findTestObject(&amp;quot;Page_Work Order  Create- Workforce Manager/input_Input Email Address&amp;quot;), &amp;quot;testautomation@cicod.com&amp;quot;)</message>
  <nestedLevel>1</nestedLevel>
  <escapedJava>false</escapedJava>
</record>
<record>
  <date>2026-05-26T21:02:45.413912900Z</date>
  <millis>1779829365413</millis>
  <nanos>912900</nanos>
  <sequence>306</sequence>
  <level>START</level>
  <class>com.kms.katalon.core.logging.XmlKeywordLogger</class>
  <method>startKeyword</method>
  <thread>1</thread>
  <message>Start action : setText(findTestObject(&amp;quot;Page_Work Order  Create- Workforce Manager/input_house_no&amp;quot;), &amp;quot;45b&amp;quot;)</message>
  <nestedLevel>1</nestedLevel>
  <escapedJava>false</escapedJava>
  <property name="startLine">56</property>
  <property name="stepIndex">16</property>
</record>
<record>
  <date>2026-05-26T21:02:47.285813900Z</date>
  <millis>1779829367285</millis>
  <nanos>813900</nanos>
  <sequence>320</sequence>
  <level>PASSED</level>
  <class>com.kms.katalon.core.logging.XmlKeywordLogger</class>
  <method>logMessage</method>
  <thread>1</thread>
  <message>Text &amp;apos;45b&amp;apos; is set on object &amp;apos;Object Repository/Page_Work Order  Create- Workforce Manager/input_house_no&amp;apos;</message>
  <nestedLevel>1</nestedLevel>
  <escapedJava>false</escapedJava>
  <property name="testops-method-name">com.kms.katalon.core.webui.keyword.internal.WebUIKeywordMain.runKeywordUntilTimeout</property>
  <property name="testops-execution-stacktrace">com.kms.katalon.core.logging.KeywordLogger.logPassed(KeywordLogger.java:350)
com.kms.katalon.core.logging.KeywordLogger.logPassed(KeywordLogger.java:345)
com.kms.katalon.core.webui.keyword.builtin.SetTextKeyword$_setText_closure1.doCall(SetTextKeyword.groovy:99)
java.base/jdk.internal.reflect.DirectMethodHandleAccessor.invoke(DirectMethodHandleAccessor.java:103)
jdk.proxy2/jdk.proxy2.$Proxy56.execute(Unknown Source)
com.kms.katalon.core.webui.model.SeleniumActionRetryController.performAction(SeleniumActionRetryController.java:96)
com.kms.katalon.core.webui.model.SeleniumActionRetryController.performAction(SeleniumActionRetryController.java:83)
com.kms.katalon.core.webui.keyword.internal.WebUIKeywordMain$_runKeywordUntilTimeout_closure1.doCall(WebUIKeywordMain.groovy:135)
com.kms.katalon.core.webui.keyword.internal.WebUIKeywordMain$_runKeywordUntilTimeout_closure1.call(WebUIKeywordMain.groovy)
com.kms.katalon.core.webui.keyword.internal.WebUIKeywordMain.runKeyword(WebUIKeywordMain.groovy:41)
com.kms.katalon.core.webui.keyword.internal.WebUIKeywordMain.runKeywordUntilTimeout(WebUIKeywordMain.groovy:133)
com.kms.katalon.core.webui.keyword.builtin.SetTextKeyword.setText(SetTextKeyword.groovy:106)
com.kms.katalon.core.webui.keyword.builtin.SetTextKeyword.execute(SetTextKeyword.groovy:49)
com.kms.katalon.core.keyword.internal.KeywordExecutor.executeKeywordForPlatform(KeywordExecutor.groovy:99)
com.kms.katalon.core.webui.keyword.WebUiBuiltInKeywords.setText(WebUiBuiltInKeywords.groovy:1082)
TC_Create_Task.run(TC_Create_Task:56)
</property>
</record>
<record>
  <date>2026-05-26T21:02:47.293817300Z</date>
  <millis>1779829367293</millis>
  <nanos>817300</nanos>
  <sequence>321</sequence>
  <level>END</level>
  <class>com.kms.katalon.core.logging.XmlKeywordLogger</class>
  <method>endKeyword</method>
  <thread>1</thread>
  <message>End action : setText(findTestObject(&amp;quot;Page_Work Order  Create- Workforce Manager/input_house_no&amp;quot;), &amp;quot;45b&amp;quot;)</message>
  <nestedLevel>1</nestedLevel>
  <escapedJava>false</escapedJava>
</record>
<record>
  <date>2026-05-26T21:02:47.293817300Z</date>
  <millis>1779829367293</millis>
  <nanos>817300</nanos>
  <sequence>322</sequence>
  <level>START</level>
  <class>com.kms.katalon.core.logging.XmlKeywordLogger</class>
  <method>startKeyword</method>
  <thread>1</thread>
  <message>Start action : setText(findTestObject(&amp;quot;Page_Work Order  Create- Workforce Manager/input_street&amp;quot;), &amp;quot;Admiralty Way&amp;quot;)</message>
  <nestedLevel>1</nestedLevel>
  <escapedJava>false</escapedJava>
  <property name="startLine">58</property>
  <property name="stepIndex">17</property>
</record>
<record>
  <date>2026-05-26T21:02:49.804177500Z</date>
  <millis>1779829369804</millis>
  <nanos>177500</nanos>
  <sequence>336</sequence>
  <level>PASSED</level>
  <class>com.kms.katalon.core.logging.XmlKeywordLogger</class>
  <method>logMessage</method>
  <thread>1</thread>
  <message>Text &amp;apos;Admiralty Way&amp;apos; is set on object &amp;apos;Object Repository/Page_Work Order  Create- Workforce Manager/input_street&amp;apos;</message>
  <nestedLevel>1</nestedLevel>
  <escapedJava>false</escapedJava>
  <property name="testops-method-name">com.kms.katalon.core.webui.keyword.internal.WebUIKeywordMain.runKeywordUntilTimeout</property>
  <property name="testops-execution-stacktrace">com.kms.katalon.core.logging.KeywordLogger.logPassed(KeywordLogger.java:350)
com.kms.katalon.core.logging.KeywordLogger.logPassed(KeywordLogger.java:345)
com.kms.katalon.core.webui.keyword.builtin.SetTextKeyword$_setText_closure1.doCall(SetTextKeyword.groovy:99)
java.base/jdk.internal.reflect.DirectMethodHandleAccessor.invoke(DirectMethodHandleAccessor.java:103)
jdk.proxy2/jdk.proxy2.$Proxy56.execute(Unknown Source)
com.kms.katalon.core.webui.model.SeleniumActionRetryController.performAction(SeleniumActionRetryController.java:96)
com.kms.katalon.core.webui.model.SeleniumActionRetryController.performAction(SeleniumActionRetryController.java:83)
com.kms.katalon.core.webui.keyword.internal.WebUIKeywordMain$_runKeywordUntilTimeout_closure1.doCall(WebUIKeywordMain.groovy:135)
com.kms.katalon.core.webui.keyword.internal.WebUIKeywordMain$_runKeywordUntilTimeout_closure1.call(WebUIKeywordMain.groovy)
com.kms.katalon.core.webui.keyword.internal.WebUIKeywordMain.runKeyword(WebUIKeywordMain.groovy:41)
com.kms.katalon.core.webui.keyword.internal.WebUIKeywordMain.runKeywordUntilTimeout(WebUIKeywordMain.groovy:133)
com.kms.katalon.core.webui.keyword.builtin.SetTextKeyword.setText(SetTextKeyword.groovy:106)
com.kms.katalon.core.webui.keyword.builtin.SetTextKeyword.execute(SetTextKeyword.groovy:49)
com.kms.katalon.core.keyword.internal.KeywordExecutor.executeKeywordForPlatform(KeywordExecutor.groovy:99)
com.kms.katalon.core.webui.keyword.WebUiBuiltInKeywords.setText(WebUiBuiltInKeywords.groovy:1082)
TC_Create_Task.run(TC_Create_Task:58)
</property>
</record>
<record>
  <date>2026-05-26T21:02:49.812091900Z</date>
  <millis>1779829369812</millis>
  <nanos>91900</nanos>
  <sequence>337</sequence>
  <level>END</level>
  <class>com.kms.katalon.core.logging.XmlKeywordLogger</class>
  <method>endKeyword</method>
  <thread>1</thread>
  <message>End action : setText(findTestObject(&amp;quot;Page_Work Order  Create- Workforce Manager/input_street&amp;quot;), &amp;quot;Admiralty Way&amp;quot;)</message>
  <nestedLevel>1</nestedLevel>
  <escapedJava>false</escapedJava>
</record>
<record>
  <date>2026-05-26T21:02:49.814217100Z</date>
  <millis>1779829369814</millis>
  <nanos>217100</nanos>
  <sequence>338</sequence>
  <level>START</level>
  <class>com.kms.katalon.core.logging.XmlKeywordLogger</class>
  <method>startKeyword</method>
  <thread>1</thread>
  <message>Start action : selectOptionByValue(findTestObject(&amp;quot;Page_Work Order  Create- Workforce Manager/select_AngolaCameroonCongoEthopiaNigeriaSouth Af&amp;quot;), &amp;quot;Nigeria&amp;quot;, false)</message>
  <nestedLevel>1</nestedLevel>
  <escapedJava>false</escapedJava>
  <property name="startLine">60</property>
  <property name="stepIndex">18</property>
</record>
<record>
  <date>2026-05-26T21:02:53.645499100Z</date>
  <millis>1779829373645</millis>
  <nanos>499100</nanos>
  <sequence>350</sequence>
  <level>PASSED</level>
  <class>com.kms.katalon.core.logging.XmlKeywordLogger</class>
  <method>logMessage</method>
  <thread>1</thread>
  <message>All options with value &amp;apos;Nigeria&amp;apos; are selected in object &amp;apos;Object Repository/Page_Work Order  Create- Workforce Manager/select_AngolaCameroonCongoEthopiaNigeriaSouth Af&amp;apos; </message>
  <nestedLevel>1</nestedLevel>
  <escapedJava>false</escapedJava>
  <property name="testops-method-name">com.kms.katalon.core.webui.keyword.internal.WebUIKeywordMain.runKeywordUntilTimeout</property>
  <property name="testops-execution-stacktrace">com.kms.katalon.core.logging.KeywordLogger.logPassed(KeywordLogger.java:350)
com.kms.katalon.core.logging.KeywordLogger.logPassed(KeywordLogger.java:345)
com.kms.katalon.core.webui.keyword.builtin.SelectOptionByValueKeyword$_selectOptionByValue_closure1.doCall(SelectOptionByValueKeyword.groovy:70)
java.base/jdk.internal.reflect.DirectMethodHandleAccessor.invoke(DirectMethodHandleAccessor.java:103)
jdk.proxy2/jdk.proxy2.$Proxy56.execute(Unknown Source)
com.kms.katalon.core.webui.model.SeleniumActionRetryController.performAction(SeleniumActionRetryController.java:96)
com.kms.katalon.core.webui.model.SeleniumActionRetryController.performAction(SeleniumActionRetryController.java:83)
com.kms.katalon.core.webui.keyword.internal.WebUIKeywordMain$_runKeywordUntilTimeout_closure1.doCall(WebUIKeywordMain.groovy:135)
com.kms.katalon.core.webui.keyword.internal.WebUIKeywordMain$_runKeywordUntilTimeout_closure1.call(WebUIKeywordMain.groovy)
com.kms.katalon.core.webui.keyword.internal.WebUIKeywordMain.runKeyword(WebUIKeywordMain.groovy:41)
com.kms.katalon.core.webui.keyword.internal.WebUIKeywordMain.runKeywordUntilTimeout(WebUIKeywordMain.groovy:133)
com.kms.katalon.core.webui.keyword.builtin.SelectOptionByValueKeyword.selectOptionByValue(SelectOptionByValueKeyword.groovy:79)
com.kms.katalon.core.webui.keyword.builtin.SelectOptionByValueKeyword.execute(SelectOptionByValueKeyword.groovy:44)
com.kms.katalon.core.keyword.internal.KeywordExecutor.executeKeywordForPlatform(KeywordExecutor.groovy:99)
com.kms.katalon.core.webui.keyword.WebUiBuiltInKeywords.selectOptionByValue(WebUiBuiltInKeywords.groovy:1270)
TC_Create_Task.run(TC_Create_Task:60)
</property>
</record>
<record>
  <date>2026-05-26T21:02:53.654135800Z</date>
  <millis>1779829373654</millis>
  <nanos>135800</nanos>
  <sequence>351</sequence>
  <level>END</level>
  <class>com.kms.katalon.core.logging.XmlKeywordLogger</class>
  <method>endKeyword</method>
  <thread>1</thread>
  <message>End action : selectOptionByValue(findTestObject(&amp;quot;Page_Work Order  Create- Workforce Manager/select_AngolaCameroonCongoEthopiaNigeriaSouth Af&amp;quot;), &amp;quot;Nigeria&amp;quot;, false)</message>
  <nestedLevel>1</nestedLevel>
  <escapedJava>false</escapedJava>
</record>
<record>
  <date>2026-05-26T21:02:53.657046900Z</date>
  <millis>1779829373657</millis>
  <nanos>46900</nanos>
  <sequence>352</sequence>
  <level>START</level>
  <class>com.kms.katalon.core.logging.XmlKeywordLogger</class>
  <method>startKeyword</method>
  <thread>1</thread>
  <message>Start action : selectOptionByValue(findTestObject(&amp;quot;Page_Work Order  Create- Workforce Manager/select_Select StateAbiaAbujaAdamawaAkwa IbomAnam&amp;quot;), &amp;quot;Lagos&amp;quot;, false)</message>
  <nestedLevel>1</nestedLevel>
  <escapedJava>false</escapedJava>
  <property name="startLine">63</property>
  <property name="stepIndex">19</property>
</record>
<record>
  <date>2026-05-26T21:02:56.044998300Z</date>
  <millis>1779829376044</millis>
  <nanos>998300</nanos>
  <sequence>364</sequence>
  <level>PASSED</level>
  <class>com.kms.katalon.core.logging.XmlKeywordLogger</class>
  <method>logMessage</method>
  <thread>1</thread>
  <message>All options with value &amp;apos;Lagos&amp;apos; are selected in object &amp;apos;Object Repository/Page_Work Order  Create- Workforce Manager/select_Select StateAbiaAbujaAdamawaAkwa IbomAnam&amp;apos; </message>
  <nestedLevel>1</nestedLevel>
  <escapedJava>false</escapedJava>
  <property name="testops-method-name">com.kms.katalon.core.webui.keyword.internal.WebUIKeywordMain.runKeywordUntilTimeout</property>
  <property name="testops-execution-stacktrace">com.kms.katalon.core.logging.KeywordLogger.logPassed(KeywordLogger.java:350)
com.kms.katalon.core.logging.KeywordLogger.logPassed(KeywordLogger.java:345)
com.kms.katalon.core.webui.keyword.builtin.SelectOptionByValueKeyword$_selectOptionByValue_closure1.doCall(SelectOptionByValueKeyword.groovy:70)
java.base/jdk.internal.reflect.DirectMethodHandleAccessor.invoke(DirectMethodHandleAccessor.java:103)
jdk.proxy2/jdk.proxy2.$Proxy56.execute(Unknown Source)
com.kms.katalon.core.webui.model.SeleniumActionRetryController.performAction(SeleniumActionRetryController.java:96)
com.kms.katalon.core.webui.model.SeleniumActionRetryController.performAction(SeleniumActionRetryController.java:83)
com.kms.katalon.core.webui.keyword.internal.WebUIKeywordMain$_runKeywordUntilTimeout_closure1.doCall(WebUIKeywordMain.groovy:135)
com.kms.katalon.core.webui.keyword.internal.WebUIKeywordMain$_runKeywordUntilTimeout_closure1.call(WebUIKeywordMain.groovy)
com.kms.katalon.core.webui.keyword.internal.WebUIKeywordMain.runKeyword(WebUIKeywordMain.groovy:41)
com.kms.katalon.core.webui.keyword.internal.WebUIKeywordMain.runKeywordUntilTimeout(WebUIKeywordMain.groovy:133)
com.kms.katalon.core.webui.keyword.builtin.SelectOptionByValueKeyword.selectOptionByValue(SelectOptionByValueKeyword.groovy:79)
com.kms.katalon.core.webui.keyword.builtin.SelectOptionByValueKeyword.execute(SelectOptionByValueKeyword.groovy:44)
com.kms.katalon.core.keyword.internal.KeywordExecutor.executeKeywordForPlatform(KeywordExecutor.groovy:99)
com.kms.katalon.core.webui.keyword.WebUiBuiltInKeywords.selectOptionByValue(WebUiBuiltInKeywords.groovy:1270)
TC_Create_Task.run(TC_Create_Task:63)
</property>
</record>
<record>
  <date>2026-05-26T21:02:56.062040500Z</date>
  <millis>1779829376062</millis>
  <nanos>40500</nanos>
  <sequence>365</sequence>
  <level>END</level>
  <class>com.kms.katalon.core.logging.XmlKeywordLogger</class>
  <method>endKeyword</method>
  <thread>1</thread>
  <message>End action : selectOptionByValue(findTestObject(&amp;quot;Page_Work Order  Create- Workforce Manager/select_Select StateAbiaAbujaAdamawaAkwa IbomAnam&amp;quot;), &amp;quot;Lagos&amp;quot;, false)</message>
  <nestedLevel>1</nestedLevel>
  <escapedJava>false</escapedJava>
</record>
<record>
  <date>2026-05-26T21:02:56.064083600Z</date>
  <millis>1779829376064</millis>
  <nanos>83600</nanos>
  <sequence>366</sequence>
  <level>START</level>
  <class>com.kms.katalon.core.logging.XmlKeywordLogger</class>
  <method>startKeyword</method>
  <thread>1</thread>
  <message>Start action : switchToWindowTitle(&amp;quot;Work Order | Create- Workforce Manager&amp;quot;)</message>
  <nestedLevel>1</nestedLevel>
  <escapedJava>false</escapedJava>
  <property name="startLine">66</property>
  <property name="stepIndex">20</property>
</record>
<record>
  <date>2026-05-26T21:02:56.257405900Z</date>
  <millis>1779829376257</millis>
  <nanos>405900</nanos>
  <sequence>371</sequence>
  <level>PASSED</level>
  <class>com.kms.katalon.core.logging.XmlKeywordLogger</class>
  <method>logMessage</method>
  <thread>1</thread>
  <message>Switched to window with title: &amp;apos;Work Order | Create- Workforce Manager&amp;apos;</message>
  <nestedLevel>1</nestedLevel>
  <escapedJava>false</escapedJava>
  <property name="testops-method-name">com.kms.katalon.core.webui.keyword.builtin.SwitchToWindowTitleKeyword.switchToWindowTitle</property>
  <property name="testops-execution-stacktrace"></property>
</record>
<record>
  <date>2026-05-26T21:02:56.262112200Z</date>
  <millis>1779829376262</millis>
  <nanos>112200</nanos>
  <sequence>372</sequence>
  <level>END</level>
  <class>com.kms.katalon.core.logging.XmlKeywordLogger</class>
  <method>endKeyword</method>
  <thread>1</thread>
  <message>End action : switchToWindowTitle(&amp;quot;Work Order | Create- Workforce Manager&amp;quot;)</message>
  <nestedLevel>1</nestedLevel>
  <escapedJava>false</escapedJava>
</record>
<record>
  <date>2026-05-26T21:02:56.262112200Z</date>
  <millis>1779829376262</millis>
  <nanos>112200</nanos>
  <sequence>373</sequence>
  <level>START</level>
  <class>com.kms.katalon.core.logging.XmlKeywordLogger</class>
  <method>startKeyword</method>
  <thread>1</thread>
  <message>Start action : click(findTestObject(&amp;quot;Page_Work Order  Create- Workforce Manager/input_optionsRadios1&amp;quot;))</message>
  <nestedLevel>1</nestedLevel>
  <escapedJava>false</escapedJava>
  <property name="startLine">68</property>
  <property name="stepIndex">21</property>
</record>
<record>
  <date>2026-05-26T21:02:57.101887600Z</date>
  <millis>1779829377101</millis>
  <nanos>887600</nanos>
  <sequence>384</sequence>
  <level>PASSED</level>
  <class>com.kms.katalon.core.logging.XmlKeywordLogger</class>
  <method>logMessage</method>
  <thread>1</thread>
  <message>Object: &amp;apos;Object Repository/Page_Work Order  Create- Workforce Manager/input_optionsRadios1&amp;apos; is clicked on</message>
  <nestedLevel>1</nestedLevel>
  <escapedJava>false</escapedJava>
  <property name="testops-method-name">com.kms.katalon.core.webui.keyword.internal.WebUIKeywordMain.runKeywordUntilTimeout</property>
  <property name="testops-execution-stacktrace">com.kms.katalon.core.logging.KeywordLogger.logPassed(KeywordLogger.java:350)
com.kms.katalon.core.logging.KeywordLogger.logPassed(KeywordLogger.java:345)
com.kms.katalon.core.webui.keyword.builtin.ClickKeyword$_click_closure1.doCall(ClickKeyword.groovy:66)
java.base/jdk.internal.reflect.DirectMethodHandleAccessor.invoke(DirectMethodHandleAccessor.java:103)
jdk.proxy2/jdk.proxy2.$Proxy56.execute(Unknown Source)
com.kms.katalon.core.webui.model.SeleniumActionRetryController.performAction(SeleniumActionRetryController.java:96)
com.kms.katalon.core.webui.model.SeleniumActionRetryController.performAction(SeleniumActionRetryController.java:83)
com.kms.katalon.core.webui.keyword.internal.WebUIKeywordMain$_runKeywordUntilTimeout_closure1.doCall(WebUIKeywordMain.groovy:135)
com.kms.katalon.core.webui.keyword.internal.WebUIKeywordMain$_runKeywordUntilTimeout_closure1.call(WebUIKeywordMain.groovy)
com.kms.katalon.core.webui.keyword.internal.WebUIKeywordMain.runKeyword(WebUIKeywordMain.groovy:41)
com.kms.katalon.core.webui.keyword.internal.WebUIKeywordMain.runKeywordUntilTimeout(WebUIKeywordMain.groovy:133)
com.kms.katalon.core.webui.keyword.builtin.ClickKeyword.click(ClickKeyword.groovy:72)
com.kms.katalon.core.webui.keyword.builtin.ClickKeyword.execute(ClickKeyword.groovy:38)
com.kms.katalon.core.keyword.internal.KeywordExecutor.executeKeywordForPlatform(KeywordExecutor.groovy:99)
com.kms.katalon.core.webui.keyword.WebUiBuiltInKeywords.click(WebUiBuiltInKeywords.groovy:722)
TC_Create_Task.run(TC_Create_Task:68)
</property>
</record>
<record>
  <date>2026-05-26T21:02:57.111580500Z</date>
  <millis>1779829377111</millis>
  <nanos>580500</nanos>
  <sequence>385</sequence>
  <level>END</level>
  <class>com.kms.katalon.core.logging.XmlKeywordLogger</class>
  <method>endKeyword</method>
  <thread>1</thread>
  <message>End action : click(findTestObject(&amp;quot;Page_Work Order  Create- Workforce Manager/input_optionsRadios1&amp;quot;))</message>
  <nestedLevel>1</nestedLevel>
  <escapedJava>false</escapedJava>
</record>
<record>
  <date>2026-05-26T21:02:57.113600800Z</date>
  <millis>1779829377113</millis>
  <nanos>600800</nanos>
  <sequence>386</sequence>
  <level>START</level>
  <class>com.kms.katalon.core.logging.XmlKeywordLogger</class>
  <method>startKeyword</method>
  <thread>1</thread>
  <message>Start action : click(findTestObject(&amp;quot;Page_Work Order  Create- Workforce Manager/input_optionsChecks1&amp;quot;))</message>
  <nestedLevel>1</nestedLevel>
  <escapedJava>false</escapedJava>
  <property name="startLine">70</property>
  <property name="stepIndex">22</property>
</record>
<record>
  <date>2026-05-26T21:02:58.193299Z</date>
  <millis>1779829378193</millis>
  <nanos>299000</nanos>
  <sequence>397</sequence>
  <level>PASSED</level>
  <class>com.kms.katalon.core.logging.XmlKeywordLogger</class>
  <method>logMessage</method>
  <thread>1</thread>
  <message>Object: &amp;apos;Object Repository/Page_Work Order  Create- Workforce Manager/input_optionsChecks1&amp;apos; is clicked on</message>
  <nestedLevel>1</nestedLevel>
  <escapedJava>false</escapedJava>
  <property name="testops-method-name">com.kms.katalon.core.webui.keyword.internal.WebUIKeywordMain.runKeywordUntilTimeout</property>
  <property name="testops-execution-stacktrace">com.kms.katalon.core.logging.KeywordLogger.logPassed(KeywordLogger.java:350)
com.kms.katalon.core.logging.KeywordLogger.logPassed(KeywordLogger.java:345)
com.kms.katalon.core.webui.keyword.builtin.ClickKeyword$_click_closure1.doCall(ClickKeyword.groovy:66)
java.base/jdk.internal.reflect.DirectMethodHandleAccessor.invoke(DirectMethodHandleAccessor.java:103)
jdk.proxy2/jdk.proxy2.$Proxy56.execute(Unknown Source)
com.kms.katalon.core.webui.model.SeleniumActionRetryController.performAction(SeleniumActionRetryController.java:96)
com.kms.katalon.core.webui.model.SeleniumActionRetryController.performAction(SeleniumActionRetryController.java:83)
com.kms.katalon.core.webui.keyword.internal.WebUIKeywordMain$_runKeywordUntilTimeout_closure1.doCall(WebUIKeywordMain.groovy:135)
com.kms.katalon.core.webui.keyword.internal.WebUIKeywordMain$_runKeywordUntilTimeout_closure1.call(WebUIKeywordMain.groovy)
com.kms.katalon.core.webui.keyword.internal.WebUIKeywordMain.runKeyword(WebUIKeywordMain.groovy:41)
com.kms.katalon.core.webui.keyword.internal.WebUIKeywordMain.runKeywordUntilTimeout(WebUIKeywordMain.groovy:133)
com.kms.katalon.core.webui.keyword.builtin.ClickKeyword.click(ClickKeyword.groovy:72)
com.kms.katalon.core.webui.keyword.builtin.ClickKeyword.execute(ClickKeyword.groovy:38)
com.kms.katalon.core.keyword.internal.KeywordExecutor.executeKeywordForPlatform(KeywordExecutor.groovy:99)
com.kms.katalon.core.webui.keyword.WebUiBuiltInKeywords.click(WebUiBuiltInKeywords.groovy:722)
TC_Create_Task.run(TC_Create_Task:70)
</property>
</record>
<record>
  <date>2026-05-26T21:02:58.201396600Z</date>
  <millis>1779829378201</millis>
  <nanos>396600</nanos>
  <sequence>398</sequence>
  <level>END</level>
  <class>com.kms.katalon.core.logging.XmlKeywordLogger</class>
  <method>endKeyword</method>
  <thread>1</thread>
  <message>End action : click(findTestObject(&amp;quot;Page_Work Order  Create- Workforce Manager/input_optionsChecks1&amp;quot;))</message>
  <nestedLevel>1</nestedLevel>
  <escapedJava>false</escapedJava>
</record>
<record>
  <date>2026-05-26T21:02:58.205452400Z</date>
  <millis>1779829378205</millis>
  <nanos>452400</nanos>
  <sequence>399</sequence>
  <level>START</level>
  <class>com.kms.katalon.core.logging.XmlKeywordLogger</class>
  <method>startKeyword</method>
  <thread>1</thread>
  <message>Start action : setText(findTestObject(&amp;quot;Page_Work Order  Create- Workforce Manager/input_Select Date&amp;quot;), &amp;quot;2026-05-20&amp;quot;)</message>
  <nestedLevel>1</nestedLevel>
  <escapedJava>false</escapedJava>
  <property name="startLine">72</property>
  <property name="stepIndex">23</property>
</record>
<record>
  <date>2026-05-26T21:02:59.891583800Z</date>
  <millis>1779829379891</millis>
  <nanos>583800</nanos>
  <sequence>413</sequence>
  <level>PASSED</level>
  <class>com.kms.katalon.core.logging.XmlKeywordLogger</class>
  <method>logMessage</method>
  <thread>1</thread>
  <message>Text &amp;apos;2026-05-20&amp;apos; is set on object &amp;apos;Object Repository/Page_Work Order  Create- Workforce Manager/input_Select Date&amp;apos;</message>
  <nestedLevel>1</nestedLevel>
  <escapedJava>false</escapedJava>
  <property name="testops-method-name">com.kms.katalon.core.webui.keyword.internal.WebUIKeywordMain.runKeywordUntilTimeout</property>
  <property name="testops-execution-stacktrace">com.kms.katalon.core.logging.KeywordLogger.logPassed(KeywordLogger.java:350)
com.kms.katalon.core.logging.KeywordLogger.logPassed(KeywordLogger.java:345)
com.kms.katalon.core.webui.keyword.builtin.SetTextKeyword$_setText_closure1.doCall(SetTextKeyword.groovy:99)
java.base/jdk.internal.reflect.DirectMethodHandleAccessor.invoke(DirectMethodHandleAccessor.java:103)
jdk.proxy2/jdk.proxy2.$Proxy56.execute(Unknown Source)
com.kms.katalon.core.webui.model.SeleniumActionRetryController.performAction(SeleniumActionRetryController.java:96)
com.kms.katalon.core.webui.model.SeleniumActionRetryController.performAction(SeleniumActionRetryController.java:83)
com.kms.katalon.core.webui.keyword.internal.WebUIKeywordMain$_runKeywordUntilTimeout_closure1.doCall(WebUIKeywordMain.groovy:135)
com.kms.katalon.core.webui.keyword.internal.WebUIKeywordMain$_runKeywordUntilTimeout_closure1.call(WebUIKeywordMain.groovy)
com.kms.katalon.core.webui.keyword.internal.WebUIKeywordMain.runKeyword(WebUIKeywordMain.groovy:41)
com.kms.katalon.core.webui.keyword.internal.WebUIKeywordMain.runKeywordUntilTimeout(WebUIKeywordMain.groovy:133)
com.kms.katalon.core.webui.keyword.builtin.SetTextKeyword.setText(SetTextKeyword.groovy:106)
com.kms.katalon.core.webui.keyword.builtin.SetTextKeyword.execute(SetTextKeyword.groovy:49)
com.kms.katalon.core.keyword.internal.KeywordExecutor.executeKeywordForPlatform(KeywordExecutor.groovy:99)
com.kms.katalon.core.webui.keyword.WebUiBuiltInKeywords.setText(WebUiBuiltInKeywords.groovy:1082)
TC_Create_Task.run(TC_Create_Task:72)
</property>
</record>
<record>
  <date>2026-05-26T21:02:59.908553500Z</date>
  <millis>1779829379908</millis>
  <nanos>553500</nanos>
  <sequence>414</sequence>
  <level>END</level>
  <class>com.kms.katalon.core.logging.XmlKeywordLogger</class>
  <method>endKeyword</method>
  <thread>1</thread>
  <message>End action : setText(findTestObject(&amp;quot;Page_Work Order  Create- Workforce Manager/input_Select Date&amp;quot;), &amp;quot;2026-05-20&amp;quot;)</message>
  <nestedLevel>1</nestedLevel>
  <escapedJava>false</escapedJava>
</record>
<record>
  <date>2026-05-26T21:02:59.909441700Z</date>
  <millis>1779829379909</millis>
  <nanos>441700</nanos>
  <sequence>415</sequence>
  <level>START</level>
  <class>com.kms.katalon.core.logging.XmlKeywordLogger</class>
  <method>startKeyword</method>
  <thread>1</thread>
  <message>Start action : filePath = getProjectDir() + &amp;quot;/Include/test-files/data_backup.png&amp;quot;</message>
  <nestedLevel>1</nestedLevel>
  <escapedJava>false</escapedJava>
  <property name="startLine">74</property>
  <property name="stepIndex">24</property>
</record>
<record>
  <date>2026-05-26T21:02:59.952345Z</date>
  <millis>1779829379952</millis>
  <nanos>345000</nanos>
  <sequence>416</sequence>
  <level>END</level>
  <class>com.kms.katalon.core.logging.XmlKeywordLogger</class>
  <method>endKeyword</method>
  <thread>1</thread>
  <message>End action : filePath = getProjectDir() + &amp;quot;/Include/test-files/data_backup.png&amp;quot;</message>
  <nestedLevel>1</nestedLevel>
  <escapedJava>false</escapedJava>
</record>
<record>
  <date>2026-05-26T21:02:59.954431100Z</date>
  <millis>1779829379954</millis>
  <nanos>431100</nanos>
  <sequence>417</sequence>
  <level>START</level>
  <class>com.kms.katalon.core.logging.XmlKeywordLogger</class>
  <method>startKeyword</method>
  <thread>1</thread>
  <message>Start action : assert File(filePath).exists()</message>
  <nestedLevel>1</nestedLevel>
  <escapedJava>false</escapedJava>
  <property name="startLine">77</property>
  <property name="stepIndex">25</property>
</record>
<record>
  <date>2026-05-26T21:03:00.012554700Z</date>
  <millis>1779829380012</millis>
  <nanos>554700</nanos>
  <sequence>418</sequence>
  <level>END</level>
  <class>com.kms.katalon.core.logging.XmlKeywordLogger</class>
  <method>endKeyword</method>
  <thread>1</thread>
  <message>End action : assert File(filePath).exists()</message>
  <nestedLevel>1</nestedLevel>
  <escapedJava>false</escapedJava>
</record>
<record>
  <date>2026-05-26T21:03:00.021840200Z</date>
  <millis>1779829380021</millis>
  <nanos>840200</nanos>
  <sequence>419</sequence>
  <level>START</level>
  <class>com.kms.katalon.core.logging.XmlKeywordLogger</class>
  <method>startKeyword</method>
  <thread>1</thread>
  <message>Start action : uploadObj = findTestObject(&amp;quot;Page_Work Order  Create- Workforce Manager/input_take-photo-input-selected_file&amp;quot;)</message>
  <nestedLevel>1</nestedLevel>
  <escapedJava>false</escapedJava>
  <property name="startLine">79</property>
  <property name="stepIndex">26</property>
</record>
<record>
  <date>2026-05-26T21:03:00.045134700Z</date>
  <millis>1779829380045</millis>
  <nanos>134700</nanos>
  <sequence>421</sequence>
  <level>END</level>
  <class>com.kms.katalon.core.logging.XmlKeywordLogger</class>
  <method>endKeyword</method>
  <thread>1</thread>
  <message>End action : uploadObj = findTestObject(&amp;quot;Page_Work Order  Create- Workforce Manager/input_take-photo-input-selected_file&amp;quot;)</message>
  <nestedLevel>1</nestedLevel>
  <escapedJava>false</escapedJava>
</record>
<record>
  <date>2026-05-26T21:03:00.054571700Z</date>
  <millis>1779829380054</millis>
  <nanos>571700</nanos>
  <sequence>422</sequence>
  <level>START</level>
  <class>com.kms.katalon.core.logging.XmlKeywordLogger</class>
  <method>startKeyword</method>
  <thread>1</thread>
  <message>Start action : waitForElementPresent(uploadObj, 10)</message>
  <nestedLevel>1</nestedLevel>
  <escapedJava>false</escapedJava>
  <property name="startLine">81</property>
  <property name="stepIndex">27</property>
</record>
<record>
  <date>2026-05-26T21:03:00.669355300Z</date>
  <millis>1779829380669</millis>
  <nanos>355300</nanos>
  <sequence>428</sequence>
  <level>PASSED</level>
  <class>com.kms.katalon.core.logging.XmlKeywordLogger</class>
  <method>logMessage</method>
  <thread>1</thread>
  <message>Object &amp;apos;Object Repository/Page_Work Order  Create- Workforce Manager/input_take-photo-input-selected_file&amp;apos; is present</message>
  <nestedLevel>1</nestedLevel>
  <escapedJava>false</escapedJava>
  <property name="testops-method-name">com.kms.katalon.core.webui.keyword.internal.WebUIKeywordMain.runKeywordUntilTimeout</property>
  <property name="testops-execution-stacktrace">com.kms.katalon.core.logging.KeywordLogger.logPassed(KeywordLogger.java:350)
com.kms.katalon.core.logging.KeywordLogger.logPassed(KeywordLogger.java:345)
com.kms.katalon.core.webui.keyword.builtin.WaitForElementPresentKeyword$_waitForElementPresent_closure1.doCall(WaitForElementPresentKeyword.groovy:56)
java.base/jdk.internal.reflect.DirectMethodHandleAccessor.invoke(DirectMethodHandleAccessor.java:103)
jdk.proxy2/jdk.proxy2.$Proxy56.execute(Unknown Source)
com.kms.katalon.core.webui.model.SeleniumActionRetryController.performAction(SeleniumActionRetryController.java:96)
com.kms.katalon.core.webui.model.SeleniumActionRetryController.performAction(SeleniumActionRetryController.java:83)
com.kms.katalon.core.webui.keyword.internal.WebUIKeywordMain$_runKeywordUntilTimeout_closure2.doCall(WebUIKeywordMain.groovy:155)
com.kms.katalon.core.webui.keyword.internal.WebUIKeywordMain$_runKeywordUntilTimeout_closure2.call(WebUIKeywordMain.groovy)
com.kms.katalon.core.webui.keyword.internal.WebUIKeywordMain.runKeyword(WebUIKeywordMain.groovy:41)
com.kms.katalon.core.webui.keyword.internal.WebUIKeywordMain.runKeywordUntilTimeout(WebUIKeywordMain.groovy:152)
com.kms.katalon.core.webui.keyword.builtin.WaitForElementPresentKeyword.waitForElementPresent(WaitForElementPresentKeyword.groovy:68)
com.kms.katalon.core.webui.keyword.builtin.WaitForElementPresentKeyword.execute(WaitForElementPresentKeyword.groovy:38)
com.kms.katalon.core.keyword.internal.KeywordExecutor.executeKeywordForPlatform(KeywordExecutor.groovy:99)
com.kms.katalon.core.webui.keyword.WebUiBuiltInKeywords.waitForElementPresent(WebUiBuiltInKeywords.groovy:424)
TC_Create_Task.run(TC_Create_Task:81)
</property>
</record>
<record>
  <date>2026-05-26T21:03:00.675223500Z</date>
  <millis>1779829380675</millis>
  <nanos>223500</nanos>
  <sequence>429</sequence>
  <level>END</level>
  <class>com.kms.katalon.core.logging.XmlKeywordLogger</class>
  <method>endKeyword</method>
  <thread>1</thread>
  <message>End action : waitForElementPresent(uploadObj, 10)</message>
  <nestedLevel>1</nestedLevel>
  <escapedJava>false</escapedJava>
</record>
<record>
  <date>2026-05-26T21:03:00.676185200Z</date>
  <millis>1779829380676</millis>
  <nanos>185200</nanos>
  <sequence>430</sequence>
  <level>START</level>
  <class>com.kms.katalon.core.logging.XmlKeywordLogger</class>
  <method>startKeyword</method>
  <thread>1</thread>
  <message>Start action : uploadFile(uploadObj, filePath)</message>
  <nestedLevel>1</nestedLevel>
  <escapedJava>false</escapedJava>
  <property name="startLine">83</property>
  <property name="stepIndex">28</property>
</record>
<record>
  <date>2026-05-26T21:03:01.183700400Z</date>
  <millis>1779829381183</millis>
  <nanos>700400</nanos>
  <sequence>439</sequence>
  <level>WARNING</level>
  <class>com.kms.katalon.core.logging.XmlKeywordLogger</class>
  <method>logMessage</method>
  <thread>1</thread>
  <message>Cannot clear the existing file path in the input element. Continue to upload file.</message>
  <nestedLevel>1</nestedLevel>
  <escapedJava>false</escapedJava>
</record>
<record>
  <date>2026-05-26T21:03:01.394177100Z</date>
  <millis>1779829381394</millis>
  <nanos>177100</nanos>
  <sequence>440</sequence>
  <level>PASSED</level>
  <class>com.kms.katalon.core.logging.XmlKeywordLogger</class>
  <method>logMessage</method>
  <thread>1</thread>
  <message>File &amp;apos;C:/Users/CROWN-STAFF/git/convergence-qa-tests/Include/test-files/data_backup.png&amp;apos; sent to object: &amp;apos;Object Repository/Page_Work Order  Create- Workforce Manager/input_take-photo-input-selected_file&amp;apos;</message>
  <nestedLevel>1</nestedLevel>
  <escapedJava>false</escapedJava>
  <property name="testops-method-name">com.kms.katalon.core.webui.keyword.builtin.UploadFileKeyword.uploadFile</property>
  <property name="testops-execution-stacktrace"></property>
</record>
<record>
  <date>2026-05-26T21:03:01.412842900Z</date>
  <millis>1779829381412</millis>
  <nanos>842900</nanos>
  <sequence>441</sequence>
  <level>END</level>
  <class>com.kms.katalon.core.logging.XmlKeywordLogger</class>
  <method>endKeyword</method>
  <thread>1</thread>
  <message>End action : uploadFile(uploadObj, filePath)</message>
  <nestedLevel>1</nestedLevel>
  <escapedJava>false</escapedJava>
</record>
<record>
  <date>2026-05-26T21:03:01.424290500Z</date>
  <millis>1779829381424</millis>
  <nanos>290500</nanos>
  <sequence>442</sequence>
  <level>START</level>
  <class>com.kms.katalon.core.logging.XmlKeywordLogger</class>
  <method>startKeyword</method>
  <thread>1</thread>
  <message>Start action : click(findTestObject(&amp;quot;Page_Work Order  Create- Workforce Manager/input_should_assign_ticket&amp;quot;))</message>
  <nestedLevel>1</nestedLevel>
  <escapedJava>false</escapedJava>
  <property name="startLine">85</property>
  <property name="stepIndex">29</property>
</record>
<record>
  <date>2026-05-26T21:03:02.573959200Z</date>
  <millis>1779829382573</millis>
  <nanos>959200</nanos>
  <sequence>453</sequence>
  <level>PASSED</level>
  <class>com.kms.katalon.core.logging.XmlKeywordLogger</class>
  <method>logMessage</method>
  <thread>1</thread>
  <message>Object: &amp;apos;Object Repository/Page_Work Order  Create- Workforce Manager/input_should_assign_ticket&amp;apos; is clicked on</message>
  <nestedLevel>1</nestedLevel>
  <escapedJava>false</escapedJava>
  <property name="testops-method-name">com.kms.katalon.core.webui.keyword.internal.WebUIKeywordMain.runKeywordUntilTimeout</property>
  <property name="testops-execution-stacktrace">com.kms.katalon.core.logging.KeywordLogger.logPassed(KeywordLogger.java:350)
com.kms.katalon.core.logging.KeywordLogger.logPassed(KeywordLogger.java:345)
com.kms.katalon.core.webui.keyword.builtin.ClickKeyword$_click_closure1.doCall(ClickKeyword.groovy:66)
java.base/jdk.internal.reflect.DirectMethodHandleAccessor.invoke(DirectMethodHandleAccessor.java:103)
jdk.proxy2/jdk.proxy2.$Proxy56.execute(Unknown Source)
com.kms.katalon.core.webui.model.SeleniumActionRetryController.performAction(SeleniumActionRetryController.java:96)
com.kms.katalon.core.webui.model.SeleniumActionRetryController.performAction(SeleniumActionRetryController.java:83)
com.kms.katalon.core.webui.keyword.internal.WebUIKeywordMain$_runKeywordUntilTimeout_closure1.doCall(WebUIKeywordMain.groovy:135)
com.kms.katalon.core.webui.keyword.internal.WebUIKeywordMain$_runKeywordUntilTimeout_closure1.call(WebUIKeywordMain.groovy)
com.kms.katalon.core.webui.keyword.internal.WebUIKeywordMain.runKeyword(WebUIKeywordMain.groovy:41)
com.kms.katalon.core.webui.keyword.internal.WebUIKeywordMain.runKeywordUntilTimeout(WebUIKeywordMain.groovy:133)
com.kms.katalon.core.webui.keyword.builtin.ClickKeyword.click(ClickKeyword.groovy:72)
com.kms.katalon.core.webui.keyword.builtin.ClickKeyword.execute(ClickKeyword.groovy:38)
com.kms.katalon.core.keyword.internal.KeywordExecutor.executeKeywordForPlatform(KeywordExecutor.groovy:99)
com.kms.katalon.core.webui.keyword.WebUiBuiltInKeywords.click(WebUiBuiltInKeywords.groovy:722)
TC_Create_Task.run(TC_Create_Task:85)
</property>
</record>
<record>
  <date>2026-05-26T21:03:02.578015400Z</date>
  <millis>1779829382578</millis>
  <nanos>15400</nanos>
  <sequence>454</sequence>
  <level>END</level>
  <class>com.kms.katalon.core.logging.XmlKeywordLogger</class>
  <method>endKeyword</method>
  <thread>1</thread>
  <message>End action : click(findTestObject(&amp;quot;Page_Work Order  Create- Workforce Manager/input_should_assign_ticket&amp;quot;))</message>
  <nestedLevel>1</nestedLevel>
  <escapedJava>false</escapedJava>
</record>
<record>
  <date>2026-05-26T21:03:02.588549600Z</date>
  <millis>1779829382588</millis>
  <nanos>549600</nanos>
  <sequence>455</sequence>
  <level>START</level>
  <class>com.kms.katalon.core.logging.XmlKeywordLogger</class>
  <method>startKeyword</method>
  <thread>1</thread>
  <message>Start action : selectOptionByValue(findTestObject(&amp;quot;Page_Work Order  Create- Workforce Manager/select_assign-to-user&amp;quot;), &amp;quot;82&amp;quot;, false)</message>
  <nestedLevel>1</nestedLevel>
  <escapedJava>false</escapedJava>
  <property name="startLine">87</property>
  <property name="stepIndex">30</property>
</record>
<record>
  <date>2026-05-26T21:03:03.656688Z</date>
  <millis>1779829383656</millis>
  <nanos>688000</nanos>
  <sequence>467</sequence>
  <level>PASSED</level>
  <class>com.kms.katalon.core.logging.XmlKeywordLogger</class>
  <method>logMessage</method>
  <thread>1</thread>
  <message>All options with value &amp;apos;82&amp;apos; are selected in object &amp;apos;Object Repository/Page_Work Order  Create- Workforce Manager/select_assign-to-user&amp;apos; </message>
  <nestedLevel>1</nestedLevel>
  <escapedJava>false</escapedJava>
  <property name="testops-method-name">com.kms.katalon.core.webui.keyword.internal.WebUIKeywordMain.runKeywordUntilTimeout</property>
  <property name="testops-execution-stacktrace">com.kms.katalon.core.logging.KeywordLogger.logPassed(KeywordLogger.java:350)
com.kms.katalon.core.logging.KeywordLogger.logPassed(KeywordLogger.java:345)
com.kms.katalon.core.webui.keyword.builtin.SelectOptionByValueKeyword$_selectOptionByValue_closure1.doCall(SelectOptionByValueKeyword.groovy:70)
java.base/jdk.internal.reflect.DirectMethodHandleAccessor.invoke(DirectMethodHandleAccessor.java:103)
jdk.proxy2/jdk.proxy2.$Proxy56.execute(Unknown Source)
com.kms.katalon.core.webui.model.SeleniumActionRetryController.performAction(SeleniumActionRetryController.java:96)
com.kms.katalon.core.webui.model.SeleniumActionRetryController.performAction(SeleniumActionRetryController.java:83)
com.kms.katalon.core.webui.keyword.internal.WebUIKeywordMain$_runKeywordUntilTimeout_closure1.doCall(WebUIKeywordMain.groovy:135)
com.kms.katalon.core.webui.keyword.internal.WebUIKeywordMain$_runKeywordUntilTimeout_closure1.call(WebUIKeywordMain.groovy)
com.kms.katalon.core.webui.keyword.internal.WebUIKeywordMain.runKeyword(WebUIKeywordMain.groovy:41)
com.kms.katalon.core.webui.keyword.internal.WebUIKeywordMain.runKeywordUntilTimeout(WebUIKeywordMain.groovy:133)
com.kms.katalon.core.webui.keyword.builtin.SelectOptionByValueKeyword.selectOptionByValue(SelectOptionByValueKeyword.groovy:79)
com.kms.katalon.core.webui.keyword.builtin.SelectOptionByValueKeyword.execute(SelectOptionByValueKeyword.groovy:44)
com.kms.katalon.core.keyword.internal.KeywordExecutor.executeKeywordForPlatform(KeywordExecutor.groovy:99)
com.kms.katalon.core.webui.keyword.WebUiBuiltInKeywords.selectOptionByValue(WebUiBuiltInKeywords.groovy:1270)
TC_Create_Task.run(TC_Create_Task:87)
</property>
</record>
<record>
  <date>2026-05-26T21:03:03.672578100Z</date>
  <millis>1779829383672</millis>
  <nanos>578100</nanos>
  <sequence>468</sequence>
  <level>END</level>
  <class>com.kms.katalon.core.logging.XmlKeywordLogger</class>
  <method>endKeyword</method>
  <thread>1</thread>
  <message>End action : selectOptionByValue(findTestObject(&amp;quot;Page_Work Order  Create- Workforce Manager/select_assign-to-user&amp;quot;), &amp;quot;82&amp;quot;, false)</message>
  <nestedLevel>1</nestedLevel>
  <escapedJava>false</escapedJava>
</record>
<record>
  <date>2026-05-26T21:03:03.674659700Z</date>
  <millis>1779829383674</millis>
  <nanos>659700</nanos>
  <sequence>469</sequence>
  <level>START</level>
  <class>com.kms.katalon.core.logging.XmlKeywordLogger</class>
  <method>startKeyword</method>
  <thread>1</thread>
  <message>Start action : waitForElementClickable(findTestObject(&amp;quot;Page_Work Order  Create- Workforce Manager/button_Create&amp;quot;), 20)</message>
  <nestedLevel>1</nestedLevel>
  <escapedJava>false</escapedJava>
  <property name="startLine">92</property>
  <property name="stepIndex">31</property>
</record>
<record>
  <date>2026-05-26T21:03:04.813148800Z</date>
  <millis>1779829384813</millis>
  <nanos>148800</nanos>
  <sequence>476</sequence>
  <level>PASSED</level>
  <class>com.kms.katalon.core.logging.XmlKeywordLogger</class>
  <method>logMessage</method>
  <thread>1</thread>
  <message>Object &amp;apos;Object Repository/Page_Work Order  Create- Workforce Manager/button_Create&amp;apos; is clickable</message>
  <nestedLevel>1</nestedLevel>
  <escapedJava>false</escapedJava>
  <property name="testops-method-name">com.kms.katalon.core.webui.keyword.internal.WebUIKeywordMain.runKeywordUntilTimeout</property>
  <property name="testops-execution-stacktrace">com.kms.katalon.core.logging.KeywordLogger.logPassed(KeywordLogger.java:350)
com.kms.katalon.core.logging.KeywordLogger.logPassed(KeywordLogger.java:345)
com.kms.katalon.core.logging.KeywordLogger$logPassed$0.call(Unknown Source)
com.kms.katalon.core.webui.keyword.builtin.WaitForElementClickableKeyword$_waitForElementClickable_closure1.doCall(WaitForElementClickableKeyword.groovy:59)
java.base/jdk.internal.reflect.DirectMethodHandleAccessor.invoke(DirectMethodHandleAccessor.java:103)
jdk.proxy2/jdk.proxy2.$Proxy56.execute(Unknown Source)
com.kms.katalon.core.webui.model.SeleniumActionRetryController.performAction(SeleniumActionRetryController.java:96)
com.kms.katalon.core.webui.model.SeleniumActionRetryController.performAction(SeleniumActionRetryController.java:83)
com.kms.katalon.core.webui.keyword.internal.WebUIKeywordMain$_runKeywordUntilTimeout_closure2.doCall(WebUIKeywordMain.groovy:155)
com.kms.katalon.core.webui.keyword.internal.WebUIKeywordMain$_runKeywordUntilTimeout_closure2.call(WebUIKeywordMain.groovy)
com.kms.katalon.core.webui.keyword.internal.WebUIKeywordMain.runKeyword(WebUIKeywordMain.groovy:41)
com.kms.katalon.core.webui.keyword.internal.WebUIKeywordMain.runKeywordUntilTimeout(WebUIKeywordMain.groovy:152)
com.kms.katalon.core.webui.keyword.internal.WebUIKeywordMain$runKeywordUntilTimeout.call(Unknown Source)
com.kms.katalon.core.webui.keyword.builtin.WaitForElementClickableKeyword.waitForElementClickable(WaitForElementClickableKeyword.groovy:76)
com.kms.katalon.core.webui.keyword.builtin.WaitForElementClickableKeyword.execute(WaitForElementClickableKeyword.groovy:42)
com.kms.katalon.core.keyword.internal.KeywordExecutor.executeKeywordForPlatform(KeywordExecutor.groovy:99)
com.kms.katalon.core.webui.keyword.WebUiBuiltInKeywords.waitForElementClickable(WebUiBuiltInKeywords.groovy:581)
TC_Create_Task.run(TC_Create_Task:92)
</property>
</record>
<record>
  <date>2026-05-26T21:03:04.822597300Z</date>
  <millis>1779829384822</millis>
  <nanos>597300</nanos>
  <sequence>477</sequence>
  <level>END</level>
  <class>com.kms.katalon.core.logging.XmlKeywordLogger</class>
  <method>endKeyword</method>
  <thread>1</thread>
  <message>End action : waitForElementClickable(findTestObject(&amp;quot;Page_Work Order  Create- Workforce Manager/button_Create&amp;quot;), 20)</message>
  <nestedLevel>1</nestedLevel>
  <escapedJava>false</escapedJava>
</record>
<record>
  <date>2026-05-26T21:03:04.824669900Z</date>
  <millis>1779829384824</millis>
  <nanos>669900</nanos>
  <sequence>478</sequence>
  <level>START</level>
  <class>com.kms.katalon.core.logging.XmlKeywordLogger</class>
  <method>startKeyword</method>
  <thread>1</thread>
  <message>Start action : click(findTestObject(&amp;quot;Page_Work Order  Create- Workforce Manager/button_Create&amp;quot;))</message>
  <nestedLevel>1</nestedLevel>
  <escapedJava>false</escapedJava>
  <property name="startLine">94</property>
  <property name="stepIndex">32</property>
</record>
<record>
  <date>2026-05-26T21:03:05.890603700Z</date>
  <millis>1779829385890</millis>
  <nanos>603700</nanos>
  <sequence>489</sequence>
  <level>PASSED</level>
  <class>com.kms.katalon.core.logging.XmlKeywordLogger</class>
  <method>logMessage</method>
  <thread>1</thread>
  <message>Object: &amp;apos;Object Repository/Page_Work Order  Create- Workforce Manager/button_Create&amp;apos; is clicked on</message>
  <nestedLevel>1</nestedLevel>
  <escapedJava>false</escapedJava>
  <property name="testops-method-name">com.kms.katalon.core.webui.keyword.internal.WebUIKeywordMain.runKeywordUntilTimeout</property>
  <property name="testops-execution-stacktrace">com.kms.katalon.core.logging.KeywordLogger.logPassed(KeywordLogger.java:350)
com.kms.katalon.core.logging.KeywordLogger.logPassed(KeywordLogger.java:345)
com.kms.katalon.core.webui.keyword.builtin.ClickKeyword$_click_closure1.doCall(ClickKeyword.groovy:66)
java.base/jdk.internal.reflect.DirectMethodHandleAccessor.invoke(DirectMethodHandleAccessor.java:103)
jdk.proxy2/jdk.proxy2.$Proxy56.execute(Unknown Source)
com.kms.katalon.core.webui.model.SeleniumActionRetryController.performAction(SeleniumActionRetryController.java:96)
com.kms.katalon.core.webui.model.SeleniumActionRetryController.performAction(SeleniumActionRetryController.java:83)
com.kms.katalon.core.webui.keyword.internal.WebUIKeywordMain$_runKeywordUntilTimeout_closure1.doCall(WebUIKeywordMain.groovy:135)
com.kms.katalon.core.webui.keyword.internal.WebUIKeywordMain$_runKeywordUntilTimeout_closure1.call(WebUIKeywordMain.groovy)
com.kms.katalon.core.webui.keyword.internal.WebUIKeywordMain.runKeyword(WebUIKeywordMain.groovy:41)
com.kms.katalon.core.webui.keyword.internal.WebUIKeywordMain.runKeywordUntilTimeout(WebUIKeywordMain.groovy:133)
com.kms.katalon.core.webui.keyword.builtin.ClickKeyword.click(ClickKeyword.groovy:72)
com.kms.katalon.core.webui.keyword.builtin.ClickKeyword.execute(ClickKeyword.groovy:38)
com.kms.katalon.core.keyword.internal.KeywordExecutor.executeKeywordForPlatform(KeywordExecutor.groovy:99)
com.kms.katalon.core.webui.keyword.WebUiBuiltInKeywords.click(WebUiBuiltInKeywords.groovy:722)
TC_Create_Task.run(TC_Create_Task:94)
</property>
</record>
<record>
  <date>2026-05-26T21:03:05.892625700Z</date>
  <millis>1779829385892</millis>
  <nanos>625700</nanos>
  <sequence>490</sequence>
  <level>END</level>
  <class>com.kms.katalon.core.logging.XmlKeywordLogger</class>
  <method>endKeyword</method>
  <thread>1</thread>
  <message>End action : click(findTestObject(&amp;quot;Page_Work Order  Create- Workforce Manager/button_Create&amp;quot;))</message>
  <nestedLevel>1</nestedLevel>
  <escapedJava>false</escapedJava>
</record>
<record>
  <date>2026-05-26T21:03:05.894701100Z</date>
  <millis>1779829385894</millis>
  <nanos>701100</nanos>
  <sequence>491</sequence>
  <level>PASSED</level>
  <class>com.kms.katalon.core.logging.XmlKeywordLogger</class>
  <method>logMessage</method>
  <thread>1</thread>
  <message>Test Cases/Setup/TC_Create_Task</message>
  <nestedLevel>1</nestedLevel>
  <escapedJava>false</escapedJava>
</record>
<record>
  <date>2026-05-26T21:03:05.902334800Z</date>
  <millis>1779829385902</millis>
  <nanos>334800</nanos>
  <sequence>492</sequence>
  <level>END</level>
  <class>com.kms.katalon.core.logging.XmlKeywordLogger</class>
  <method>endTest</method>
  <thread>1</thread>
  <message>End Test Case : Test Cases/Setup/TC_Create_Task</message>
  <nestedLevel>0</nestedLevel>
  <escapedJava>false</escapedJava>
  <property name="executionBindingVariables">[]</property>
  <property name="applitools">false</property>
  <property name="remainingRetryCount">3</property>
  <property name="executedKeywords">{
  &quot;WebUI.maximizeWindow&quot;: 1,
  &quot;WebUI.switchToWindowTitle&quot;: 1,
  &quot;WebUI.click&quot;: 9,
  &quot;WebUI.navigateToUrl&quot;: 1,
  &quot;WebUI.selectOptionByValue&quot;: 3,
  &quot;WebUI.waitForElementPresent&quot;: 1,
  &quot;WebUI.uploadFile&quot;: 1,
  &quot;BuiltIn.delay&quot;: 1,
  &quot;WebUI.setText&quot;: 10,
  &quot;WebUI.waitForElementClickable&quot;: 1
}</property>
  <property name="currentRetryCount">0</property>
  <property name="keywordsUsage">{
  &quot;web_ui&quot;: true,
  &quot;web_service&quot;: false,
  &quot;cucumber&quot;: false,
  &quot;builtin&quot;: true,
  &quot;mobile&quot;: false,
  &quot;windows&quot;: false,
  &quot;testng&quot;: false
}</property>
</record>
<record>
  <date>2026-05-26T21:03:05.926764500Z</date>
  <millis>1779829385926</millis>
  <nanos>764500</nanos>
  <sequence>493</sequence>
  <level>START</level>
  <class>com.kms.katalon.core.logging.XmlKeywordLogger</class>
  <method>startTest</method>
  <thread>1</thread>
  <message>Start Test Case : Test Cases/Setup/TC_Open_Task_Details</message>
  <nestedLevel>1</nestedLevel>
  <escapedJava>false</escapedJava>
  <property name="remainingRetryCount">3</property>
  <property name="origin"></property>
  <property name="name">Test Cases/Setup/TC_Open_Task_Details</property>
  <property name="description"></property>
  <property name="iteration"></property>
  <property name="id">Test Cases/Setup/TC_Open_Task_Details</property>
  <property name="source">C:\Users\CROWN-STAFF\git\convergence-qa-tests\Test Cases\Setup\TC_Open_Task_Details.tc</property>
  <property name="tag"></property>
  <property name="isOptional">false</property>
  <property name="uuid">77c5623c-8a29-4a70-8354-d78f4fc37678</property>
  <property name="currentRetryCount">0</property>
</record>
<record>
  <date>2026-05-26T21:03:06.502844100Z</date>
  <millis>1779829386502</millis>
  <nanos>844100</nanos>
  <sequence>495</sequence>
  <level>RUN_DATA</level>
  <class>com.kms.katalon.core.logging.XmlKeywordLogger</class>
  <method>logMessage</method>
  <thread>1</thread>
  <message>executionBindingVariables = []</message>
  <nestedLevel>1</nestedLevel>
  <escapedJava>false</escapedJava>
  <property name="executionBindingVariables">[]</property>
</record>
<record>
  <date>2026-05-26T21:03:08.826086500Z</date>
  <millis>1779829388826</millis>
  <nanos>86500</nanos>
  <sequence>496</sequence>
  <level>START</level>
  <class>com.kms.katalon.core.logging.XmlKeywordLogger</class>
  <method>startKeyword</method>
  <thread>1</thread>
  <message>Start action : waitForPageLoad(30)</message>
  <nestedLevel>1</nestedLevel>
  <escapedJava>false</escapedJava>
  <property name="startLine">12</property>
  <property name="stepIndex">1</property>
</record>
<record>
  <date>2026-05-26T21:03:09.682811400Z</date>
  <millis>1779829389682</millis>
  <nanos>811400</nanos>
  <sequence>500</sequence>
  <level>PASSED</level>
  <class>com.kms.katalon.core.logging.XmlKeywordLogger</class>
  <method>logMessage</method>
  <thread>1</thread>
  <message>Wait for page load successfully</message>
  <nestedLevel>1</nestedLevel>
  <escapedJava>false</escapedJava>
  <property name="testops-method-name">com.kms.katalon.core.webui.keyword.internal.WebUIKeywordMain$runKeyword$0.call</property>
  <property name="testops-execution-stacktrace">com.kms.katalon.core.logging.KeywordLogger.logPassed(KeywordLogger.java:350)
com.kms.katalon.core.logging.KeywordLogger.logPassed(KeywordLogger.java:345)
com.kms.katalon.core.logging.KeywordLogger$logPassed$0.call(Unknown Source)
com.kms.katalon.core.webui.keyword.builtin.WaitForPageLoadKeyword$_waitForPageLoad_closure1.doCall(WaitForPageLoadKeyword.groovy:94)
com.kms.katalon.core.webui.keyword.builtin.WaitForPageLoadKeyword$_waitForPageLoad_closure1.doCall(WaitForPageLoadKeyword.groovy)
java.base/jdk.internal.reflect.DirectMethodHandleAccessor.invoke(DirectMethodHandleAccessor.java:103)
com.kms.katalon.core.webui.keyword.internal.WebUIKeywordMain.runKeyword(WebUIKeywordMain.groovy:41)
com.kms.katalon.core.webui.keyword.internal.WebUIKeywordMain$runKeyword$0.call(Unknown Source)
com.kms.katalon.core.webui.keyword.builtin.WaitForPageLoadKeyword.waitForPageLoad(WaitForPageLoadKeyword.groovy:95)
com.kms.katalon.core.webui.keyword.builtin.WaitForPageLoadKeyword.execute(WaitForPageLoadKeyword.groovy:68)
com.kms.katalon.core.keyword.internal.KeywordExecutor.executeKeywordForPlatform(KeywordExecutor.groovy:99)
com.kms.katalon.core.webui.keyword.WebUiBuiltInKeywords.waitForPageLoad(WebUiBuiltInKeywords.groovy:2559)
TC_Open_Task_Details.run(TC_Open_Task_Details:12)
</property>
</record>
<record>
  <date>2026-05-26T21:03:09.688053500Z</date>
  <millis>1779829389688</millis>
  <nanos>53500</nanos>
  <sequence>501</sequence>
  <level>END</level>
  <class>com.kms.katalon.core.logging.XmlKeywordLogger</class>
  <method>endKeyword</method>
  <thread>1</thread>
  <message>End action : waitForPageLoad(30)</message>
  <nestedLevel>1</nestedLevel>
  <escapedJava>false</escapedJava>
</record>
<record>
  <date>2026-05-26T21:03:09.689571400Z</date>
  <millis>1779829389689</millis>
  <nanos>571400</nanos>
  <sequence>502</sequence>
  <level>START</level>
  <class>com.kms.katalon.core.logging.XmlKeywordLogger</class>
  <method>startKeyword</method>
  <thread>1</thread>
  <message>Start action : delay(3)</message>
  <nestedLevel>1</nestedLevel>
  <escapedJava>false</escapedJava>
  <property name="startLine">13</property>
  <property name="stepIndex">2</property>
</record>
<record>
  <date>2026-05-26T21:03:12.713977600Z</date>
  <millis>1779829392713</millis>
  <nanos>977600</nanos>
  <sequence>505</sequence>
  <level>PASSED</level>
  <class>com.kms.katalon.core.logging.XmlKeywordLogger</class>
  <method>logMessage</method>
  <thread>1</thread>
  <message>Delayed 3 second(s)</message>
  <nestedLevel>1</nestedLevel>
  <escapedJava>false</escapedJava>
  <property name="testops-method-name">com.kms.katalon.core.keyword.builtin.DelayKeyword.delay</property>
  <property name="testops-execution-stacktrace"></property>
</record>
<record>
  <date>2026-05-26T21:03:12.718756600Z</date>
  <millis>1779829392718</millis>
  <nanos>756600</nanos>
  <sequence>506</sequence>
  <level>END</level>
  <class>com.kms.katalon.core.logging.XmlKeywordLogger</class>
  <method>endKeyword</method>
  <thread>1</thread>
  <message>End action : delay(3)</message>
  <nestedLevel>1</nestedLevel>
  <escapedJava>false</escapedJava>
</record>
<record>
  <date>2026-05-26T21:03:12.718756600Z</date>
  <millis>1779829392718</millis>
  <nanos>756600</nanos>
  <sequence>507</sequence>
  <level>START</level>
  <class>com.kms.katalon.core.logging.XmlKeywordLogger</class>
  <method>startKeyword</method>
  <thread>1</thread>
  <message>Start action : modal = new com.kms.katalon.core.testobject.TestObject()</message>
  <nestedLevel>1</nestedLevel>
  <escapedJava>false</escapedJava>
  <property name="startLine">22</property>
  <property name="stepIndex">3</property>
</record>
<record>
  <date>2026-05-26T21:03:12.724015500Z</date>
  <millis>1779829392724</millis>
  <nanos>15500</nanos>
  <sequence>508</sequence>
  <level>END</level>
  <class>com.kms.katalon.core.logging.XmlKeywordLogger</class>
  <method>endKeyword</method>
  <thread>1</thread>
  <message>End action : modal = new com.kms.katalon.core.testobject.TestObject()</message>
  <nestedLevel>1</nestedLevel>
  <escapedJava>false</escapedJava>
</record>
<record>
  <date>2026-05-26T21:03:12.725127700Z</date>
  <millis>1779829392725</millis>
  <nanos>127700</nanos>
  <sequence>509</sequence>
  <level>START</level>
  <class>com.kms.katalon.core.logging.XmlKeywordLogger</class>
  <method>startKeyword</method>
  <thread>1</thread>
  <message>Start action : modal.addProperty(&amp;quot;xpath&amp;quot;, EQUALS, &amp;quot;//*[contains(text(),&amp;apos;Ticket ID&amp;apos;)]&amp;quot;)</message>
  <nestedLevel>1</nestedLevel>
  <escapedJava>false</escapedJava>
  <property name="startLine">24</property>
  <property name="stepIndex">4</property>
</record>
<record>
  <date>2026-05-26T21:03:12.763163300Z</date>
  <millis>1779829392763</millis>
  <nanos>163300</nanos>
  <sequence>510</sequence>
  <level>END</level>
  <class>com.kms.katalon.core.logging.XmlKeywordLogger</class>
  <method>endKeyword</method>
  <thread>1</thread>
  <message>End action : modal.addProperty(&amp;quot;xpath&amp;quot;, EQUALS, &amp;quot;//*[contains(text(),&amp;apos;Ticket ID&amp;apos;)]&amp;quot;)</message>
  <nestedLevel>1</nestedLevel>
  <escapedJava>false</escapedJava>
</record>
<record>
  <date>2026-05-26T21:03:12.764179900Z</date>
  <millis>1779829392764</millis>
  <nanos>179900</nanos>
  <sequence>511</sequence>
  <level>START</level>
  <class>com.kms.katalon.core.logging.XmlKeywordLogger</class>
  <method>startKeyword</method>
  <thread>1</thread>
  <message>Start action : waitForElementVisible(modal, 30)</message>
  <nestedLevel>1</nestedLevel>
  <escapedJava>false</escapedJava>
  <property name="startLine">26</property>
  <property name="stepIndex">5</property>
</record>
<record>
  <date>2026-05-26T21:03:13.441654700Z</date>
  <millis>1779829393441</millis>
  <nanos>654700</nanos>
  <sequence>517</sequence>
  <level>PASSED</level>
  <class>com.kms.katalon.core.logging.XmlKeywordLogger</class>
  <method>logMessage</method>
  <thread>1</thread>
  <message>Object &amp;apos;&amp;apos; is visible</message>
  <nestedLevel>1</nestedLevel>
  <escapedJava>false</escapedJava>
  <property name="testops-method-name">com.kms.katalon.core.webui.keyword.internal.WebUIKeywordMain.runKeywordUntilTimeout</property>
  <property name="testops-execution-stacktrace">com.kms.katalon.core.logging.KeywordLogger.logPassed(KeywordLogger.java:350)
com.kms.katalon.core.logging.KeywordLogger.logPassed(KeywordLogger.java:345)
com.kms.katalon.core.logging.KeywordLogger$logPassed$0.call(Unknown Source)
com.kms.katalon.core.webui.keyword.builtin.WaitForElementVisibleKeyword$_waitForElementVisible_closure1.doCall(WaitForElementVisibleKeyword.groovy:86)
java.base/jdk.internal.reflect.DirectMethodHandleAccessor.invoke(DirectMethodHandleAccessor.java:103)
jdk.proxy2/jdk.proxy2.$Proxy56.execute(Unknown Source)
com.kms.katalon.core.webui.model.SeleniumActionRetryController.performAction(SeleniumActionRetryController.java:96)
com.kms.katalon.core.webui.model.SeleniumActionRetryController.performAction(SeleniumActionRetryController.java:83)
com.kms.katalon.core.webui.keyword.internal.WebUIKeywordMain$_runKeywordUntilTimeout_closure2.doCall(WebUIKeywordMain.groovy:155)
com.kms.katalon.core.webui.keyword.internal.WebUIKeywordMain$_runKeywordUntilTimeout_closure2.call(WebUIKeywordMain.groovy)
com.kms.katalon.core.webui.keyword.internal.WebUIKeywordMain.runKeyword(WebUIKeywordMain.groovy:41)
com.kms.katalon.core.webui.keyword.internal.WebUIKeywordMain.runKeywordUntilTimeout(WebUIKeywordMain.groovy:152)
com.kms.katalon.core.webui.keyword.internal.WebUIKeywordMain$runKeywordUntilTimeout.call(Unknown Source)
com.kms.katalon.core.webui.keyword.builtin.WaitForElementVisibleKeyword.waitForElementVisible(WaitForElementVisibleKeyword.groovy:101)
com.kms.katalon.core.webui.keyword.builtin.WaitForElementVisibleKeyword.execute(WaitForElementVisibleKeyword.groovy:69)
com.kms.katalon.core.keyword.internal.KeywordExecutor.executeKeywordForPlatform(KeywordExecutor.groovy:99)
com.kms.katalon.core.webui.keyword.WebUiBuiltInKeywords.waitForElementVisible(WebUiBuiltInKeywords.groovy:515)
TC_Open_Task_Details.run(TC_Open_Task_Details:26)
</property>
</record>
<record>
  <date>2026-05-26T21:03:13.447791600Z</date>
  <millis>1779829393447</millis>
  <nanos>791600</nanos>
  <sequence>518</sequence>
  <level>END</level>
  <class>com.kms.katalon.core.logging.XmlKeywordLogger</class>
  <method>endKeyword</method>
  <thread>1</thread>
  <message>End action : waitForElementVisible(modal, 30)</message>
  <nestedLevel>1</nestedLevel>
  <escapedJava>false</escapedJava>
</record>
<record>
  <date>2026-05-26T21:03:13.449459600Z</date>
  <millis>1779829393449</millis>
  <nanos>459600</nanos>
  <sequence>519</sequence>
  <level>START</level>
  <class>com.kms.katalon.core.logging.XmlKeywordLogger</class>
  <method>startKeyword</method>
  <thread>1</thread>
  <message>Start action : successMessage = getText(modal)</message>
  <nestedLevel>1</nestedLevel>
  <escapedJava>false</escapedJava>
  <property name="startLine">31</property>
  <property name="stepIndex">6</property>
</record>
<record>
  <date>2026-05-26T21:03:13.902453Z</date>
  <millis>1779829393902</millis>
  <nanos>453000</nanos>
  <sequence>528</sequence>
  <level>PASSED</level>
  <class>com.kms.katalon.core.logging.XmlKeywordLogger</class>
  <method>logMessage</method>
  <thread>1</thread>
  <message>Text of object &amp;apos;&amp;apos; is: &amp;apos;Task Created Successfully - Ticket ID: 16707&amp;apos;</message>
  <nestedLevel>1</nestedLevel>
  <escapedJava>false</escapedJava>
  <property name="testops-method-name">com.kms.katalon.core.webui.keyword.internal.WebUIKeywordMain.runKeywordUntilTimeout</property>
  <property name="testops-execution-stacktrace">com.kms.katalon.core.logging.KeywordLogger.logPassed(KeywordLogger.java:350)
com.kms.katalon.core.logging.KeywordLogger.logPassed(KeywordLogger.java:345)
com.kms.katalon.core.webui.keyword.builtin.GetTextKeyword$_getText_closure1.doCall(GetTextKeyword.groovy:85)
java.base/jdk.internal.reflect.DirectMethodHandleAccessor.invoke(DirectMethodHandleAccessor.java:103)
jdk.proxy2/jdk.proxy2.$Proxy56.execute(Unknown Source)
com.kms.katalon.core.webui.model.SeleniumActionRetryController.performAction(SeleniumActionRetryController.java:96)
com.kms.katalon.core.webui.model.SeleniumActionRetryController.performAction(SeleniumActionRetryController.java:83)
com.kms.katalon.core.webui.keyword.internal.WebUIKeywordMain$_runKeywordUntilTimeout_closure1.doCall(WebUIKeywordMain.groovy:135)
com.kms.katalon.core.webui.keyword.internal.WebUIKeywordMain$_runKeywordUntilTimeout_closure1.call(WebUIKeywordMain.groovy)
com.kms.katalon.core.webui.keyword.internal.WebUIKeywordMain.runKeyword(WebUIKeywordMain.groovy:41)
com.kms.katalon.core.webui.keyword.internal.WebUIKeywordMain.runKeywordUntilTimeout(WebUIKeywordMain.groovy:133)
com.kms.katalon.core.webui.keyword.builtin.GetTextKeyword.getText(GetTextKeyword.groovy:92)
com.kms.katalon.core.webui.keyword.builtin.GetTextKeyword.execute(GetTextKeyword.groovy:67)
com.kms.katalon.core.keyword.internal.KeywordExecutor.executeKeywordForPlatform(KeywordExecutor.groovy:99)
com.kms.katalon.core.webui.keyword.WebUiBuiltInKeywords.getText(WebUiBuiltInKeywords.groovy:1020)
TC_Open_Task_Details.run(TC_Open_Task_Details:31)
</property>
</record>
<record>
  <date>2026-05-26T21:03:13.906917200Z</date>
  <millis>1779829393906</millis>
  <nanos>917200</nanos>
  <sequence>529</sequence>
  <level>END</level>
  <class>com.kms.katalon.core.logging.XmlKeywordLogger</class>
  <method>endKeyword</method>
  <thread>1</thread>
  <message>End action : successMessage = getText(modal)</message>
  <nestedLevel>1</nestedLevel>
  <escapedJava>false</escapedJava>
</record>
<record>
  <date>2026-05-26T21:03:13.908968800Z</date>
  <millis>1779829393908</millis>
  <nanos>968800</nanos>
  <sequence>530</sequence>
  <level>START</level>
  <class>com.kms.katalon.core.logging.XmlKeywordLogger</class>
  <method>startKeyword</method>
  <thread>1</thread>
  <message>Start action : println(&amp;quot;SUCCESS → &amp;quot; + successMessage)</message>
  <nestedLevel>1</nestedLevel>
  <escapedJava>false</escapedJava>
  <property name="startLine">33</property>
  <property name="stepIndex">7</property>
</record>
<record>
  <date>2026-05-26T21:03:13.949840400Z</date>
  <millis>1779829393949</millis>
  <nanos>840400</nanos>
  <sequence>531</sequence>
  <level>END</level>
  <class>com.kms.katalon.core.logging.XmlKeywordLogger</class>
  <method>endKeyword</method>
  <thread>1</thread>
  <message>End action : println(&amp;quot;SUCCESS → &amp;quot; + successMessage)</message>
  <nestedLevel>1</nestedLevel>
  <escapedJava>false</escapedJava>
</record>
<record>
  <date>2026-05-26T21:03:13.953194400Z</date>
  <millis>1779829393953</millis>
  <nanos>194400</nanos>
  <sequence>532</sequence>
  <level>START</level>
  <class>com.kms.katalon.core.logging.XmlKeywordLogger</class>
  <method>startKeyword</method>
  <thread>1</thread>
  <message>Start action : matcher = successMessage =~ &amp;quot;\d+&amp;quot;</message>
  <nestedLevel>1</nestedLevel>
  <escapedJava>false</escapedJava>
  <property name="startLine">38</property>
  <property name="stepIndex">8</property>
</record>
<record>
  <date>2026-05-26T21:03:13.964221200Z</date>
  <millis>1779829393964</millis>
  <nanos>221200</nanos>
  <sequence>533</sequence>
  <level>END</level>
  <class>com.kms.katalon.core.logging.XmlKeywordLogger</class>
  <method>endKeyword</method>
  <thread>1</thread>
  <message>End action : matcher = successMessage =~ &amp;quot;\d+&amp;quot;</message>
  <nestedLevel>1</nestedLevel>
  <escapedJava>false</escapedJava>
</record>
<record>
  <date>2026-05-26T21:03:13.966240100Z</date>
  <millis>1779829393966</millis>
  <nanos>240100</nanos>
  <sequence>534</sequence>
  <level>START</level>
  <class>com.kms.katalon.core.logging.XmlKeywordLogger</class>
  <method>startKeyword</method>
  <thread>1</thread>
  <message>Start action : if (!(matcher.find()))</message>
  <nestedLevel>1</nestedLevel>
  <escapedJava>false</escapedJava>
  <property name="startLine">40</property>
  <property name="stepIndex">9</property>
</record>
<record>
  <date>2026-05-26T21:03:14.000057900Z</date>
  <millis>1779829394000</millis>
  <nanos>57900</nanos>
  <sequence>535</sequence>
  <level>END</level>
  <class>com.kms.katalon.core.logging.XmlKeywordLogger</class>
  <method>endKeyword</method>
  <thread>1</thread>
  <message>End action : if (!(matcher.find()))</message>
  <nestedLevel>1</nestedLevel>
  <escapedJava>false</escapedJava>
</record>
<record>
  <date>2026-05-26T21:03:14.000057900Z</date>
  <millis>1779829394000</millis>
  <nanos>57900</nanos>
  <sequence>536</sequence>
  <level>START</level>
  <class>com.kms.katalon.core.logging.XmlKeywordLogger</class>
  <method>startKeyword</method>
  <thread>1</thread>
  <message>Start action : ticketId = matcher.group()</message>
  <nestedLevel>1</nestedLevel>
  <escapedJava>false</escapedJava>
  <property name="startLine">44</property>
  <property name="stepIndex">10</property>
</record>
<record>
  <date>2026-05-26T21:03:14.005197Z</date>
  <millis>1779829394005</millis>
  <nanos>197000</nanos>
  <sequence>537</sequence>
  <level>END</level>
  <class>com.kms.katalon.core.logging.XmlKeywordLogger</class>
  <method>endKeyword</method>
  <thread>1</thread>
  <message>End action : ticketId = matcher.group()</message>
  <nestedLevel>1</nestedLevel>
  <escapedJava>false</escapedJava>
</record>
<record>
  <date>2026-05-26T21:03:14.007315600Z</date>
  <millis>1779829394007</millis>
  <nanos>315600</nanos>
  <sequence>538</sequence>
  <level>START</level>
  <class>com.kms.katalon.core.logging.XmlKeywordLogger</class>
  <method>startKeyword</method>
  <thread>1</thread>
  <message>Start action : println(&amp;quot;Captured Ticket → &amp;quot; + ticketId)</message>
  <nestedLevel>1</nestedLevel>
  <escapedJava>false</escapedJava>
  <property name="startLine">46</property>
  <property name="stepIndex">11</property>
</record>
<record>
  <date>2026-05-26T21:03:14.017593300Z</date>
  <millis>1779829394017</millis>
  <nanos>593300</nanos>
  <sequence>539</sequence>
  <level>END</level>
  <class>com.kms.katalon.core.logging.XmlKeywordLogger</class>
  <method>endKeyword</method>
  <thread>1</thread>
  <message>End action : println(&amp;quot;Captured Ticket → &amp;quot; + ticketId)</message>
  <nestedLevel>1</nestedLevel>
  <escapedJava>false</escapedJava>
</record>
<record>
  <date>2026-05-26T21:03:14.017593300Z</date>
  <millis>1779829394017</millis>
  <nanos>593300</nanos>
  <sequence>540</sequence>
  <level>START</level>
  <class>com.kms.katalon.core.logging.XmlKeywordLogger</class>
  <method>startKeyword</method>
  <thread>1</thread>
  <message>Start action : click(findTestObject(&amp;quot;Page_Work Order  Create- Workforce Manager/button_message-dismiss&amp;quot;))</message>
  <nestedLevel>1</nestedLevel>
  <escapedJava>false</escapedJava>
  <property name="startLine">51</property>
  <property name="stepIndex">12</property>
</record>
<record>
  <date>2026-05-26T21:03:16.845387800Z</date>
  <millis>1779829396845</millis>
  <nanos>387800</nanos>
  <sequence>551</sequence>
  <level>PASSED</level>
  <class>com.kms.katalon.core.logging.XmlKeywordLogger</class>
  <method>logMessage</method>
  <thread>1</thread>
  <message>Object: &amp;apos;Object Repository/Page_Work Order  Create- Workforce Manager/button_message-dismiss&amp;apos; is clicked on</message>
  <nestedLevel>1</nestedLevel>
  <escapedJava>false</escapedJava>
  <property name="testops-method-name">com.kms.katalon.core.webui.keyword.internal.WebUIKeywordMain.runKeywordUntilTimeout</property>
  <property name="testops-execution-stacktrace">com.kms.katalon.core.logging.KeywordLogger.logPassed(KeywordLogger.java:350)
com.kms.katalon.core.logging.KeywordLogger.logPassed(KeywordLogger.java:345)
com.kms.katalon.core.webui.keyword.builtin.ClickKeyword$_click_closure1.doCall(ClickKeyword.groovy:66)
java.base/jdk.internal.reflect.DirectMethodHandleAccessor.invoke(DirectMethodHandleAccessor.java:103)
jdk.proxy2/jdk.proxy2.$Proxy56.execute(Unknown Source)
com.kms.katalon.core.webui.model.SeleniumActionRetryController.performAction(SeleniumActionRetryController.java:96)
com.kms.katalon.core.webui.model.SeleniumActionRetryController.performAction(SeleniumActionRetryController.java:83)
com.kms.katalon.core.webui.keyword.internal.WebUIKeywordMain$_runKeywordUntilTimeout_closure1.doCall(WebUIKeywordMain.groovy:135)
com.kms.katalon.core.webui.keyword.internal.WebUIKeywordMain$_runKeywordUntilTimeout_closure1.call(WebUIKeywordMain.groovy)
com.kms.katalon.core.webui.keyword.internal.WebUIKeywordMain.runKeyword(WebUIKeywordMain.groovy:41)
com.kms.katalon.core.webui.keyword.internal.WebUIKeywordMain.runKeywordUntilTimeout(WebUIKeywordMain.groovy:133)
com.kms.katalon.core.webui.keyword.builtin.ClickKeyword.click(ClickKeyword.groovy:72)
com.kms.katalon.core.webui.keyword.builtin.ClickKeyword.execute(ClickKeyword.groovy:38)
com.kms.katalon.core.keyword.internal.KeywordExecutor.executeKeywordForPlatform(KeywordExecutor.groovy:99)
com.kms.katalon.core.webui.keyword.WebUiBuiltInKeywords.click(WebUiBuiltInKeywords.groovy:722)
TC_Open_Task_Details.run(TC_Open_Task_Details:51)
</property>
</record>
<record>
  <date>2026-05-26T21:03:16.850224300Z</date>
  <millis>1779829396850</millis>
  <nanos>224300</nanos>
  <sequence>552</sequence>
  <level>END</level>
  <class>com.kms.katalon.core.logging.XmlKeywordLogger</class>
  <method>endKeyword</method>
  <thread>1</thread>
  <message>End action : click(findTestObject(&amp;quot;Page_Work Order  Create- Workforce Manager/button_message-dismiss&amp;quot;))</message>
  <nestedLevel>1</nestedLevel>
  <escapedJava>false</escapedJava>
</record>
<record>
  <date>2026-05-26T21:03:16.852746Z</date>
  <millis>1779829396852</millis>
  <nanos>746000</nanos>
  <sequence>553</sequence>
  <level>START</level>
  <class>com.kms.katalon.core.logging.XmlKeywordLogger</class>
  <method>startKeyword</method>
  <thread>1</thread>
  <message>Start action : waitForPageLoad(20)</message>
  <nestedLevel>1</nestedLevel>
  <escapedJava>false</escapedJava>
  <property name="startLine">53</property>
  <property name="stepIndex">13</property>
</record>
<record>
  <date>2026-05-26T21:03:16.884309200Z</date>
  <millis>1779829396884</millis>
  <nanos>309200</nanos>
  <sequence>557</sequence>
  <level>PASSED</level>
  <class>com.kms.katalon.core.logging.XmlKeywordLogger</class>
  <method>logMessage</method>
  <thread>1</thread>
  <message>Wait for page load successfully</message>
  <nestedLevel>1</nestedLevel>
  <escapedJava>false</escapedJava>
  <property name="testops-method-name">com.kms.katalon.core.webui.keyword.internal.WebUIKeywordMain$runKeyword$0.call</property>
  <property name="testops-execution-stacktrace">com.kms.katalon.core.logging.KeywordLogger.logPassed(KeywordLogger.java:350)
com.kms.katalon.core.logging.KeywordLogger.logPassed(KeywordLogger.java:345)
com.kms.katalon.core.logging.KeywordLogger$logPassed$0.call(Unknown Source)
com.kms.katalon.core.webui.keyword.builtin.WaitForPageLoadKeyword$_waitForPageLoad_closure1.doCall(WaitForPageLoadKeyword.groovy:94)
com.kms.katalon.core.webui.keyword.builtin.WaitForPageLoadKeyword$_waitForPageLoad_closure1.doCall(WaitForPageLoadKeyword.groovy)
java.base/jdk.internal.reflect.DirectMethodHandleAccessor.invoke(DirectMethodHandleAccessor.java:103)
com.kms.katalon.core.webui.keyword.internal.WebUIKeywordMain.runKeyword(WebUIKeywordMain.groovy:41)
com.kms.katalon.core.webui.keyword.internal.WebUIKeywordMain$runKeyword$0.call(Unknown Source)
com.kms.katalon.core.webui.keyword.builtin.WaitForPageLoadKeyword.waitForPageLoad(WaitForPageLoadKeyword.groovy:95)
com.kms.katalon.core.webui.keyword.builtin.WaitForPageLoadKeyword.execute(WaitForPageLoadKeyword.groovy:68)
com.kms.katalon.core.keyword.internal.KeywordExecutor.executeKeywordForPlatform(KeywordExecutor.groovy:99)
com.kms.katalon.core.webui.keyword.WebUiBuiltInKeywords.waitForPageLoad(WebUiBuiltInKeywords.groovy:2559)
TC_Open_Task_Details.run(TC_Open_Task_Details:53)
</property>
</record>
<record>
  <date>2026-05-26T21:03:16.886323200Z</date>
  <millis>1779829396886</millis>
  <nanos>323200</nanos>
  <sequence>558</sequence>
  <level>END</level>
  <class>com.kms.katalon.core.logging.XmlKeywordLogger</class>
  <method>endKeyword</method>
  <thread>1</thread>
  <message>End action : waitForPageLoad(20)</message>
  <nestedLevel>1</nestedLevel>
  <escapedJava>false</escapedJava>
</record>
<record>
  <date>2026-05-26T21:03:16.889348Z</date>
  <millis>1779829396889</millis>
  <nanos>348000</nanos>
  <sequence>559</sequence>
  <level>START</level>
  <class>com.kms.katalon.core.logging.XmlKeywordLogger</class>
  <method>startKeyword</method>
  <thread>1</thread>
  <message>Start action : delay(2)</message>
  <nestedLevel>1</nestedLevel>
  <escapedJava>false</escapedJava>
  <property name="startLine">55</property>
  <property name="stepIndex">14</property>
</record>
<record>
  <date>2026-05-26T21:03:18.903213Z</date>
  <millis>1779829398903</millis>
  <nanos>213000</nanos>
  <sequence>562</sequence>
  <level>PASSED</level>
  <class>com.kms.katalon.core.logging.XmlKeywordLogger</class>
  <method>logMessage</method>
  <thread>1</thread>
  <message>Delayed 2 second(s)</message>
  <nestedLevel>1</nestedLevel>
  <escapedJava>false</escapedJava>
  <property name="testops-method-name">com.kms.katalon.core.keyword.builtin.DelayKeyword.delay</property>
  <property name="testops-execution-stacktrace"></property>
</record>
<record>
  <date>2026-05-26T21:03:18.903213Z</date>
  <millis>1779829398903</millis>
  <nanos>213000</nanos>
  <sequence>563</sequence>
  <level>END</level>
  <class>com.kms.katalon.core.logging.XmlKeywordLogger</class>
  <method>endKeyword</method>
  <thread>1</thread>
  <message>End action : delay(2)</message>
  <nestedLevel>1</nestedLevel>
  <escapedJava>false</escapedJava>
</record>
<record>
  <date>2026-05-26T21:03:18.903213Z</date>
  <millis>1779829398903</millis>
  <nanos>213000</nanos>
  <sequence>564</sequence>
  <level>START</level>
  <class>com.kms.katalon.core.logging.XmlKeywordLogger</class>
  <method>startKeyword</method>
  <thread>1</thread>
  <message>Start action : click(findTestObject(&amp;quot;Page_Work Order  Index- Workforce Manager/a_Created By Me&amp;quot;))</message>
  <nestedLevel>1</nestedLevel>
  <escapedJava>false</escapedJava>
  <property name="startLine">60</property>
  <property name="stepIndex">15</property>
</record>
<record>
  <date>2026-05-26T21:03:20.251733800Z</date>
  <millis>1779829400251</millis>
  <nanos>733800</nanos>
  <sequence>575</sequence>
  <level>PASSED</level>
  <class>com.kms.katalon.core.logging.XmlKeywordLogger</class>
  <method>logMessage</method>
  <thread>1</thread>
  <message>Object: &amp;apos;Object Repository/Page_Work Order  Index- Workforce Manager/a_Created By Me&amp;apos; is clicked on</message>
  <nestedLevel>1</nestedLevel>
  <escapedJava>false</escapedJava>
  <property name="testops-method-name">com.kms.katalon.core.webui.keyword.internal.WebUIKeywordMain.runKeywordUntilTimeout</property>
  <property name="testops-execution-stacktrace">com.kms.katalon.core.logging.KeywordLogger.logPassed(KeywordLogger.java:350)
com.kms.katalon.core.logging.KeywordLogger.logPassed(KeywordLogger.java:345)
com.kms.katalon.core.webui.keyword.builtin.ClickKeyword$_click_closure1.doCall(ClickKeyword.groovy:66)
java.base/jdk.internal.reflect.DirectMethodHandleAccessor.invoke(DirectMethodHandleAccessor.java:103)
jdk.proxy2/jdk.proxy2.$Proxy56.execute(Unknown Source)
com.kms.katalon.core.webui.model.SeleniumActionRetryController.performAction(SeleniumActionRetryController.java:96)
com.kms.katalon.core.webui.model.SeleniumActionRetryController.performAction(SeleniumActionRetryController.java:83)
com.kms.katalon.core.webui.keyword.internal.WebUIKeywordMain$_runKeywordUntilTimeout_closure1.doCall(WebUIKeywordMain.groovy:135)
com.kms.katalon.core.webui.keyword.internal.WebUIKeywordMain$_runKeywordUntilTimeout_closure1.call(WebUIKeywordMain.groovy)
com.kms.katalon.core.webui.keyword.internal.WebUIKeywordMain.runKeyword(WebUIKeywordMain.groovy:41)
com.kms.katalon.core.webui.keyword.internal.WebUIKeywordMain.runKeywordUntilTimeout(WebUIKeywordMain.groovy:133)
com.kms.katalon.core.webui.keyword.builtin.ClickKeyword.click(ClickKeyword.groovy:72)
com.kms.katalon.core.webui.keyword.builtin.ClickKeyword.execute(ClickKeyword.groovy:38)
com.kms.katalon.core.keyword.internal.KeywordExecutor.executeKeywordForPlatform(KeywordExecutor.groovy:99)
com.kms.katalon.core.webui.keyword.WebUiBuiltInKeywords.click(WebUiBuiltInKeywords.groovy:722)
TC_Open_Task_Details.run(TC_Open_Task_Details:60)
</property>
</record>
<record>
  <date>2026-05-26T21:03:20.256157200Z</date>
  <millis>1779829400256</millis>
  <nanos>157200</nanos>
  <sequence>576</sequence>
  <level>END</level>
  <class>com.kms.katalon.core.logging.XmlKeywordLogger</class>
  <method>endKeyword</method>
  <thread>1</thread>
  <message>End action : click(findTestObject(&amp;quot;Page_Work Order  Index- Workforce Manager/a_Created By Me&amp;quot;))</message>
  <nestedLevel>1</nestedLevel>
  <escapedJava>false</escapedJava>
</record>
<record>
  <date>2026-05-26T21:03:20.265055500Z</date>
  <millis>1779829400265</millis>
  <nanos>55500</nanos>
  <sequence>577</sequence>
  <level>START</level>
  <class>com.kms.katalon.core.logging.XmlKeywordLogger</class>
  <method>startKeyword</method>
  <thread>1</thread>
  <message>Start action : waitForPageLoad(10)</message>
  <nestedLevel>1</nestedLevel>
  <escapedJava>false</escapedJava>
  <property name="startLine">62</property>
  <property name="stepIndex">16</property>
</record>
<record>
  <date>2026-05-26T21:03:20.302716800Z</date>
  <millis>1779829400302</millis>
  <nanos>716800</nanos>
  <sequence>581</sequence>
  <level>PASSED</level>
  <class>com.kms.katalon.core.logging.XmlKeywordLogger</class>
  <method>logMessage</method>
  <thread>1</thread>
  <message>Wait for page load successfully</message>
  <nestedLevel>1</nestedLevel>
  <escapedJava>false</escapedJava>
  <property name="testops-method-name">com.kms.katalon.core.webui.keyword.internal.WebUIKeywordMain$runKeyword$0.call</property>
  <property name="testops-execution-stacktrace">com.kms.katalon.core.logging.KeywordLogger.logPassed(KeywordLogger.java:350)
com.kms.katalon.core.logging.KeywordLogger.logPassed(KeywordLogger.java:345)
com.kms.katalon.core.logging.KeywordLogger$logPassed$0.call(Unknown Source)
com.kms.katalon.core.webui.keyword.builtin.WaitForPageLoadKeyword$_waitForPageLoad_closure1.doCall(WaitForPageLoadKeyword.groovy:94)
com.kms.katalon.core.webui.keyword.builtin.WaitForPageLoadKeyword$_waitForPageLoad_closure1.doCall(WaitForPageLoadKeyword.groovy)
java.base/jdk.internal.reflect.DirectMethodHandleAccessor.invoke(DirectMethodHandleAccessor.java:103)
com.kms.katalon.core.webui.keyword.internal.WebUIKeywordMain.runKeyword(WebUIKeywordMain.groovy:41)
com.kms.katalon.core.webui.keyword.internal.WebUIKeywordMain$runKeyword$0.call(Unknown Source)
com.kms.katalon.core.webui.keyword.builtin.WaitForPageLoadKeyword.waitForPageLoad(WaitForPageLoadKeyword.groovy:95)
com.kms.katalon.core.webui.keyword.builtin.WaitForPageLoadKeyword.execute(WaitForPageLoadKeyword.groovy:68)
com.kms.katalon.core.keyword.internal.KeywordExecutor.executeKeywordForPlatform(KeywordExecutor.groovy:99)
com.kms.katalon.core.webui.keyword.WebUiBuiltInKeywords.waitForPageLoad(WebUiBuiltInKeywords.groovy:2559)
TC_Open_Task_Details.run(TC_Open_Task_Details:62)
</property>
</record>
<record>
  <date>2026-05-26T21:03:20.309291800Z</date>
  <millis>1779829400309</millis>
  <nanos>291800</nanos>
  <sequence>582</sequence>
  <level>END</level>
  <class>com.kms.katalon.core.logging.XmlKeywordLogger</class>
  <method>endKeyword</method>
  <thread>1</thread>
  <message>End action : waitForPageLoad(10)</message>
  <nestedLevel>1</nestedLevel>
  <escapedJava>false</escapedJava>
</record>
<record>
  <date>2026-05-26T21:03:20.310002600Z</date>
  <millis>1779829400310</millis>
  <nanos>2600</nanos>
  <sequence>583</sequence>
  <level>START</level>
  <class>com.kms.katalon.core.logging.XmlKeywordLogger</class>
  <method>startKeyword</method>
  <thread>1</thread>
  <message>Start action : delay(3)</message>
  <nestedLevel>1</nestedLevel>
  <escapedJava>false</escapedJava>
  <property name="startLine">64</property>
  <property name="stepIndex">17</property>
</record>
<record>
  <date>2026-05-26T21:03:23.326820200Z</date>
  <millis>1779829403326</millis>
  <nanos>820200</nanos>
  <sequence>586</sequence>
  <level>PASSED</level>
  <class>com.kms.katalon.core.logging.XmlKeywordLogger</class>
  <method>logMessage</method>
  <thread>1</thread>
  <message>Delayed 3 second(s)</message>
  <nestedLevel>1</nestedLevel>
  <escapedJava>false</escapedJava>
  <property name="testops-method-name">com.kms.katalon.core.keyword.builtin.DelayKeyword.delay</property>
  <property name="testops-execution-stacktrace"></property>
</record>
<record>
  <date>2026-05-26T21:03:23.327587700Z</date>
  <millis>1779829403327</millis>
  <nanos>587700</nanos>
  <sequence>587</sequence>
  <level>END</level>
  <class>com.kms.katalon.core.logging.XmlKeywordLogger</class>
  <method>endKeyword</method>
  <thread>1</thread>
  <message>End action : delay(3)</message>
  <nestedLevel>1</nestedLevel>
  <escapedJava>false</escapedJava>
</record>
<record>
  <date>2026-05-26T21:03:23.327587700Z</date>
  <millis>1779829403327</millis>
  <nanos>587700</nanos>
  <sequence>588</sequence>
  <level>START</level>
  <class>com.kms.katalon.core.logging.XmlKeywordLogger</class>
  <method>startKeyword</method>
  <thread>1</thread>
  <message>Start action : search = findTestObject(&amp;quot;Page_Work Order  Index- Workforce Manager/input_Search&amp;quot;)</message>
  <nestedLevel>1</nestedLevel>
  <escapedJava>false</escapedJava>
  <property name="startLine">69</property>
  <property name="stepIndex">18</property>
</record>
<record>
  <date>2026-05-26T21:03:23.454794700Z</date>
  <millis>1779829403454</millis>
  <nanos>794700</nanos>
  <sequence>590</sequence>
  <level>END</level>
  <class>com.kms.katalon.core.logging.XmlKeywordLogger</class>
  <method>endKeyword</method>
  <thread>1</thread>
  <message>End action : search = findTestObject(&amp;quot;Page_Work Order  Index- Workforce Manager/input_Search&amp;quot;)</message>
  <nestedLevel>1</nestedLevel>
  <escapedJava>false</escapedJava>
</record>
<record>
  <date>2026-05-26T21:03:23.459304400Z</date>
  <millis>1779829403459</millis>
  <nanos>304400</nanos>
  <sequence>591</sequence>
  <level>START</level>
  <class>com.kms.katalon.core.logging.XmlKeywordLogger</class>
  <method>startKeyword</method>
  <thread>1</thread>
  <message>Start action : waitForElementVisible(search, 30)</message>
  <nestedLevel>1</nestedLevel>
  <escapedJava>false</escapedJava>
  <property name="startLine">71</property>
  <property name="stepIndex">19</property>
</record>
<record>
  <date>2026-05-26T21:03:24.098255300Z</date>
  <millis>1779829404098</millis>
  <nanos>255300</nanos>
  <sequence>597</sequence>
  <level>PASSED</level>
  <class>com.kms.katalon.core.logging.XmlKeywordLogger</class>
  <method>logMessage</method>
  <thread>1</thread>
  <message>Object &amp;apos;Object Repository/Page_Work Order  Index- Workforce Manager/input_Search&amp;apos; is visible</message>
  <nestedLevel>1</nestedLevel>
  <escapedJava>false</escapedJava>
  <property name="testops-method-name">com.kms.katalon.core.webui.keyword.internal.WebUIKeywordMain.runKeywordUntilTimeout</property>
  <property name="testops-execution-stacktrace">com.kms.katalon.core.logging.KeywordLogger.logPassed(KeywordLogger.java:350)
com.kms.katalon.core.logging.KeywordLogger.logPassed(KeywordLogger.java:345)
com.kms.katalon.core.logging.KeywordLogger$logPassed$0.call(Unknown Source)
com.kms.katalon.core.webui.keyword.builtin.WaitForElementVisibleKeyword$_waitForElementVisible_closure1.doCall(WaitForElementVisibleKeyword.groovy:86)
java.base/jdk.internal.reflect.DirectMethodHandleAccessor.invoke(DirectMethodHandleAccessor.java:103)
jdk.proxy2/jdk.proxy2.$Proxy56.execute(Unknown Source)
com.kms.katalon.core.webui.model.SeleniumActionRetryController.performAction(SeleniumActionRetryController.java:96)
com.kms.katalon.core.webui.model.SeleniumActionRetryController.performAction(SeleniumActionRetryController.java:83)
com.kms.katalon.core.webui.keyword.internal.WebUIKeywordMain$_runKeywordUntilTimeout_closure2.doCall(WebUIKeywordMain.groovy:155)
com.kms.katalon.core.webui.keyword.internal.WebUIKeywordMain$_runKeywordUntilTimeout_closure2.call(WebUIKeywordMain.groovy)
com.kms.katalon.core.webui.keyword.internal.WebUIKeywordMain.runKeyword(WebUIKeywordMain.groovy:41)
com.kms.katalon.core.webui.keyword.internal.WebUIKeywordMain.runKeywordUntilTimeout(WebUIKeywordMain.groovy:152)
com.kms.katalon.core.webui.keyword.internal.WebUIKeywordMain$runKeywordUntilTimeout.call(Unknown Source)
com.kms.katalon.core.webui.keyword.builtin.WaitForElementVisibleKeyword.waitForElementVisible(WaitForElementVisibleKeyword.groovy:101)
com.kms.katalon.core.webui.keyword.builtin.WaitForElementVisibleKeyword.execute(WaitForElementVisibleKeyword.groovy:69)
com.kms.katalon.core.keyword.internal.KeywordExecutor.executeKeywordForPlatform(KeywordExecutor.groovy:99)
com.kms.katalon.core.webui.keyword.WebUiBuiltInKeywords.waitForElementVisible(WebUiBuiltInKeywords.groovy:515)
TC_Open_Task_Details.run(TC_Open_Task_Details:71)
</property>
</record>
<record>
  <date>2026-05-26T21:03:24.102726Z</date>
  <millis>1779829404102</millis>
  <nanos>726000</nanos>
  <sequence>598</sequence>
  <level>END</level>
  <class>com.kms.katalon.core.logging.XmlKeywordLogger</class>
  <method>endKeyword</method>
  <thread>1</thread>
  <message>End action : waitForElementVisible(search, 30)</message>
  <nestedLevel>1</nestedLevel>
  <escapedJava>false</escapedJava>
</record>
<record>
  <date>2026-05-26T21:03:24.109533600Z</date>
  <millis>1779829404109</millis>
  <nanos>533600</nanos>
  <sequence>599</sequence>
  <level>START</level>
  <class>com.kms.katalon.core.logging.XmlKeywordLogger</class>
  <method>startKeyword</method>
  <thread>1</thread>
  <message>Start action : click(search)</message>
  <nestedLevel>1</nestedLevel>
  <escapedJava>false</escapedJava>
  <property name="startLine">73</property>
  <property name="stepIndex">20</property>
</record>
<record>
  <date>2026-05-26T21:03:25.062646Z</date>
  <millis>1779829405062</millis>
  <nanos>646000</nanos>
  <sequence>609</sequence>
  <level>PASSED</level>
  <class>com.kms.katalon.core.logging.XmlKeywordLogger</class>
  <method>logMessage</method>
  <thread>1</thread>
  <message>Object: &amp;apos;Object Repository/Page_Work Order  Index- Workforce Manager/input_Search&amp;apos; is clicked on</message>
  <nestedLevel>1</nestedLevel>
  <escapedJava>false</escapedJava>
  <property name="testops-method-name">com.kms.katalon.core.webui.keyword.internal.WebUIKeywordMain.runKeywordUntilTimeout</property>
  <property name="testops-execution-stacktrace">com.kms.katalon.core.logging.KeywordLogger.logPassed(KeywordLogger.java:350)
com.kms.katalon.core.logging.KeywordLogger.logPassed(KeywordLogger.java:345)
com.kms.katalon.core.webui.keyword.builtin.ClickKeyword$_click_closure1.doCall(ClickKeyword.groovy:66)
java.base/jdk.internal.reflect.DirectMethodHandleAccessor.invoke(DirectMethodHandleAccessor.java:103)
jdk.proxy2/jdk.proxy2.$Proxy56.execute(Unknown Source)
com.kms.katalon.core.webui.model.SeleniumActionRetryController.performAction(SeleniumActionRetryController.java:96)
com.kms.katalon.core.webui.model.SeleniumActionRetryController.performAction(SeleniumActionRetryController.java:83)
com.kms.katalon.core.webui.keyword.internal.WebUIKeywordMain$_runKeywordUntilTimeout_closure1.doCall(WebUIKeywordMain.groovy:135)
com.kms.katalon.core.webui.keyword.internal.WebUIKeywordMain$_runKeywordUntilTimeout_closure1.call(WebUIKeywordMain.groovy)
com.kms.katalon.core.webui.keyword.internal.WebUIKeywordMain.runKeyword(WebUIKeywordMain.groovy:41)
com.kms.katalon.core.webui.keyword.internal.WebUIKeywordMain.runKeywordUntilTimeout(WebUIKeywordMain.groovy:133)
com.kms.katalon.core.webui.keyword.builtin.ClickKeyword.click(ClickKeyword.groovy:72)
com.kms.katalon.core.webui.keyword.builtin.ClickKeyword.execute(ClickKeyword.groovy:38)
com.kms.katalon.core.keyword.internal.KeywordExecutor.executeKeywordForPlatform(KeywordExecutor.groovy:99)
com.kms.katalon.core.webui.keyword.WebUiBuiltInKeywords.click(WebUiBuiltInKeywords.groovy:722)
TC_Open_Task_Details.run(TC_Open_Task_Details:73)
</property>
</record>
<record>
  <date>2026-05-26T21:03:25.062646Z</date>
  <millis>1779829405062</millis>
  <nanos>646000</nanos>
  <sequence>610</sequence>
  <level>END</level>
  <class>com.kms.katalon.core.logging.XmlKeywordLogger</class>
  <method>endKeyword</method>
  <thread>1</thread>
  <message>End action : click(search)</message>
  <nestedLevel>1</nestedLevel>
  <escapedJava>false</escapedJava>
</record>
<record>
  <date>2026-05-26T21:03:25.062646Z</date>
  <millis>1779829405062</millis>
  <nanos>646000</nanos>
  <sequence>611</sequence>
  <level>START</level>
  <class>com.kms.katalon.core.logging.XmlKeywordLogger</class>
  <method>startKeyword</method>
  <thread>1</thread>
  <message>Start action : clearText(search)</message>
  <nestedLevel>1</nestedLevel>
  <escapedJava>false</escapedJava>
  <property name="startLine">75</property>
  <property name="stepIndex">21</property>
</record>
<record>
  <date>2026-05-26T21:03:25.506670100Z</date>
  <millis>1779829405506</millis>
  <nanos>670100</nanos>
  <sequence>620</sequence>
  <level>PASSED</level>
  <class>com.kms.katalon.core.logging.XmlKeywordLogger</class>
  <method>logMessage</method>
  <thread>1</thread>
  <message>Text of object &amp;apos;Object Repository/Page_Work Order  Index- Workforce Manager/input_Search&amp;apos; is cleared</message>
  <nestedLevel>1</nestedLevel>
  <escapedJava>false</escapedJava>
  <property name="testops-method-name">com.kms.katalon.core.webui.keyword.builtin.ClearTextKeyword.clearText</property>
  <property name="testops-execution-stacktrace"></property>
</record>
<record>
  <date>2026-05-26T21:03:25.514831900Z</date>
  <millis>1779829405514</millis>
  <nanos>831900</nanos>
  <sequence>621</sequence>
  <level>END</level>
  <class>com.kms.katalon.core.logging.XmlKeywordLogger</class>
  <method>endKeyword</method>
  <thread>1</thread>
  <message>End action : clearText(search)</message>
  <nestedLevel>1</nestedLevel>
  <escapedJava>false</escapedJava>
</record>
<record>
  <date>2026-05-26T21:03:25.514831900Z</date>
  <millis>1779829405514</millis>
  <nanos>831900</nanos>
  <sequence>622</sequence>
  <level>START</level>
  <class>com.kms.katalon.core.logging.XmlKeywordLogger</class>
  <method>startKeyword</method>
  <thread>1</thread>
  <message>Start action : setText(search, ticketId)</message>
  <nestedLevel>1</nestedLevel>
  <escapedJava>false</escapedJava>
  <property name="startLine">77</property>
  <property name="stepIndex">22</property>
</record>
<record>
  <date>2026-05-26T21:03:35.558208100Z</date>
  <millis>1779829415558</millis>
  <nanos>208100</nanos>
  <sequence>631</sequence>
  <level>WARNING</level>
  <class>com.kms.katalon.core.logging.XmlKeywordLogger</class>
  <method>logMessage</method>
  <thread>1</thread>
  <message>Waiting for element timed out</message>
  <nestedLevel>1</nestedLevel>
  <escapedJava>false</escapedJava>
</record>
<record>
  <date>2026-05-26T21:03:36.005589500Z</date>
  <millis>1779829416005</millis>
  <nanos>589500</nanos>
  <sequence>634</sequence>
  <level>WARNING</level>
  <class>com.kms.katalon.core.logging.XmlKeywordLogger</class>
  <method>logMessage</method>
  <thread>1</thread>
  <message>Waiting for element timed out</message>
  <nestedLevel>1</nestedLevel>
  <escapedJava>false</escapedJava>
</record>
<record>
  <date>2026-05-26T21:03:36.331417100Z</date>
  <millis>1779829416331</millis>
  <nanos>417100</nanos>
  <sequence>637</sequence>
  <level>PASSED</level>
  <class>com.kms.katalon.core.logging.XmlKeywordLogger</class>
  <method>logMessage</method>
  <thread>1</thread>
  <message>Text &amp;apos;16707&amp;apos; is set on object &amp;apos;Object Repository/Page_Work Order  Index- Workforce Manager/input_Search&amp;apos;</message>
  <nestedLevel>1</nestedLevel>
  <escapedJava>false</escapedJava>
  <property name="testops-method-name">com.kms.katalon.core.webui.keyword.internal.WebUIKeywordMain.runKeywordUntilTimeout</property>
  <property name="testops-execution-stacktrace">com.kms.katalon.core.logging.KeywordLogger.logPassed(KeywordLogger.java:350)
com.kms.katalon.core.logging.KeywordLogger.logPassed(KeywordLogger.java:345)
com.kms.katalon.core.webui.keyword.builtin.SetTextKeyword$_setText_closure1.doCall(SetTextKeyword.groovy:99)
java.base/jdk.internal.reflect.DirectMethodHandleAccessor.invoke(DirectMethodHandleAccessor.java:103)
jdk.proxy2/jdk.proxy2.$Proxy56.execute(Unknown Source)
com.kms.katalon.core.webui.model.SeleniumActionRetryController.performAction(SeleniumActionRetryController.java:96)
com.kms.katalon.core.webui.model.SeleniumActionRetryController.performAction(SeleniumActionRetryController.java:83)
com.kms.katalon.core.webui.keyword.internal.WebUIKeywordMain$_runKeywordUntilTimeout_closure1.doCall(WebUIKeywordMain.groovy:135)
com.kms.katalon.core.webui.keyword.internal.WebUIKeywordMain$_runKeywordUntilTimeout_closure1.call(WebUIKeywordMain.groovy)
com.kms.katalon.core.webui.keyword.internal.WebUIKeywordMain.runKeyword(WebUIKeywordMain.groovy:41)
com.kms.katalon.core.webui.keyword.internal.WebUIKeywordMain.runKeywordUntilTimeout(WebUIKeywordMain.groovy:133)
com.kms.katalon.core.webui.keyword.builtin.SetTextKeyword.setText(SetTextKeyword.groovy:106)
com.kms.katalon.core.webui.keyword.builtin.SetTextKeyword.execute(SetTextKeyword.groovy:49)
com.kms.katalon.core.keyword.internal.KeywordExecutor.executeKeywordForPlatform(KeywordExecutor.groovy:99)
com.kms.katalon.core.webui.keyword.WebUiBuiltInKeywords.setText(WebUiBuiltInKeywords.groovy:1082)
TC_Open_Task_Details.run(TC_Open_Task_Details:77)
</property>
</record>
<record>
  <date>2026-05-26T21:03:36.340972800Z</date>
  <millis>1779829416340</millis>
  <nanos>972800</nanos>
  <sequence>638</sequence>
  <level>END</level>
  <class>com.kms.katalon.core.logging.XmlKeywordLogger</class>
  <method>endKeyword</method>
  <thread>1</thread>
  <message>End action : setText(search, ticketId)</message>
  <nestedLevel>1</nestedLevel>
  <escapedJava>false</escapedJava>
</record>
<record>
  <date>2026-05-26T21:03:36.342498Z</date>
  <millis>1779829416342</millis>
  <nanos>498000</nanos>
  <sequence>639</sequence>
  <level>START</level>
  <class>com.kms.katalon.core.logging.XmlKeywordLogger</class>
  <method>startKeyword</method>
  <thread>1</thread>
  <message>Start action : sendKeys(search, Keys.chord(ENTER))</message>
  <nestedLevel>1</nestedLevel>
  <escapedJava>false</escapedJava>
  <property name="startLine">79</property>
  <property name="stepIndex">23</property>
</record>
<record>
  <date>2026-05-26T21:03:47.579538600Z</date>
  <millis>1779829427579</millis>
  <nanos>538600</nanos>
  <sequence>647</sequence>
  <level>WARNING</level>
  <class>com.kms.katalon.core.logging.XmlKeywordLogger</class>
  <method>logMessage</method>
  <thread>1</thread>
  <message>Waiting for element timed out</message>
  <nestedLevel>1</nestedLevel>
  <escapedJava>false</escapedJava>
</record>
<record>
  <date>2026-05-26T21:04:11.751711700Z</date>
  <millis>1779829451751</millis>
  <nanos>711700</nanos>
  <sequence>649</sequence>
  <level>PASSED</level>
  <class>com.kms.katalon.core.logging.XmlKeywordLogger</class>
  <method>logMessage</method>
  <thread>1</thread>
  <message>Keys &amp;apos;ENTER + &amp;apos; sent to object: &amp;apos;Object Repository/Page_Work Order  Index- Workforce Manager/input_Search&amp;apos;</message>
  <nestedLevel>1</nestedLevel>
  <escapedJava>false</escapedJava>
  <property name="testops-method-name">com.kms.katalon.core.webui.keyword.internal.WebUIKeywordMain.runKeywordUntilTimeout</property>
  <property name="testops-execution-stacktrace">com.kms.katalon.core.logging.KeywordLogger.logPassed(KeywordLogger.java:350)
com.kms.katalon.core.logging.KeywordLogger.logPassed(KeywordLogger.java:345)
com.kms.katalon.core.webui.keyword.builtin.SendKeysKeyword$_sendKeys_closure1.doCall(SendKeysKeyword.groovy:65)
java.base/jdk.internal.reflect.DirectMethodHandleAccessor.invoke(DirectMethodHandleAccessor.java:103)
jdk.proxy2/jdk.proxy2.$Proxy56.execute(Unknown Source)
com.kms.katalon.core.webui.model.SeleniumActionRetryController.performAction(SeleniumActionRetryController.java:96)
com.kms.katalon.core.webui.model.SeleniumActionRetryController.performAction(SeleniumActionRetryController.java:83)
com.kms.katalon.core.webui.keyword.internal.WebUIKeywordMain$_runKeywordUntilTimeout_closure1.doCall(WebUIKeywordMain.groovy:135)
com.kms.katalon.core.webui.keyword.internal.WebUIKeywordMain$_runKeywordUntilTimeout_closure1.call(WebUIKeywordMain.groovy)
com.kms.katalon.core.webui.keyword.internal.WebUIKeywordMain.runKeyword(WebUIKeywordMain.groovy:41)
com.kms.katalon.core.webui.keyword.internal.WebUIKeywordMain.runKeywordUntilTimeout(WebUIKeywordMain.groovy:133)
com.kms.katalon.core.webui.keyword.builtin.SendKeysKeyword.sendKeys(SendKeysKeyword.groovy:71)
com.kms.katalon.core.webui.keyword.builtin.SendKeysKeyword.execute(SendKeysKeyword.groovy:41)
com.kms.katalon.core.keyword.internal.KeywordExecutor.executeKeywordForPlatform(KeywordExecutor.groovy:99)
com.kms.katalon.core.webui.keyword.WebUiBuiltInKeywords.sendKeys(WebUiBuiltInKeywords.groovy:966)
TC_Open_Task_Details.run(TC_Open_Task_Details:79)
</property>
</record>
<record>
  <date>2026-05-26T21:04:11.767244700Z</date>
  <millis>1779829451767</millis>
  <nanos>244700</nanos>
  <sequence>650</sequence>
  <level>END</level>
  <class>com.kms.katalon.core.logging.XmlKeywordLogger</class>
  <method>endKeyword</method>
  <thread>1</thread>
  <message>End action : sendKeys(search, Keys.chord(ENTER))</message>
  <nestedLevel>1</nestedLevel>
  <escapedJava>false</escapedJava>
</record>
<record>
  <date>2026-05-26T21:04:11.770951700Z</date>
  <millis>1779829451770</millis>
  <nanos>951700</nanos>
  <sequence>651</sequence>
  <level>START</level>
  <class>com.kms.katalon.core.logging.XmlKeywordLogger</class>
  <method>startKeyword</method>
  <thread>1</thread>
  <message>Start action : println(&amp;quot;Searching → &amp;quot; + ticketId)</message>
  <nestedLevel>1</nestedLevel>
  <escapedJava>false</escapedJava>
  <property name="startLine">81</property>
  <property name="stepIndex">24</property>
</record>
<record>
  <date>2026-05-26T21:04:11.798780100Z</date>
  <millis>1779829451798</millis>
  <nanos>780100</nanos>
  <sequence>652</sequence>
  <level>END</level>
  <class>com.kms.katalon.core.logging.XmlKeywordLogger</class>
  <method>endKeyword</method>
  <thread>1</thread>
  <message>End action : println(&amp;quot;Searching → &amp;quot; + ticketId)</message>
  <nestedLevel>1</nestedLevel>
  <escapedJava>false</escapedJava>
</record>
<record>
  <date>2026-05-26T21:04:11.813692700Z</date>
  <millis>1779829451813</millis>
  <nanos>692700</nanos>
  <sequence>653</sequence>
  <level>START</level>
  <class>com.kms.katalon.core.logging.XmlKeywordLogger</class>
  <method>startKeyword</method>
  <thread>1</thread>
  <message>Start action : delay(8)</message>
  <nestedLevel>1</nestedLevel>
  <escapedJava>false</escapedJava>
  <property name="startLine">83</property>
  <property name="stepIndex">25</property>
</record>
<record>
  <date>2026-05-26T21:04:19.839917800Z</date>
  <millis>1779829459839</millis>
  <nanos>917800</nanos>
  <sequence>656</sequence>
  <level>PASSED</level>
  <class>com.kms.katalon.core.logging.XmlKeywordLogger</class>
  <method>logMessage</method>
  <thread>1</thread>
  <message>Delayed 8 second(s)</message>
  <nestedLevel>1</nestedLevel>
  <escapedJava>false</escapedJava>
  <property name="testops-method-name">com.kms.katalon.core.keyword.builtin.DelayKeyword.delay</property>
  <property name="testops-execution-stacktrace"></property>
</record>
<record>
  <date>2026-05-26T21:04:19.845596Z</date>
  <millis>1779829459845</millis>
  <nanos>596000</nanos>
  <sequence>657</sequence>
  <level>END</level>
  <class>com.kms.katalon.core.logging.XmlKeywordLogger</class>
  <method>endKeyword</method>
  <thread>1</thread>
  <message>End action : delay(8)</message>
  <nestedLevel>1</nestedLevel>
  <escapedJava>false</escapedJava>
</record>
<record>
  <date>2026-05-26T21:04:19.845596Z</date>
  <millis>1779829459845</millis>
  <nanos>596000</nanos>
  <sequence>658</sequence>
  <level>START</level>
  <class>com.kms.katalon.core.logging.XmlKeywordLogger</class>
  <method>startKeyword</method>
  <thread>1</thread>
  <message>Start action : row = new com.kms.katalon.core.testobject.TestObject()</message>
  <nestedLevel>1</nestedLevel>
  <escapedJava>false</escapedJava>
  <property name="startLine">88</property>
  <property name="stepIndex">26</property>
</record>
<record>
  <date>2026-05-26T21:04:19.849635500Z</date>
  <millis>1779829459849</millis>
  <nanos>635500</nanos>
  <sequence>659</sequence>
  <level>END</level>
  <class>com.kms.katalon.core.logging.XmlKeywordLogger</class>
  <method>endKeyword</method>
  <thread>1</thread>
  <message>End action : row = new com.kms.katalon.core.testobject.TestObject()</message>
  <nestedLevel>1</nestedLevel>
  <escapedJava>false</escapedJava>
</record>
<record>
  <date>2026-05-26T21:04:19.852760200Z</date>
  <millis>1779829459852</millis>
  <nanos>760200</nanos>
  <sequence>660</sequence>
  <level>START</level>
  <class>com.kms.katalon.core.logging.XmlKeywordLogger</class>
  <method>startKeyword</method>
  <thread>1</thread>
  <message>Start action : row.addProperty(&amp;quot;xpath&amp;quot;, EQUALS, //tr[.//*[contains(text(),&amp;apos;$ticketId&amp;apos;)]])</message>
  <nestedLevel>1</nestedLevel>
  <escapedJava>false</escapedJava>
  <property name="startLine">90</property>
  <property name="stepIndex">27</property>
</record>
<record>
  <date>2026-05-26T21:04:19.964233400Z</date>
  <millis>1779829459964</millis>
  <nanos>233400</nanos>
  <sequence>661</sequence>
  <level>END</level>
  <class>com.kms.katalon.core.logging.XmlKeywordLogger</class>
  <method>endKeyword</method>
  <thread>1</thread>
  <message>End action : row.addProperty(&amp;quot;xpath&amp;quot;, EQUALS, //tr[.//*[contains(text(),&amp;apos;$ticketId&amp;apos;)]])</message>
  <nestedLevel>1</nestedLevel>
  <escapedJava>false</escapedJava>
</record>
<record>
  <date>2026-05-26T21:04:19.964233400Z</date>
  <millis>1779829459964</millis>
  <nanos>233400</nanos>
  <sequence>662</sequence>
  <level>START</level>
  <class>com.kms.katalon.core.logging.XmlKeywordLogger</class>
  <method>startKeyword</method>
  <thread>1</thread>
  <message>Start action : found = waitForElementPresent(row, 30)</message>
  <nestedLevel>1</nestedLevel>
  <escapedJava>false</escapedJava>
  <property name="startLine">92</property>
  <property name="stepIndex">28</property>
</record>
<record>
  <date>2026-05-26T21:04:20.264251200Z</date>
  <millis>1779829460264</millis>
  <nanos>251200</nanos>
  <sequence>668</sequence>
  <level>PASSED</level>
  <class>com.kms.katalon.core.logging.XmlKeywordLogger</class>
  <method>logMessage</method>
  <thread>1</thread>
  <message>Object &amp;apos;&amp;apos; is present</message>
  <nestedLevel>1</nestedLevel>
  <escapedJava>false</escapedJava>
  <property name="testops-method-name">com.kms.katalon.core.webui.keyword.internal.WebUIKeywordMain.runKeywordUntilTimeout</property>
  <property name="testops-execution-stacktrace">com.kms.katalon.core.logging.KeywordLogger.logPassed(KeywordLogger.java:350)
com.kms.katalon.core.logging.KeywordLogger.logPassed(KeywordLogger.java:345)
com.kms.katalon.core.webui.keyword.builtin.WaitForElementPresentKeyword$_waitForElementPresent_closure1.doCall(WaitForElementPresentKeyword.groovy:56)
java.base/jdk.internal.reflect.DirectMethodHandleAccessor.invoke(DirectMethodHandleAccessor.java:103)
jdk.proxy2/jdk.proxy2.$Proxy56.execute(Unknown Source)
com.kms.katalon.core.webui.model.SeleniumActionRetryController.performAction(SeleniumActionRetryController.java:96)
com.kms.katalon.core.webui.model.SeleniumActionRetryController.performAction(SeleniumActionRetryController.java:83)
com.kms.katalon.core.webui.keyword.internal.WebUIKeywordMain$_runKeywordUntilTimeout_closure2.doCall(WebUIKeywordMain.groovy:155)
com.kms.katalon.core.webui.keyword.internal.WebUIKeywordMain$_runKeywordUntilTimeout_closure2.call(WebUIKeywordMain.groovy)
com.kms.katalon.core.webui.keyword.internal.WebUIKeywordMain.runKeyword(WebUIKeywordMain.groovy:41)
com.kms.katalon.core.webui.keyword.internal.WebUIKeywordMain.runKeywordUntilTimeout(WebUIKeywordMain.groovy:152)
com.kms.katalon.core.webui.keyword.builtin.WaitForElementPresentKeyword.waitForElementPresent(WaitForElementPresentKeyword.groovy:68)
com.kms.katalon.core.webui.keyword.builtin.WaitForElementPresentKeyword.execute(WaitForElementPresentKeyword.groovy:38)
com.kms.katalon.core.keyword.internal.KeywordExecutor.executeKeywordForPlatform(KeywordExecutor.groovy:99)
com.kms.katalon.core.webui.keyword.WebUiBuiltInKeywords.waitForElementPresent(WebUiBuiltInKeywords.groovy:424)
TC_Open_Task_Details.run(TC_Open_Task_Details:92)
</property>
</record>
<record>
  <date>2026-05-26T21:04:20.275398Z</date>
  <millis>1779829460275</millis>
  <nanos>398000</nanos>
  <sequence>669</sequence>
  <level>END</level>
  <class>com.kms.katalon.core.logging.XmlKeywordLogger</class>
  <method>endKeyword</method>
  <thread>1</thread>
  <message>End action : found = waitForElementPresent(row, 30)</message>
  <nestedLevel>1</nestedLevel>
  <escapedJava>false</escapedJava>
</record>
<record>
  <date>2026-05-26T21:04:20.277423200Z</date>
  <millis>1779829460277</millis>
  <nanos>423200</nanos>
  <sequence>670</sequence>
  <level>START</level>
  <class>com.kms.katalon.core.logging.XmlKeywordLogger</class>
  <method>startKeyword</method>
  <thread>1</thread>
  <message>Start action : if (!(found))</message>
  <nestedLevel>1</nestedLevel>
  <escapedJava>false</escapedJava>
  <property name="startLine">94</property>
  <property name="stepIndex">29</property>
</record>
<record>
  <date>2026-05-26T21:04:20.279443600Z</date>
  <millis>1779829460279</millis>
  <nanos>443600</nanos>
  <sequence>671</sequence>
  <level>END</level>
  <class>com.kms.katalon.core.logging.XmlKeywordLogger</class>
  <method>endKeyword</method>
  <thread>1</thread>
  <message>End action : if (!(found))</message>
  <nestedLevel>1</nestedLevel>
  <escapedJava>false</escapedJava>
</record>
<record>
  <date>2026-05-26T21:04:20.281523900Z</date>
  <millis>1779829460281</millis>
  <nanos>523900</nanos>
  <sequence>672</sequence>
  <level>START</level>
  <class>com.kms.katalon.core.logging.XmlKeywordLogger</class>
  <method>startKeyword</method>
  <thread>1</thread>
  <message>Start action : println(&amp;quot;Ticket row found&amp;quot;)</message>
  <nestedLevel>1</nestedLevel>
  <escapedJava>false</escapedJava>
  <property name="startLine">100</property>
  <property name="stepIndex">30</property>
</record>
<record>
  <date>2026-05-26T21:04:20.285569400Z</date>
  <millis>1779829460285</millis>
  <nanos>569400</nanos>
  <sequence>673</sequence>
  <level>END</level>
  <class>com.kms.katalon.core.logging.XmlKeywordLogger</class>
  <method>endKeyword</method>
  <thread>1</thread>
  <message>End action : println(&amp;quot;Ticket row found&amp;quot;)</message>
  <nestedLevel>1</nestedLevel>
  <escapedJava>false</escapedJava>
</record>
<record>
  <date>2026-05-26T21:04:20.285569400Z</date>
  <millis>1779829460285</millis>
  <nanos>569400</nanos>
  <sequence>674</sequence>
  <level>START</level>
  <class>com.kms.katalon.core.logging.XmlKeywordLogger</class>
  <method>startKeyword</method>
  <thread>1</thread>
  <message>Start action : titleLink = new com.kms.katalon.core.testobject.TestObject()</message>
  <nestedLevel>1</nestedLevel>
  <escapedJava>false</escapedJava>
  <property name="startLine">105</property>
  <property name="stepIndex">31</property>
</record>
<record>
  <date>2026-05-26T21:04:20.294143400Z</date>
  <millis>1779829460294</millis>
  <nanos>143400</nanos>
  <sequence>675</sequence>
  <level>END</level>
  <class>com.kms.katalon.core.logging.XmlKeywordLogger</class>
  <method>endKeyword</method>
  <thread>1</thread>
  <message>End action : titleLink = new com.kms.katalon.core.testobject.TestObject()</message>
  <nestedLevel>1</nestedLevel>
  <escapedJava>false</escapedJava>
</record>
<record>
  <date>2026-05-26T21:04:20.295270200Z</date>
  <millis>1779829460295</millis>
  <nanos>270200</nanos>
  <sequence>676</sequence>
  <level>START</level>
  <class>com.kms.katalon.core.logging.XmlKeywordLogger</class>
  <method>startKeyword</method>
  <thread>1</thread>
  <message>Start action : titleLink.addProperty(&amp;quot;xpath&amp;quot;, EQUALS, (//tr[.//*[contains(text(),&amp;apos;$ticketId&amp;apos;)]]//td[3]//a) | (//tr[.//*[contains(text(),&amp;apos;$ticketId&amp;apos;)]]//td[3]//*[self::span or self::div]))</message>
  <nestedLevel>1</nestedLevel>
  <escapedJava>false</escapedJava>
  <property name="startLine">107</property>
  <property name="stepIndex">32</property>
</record>
<record>
  <date>2026-05-26T21:04:20.298065300Z</date>
  <millis>1779829460298</millis>
  <nanos>65300</nanos>
  <sequence>677</sequence>
  <level>END</level>
  <class>com.kms.katalon.core.logging.XmlKeywordLogger</class>
  <method>endKeyword</method>
  <thread>1</thread>
  <message>End action : titleLink.addProperty(&amp;quot;xpath&amp;quot;, EQUALS, (//tr[.//*[contains(text(),&amp;apos;$ticketId&amp;apos;)]]//td[3]//a) | (//tr[.//*[contains(text(),&amp;apos;$ticketId&amp;apos;)]]//td[3]//*[self::span or self::div]))</message>
  <nestedLevel>1</nestedLevel>
  <escapedJava>false</escapedJava>
</record>
<record>
  <date>2026-05-26T21:04:20.299644Z</date>
  <millis>1779829460299</millis>
  <nanos>644000</nanos>
  <sequence>678</sequence>
  <level>START</level>
  <class>com.kms.katalon.core.logging.XmlKeywordLogger</class>
  <method>startKeyword</method>
  <thread>1</thread>
  <message>Start action : waitForElementVisible(titleLink, 30)</message>
  <nestedLevel>1</nestedLevel>
  <escapedJava>false</escapedJava>
  <property name="startLine">114</property>
  <property name="stepIndex">33</property>
</record>
<record>
  <date>2026-05-26T21:04:20.649555100Z</date>
  <millis>1779829460649</millis>
  <nanos>555100</nanos>
  <sequence>684</sequence>
  <level>PASSED</level>
  <class>com.kms.katalon.core.logging.XmlKeywordLogger</class>
  <method>logMessage</method>
  <thread>1</thread>
  <message>Object &amp;apos;&amp;apos; is visible</message>
  <nestedLevel>1</nestedLevel>
  <escapedJava>false</escapedJava>
  <property name="testops-method-name">com.kms.katalon.core.webui.keyword.internal.WebUIKeywordMain.runKeywordUntilTimeout</property>
  <property name="testops-execution-stacktrace">com.kms.katalon.core.logging.KeywordLogger.logPassed(KeywordLogger.java:350)
com.kms.katalon.core.logging.KeywordLogger.logPassed(KeywordLogger.java:345)
com.kms.katalon.core.logging.KeywordLogger$logPassed$0.call(Unknown Source)
com.kms.katalon.core.webui.keyword.builtin.WaitForElementVisibleKeyword$_waitForElementVisible_closure1.doCall(WaitForElementVisibleKeyword.groovy:86)
java.base/jdk.internal.reflect.DirectMethodHandleAccessor.invoke(DirectMethodHandleAccessor.java:103)
jdk.proxy2/jdk.proxy2.$Proxy56.execute(Unknown Source)
com.kms.katalon.core.webui.model.SeleniumActionRetryController.performAction(SeleniumActionRetryController.java:96)
com.kms.katalon.core.webui.model.SeleniumActionRetryController.performAction(SeleniumActionRetryController.java:83)
com.kms.katalon.core.webui.keyword.internal.WebUIKeywordMain$_runKeywordUntilTimeout_closure2.doCall(WebUIKeywordMain.groovy:155)
com.kms.katalon.core.webui.keyword.internal.WebUIKeywordMain$_runKeywordUntilTimeout_closure2.call(WebUIKeywordMain.groovy)
com.kms.katalon.core.webui.keyword.internal.WebUIKeywordMain.runKeyword(WebUIKeywordMain.groovy:41)
com.kms.katalon.core.webui.keyword.internal.WebUIKeywordMain.runKeywordUntilTimeout(WebUIKeywordMain.groovy:152)
com.kms.katalon.core.webui.keyword.internal.WebUIKeywordMain$runKeywordUntilTimeout.call(Unknown Source)
com.kms.katalon.core.webui.keyword.builtin.WaitForElementVisibleKeyword.waitForElementVisible(WaitForElementVisibleKeyword.groovy:101)
com.kms.katalon.core.webui.keyword.builtin.WaitForElementVisibleKeyword.execute(WaitForElementVisibleKeyword.groovy:69)
com.kms.katalon.core.keyword.internal.KeywordExecutor.executeKeywordForPlatform(KeywordExecutor.groovy:99)
com.kms.katalon.core.webui.keyword.WebUiBuiltInKeywords.waitForElementVisible(WebUiBuiltInKeywords.groovy:515)
TC_Open_Task_Details.run(TC_Open_Task_Details:114)
</property>
</record>
<record>
  <date>2026-05-26T21:04:20.657718Z</date>
  <millis>1779829460657</millis>
  <nanos>718000</nanos>
  <sequence>685</sequence>
  <level>END</level>
  <class>com.kms.katalon.core.logging.XmlKeywordLogger</class>
  <method>endKeyword</method>
  <thread>1</thread>
  <message>End action : waitForElementVisible(titleLink, 30)</message>
  <nestedLevel>1</nestedLevel>
  <escapedJava>false</escapedJava>
</record>
<record>
  <date>2026-05-26T21:04:20.659739800Z</date>
  <millis>1779829460659</millis>
  <nanos>739800</nanos>
  <sequence>686</sequence>
  <level>START</level>
  <class>com.kms.katalon.core.logging.XmlKeywordLogger</class>
  <method>startKeyword</method>
  <thread>1</thread>
  <message>Start action : scrollToElement(titleLink, 10)</message>
  <nestedLevel>1</nestedLevel>
  <escapedJava>false</escapedJava>
  <property name="startLine">116</property>
  <property name="stepIndex">34</property>
</record>
<record>
  <date>2026-05-26T21:04:21.018541500Z</date>
  <millis>1779829461018</millis>
  <nanos>541500</nanos>
  <sequence>695</sequence>
  <level>PASSED</level>
  <class>com.kms.katalon.core.logging.XmlKeywordLogger</class>
  <method>logMessage</method>
  <thread>1</thread>
  <message>Scroll to object &amp;apos;&amp;apos; successfully</message>
  <nestedLevel>1</nestedLevel>
  <escapedJava>false</escapedJava>
  <property name="testops-method-name">com.kms.katalon.core.webui.keyword.builtin.ScrollToElementKeyword.scrollToElement</property>
  <property name="testops-execution-stacktrace"></property>
</record>
<record>
  <date>2026-05-26T21:04:21.023118200Z</date>
  <millis>1779829461023</millis>
  <nanos>118200</nanos>
  <sequence>696</sequence>
  <level>END</level>
  <class>com.kms.katalon.core.logging.XmlKeywordLogger</class>
  <method>endKeyword</method>
  <thread>1</thread>
  <message>End action : scrollToElement(titleLink, 10)</message>
  <nestedLevel>1</nestedLevel>
  <escapedJava>false</escapedJava>
</record>
<record>
  <date>2026-05-26T21:04:21.023118200Z</date>
  <millis>1779829461023</millis>
  <nanos>118200</nanos>
  <sequence>697</sequence>
  <level>START</level>
  <class>com.kms.katalon.core.logging.XmlKeywordLogger</class>
  <method>startKeyword</method>
  <thread>1</thread>
  <message>Start action : link = findWebElement(titleLink, 20)</message>
  <nestedLevel>1</nestedLevel>
  <escapedJava>false</escapedJava>
  <property name="startLine">118</property>
  <property name="stepIndex">35</property>
</record>
<record>
  <date>2026-05-26T21:04:21.349586400Z</date>
  <millis>1779829461349</millis>
  <nanos>586400</nanos>
  <sequence>703</sequence>
  <level>PASSED</level>
  <class>com.kms.katalon.core.logging.XmlKeywordLogger</class>
  <method>logMessage</method>
  <thread>1</thread>
  <message>Found web element by test object </message>
  <nestedLevel>1</nestedLevel>
  <escapedJava>false</escapedJava>
  <property name="testops-method-name">com.kms.katalon.core.webui.keyword.internal.WebUIKeywordMain.runKeywordUntilTimeout</property>
  <property name="testops-execution-stacktrace">com.kms.katalon.core.logging.KeywordLogger.logPassed(KeywordLogger.java:350)
com.kms.katalon.core.logging.KeywordLogger.logPassed(KeywordLogger.java:345)
com.kms.katalon.core.webui.keyword.builtin.FindWebElementKeyword$_findWebElement_closure1.doCall(FindWebElementKeyword.groovy:52)
java.base/jdk.internal.reflect.DirectMethodHandleAccessor.invoke(DirectMethodHandleAccessor.java:103)
jdk.proxy2/jdk.proxy2.$Proxy56.execute(Unknown Source)
com.kms.katalon.core.webui.model.SeleniumActionRetryController.performAction(SeleniumActionRetryController.java:96)
com.kms.katalon.core.webui.model.SeleniumActionRetryController.performAction(SeleniumActionRetryController.java:83)
com.kms.katalon.core.webui.keyword.internal.WebUIKeywordMain$_runKeywordUntilTimeout_closure2.doCall(WebUIKeywordMain.groovy:155)
com.kms.katalon.core.webui.keyword.internal.WebUIKeywordMain$_runKeywordUntilTimeout_closure2.call(WebUIKeywordMain.groovy)
com.kms.katalon.core.webui.keyword.internal.WebUIKeywordMain.runKeyword(WebUIKeywordMain.groovy:41)
com.kms.katalon.core.webui.keyword.internal.WebUIKeywordMain.runKeywordUntilTimeout(WebUIKeywordMain.groovy:152)
com.kms.katalon.core.webui.keyword.builtin.FindWebElementKeyword.findWebElement(FindWebElementKeyword.groovy:60)
com.kms.katalon.core.webui.keyword.builtin.FindWebElementKeyword.execute(FindWebElementKeyword.groovy:39)
com.kms.katalon.core.keyword.internal.KeywordExecutor.executeKeywordForPlatform(KeywordExecutor.groovy:99)
com.kms.katalon.core.webui.keyword.WebUiBuiltInKeywords.findWebElement(WebUiBuiltInKeywords.groovy:2945)
TC_Open_Task_Details.run(TC_Open_Task_Details:118)
</property>
</record>
<record>
  <date>2026-05-26T21:04:21.354194400Z</date>
  <millis>1779829461354</millis>
  <nanos>194400</nanos>
  <sequence>704</sequence>
  <level>END</level>
  <class>com.kms.katalon.core.logging.XmlKeywordLogger</class>
  <method>endKeyword</method>
  <thread>1</thread>
  <message>End action : link = findWebElement(titleLink, 20)</message>
  <nestedLevel>1</nestedLevel>
  <escapedJava>false</escapedJava>
</record>
<record>
  <date>2026-05-26T21:04:21.355285900Z</date>
  <millis>1779829461355</millis>
  <nanos>285900</nanos>
  <sequence>705</sequence>
  <level>START</level>
  <class>com.kms.katalon.core.logging.XmlKeywordLogger</class>
  <method>startKeyword</method>
  <thread>1</thread>
  <message>Start action : executeJavaScript(&amp;quot;\narguments[0].scrollIntoView({\nblock:&amp;apos;center&amp;apos;\n});\n&amp;quot;, Arrays.asList(link))</message>
  <nestedLevel>1</nestedLevel>
  <escapedJava>false</escapedJava>
  <property name="startLine">121</property>
  <property name="stepIndex">36</property>
</record>
<record>
  <date>2026-05-26T21:04:21.442321500Z</date>
  <millis>1779829461442</millis>
  <nanos>321500</nanos>
  <sequence>707</sequence>
  <level>PASSED</level>
  <class>com.kms.katalon.core.logging.XmlKeywordLogger</class>
  <method>logMessage</method>
  <thread>1</thread>
  <message>Execute JavaScript &amp;apos;
arguments[0].scrollIntoView({
block:&amp;apos;center&amp;apos;
});
&amp;apos; successfully</message>
  <nestedLevel>1</nestedLevel>
  <escapedJava>false</escapedJava>
  <property name="testops-method-name">com.kms.katalon.core.webui.keyword.builtin.ExecuteJavaScriptKeyword.executeJavascript</property>
  <property name="testops-execution-stacktrace"></property>
</record>
<record>
  <date>2026-05-26T21:04:21.444340Z</date>
  <millis>1779829461444</millis>
  <nanos>340000</nanos>
  <sequence>708</sequence>
  <level>END</level>
  <class>com.kms.katalon.core.logging.XmlKeywordLogger</class>
  <method>endKeyword</method>
  <thread>1</thread>
  <message>End action : executeJavaScript(&amp;quot;\narguments[0].scrollIntoView({\nblock:&amp;apos;center&amp;apos;\n});\n&amp;quot;, Arrays.asList(link))</message>
  <nestedLevel>1</nestedLevel>
  <escapedJava>false</escapedJava>
</record>
<record>
  <date>2026-05-26T21:04:21.446354Z</date>
  <millis>1779829461446</millis>
  <nanos>354000</nanos>
  <sequence>709</sequence>
  <level>START</level>
  <class>com.kms.katalon.core.logging.XmlKeywordLogger</class>
  <method>startKeyword</method>
  <thread>1</thread>
  <message>Start action : delay(2)</message>
  <nestedLevel>1</nestedLevel>
  <escapedJava>false</escapedJava>
  <property name="startLine">123</property>
  <property name="stepIndex">37</property>
</record>
<record>
  <date>2026-05-26T21:04:23.463189300Z</date>
  <millis>1779829463463</millis>
  <nanos>189300</nanos>
  <sequence>712</sequence>
  <level>PASSED</level>
  <class>com.kms.katalon.core.logging.XmlKeywordLogger</class>
  <method>logMessage</method>
  <thread>1</thread>
  <message>Delayed 2 second(s)</message>
  <nestedLevel>1</nestedLevel>
  <escapedJava>false</escapedJava>
  <property name="testops-method-name">com.kms.katalon.core.keyword.builtin.DelayKeyword.delay</property>
  <property name="testops-execution-stacktrace"></property>
</record>
<record>
  <date>2026-05-26T21:04:23.465415200Z</date>
  <millis>1779829463465</millis>
  <nanos>415200</nanos>
  <sequence>713</sequence>
  <level>END</level>
  <class>com.kms.katalon.core.logging.XmlKeywordLogger</class>
  <method>endKeyword</method>
  <thread>1</thread>
  <message>End action : delay(2)</message>
  <nestedLevel>1</nestedLevel>
  <escapedJava>false</escapedJava>
</record>
<record>
  <date>2026-05-26T21:04:23.467433900Z</date>
  <millis>1779829463467</millis>
  <nanos>433900</nanos>
  <sequence>714</sequence>
  <level>START</level>
  <class>com.kms.katalon.core.logging.XmlKeywordLogger</class>
  <method>startKeyword</method>
  <thread>1</thread>
  <message>Start action : println(&amp;quot;Opening ticket&amp;quot;)</message>
  <nestedLevel>1</nestedLevel>
  <escapedJava>false</escapedJava>
  <property name="startLine">128</property>
  <property name="stepIndex">38</property>
</record>
<record>
  <date>2026-05-26T21:04:23.472060Z</date>
  <millis>1779829463472</millis>
  <nanos>60000</nanos>
  <sequence>715</sequence>
  <level>END</level>
  <class>com.kms.katalon.core.logging.XmlKeywordLogger</class>
  <method>endKeyword</method>
  <thread>1</thread>
  <message>End action : println(&amp;quot;Opening ticket&amp;quot;)</message>
  <nestedLevel>1</nestedLevel>
  <escapedJava>false</escapedJava>
</record>
<record>
  <date>2026-05-26T21:04:23.472060Z</date>
  <millis>1779829463472</millis>
  <nanos>60000</nanos>
  <sequence>716</sequence>
  <level>START</level>
  <class>com.kms.katalon.core.logging.XmlKeywordLogger</class>
  <method>startKeyword</method>
  <thread>1</thread>
  <message>Start action : try</message>
  <nestedLevel>1</nestedLevel>
  <escapedJava>false</escapedJava>
  <property name="startLine">130</property>
  <property name="stepIndex">39</property>
</record>
<record>
  <date>2026-05-26T21:04:23.476130500Z</date>
  <millis>1779829463476</millis>
  <nanos>130500</nanos>
  <sequence>717</sequence>
  <level>START</level>
  <class>com.kms.katalon.core.logging.XmlKeywordLogger</class>
  <method>startKeyword</method>
  <thread>1</thread>
  <message>Start action : click(titleLink)</message>
  <nestedLevel>2</nestedLevel>
  <escapedJava>false</escapedJava>
  <property name="startLine">131</property>
  <property name="stepIndex">1</property>
</record>
<record>
  <date>2026-05-26T21:04:27.980949300Z</date>
  <millis>1779829467980</millis>
  <nanos>949300</nanos>
  <sequence>727</sequence>
  <level>PASSED</level>
  <class>com.kms.katalon.core.logging.XmlKeywordLogger</class>
  <method>logMessage</method>
  <thread>1</thread>
  <message>Object: &amp;apos;&amp;apos; is clicked on</message>
  <nestedLevel>1</nestedLevel>
  <escapedJava>false</escapedJava>
  <property name="testops-method-name">com.kms.katalon.core.webui.keyword.internal.WebUIKeywordMain.runKeywordUntilTimeout</property>
  <property name="testops-execution-stacktrace">com.kms.katalon.core.logging.KeywordLogger.logPassed(KeywordLogger.java:350)
com.kms.katalon.core.logging.KeywordLogger.logPassed(KeywordLogger.java:345)
com.kms.katalon.core.webui.keyword.builtin.ClickKeyword$_click_closure1.doCall(ClickKeyword.groovy:66)
java.base/jdk.internal.reflect.DirectMethodHandleAccessor.invoke(DirectMethodHandleAccessor.java:103)
jdk.proxy2/jdk.proxy2.$Proxy56.execute(Unknown Source)
com.kms.katalon.core.webui.model.SeleniumActionRetryController.performAction(SeleniumActionRetryController.java:96)
com.kms.katalon.core.webui.model.SeleniumActionRetryController.performAction(SeleniumActionRetryController.java:83)
com.kms.katalon.core.webui.keyword.internal.WebUIKeywordMain$_runKeywordUntilTimeout_closure1.doCall(WebUIKeywordMain.groovy:135)
com.kms.katalon.core.webui.keyword.internal.WebUIKeywordMain$_runKeywordUntilTimeout_closure1.call(WebUIKeywordMain.groovy)
com.kms.katalon.core.webui.keyword.internal.WebUIKeywordMain.runKeyword(WebUIKeywordMain.groovy:41)
com.kms.katalon.core.webui.keyword.internal.WebUIKeywordMain.runKeywordUntilTimeout(WebUIKeywordMain.groovy:133)
com.kms.katalon.core.webui.keyword.builtin.ClickKeyword.click(ClickKeyword.groovy:72)
com.kms.katalon.core.webui.keyword.builtin.ClickKeyword.execute(ClickKeyword.groovy:38)
com.kms.katalon.core.keyword.internal.KeywordExecutor.executeKeywordForPlatform(KeywordExecutor.groovy:99)
com.kms.katalon.core.webui.keyword.WebUiBuiltInKeywords.click(WebUiBuiltInKeywords.groovy:722)
TC_Open_Task_Details.run(TC_Open_Task_Details:131)
</property>
</record>
<record>
  <date>2026-05-26T21:04:27.994764700Z</date>
  <millis>1779829467994</millis>
  <nanos>764700</nanos>
  <sequence>728</sequence>
  <level>END</level>
  <class>com.kms.katalon.core.logging.XmlKeywordLogger</class>
  <method>endKeyword</method>
  <thread>1</thread>
  <message>End action : click(titleLink)</message>
  <nestedLevel>2</nestedLevel>
  <escapedJava>false</escapedJava>
</record>
<record>
  <date>2026-05-26T21:04:27.996790Z</date>
  <millis>1779829467996</millis>
  <nanos>790000</nanos>
  <sequence>729</sequence>
  <level>END</level>
  <class>com.kms.katalon.core.logging.XmlKeywordLogger</class>
  <method>endKeyword</method>
  <thread>1</thread>
  <message>End action : try</message>
  <nestedLevel>1</nestedLevel>
  <escapedJava>false</escapedJava>
</record>
<record>
  <date>2026-05-26T21:04:27.998311700Z</date>
  <millis>1779829467998</millis>
  <nanos>311700</nanos>
  <sequence>730</sequence>
  <level>START</level>
  <class>com.kms.katalon.core.logging.XmlKeywordLogger</class>
  <method>startKeyword</method>
  <thread>1</thread>
  <message>Start action : opened = false</message>
  <nestedLevel>1</nestedLevel>
  <escapedJava>false</escapedJava>
  <property name="startLine">142</property>
  <property name="stepIndex">42</property>
</record>
<record>
  <date>2026-05-26T21:04:28.009878400Z</date>
  <millis>1779829468009</millis>
  <nanos>878400</nanos>
  <sequence>731</sequence>
  <level>END</level>
  <class>com.kms.katalon.core.logging.XmlKeywordLogger</class>
  <method>endKeyword</method>
  <thread>1</thread>
  <message>End action : opened = false</message>
  <nestedLevel>1</nestedLevel>
  <escapedJava>false</escapedJava>
</record>
<record>
  <date>2026-05-26T21:04:28.012075400Z</date>
  <millis>1779829468012</millis>
  <nanos>75400</nanos>
  <sequence>732</sequence>
  <level>START</level>
  <class>com.kms.katalon.core.logging.XmlKeywordLogger</class>
  <method>startKeyword</method>
  <thread>1</thread>
  <message>Start action : for ([i = 0, i &amp;lt; 30, (i++)])</message>
  <nestedLevel>1</nestedLevel>
  <escapedJava>false</escapedJava>
  <property name="startLine">144</property>
  <property name="stepIndex">43</property>
</record>
<record>
  <date>2026-05-26T21:04:28.016110100Z</date>
  <millis>1779829468016</millis>
  <nanos>110100</nanos>
  <sequence>733</sequence>
  <level>START</level>
  <class>com.kms.katalon.core.logging.XmlKeywordLogger</class>
  <method>startKeyword</method>
  <thread>1</thread>
  <message>Start action : delay(1)</message>
  <nestedLevel>2</nestedLevel>
  <escapedJava>false</escapedJava>
  <property name="startLine">145</property>
  <property name="stepIndex">1</property>
</record>
<record>
  <date>2026-05-26T21:04:29.030897700Z</date>
  <millis>1779829469030</millis>
  <nanos>897700</nanos>
  <sequence>736</sequence>
  <level>PASSED</level>
  <class>com.kms.katalon.core.logging.XmlKeywordLogger</class>
  <method>logMessage</method>
  <thread>1</thread>
  <message>Delayed 1 second(s)</message>
  <nestedLevel>1</nestedLevel>
  <escapedJava>false</escapedJava>
  <property name="testops-method-name">com.kms.katalon.core.keyword.builtin.DelayKeyword.delay</property>
  <property name="testops-execution-stacktrace"></property>
</record>
<record>
  <date>2026-05-26T21:04:29.030897700Z</date>
  <millis>1779829469030</millis>
  <nanos>897700</nanos>
  <sequence>737</sequence>
  <level>END</level>
  <class>com.kms.katalon.core.logging.XmlKeywordLogger</class>
  <method>endKeyword</method>
  <thread>1</thread>
  <message>End action : delay(1)</message>
  <nestedLevel>2</nestedLevel>
  <escapedJava>false</escapedJava>
</record>
<record>
  <date>2026-05-26T21:04:29.035709700Z</date>
  <millis>1779829469035</millis>
  <nanos>709700</nanos>
  <sequence>738</sequence>
  <level>START</level>
  <class>com.kms.katalon.core.logging.XmlKeywordLogger</class>
  <method>startKeyword</method>
  <thread>1</thread>
  <message>Start action : details = new com.kms.katalon.core.testobject.TestObject()</message>
  <nestedLevel>2</nestedLevel>
  <escapedJava>false</escapedJava>
  <property name="startLine">147</property>
  <property name="stepIndex">2</property>
</record>
<record>
  <date>2026-05-26T21:04:29.039754500Z</date>
  <millis>1779829469039</millis>
  <nanos>754500</nanos>
  <sequence>739</sequence>
  <level>END</level>
  <class>com.kms.katalon.core.logging.XmlKeywordLogger</class>
  <method>endKeyword</method>
  <thread>1</thread>
  <message>End action : details = new com.kms.katalon.core.testobject.TestObject()</message>
  <nestedLevel>2</nestedLevel>
  <escapedJava>false</escapedJava>
</record>
<record>
  <date>2026-05-26T21:04:29.039754500Z</date>
  <millis>1779829469039</millis>
  <nanos>754500</nanos>
  <sequence>740</sequence>
  <level>START</level>
  <class>com.kms.katalon.core.logging.XmlKeywordLogger</class>
  <method>startKeyword</method>
  <thread>1</thread>
  <message>Start action : details.addProperty(&amp;quot;xpath&amp;quot;, EQUALS, &amp;quot;\n//*[contains(text(),&amp;apos;Priority&amp;apos;)]\n|\n//*[contains(text(),&amp;apos;Task Details&amp;apos;)]\n|\n//*[contains(text(),&amp;apos;Queue&amp;apos;)]\n&amp;quot;)</message>
  <nestedLevel>2</nestedLevel>
  <escapedJava>false</escapedJava>
  <property name="startLine">149</property>
  <property name="stepIndex">3</property>
</record>
<record>
  <date>2026-05-26T21:04:29.047415800Z</date>
  <millis>1779829469047</millis>
  <nanos>415800</nanos>
  <sequence>741</sequence>
  <level>END</level>
  <class>com.kms.katalon.core.logging.XmlKeywordLogger</class>
  <method>endKeyword</method>
  <thread>1</thread>
  <message>End action : details.addProperty(&amp;quot;xpath&amp;quot;, EQUALS, &amp;quot;\n//*[contains(text(),&amp;apos;Priority&amp;apos;)]\n|\n//*[contains(text(),&amp;apos;Task Details&amp;apos;)]\n|\n//*[contains(text(),&amp;apos;Queue&amp;apos;)]\n&amp;quot;)</message>
  <nestedLevel>2</nestedLevel>
  <escapedJava>false</escapedJava>
</record>
<record>
  <date>2026-05-26T21:04:29.047415800Z</date>
  <millis>1779829469047</millis>
  <nanos>415800</nanos>
  <sequence>742</sequence>
  <level>START</level>
  <class>com.kms.katalon.core.logging.XmlKeywordLogger</class>
  <method>startKeyword</method>
  <thread>1</thread>
  <message>Start action : if (verifyElementPresent(details, 1, OPTIONAL))</message>
  <nestedLevel>2</nestedLevel>
  <escapedJava>false</escapedJava>
  <property name="startLine">151</property>
  <property name="stepIndex">4</property>
</record>
<record>
  <date>2026-05-26T21:04:30.419978300Z</date>
  <millis>1779829470419</millis>
  <nanos>978300</nanos>
  <sequence>747</sequence>
  <level>PASSED</level>
  <class>com.kms.katalon.core.logging.XmlKeywordLogger</class>
  <method>logMessage</method>
  <thread>1</thread>
  <message>Object &amp;apos;&amp;apos; is present</message>
  <nestedLevel>1</nestedLevel>
  <escapedJava>false</escapedJava>
  <property name="testops-is-assertion">true</property>
  <property name="testops-method-name">com.kms.katalon.core.webui.keyword.builtin.VerifyElementPresentKeyword.verifyElementPresent</property>
  <property name="testops-execution-stacktrace"></property>
</record>
<record>
  <date>2026-05-26T21:04:30.429880700Z</date>
  <millis>1779829470429</millis>
  <nanos>880700</nanos>
  <sequence>748</sequence>
  <level>START</level>
  <class>com.kms.katalon.core.logging.XmlKeywordLogger</class>
  <method>startKeyword</method>
  <thread>1</thread>
  <message>Start action : opened = true</message>
  <nestedLevel>3</nestedLevel>
  <escapedJava>false</escapedJava>
  <property name="startLine">152</property>
  <property name="stepIndex">1</property>
</record>
<record>
  <date>2026-05-26T21:04:30.429880700Z</date>
  <millis>1779829470429</millis>
  <nanos>880700</nanos>
  <sequence>749</sequence>
  <level>END</level>
  <class>com.kms.katalon.core.logging.XmlKeywordLogger</class>
  <method>endKeyword</method>
  <thread>1</thread>
  <message>End action : opened = true</message>
  <nestedLevel>3</nestedLevel>
  <escapedJava>false</escapedJava>
</record>
<record>
  <date>2026-05-26T21:04:30.429880700Z</date>
  <millis>1779829470429</millis>
  <nanos>880700</nanos>
  <sequence>750</sequence>
  <level>START</level>
  <class>com.kms.katalon.core.logging.XmlKeywordLogger</class>
  <method>startKeyword</method>
  <thread>1</thread>
  <message>Start action : break</message>
  <nestedLevel>3</nestedLevel>
  <escapedJava>false</escapedJava>
  <property name="startLine">154</property>
  <property name="stepIndex">2</property>
</record>
<record>
  <date>2026-05-26T21:04:30.439825700Z</date>
  <millis>1779829470439</millis>
  <nanos>825700</nanos>
  <sequence>751</sequence>
  <level>END</level>
  <class>com.kms.katalon.core.logging.XmlKeywordLogger</class>
  <method>endKeyword</method>
  <thread>1</thread>
  <message>End action : break</message>
  <nestedLevel>3</nestedLevel>
  <escapedJava>false</escapedJava>
</record>
<record>
  <date>2026-05-26T21:04:30.439825700Z</date>
  <millis>1779829470439</millis>
  <nanos>825700</nanos>
  <sequence>752</sequence>
  <level>END</level>
  <class>com.kms.katalon.core.logging.XmlKeywordLogger</class>
  <method>endKeyword</method>
  <thread>1</thread>
  <message>End action : if (verifyElementPresent(details, 1, OPTIONAL))</message>
  <nestedLevel>2</nestedLevel>
  <escapedJava>false</escapedJava>
</record>
<record>
  <date>2026-05-26T21:04:30.439825700Z</date>
  <millis>1779829470439</millis>
  <nanos>825700</nanos>
  <sequence>753</sequence>
  <level>END</level>
  <class>com.kms.katalon.core.logging.XmlKeywordLogger</class>
  <method>endKeyword</method>
  <thread>1</thread>
  <message>End action : for ([i = 0, i &amp;lt; 30, (i++)])</message>
  <nestedLevel>1</nestedLevel>
  <escapedJava>false</escapedJava>
</record>
<record>
  <date>2026-05-26T21:04:30.439825700Z</date>
  <millis>1779829470439</millis>
  <nanos>825700</nanos>
  <sequence>754</sequence>
  <level>START</level>
  <class>com.kms.katalon.core.logging.XmlKeywordLogger</class>
  <method>startKeyword</method>
  <thread>1</thread>
  <message>Start action : if (!(opened))</message>
  <nestedLevel>1</nestedLevel>
  <escapedJava>false</escapedJava>
  <property name="startLine">158</property>
  <property name="stepIndex">44</property>
</record>
<record>
  <date>2026-05-26T21:04:30.445126900Z</date>
  <millis>1779829470445</millis>
  <nanos>126900</nanos>
  <sequence>755</sequence>
  <level>END</level>
  <class>com.kms.katalon.core.logging.XmlKeywordLogger</class>
  <method>endKeyword</method>
  <thread>1</thread>
  <message>End action : if (!(opened))</message>
  <nestedLevel>1</nestedLevel>
  <escapedJava>false</escapedJava>
</record>
<record>
  <date>2026-05-26T21:04:30.445126900Z</date>
  <millis>1779829470445</millis>
  <nanos>126900</nanos>
  <sequence>756</sequence>
  <level>START</level>
  <class>com.kms.katalon.core.logging.XmlKeywordLogger</class>
  <method>startKeyword</method>
  <thread>1</thread>
  <message>Start action : println(&amp;quot;TASK DETAILS OPENED → &amp;quot; + ticketId)</message>
  <nestedLevel>1</nestedLevel>
  <escapedJava>false</escapedJava>
  <property name="startLine">164</property>
  <property name="stepIndex">45</property>
</record>
<record>
  <date>2026-05-26T21:04:30.454045500Z</date>
  <millis>1779829470454</millis>
  <nanos>45500</nanos>
  <sequence>757</sequence>
  <level>END</level>
  <class>com.kms.katalon.core.logging.XmlKeywordLogger</class>
  <method>endKeyword</method>
  <thread>1</thread>
  <message>End action : println(&amp;quot;TASK DETAILS OPENED → &amp;quot; + ticketId)</message>
  <nestedLevel>1</nestedLevel>
  <escapedJava>false</escapedJava>
</record>
<record>
  <date>2026-05-26T21:04:30.456511400Z</date>
  <millis>1779829470456</millis>
  <nanos>511400</nanos>
  <sequence>758</sequence>
  <level>PASSED</level>
  <class>com.kms.katalon.core.logging.XmlKeywordLogger</class>
  <method>logMessage</method>
  <thread>1</thread>
  <message>Test Cases/Setup/TC_Open_Task_Details</message>
  <nestedLevel>1</nestedLevel>
  <escapedJava>false</escapedJava>
</record>
<record>
  <date>2026-05-26T21:04:30.458527500Z</date>
  <millis>1779829470458</millis>
  <nanos>527500</nanos>
  <sequence>759</sequence>
  <level>END</level>
  <class>com.kms.katalon.core.logging.XmlKeywordLogger</class>
  <method>endTest</method>
  <thread>1</thread>
  <message>End Test Case : Test Cases/Setup/TC_Open_Task_Details</message>
  <nestedLevel>0</nestedLevel>
  <escapedJava>false</escapedJava>
  <property name="executionBindingVariables">[]</property>
  <property name="applitools">false</property>
  <property name="remainingRetryCount">3</property>
  <property name="executedKeywords">{
  &quot;WebUI.waitForElementVisible&quot;: 3,
  &quot;WebUI.clearText&quot;: 1,
  &quot;WebUI.scrollToElement&quot;: 1,
  &quot;BuiltIn.delay&quot;: 6,
  &quot;WebUI.findWebElement&quot;: 1,
  &quot;WebUI.verifyElementPresent&quot;: 1,
  &quot;WebUI.getText&quot;: 1,
  &quot;WebUI.click&quot;: 4,
  &quot;WebUI.waitForPageLoad&quot;: 3,
  &quot;WebUI.sendKeys&quot;: 1,
  &quot;WebUI.executeJavaScript&quot;: 1,
  &quot;WebUI.waitForElementPresent&quot;: 1,
  &quot;WebUI.setText&quot;: 1
}</property>
  <property name="currentRetryCount">0</property>
  <property name="keywordsUsage">{
  &quot;web_ui&quot;: true,
  &quot;web_service&quot;: false,
  &quot;cucumber&quot;: false,
  &quot;builtin&quot;: true,
  &quot;mobile&quot;: false,
  &quot;windows&quot;: false,
  &quot;testng&quot;: false
}</property>
</record>
<record>
  <date>2026-05-26T21:04:30.471766200Z</date>
  <millis>1779829470471</millis>
  <nanos>766200</nanos>
  <sequence>760</sequence>
  <level>START</level>
  <class>com.kms.katalon.core.logging.XmlKeywordLogger</class>
  <method>startTest</method>
  <thread>1</thread>
  <message>Start Test Case : Test Cases/TaskActions/Uploads/Upload_File_From_Govdrive</message>
  <nestedLevel>1</nestedLevel>
  <escapedJava>false</escapedJava>
  <property name="remainingRetryCount">3</property>
  <property name="origin"></property>
  <property name="name">Test Cases/TaskActions/Uploads/Upload_File_From_Govdrive</property>
  <property name="description"></property>
  <property name="iteration"></property>
  <property name="id">Test Cases/TaskActions/Uploads/Upload_File_From_Govdrive</property>
  <property name="source">C:\Users\CROWN-STAFF\git\convergence-qa-tests\Test Cases\TaskActions\Uploads\Upload_File_From_Govdrive.tc</property>
  <property name="tag"></property>
  <property name="isOptional">false</property>
  <property name="uuid">0f4d582b-be41-41b1-8e6a-0582e4e28010</property>
  <property name="currentRetryCount">0</property>
</record>
<record>
  <date>2026-05-26T21:04:30.896106600Z</date>
  <millis>1779829470896</millis>
  <nanos>106600</nanos>
  <sequence>762</sequence>
  <level>RUN_DATA</level>
  <class>com.kms.katalon.core.logging.XmlKeywordLogger</class>
  <method>logMessage</method>
  <thread>1</thread>
  <message>executionBindingVariables = []</message>
  <nestedLevel>1</nestedLevel>
  <escapedJava>false</escapedJava>
  <property name="executionBindingVariables">[]</property>
</record>
<record>
  <date>2026-05-26T21:04:31.655584Z</date>
  <millis>1779829471655</millis>
  <nanos>584000</nanos>
  <sequence>763</sequence>
  <level>START</level>
  <class>com.kms.katalon.core.logging.XmlKeywordLogger</class>
  <method>startKeyword</method>
  <thread>1</thread>
  <message>Start action : driver = getWebDriver()</message>
  <nestedLevel>1</nestedLevel>
  <escapedJava>false</escapedJava>
  <property name="startLine">15</property>
  <property name="stepIndex">1</property>
</record>
<record>
  <date>2026-05-26T21:04:31.661260500Z</date>
  <millis>1779829471661</millis>
  <nanos>260500</nanos>
  <sequence>764</sequence>
  <level>END</level>
  <class>com.kms.katalon.core.logging.XmlKeywordLogger</class>
  <method>endKeyword</method>
  <thread>1</thread>
  <message>End action : driver = getWebDriver()</message>
  <nestedLevel>1</nestedLevel>
  <escapedJava>false</escapedJava>
</record>
<record>
  <date>2026-05-26T21:04:31.663290100Z</date>
  <millis>1779829471663</millis>
  <nanos>290100</nanos>
  <sequence>765</sequence>
  <level>START</level>
  <class>com.kms.katalon.core.logging.XmlKeywordLogger</class>
  <method>startKeyword</method>
  <thread>1</thread>
  <message>Start action : switchToDefaultContent()</message>
  <nestedLevel>1</nestedLevel>
  <escapedJava>false</escapedJava>
  <property name="startLine">17</property>
  <property name="stepIndex">2</property>
</record>
<record>
  <date>2026-05-26T21:04:31.975726800Z</date>
  <millis>1779829471975</millis>
  <nanos>726800</nanos>
  <sequence>768</sequence>
  <level>END</level>
  <class>com.kms.katalon.core.logging.XmlKeywordLogger</class>
  <method>endKeyword</method>
  <thread>1</thread>
  <message>End action : switchToDefaultContent()</message>
  <nestedLevel>1</nestedLevel>
  <escapedJava>false</escapedJava>
</record>
<record>
  <date>2026-05-26T21:04:31.975726800Z</date>
  <millis>1779829471975</millis>
  <nanos>726800</nanos>
  <sequence>769</sequence>
  <level>START</level>
  <class>com.kms.katalon.core.logging.XmlKeywordLogger</class>
  <method>startKeyword</method>
  <thread>1</thread>
  <message>Start action : waitForPageLoad(30)</message>
  <nestedLevel>1</nestedLevel>
  <escapedJava>false</escapedJava>
  <property name="startLine">18</property>
  <property name="stepIndex">3</property>
</record>
<record>
  <date>2026-05-26T21:04:32.009819Z</date>
  <millis>1779829472009</millis>
  <nanos>819000</nanos>
  <sequence>773</sequence>
  <level>PASSED</level>
  <class>com.kms.katalon.core.logging.XmlKeywordLogger</class>
  <method>logMessage</method>
  <thread>1</thread>
  <message>Wait for page load successfully</message>
  <nestedLevel>1</nestedLevel>
  <escapedJava>false</escapedJava>
  <property name="testops-method-name">com.kms.katalon.core.webui.keyword.internal.WebUIKeywordMain$runKeyword$0.call</property>
  <property name="testops-execution-stacktrace">com.kms.katalon.core.logging.KeywordLogger.logPassed(KeywordLogger.java:350)
com.kms.katalon.core.logging.KeywordLogger.logPassed(KeywordLogger.java:345)
com.kms.katalon.core.logging.KeywordLogger$logPassed$0.call(Unknown Source)
com.kms.katalon.core.webui.keyword.builtin.WaitForPageLoadKeyword$_waitForPageLoad_closure1.doCall(WaitForPageLoadKeyword.groovy:94)
com.kms.katalon.core.webui.keyword.builtin.WaitForPageLoadKeyword$_waitForPageLoad_closure1.doCall(WaitForPageLoadKeyword.groovy)
java.base/jdk.internal.reflect.DirectMethodHandleAccessor.invoke(DirectMethodHandleAccessor.java:103)
com.kms.katalon.core.webui.keyword.internal.WebUIKeywordMain.runKeyword(WebUIKeywordMain.groovy:41)
com.kms.katalon.core.webui.keyword.internal.WebUIKeywordMain$runKeyword$0.call(Unknown Source)
com.kms.katalon.core.webui.keyword.builtin.WaitForPageLoadKeyword.waitForPageLoad(WaitForPageLoadKeyword.groovy:95)
com.kms.katalon.core.webui.keyword.builtin.WaitForPageLoadKeyword.execute(WaitForPageLoadKeyword.groovy:68)
com.kms.katalon.core.keyword.internal.KeywordExecutor.executeKeywordForPlatform(KeywordExecutor.groovy:99)
com.kms.katalon.core.webui.keyword.WebUiBuiltInKeywords.waitForPageLoad(WebUiBuiltInKeywords.groovy:2559)
Upload_File_From_Govdrive.run(Upload_File_From_Govdrive:18)
</property>
</record>
<record>
  <date>2026-05-26T21:04:32.011897100Z</date>
  <millis>1779829472011</millis>
  <nanos>897100</nanos>
  <sequence>774</sequence>
  <level>END</level>
  <class>com.kms.katalon.core.logging.XmlKeywordLogger</class>
  <method>endKeyword</method>
  <thread>1</thread>
  <message>End action : waitForPageLoad(30)</message>
  <nestedLevel>1</nestedLevel>
  <escapedJava>false</escapedJava>
</record>
<record>
  <date>2026-05-26T21:04:32.011897100Z</date>
  <millis>1779829472011</millis>
  <nanos>897100</nanos>
  <sequence>775</sequence>
  <level>START</level>
  <class>com.kms.katalon.core.logging.XmlKeywordLogger</class>
  <method>startKeyword</method>
  <thread>1</thread>
  <message>Start action : println(&amp;quot;Starting upload flow&amp;quot;)</message>
  <nestedLevel>1</nestedLevel>
  <escapedJava>false</escapedJava>
  <property name="startLine">20</property>
  <property name="stepIndex">4</property>
</record>
<record>
  <date>2026-05-26T21:04:32.015944600Z</date>
  <millis>1779829472015</millis>
  <nanos>944600</nanos>
  <sequence>776</sequence>
  <level>END</level>
  <class>com.kms.katalon.core.logging.XmlKeywordLogger</class>
  <method>endKeyword</method>
  <thread>1</thread>
  <message>End action : println(&amp;quot;Starting upload flow&amp;quot;)</message>
  <nestedLevel>1</nestedLevel>
  <escapedJava>false</escapedJava>
</record>
<record>
  <date>2026-05-26T21:04:32.017963900Z</date>
  <millis>1779829472017</millis>
  <nanos>963900</nanos>
  <sequence>777</sequence>
  <level>START</level>
  <class>com.kms.katalon.core.logging.XmlKeywordLogger</class>
  <method>startKeyword</method>
  <thread>1</thread>
  <message>Start action : waitForElementVisible(findTestObject(&amp;quot;Page_Work Order  View- Workforce Manager/a_dLabel&amp;quot;), 30)</message>
  <nestedLevel>1</nestedLevel>
  <escapedJava>false</escapedJava>
  <property name="startLine">26</property>
  <property name="stepIndex">5</property>
</record>
<record>
  <date>2026-05-26T21:04:33.486261200Z</date>
  <millis>1779829473486</millis>
  <nanos>261200</nanos>
  <sequence>784</sequence>
  <level>PASSED</level>
  <class>com.kms.katalon.core.logging.XmlKeywordLogger</class>
  <method>logMessage</method>
  <thread>1</thread>
  <message>Object &amp;apos;Object Repository/Page_Work Order  View- Workforce Manager/a_dLabel&amp;apos; is visible</message>
  <nestedLevel>1</nestedLevel>
  <escapedJava>false</escapedJava>
  <property name="testops-method-name">com.kms.katalon.core.webui.keyword.internal.WebUIKeywordMain.runKeywordUntilTimeout</property>
  <property name="testops-execution-stacktrace">com.kms.katalon.core.logging.KeywordLogger.logPassed(KeywordLogger.java:350)
com.kms.katalon.core.logging.KeywordLogger.logPassed(KeywordLogger.java:345)
com.kms.katalon.core.logging.KeywordLogger$logPassed$0.call(Unknown Source)
com.kms.katalon.core.webui.keyword.builtin.WaitForElementVisibleKeyword$_waitForElementVisible_closure1.doCall(WaitForElementVisibleKeyword.groovy:86)
java.base/jdk.internal.reflect.DirectMethodHandleAccessor.invoke(DirectMethodHandleAccessor.java:103)
jdk.proxy2/jdk.proxy2.$Proxy56.execute(Unknown Source)
com.kms.katalon.core.webui.model.SeleniumActionRetryController.performAction(SeleniumActionRetryController.java:96)
com.kms.katalon.core.webui.model.SeleniumActionRetryController.performAction(SeleniumActionRetryController.java:83)
com.kms.katalon.core.webui.keyword.internal.WebUIKeywordMain$_runKeywordUntilTimeout_closure2.doCall(WebUIKeywordMain.groovy:155)
com.kms.katalon.core.webui.keyword.internal.WebUIKeywordMain$_runKeywordUntilTimeout_closure2.call(WebUIKeywordMain.groovy)
com.kms.katalon.core.webui.keyword.internal.WebUIKeywordMain.runKeyword(WebUIKeywordMain.groovy:41)
com.kms.katalon.core.webui.keyword.internal.WebUIKeywordMain.runKeywordUntilTimeout(WebUIKeywordMain.groovy:152)
com.kms.katalon.core.webui.keyword.internal.WebUIKeywordMain$runKeywordUntilTimeout.call(Unknown Source)
com.kms.katalon.core.webui.keyword.builtin.WaitForElementVisibleKeyword.waitForElementVisible(WaitForElementVisibleKeyword.groovy:101)
com.kms.katalon.core.webui.keyword.builtin.WaitForElementVisibleKeyword.execute(WaitForElementVisibleKeyword.groovy:69)
com.kms.katalon.core.keyword.internal.KeywordExecutor.executeKeywordForPlatform(KeywordExecutor.groovy:99)
com.kms.katalon.core.webui.keyword.WebUiBuiltInKeywords.waitForElementVisible(WebUiBuiltInKeywords.groovy:515)
Upload_File_From_Govdrive.run(Upload_File_From_Govdrive:27)
</property>
</record>
<record>
  <date>2026-05-26T21:04:33.489546400Z</date>
  <millis>1779829473489</millis>
  <nanos>546400</nanos>
  <sequence>785</sequence>
  <level>END</level>
  <class>com.kms.katalon.core.logging.XmlKeywordLogger</class>
  <method>endKeyword</method>
  <thread>1</thread>
  <message>End action : waitForElementVisible(findTestObject(&amp;quot;Page_Work Order  View- Workforce Manager/a_dLabel&amp;quot;), 30)</message>
  <nestedLevel>1</nestedLevel>
  <escapedJava>false</escapedJava>
</record>
<record>
  <date>2026-05-26T21:04:33.489546400Z</date>
  <millis>1779829473489</millis>
  <nanos>546400</nanos>
  <sequence>786</sequence>
  <level>START</level>
  <class>com.kms.katalon.core.logging.XmlKeywordLogger</class>
  <method>startKeyword</method>
  <thread>1</thread>
  <message>Start action : waitForElementClickable(findTestObject(&amp;quot;Page_Work Order  View- Workforce Manager/a_dLabel&amp;quot;), 30)</message>
  <nestedLevel>1</nestedLevel>
  <escapedJava>false</escapedJava>
  <property name="startLine">33</property>
  <property name="stepIndex">6</property>
</record>
<record>
  <date>2026-05-26T21:04:34.359584600Z</date>
  <millis>1779829474359</millis>
  <nanos>584600</nanos>
  <sequence>793</sequence>
  <level>PASSED</level>
  <class>com.kms.katalon.core.logging.XmlKeywordLogger</class>
  <method>logMessage</method>
  <thread>1</thread>
  <message>Object &amp;apos;Object Repository/Page_Work Order  View- Workforce Manager/a_dLabel&amp;apos; is clickable</message>
  <nestedLevel>1</nestedLevel>
  <escapedJava>false</escapedJava>
  <property name="testops-method-name">com.kms.katalon.core.webui.keyword.internal.WebUIKeywordMain.runKeywordUntilTimeout</property>
  <property name="testops-execution-stacktrace">com.kms.katalon.core.logging.KeywordLogger.logPassed(KeywordLogger.java:350)
com.kms.katalon.core.logging.KeywordLogger.logPassed(KeywordLogger.java:345)
com.kms.katalon.core.logging.KeywordLogger$logPassed$0.call(Unknown Source)
com.kms.katalon.core.webui.keyword.builtin.WaitForElementClickableKeyword$_waitForElementClickable_closure1.doCall(WaitForElementClickableKeyword.groovy:59)
java.base/jdk.internal.reflect.DirectMethodHandleAccessor.invoke(DirectMethodHandleAccessor.java:103)
jdk.proxy2/jdk.proxy2.$Proxy56.execute(Unknown Source)
com.kms.katalon.core.webui.model.SeleniumActionRetryController.performAction(SeleniumActionRetryController.java:96)
com.kms.katalon.core.webui.model.SeleniumActionRetryController.performAction(SeleniumActionRetryController.java:83)
com.kms.katalon.core.webui.keyword.internal.WebUIKeywordMain$_runKeywordUntilTimeout_closure2.doCall(WebUIKeywordMain.groovy:155)
com.kms.katalon.core.webui.keyword.internal.WebUIKeywordMain$_runKeywordUntilTimeout_closure2.call(WebUIKeywordMain.groovy)
com.kms.katalon.core.webui.keyword.internal.WebUIKeywordMain.runKeyword(WebUIKeywordMain.groovy:41)
com.kms.katalon.core.webui.keyword.internal.WebUIKeywordMain.runKeywordUntilTimeout(WebUIKeywordMain.groovy:152)
com.kms.katalon.core.webui.keyword.internal.WebUIKeywordMain$runKeywordUntilTimeout.call(Unknown Source)
com.kms.katalon.core.webui.keyword.builtin.WaitForElementClickableKeyword.waitForElementClickable(WaitForElementClickableKeyword.groovy:76)
com.kms.katalon.core.webui.keyword.builtin.WaitForElementClickableKeyword.execute(WaitForElementClickableKeyword.groovy:42)
com.kms.katalon.core.keyword.internal.KeywordExecutor.executeKeywordForPlatform(KeywordExecutor.groovy:99)
com.kms.katalon.core.webui.keyword.WebUiBuiltInKeywords.waitForElementClickable(WebUiBuiltInKeywords.groovy:581)
Upload_File_From_Govdrive.run(Upload_File_From_Govdrive:34)
</property>
</record>
<record>
  <date>2026-05-26T21:04:34.359584600Z</date>
  <millis>1779829474359</millis>
  <nanos>584600</nanos>
  <sequence>794</sequence>
  <level>END</level>
  <class>com.kms.katalon.core.logging.XmlKeywordLogger</class>
  <method>endKeyword</method>
  <thread>1</thread>
  <message>End action : waitForElementClickable(findTestObject(&amp;quot;Page_Work Order  View- Workforce Manager/a_dLabel&amp;quot;), 30)</message>
  <nestedLevel>1</nestedLevel>
  <escapedJava>false</escapedJava>
</record>
<record>
  <date>2026-05-26T21:04:34.372973100Z</date>
  <millis>1779829474372</millis>
  <nanos>973100</nanos>
  <sequence>795</sequence>
  <level>START</level>
  <class>com.kms.katalon.core.logging.XmlKeywordLogger</class>
  <method>startKeyword</method>
  <thread>1</thread>
  <message>Start action : click(findTestObject(&amp;quot;Page_Work Order  View- Workforce Manager/a_dLabel&amp;quot;))</message>
  <nestedLevel>1</nestedLevel>
  <escapedJava>false</escapedJava>
  <property name="startLine">40</property>
  <property name="stepIndex">7</property>
</record>
<record>
  <date>2026-05-26T21:04:35.059572800Z</date>
  <millis>1779829475059</millis>
  <nanos>572800</nanos>
  <sequence>806</sequence>
  <level>PASSED</level>
  <class>com.kms.katalon.core.logging.XmlKeywordLogger</class>
  <method>logMessage</method>
  <thread>1</thread>
  <message>Object: &amp;apos;Object Repository/Page_Work Order  View- Workforce Manager/a_dLabel&amp;apos; is clicked on</message>
  <nestedLevel>1</nestedLevel>
  <escapedJava>false</escapedJava>
  <property name="testops-method-name">com.kms.katalon.core.webui.keyword.internal.WebUIKeywordMain.runKeywordUntilTimeout</property>
  <property name="testops-execution-stacktrace">com.kms.katalon.core.logging.KeywordLogger.logPassed(KeywordLogger.java:350)
com.kms.katalon.core.logging.KeywordLogger.logPassed(KeywordLogger.java:345)
com.kms.katalon.core.webui.keyword.builtin.ClickKeyword$_click_closure1.doCall(ClickKeyword.groovy:66)
java.base/jdk.internal.reflect.DirectMethodHandleAccessor.invoke(DirectMethodHandleAccessor.java:103)
jdk.proxy2/jdk.proxy2.$Proxy56.execute(Unknown Source)
com.kms.katalon.core.webui.model.SeleniumActionRetryController.performAction(SeleniumActionRetryController.java:96)
com.kms.katalon.core.webui.model.SeleniumActionRetryController.performAction(SeleniumActionRetryController.java:83)
com.kms.katalon.core.webui.keyword.internal.WebUIKeywordMain$_runKeywordUntilTimeout_closure1.doCall(WebUIKeywordMain.groovy:135)
com.kms.katalon.core.webui.keyword.internal.WebUIKeywordMain$_runKeywordUntilTimeout_closure1.call(WebUIKeywordMain.groovy)
com.kms.katalon.core.webui.keyword.internal.WebUIKeywordMain.runKeyword(WebUIKeywordMain.groovy:41)
com.kms.katalon.core.webui.keyword.internal.WebUIKeywordMain.runKeywordUntilTimeout(WebUIKeywordMain.groovy:133)
com.kms.katalon.core.webui.keyword.builtin.ClickKeyword.click(ClickKeyword.groovy:72)
com.kms.katalon.core.webui.keyword.builtin.ClickKeyword.execute(ClickKeyword.groovy:38)
com.kms.katalon.core.keyword.internal.KeywordExecutor.executeKeywordForPlatform(KeywordExecutor.groovy:99)
com.kms.katalon.core.webui.keyword.WebUiBuiltInKeywords.click(WebUiBuiltInKeywords.groovy:722)
Upload_File_From_Govdrive.run(Upload_File_From_Govdrive:41)
</property>
</record>
<record>
  <date>2026-05-26T21:04:35.059572800Z</date>
  <millis>1779829475059</millis>
  <nanos>572800</nanos>
  <sequence>807</sequence>
  <level>END</level>
  <class>com.kms.katalon.core.logging.XmlKeywordLogger</class>
  <method>endKeyword</method>
  <thread>1</thread>
  <message>End action : click(findTestObject(&amp;quot;Page_Work Order  View- Workforce Manager/a_dLabel&amp;quot;))</message>
  <nestedLevel>1</nestedLevel>
  <escapedJava>false</escapedJava>
</record>
<record>
  <date>2026-05-26T21:04:35.064939700Z</date>
  <millis>1779829475064</millis>
  <nanos>939700</nanos>
  <sequence>808</sequence>
  <level>START</level>
  <class>com.kms.katalon.core.logging.XmlKeywordLogger</class>
  <method>startKeyword</method>
  <thread>1</thread>
  <message>Start action : println(&amp;quot;Upload menu opened&amp;quot;)</message>
  <nestedLevel>1</nestedLevel>
  <escapedJava>false</escapedJava>
  <property name="startLine">46</property>
  <property name="stepIndex">8</property>
</record>
<record>
  <date>2026-05-26T21:04:35.071281100Z</date>
  <millis>1779829475071</millis>
  <nanos>281100</nanos>
  <sequence>809</sequence>
  <level>END</level>
  <class>com.kms.katalon.core.logging.XmlKeywordLogger</class>
  <method>endKeyword</method>
  <thread>1</thread>
  <message>End action : println(&amp;quot;Upload menu opened&amp;quot;)</message>
  <nestedLevel>1</nestedLevel>
  <escapedJava>false</escapedJava>
</record>
<record>
  <date>2026-05-26T21:04:35.074208900Z</date>
  <millis>1779829475074</millis>
  <nanos>208900</nanos>
  <sequence>810</sequence>
  <level>START</level>
  <class>com.kms.katalon.core.logging.XmlKeywordLogger</class>
  <method>startKeyword</method>
  <thread>1</thread>
  <message>Start action : waitForElementVisible(findTestObject(&amp;quot;Page_Work Order  View- Workforce Manager/a_cde-upload&amp;quot;), 30)</message>
  <nestedLevel>1</nestedLevel>
  <escapedJava>false</escapedJava>
  <property name="startLine">52</property>
  <property name="stepIndex">9</property>
</record>
<record>
  <date>2026-05-26T21:04:35.709731600Z</date>
  <millis>1779829475709</millis>
  <nanos>731600</nanos>
  <sequence>817</sequence>
  <level>PASSED</level>
  <class>com.kms.katalon.core.logging.XmlKeywordLogger</class>
  <method>logMessage</method>
  <thread>1</thread>
  <message>Object &amp;apos;Object Repository/Page_Work Order  View- Workforce Manager/a_cde-upload&amp;apos; is visible</message>
  <nestedLevel>1</nestedLevel>
  <escapedJava>false</escapedJava>
  <property name="testops-method-name">com.kms.katalon.core.webui.keyword.internal.WebUIKeywordMain.runKeywordUntilTimeout</property>
  <property name="testops-execution-stacktrace">com.kms.katalon.core.logging.KeywordLogger.logPassed(KeywordLogger.java:350)
com.kms.katalon.core.logging.KeywordLogger.logPassed(KeywordLogger.java:345)
com.kms.katalon.core.logging.KeywordLogger$logPassed$0.call(Unknown Source)
com.kms.katalon.core.webui.keyword.builtin.WaitForElementVisibleKeyword$_waitForElementVisible_closure1.doCall(WaitForElementVisibleKeyword.groovy:86)
java.base/jdk.internal.reflect.DirectMethodHandleAccessor.invoke(DirectMethodHandleAccessor.java:103)
jdk.proxy2/jdk.proxy2.$Proxy56.execute(Unknown Source)
com.kms.katalon.core.webui.model.SeleniumActionRetryController.performAction(SeleniumActionRetryController.java:96)
com.kms.katalon.core.webui.model.SeleniumActionRetryController.performAction(SeleniumActionRetryController.java:83)
com.kms.katalon.core.webui.keyword.internal.WebUIKeywordMain$_runKeywordUntilTimeout_closure2.doCall(WebUIKeywordMain.groovy:155)
com.kms.katalon.core.webui.keyword.internal.WebUIKeywordMain$_runKeywordUntilTimeout_closure2.call(WebUIKeywordMain.groovy)
com.kms.katalon.core.webui.keyword.internal.WebUIKeywordMain.runKeyword(WebUIKeywordMain.groovy:41)
com.kms.katalon.core.webui.keyword.internal.WebUIKeywordMain.runKeywordUntilTimeout(WebUIKeywordMain.groovy:152)
com.kms.katalon.core.webui.keyword.internal.WebUIKeywordMain$runKeywordUntilTimeout.call(Unknown Source)
com.kms.katalon.core.webui.keyword.builtin.WaitForElementVisibleKeyword.waitForElementVisible(WaitForElementVisibleKeyword.groovy:101)
com.kms.katalon.core.webui.keyword.builtin.WaitForElementVisibleKeyword.execute(WaitForElementVisibleKeyword.groovy:69)
com.kms.katalon.core.keyword.internal.KeywordExecutor.executeKeywordForPlatform(KeywordExecutor.groovy:99)
com.kms.katalon.core.webui.keyword.WebUiBuiltInKeywords.waitForElementVisible(WebUiBuiltInKeywords.groovy:515)
Upload_File_From_Govdrive.run(Upload_File_From_Govdrive:53)
</property>
</record>
<record>
  <date>2026-05-26T21:04:35.716957Z</date>
  <millis>1779829475716</millis>
  <nanos>957000</nanos>
  <sequence>818</sequence>
  <level>END</level>
  <class>com.kms.katalon.core.logging.XmlKeywordLogger</class>
  <method>endKeyword</method>
  <thread>1</thread>
  <message>End action : waitForElementVisible(findTestObject(&amp;quot;Page_Work Order  View- Workforce Manager/a_cde-upload&amp;quot;), 30)</message>
  <nestedLevel>1</nestedLevel>
  <escapedJava>false</escapedJava>
</record>
<record>
  <date>2026-05-26T21:04:35.719498200Z</date>
  <millis>1779829475719</millis>
  <nanos>498200</nanos>
  <sequence>819</sequence>
  <level>START</level>
  <class>com.kms.katalon.core.logging.XmlKeywordLogger</class>
  <method>startKeyword</method>
  <thread>1</thread>
  <message>Start action : waitForElementClickable(findTestObject(&amp;quot;Page_Work Order  View- Workforce Manager/a_cde-upload&amp;quot;), 30)</message>
  <nestedLevel>1</nestedLevel>
  <escapedJava>false</escapedJava>
  <property name="startLine">59</property>
  <property name="stepIndex">10</property>
</record>
<record>
  <date>2026-05-26T21:04:36.601897400Z</date>
  <millis>1779829476601</millis>
  <nanos>897400</nanos>
  <sequence>826</sequence>
  <level>PASSED</level>
  <class>com.kms.katalon.core.logging.XmlKeywordLogger</class>
  <method>logMessage</method>
  <thread>1</thread>
  <message>Object &amp;apos;Object Repository/Page_Work Order  View- Workforce Manager/a_cde-upload&amp;apos; is clickable</message>
  <nestedLevel>1</nestedLevel>
  <escapedJava>false</escapedJava>
  <property name="testops-method-name">com.kms.katalon.core.webui.keyword.internal.WebUIKeywordMain.runKeywordUntilTimeout</property>
  <property name="testops-execution-stacktrace">com.kms.katalon.core.logging.KeywordLogger.logPassed(KeywordLogger.java:350)
com.kms.katalon.core.logging.KeywordLogger.logPassed(KeywordLogger.java:345)
com.kms.katalon.core.logging.KeywordLogger$logPassed$0.call(Unknown Source)
com.kms.katalon.core.webui.keyword.builtin.WaitForElementClickableKeyword$_waitForElementClickable_closure1.doCall(WaitForElementClickableKeyword.groovy:59)
java.base/jdk.internal.reflect.DirectMethodHandleAccessor.invoke(DirectMethodHandleAccessor.java:103)
jdk.proxy2/jdk.proxy2.$Proxy56.execute(Unknown Source)
com.kms.katalon.core.webui.model.SeleniumActionRetryController.performAction(SeleniumActionRetryController.java:96)
com.kms.katalon.core.webui.model.SeleniumActionRetryController.performAction(SeleniumActionRetryController.java:83)
com.kms.katalon.core.webui.keyword.internal.WebUIKeywordMain$_runKeywordUntilTimeout_closure2.doCall(WebUIKeywordMain.groovy:155)
com.kms.katalon.core.webui.keyword.internal.WebUIKeywordMain$_runKeywordUntilTimeout_closure2.call(WebUIKeywordMain.groovy)
com.kms.katalon.core.webui.keyword.internal.WebUIKeywordMain.runKeyword(WebUIKeywordMain.groovy:41)
com.kms.katalon.core.webui.keyword.internal.WebUIKeywordMain.runKeywordUntilTimeout(WebUIKeywordMain.groovy:152)
com.kms.katalon.core.webui.keyword.internal.WebUIKeywordMain$runKeywordUntilTimeout.call(Unknown Source)
com.kms.katalon.core.webui.keyword.builtin.WaitForElementClickableKeyword.waitForElementClickable(WaitForElementClickableKeyword.groovy:76)
com.kms.katalon.core.webui.keyword.builtin.WaitForElementClickableKeyword.execute(WaitForElementClickableKeyword.groovy:42)
com.kms.katalon.core.keyword.internal.KeywordExecutor.executeKeywordForPlatform(KeywordExecutor.groovy:99)
com.kms.katalon.core.webui.keyword.WebUiBuiltInKeywords.waitForElementClickable(WebUiBuiltInKeywords.groovy:581)
Upload_File_From_Govdrive.run(Upload_File_From_Govdrive:60)
</property>
</record>
<record>
  <date>2026-05-26T21:04:36.606089200Z</date>
  <millis>1779829476606</millis>
  <nanos>89200</nanos>
  <sequence>827</sequence>
  <level>END</level>
  <class>com.kms.katalon.core.logging.XmlKeywordLogger</class>
  <method>endKeyword</method>
  <thread>1</thread>
  <message>End action : waitForElementClickable(findTestObject(&amp;quot;Page_Work Order  View- Workforce Manager/a_cde-upload&amp;quot;), 30)</message>
  <nestedLevel>1</nestedLevel>
  <escapedJava>false</escapedJava>
</record>
<record>
  <date>2026-05-26T21:04:36.606089200Z</date>
  <millis>1779829476606</millis>
  <nanos>89200</nanos>
  <sequence>828</sequence>
  <level>START</level>
  <class>com.kms.katalon.core.logging.XmlKeywordLogger</class>
  <method>startKeyword</method>
  <thread>1</thread>
  <message>Start action : try</message>
  <nestedLevel>1</nestedLevel>
  <escapedJava>false</escapedJava>
  <property name="startLine">66</property>
  <property name="stepIndex">11</property>
</record>
<record>
  <date>2026-05-26T21:04:36.611880200Z</date>
  <millis>1779829476611</millis>
  <nanos>880200</nanos>
  <sequence>829</sequence>
  <level>START</level>
  <class>com.kms.katalon.core.logging.XmlKeywordLogger</class>
  <method>startKeyword</method>
  <thread>1</thread>
  <message>Start action : click(findTestObject(&amp;quot;Page_Work Order  View- Workforce Manager/a_cde-upload&amp;quot;))</message>
  <nestedLevel>2</nestedLevel>
  <escapedJava>false</escapedJava>
  <property name="startLine">68</property>
  <property name="stepIndex">1</property>
</record>
<record>
  <date>2026-05-26T21:04:37.981113300Z</date>
  <millis>1779829477981</millis>
  <nanos>113300</nanos>
  <sequence>840</sequence>
  <level>PASSED</level>
  <class>com.kms.katalon.core.logging.XmlKeywordLogger</class>
  <method>logMessage</method>
  <thread>1</thread>
  <message>Object: &amp;apos;Object Repository/Page_Work Order  View- Workforce Manager/a_cde-upload&amp;apos; is clicked on</message>
  <nestedLevel>1</nestedLevel>
  <escapedJava>false</escapedJava>
  <property name="testops-method-name">com.kms.katalon.core.webui.keyword.internal.WebUIKeywordMain.runKeywordUntilTimeout</property>
  <property name="testops-execution-stacktrace">com.kms.katalon.core.logging.KeywordLogger.logPassed(KeywordLogger.java:350)
com.kms.katalon.core.logging.KeywordLogger.logPassed(KeywordLogger.java:345)
com.kms.katalon.core.webui.keyword.builtin.ClickKeyword$_click_closure1.doCall(ClickKeyword.groovy:66)
java.base/jdk.internal.reflect.DirectMethodHandleAccessor.invoke(DirectMethodHandleAccessor.java:103)
jdk.proxy2/jdk.proxy2.$Proxy56.execute(Unknown Source)
com.kms.katalon.core.webui.model.SeleniumActionRetryController.performAction(SeleniumActionRetryController.java:96)
com.kms.katalon.core.webui.model.SeleniumActionRetryController.performAction(SeleniumActionRetryController.java:83)
com.kms.katalon.core.webui.keyword.internal.WebUIKeywordMain$_runKeywordUntilTimeout_closure1.doCall(WebUIKeywordMain.groovy:135)
com.kms.katalon.core.webui.keyword.internal.WebUIKeywordMain$_runKeywordUntilTimeout_closure1.call(WebUIKeywordMain.groovy)
com.kms.katalon.core.webui.keyword.internal.WebUIKeywordMain.runKeyword(WebUIKeywordMain.groovy:41)
com.kms.katalon.core.webui.keyword.internal.WebUIKeywordMain.runKeywordUntilTimeout(WebUIKeywordMain.groovy:133)
com.kms.katalon.core.webui.keyword.builtin.ClickKeyword.click(ClickKeyword.groovy:72)
com.kms.katalon.core.webui.keyword.builtin.ClickKeyword.execute(ClickKeyword.groovy:38)
com.kms.katalon.core.keyword.internal.KeywordExecutor.executeKeywordForPlatform(KeywordExecutor.groovy:99)
com.kms.katalon.core.webui.keyword.WebUiBuiltInKeywords.click(WebUiBuiltInKeywords.groovy:722)
Upload_File_From_Govdrive.run(Upload_File_From_Govdrive:69)
</property>
</record>
<record>
  <date>2026-05-26T21:04:37.986006900Z</date>
  <millis>1779829477986</millis>
  <nanos>6900</nanos>
  <sequence>841</sequence>
  <level>END</level>
  <class>com.kms.katalon.core.logging.XmlKeywordLogger</class>
  <method>endKeyword</method>
  <thread>1</thread>
  <message>End action : click(findTestObject(&amp;quot;Page_Work Order  View- Workforce Manager/a_cde-upload&amp;quot;))</message>
  <nestedLevel>2</nestedLevel>
  <escapedJava>false</escapedJava>
</record>
<record>
  <date>2026-05-26T21:04:37.988032500Z</date>
  <millis>1779829477988</millis>
  <nanos>32500</nanos>
  <sequence>842</sequence>
  <level>END</level>
  <class>com.kms.katalon.core.logging.XmlKeywordLogger</class>
  <method>endKeyword</method>
  <thread>1</thread>
  <message>End action : try</message>
  <nestedLevel>1</nestedLevel>
  <escapedJava>false</escapedJava>
</record>
<record>
  <date>2026-05-26T21:04:37.988032500Z</date>
  <millis>1779829477988</millis>
  <nanos>32500</nanos>
  <sequence>843</sequence>
  <level>START</level>
  <class>com.kms.katalon.core.logging.XmlKeywordLogger</class>
  <method>startKeyword</method>
  <thread>1</thread>
  <message>Start action : println(&amp;quot;GovDrive selected&amp;quot;)</message>
  <nestedLevel>1</nestedLevel>
  <escapedJava>false</escapedJava>
  <property name="startLine">84</property>
  <property name="stepIndex">14</property>
</record>
<record>
  <date>2026-05-26T21:04:37.990719600Z</date>
  <millis>1779829477990</millis>
  <nanos>719600</nanos>
  <sequence>844</sequence>
  <level>END</level>
  <class>com.kms.katalon.core.logging.XmlKeywordLogger</class>
  <method>endKeyword</method>
  <thread>1</thread>
  <message>End action : println(&amp;quot;GovDrive selected&amp;quot;)</message>
  <nestedLevel>1</nestedLevel>
  <escapedJava>false</escapedJava>
</record>
<record>
  <date>2026-05-26T21:04:37.992788900Z</date>
  <millis>1779829477992</millis>
  <nanos>788900</nanos>
  <sequence>845</sequence>
  <level>START</level>
  <class>com.kms.katalon.core.logging.XmlKeywordLogger</class>
  <method>startKeyword</method>
  <thread>1</thread>
  <message>Start action : switchToDefaultContent()</message>
  <nestedLevel>1</nestedLevel>
  <escapedJava>false</escapedJava>
  <property name="startLine">90</property>
  <property name="stepIndex">15</property>
</record>
<record>
  <date>2026-05-26T21:04:38.060981600Z</date>
  <millis>1779829478060</millis>
  <nanos>981600</nanos>
  <sequence>848</sequence>
  <level>END</level>
  <class>com.kms.katalon.core.logging.XmlKeywordLogger</class>
  <method>endKeyword</method>
  <thread>1</thread>
  <message>End action : switchToDefaultContent()</message>
  <nestedLevel>1</nestedLevel>
  <escapedJava>false</escapedJava>
</record>
<record>
  <date>2026-05-26T21:04:38.060981600Z</date>
  <millis>1779829478060</millis>
  <nanos>981600</nanos>
  <sequence>849</sequence>
  <level>START</level>
  <class>com.kms.katalon.core.logging.XmlKeywordLogger</class>
  <method>startKeyword</method>
  <thread>1</thread>
  <message>Start action : waitForElementVisible(findTestObject(&amp;quot;Page_Work Order  View- Workforce Manager/iframe_cde-widget&amp;quot;), 30)</message>
  <nestedLevel>1</nestedLevel>
  <escapedJava>false</escapedJava>
  <property name="startLine">92</property>
  <property name="stepIndex">16</property>
</record>
<record>
  <date>2026-05-26T21:04:39.209613300Z</date>
  <millis>1779829479209</millis>
  <nanos>613300</nanos>
  <sequence>856</sequence>
  <level>PASSED</level>
  <class>com.kms.katalon.core.logging.XmlKeywordLogger</class>
  <method>logMessage</method>
  <thread>1</thread>
  <message>Object &amp;apos;Object Repository/Page_Work Order  View- Workforce Manager/iframe_cde-widget&amp;apos; is visible</message>
  <nestedLevel>1</nestedLevel>
  <escapedJava>false</escapedJava>
  <property name="testops-method-name">com.kms.katalon.core.webui.keyword.internal.WebUIKeywordMain.runKeywordUntilTimeout</property>
  <property name="testops-execution-stacktrace">com.kms.katalon.core.logging.KeywordLogger.logPassed(KeywordLogger.java:350)
com.kms.katalon.core.logging.KeywordLogger.logPassed(KeywordLogger.java:345)
com.kms.katalon.core.logging.KeywordLogger$logPassed$0.call(Unknown Source)
com.kms.katalon.core.webui.keyword.builtin.WaitForElementVisibleKeyword$_waitForElementVisible_closure1.doCall(WaitForElementVisibleKeyword.groovy:86)
java.base/jdk.internal.reflect.DirectMethodHandleAccessor.invoke(DirectMethodHandleAccessor.java:103)
jdk.proxy2/jdk.proxy2.$Proxy56.execute(Unknown Source)
com.kms.katalon.core.webui.model.SeleniumActionRetryController.performAction(SeleniumActionRetryController.java:96)
com.kms.katalon.core.webui.model.SeleniumActionRetryController.performAction(SeleniumActionRetryController.java:83)
com.kms.katalon.core.webui.keyword.internal.WebUIKeywordMain$_runKeywordUntilTimeout_closure2.doCall(WebUIKeywordMain.groovy:155)
com.kms.katalon.core.webui.keyword.internal.WebUIKeywordMain$_runKeywordUntilTimeout_closure2.call(WebUIKeywordMain.groovy)
com.kms.katalon.core.webui.keyword.internal.WebUIKeywordMain.runKeyword(WebUIKeywordMain.groovy:41)
com.kms.katalon.core.webui.keyword.internal.WebUIKeywordMain.runKeywordUntilTimeout(WebUIKeywordMain.groovy:152)
com.kms.katalon.core.webui.keyword.internal.WebUIKeywordMain$runKeywordUntilTimeout.call(Unknown Source)
com.kms.katalon.core.webui.keyword.builtin.WaitForElementVisibleKeyword.waitForElementVisible(WaitForElementVisibleKeyword.groovy:101)
com.kms.katalon.core.webui.keyword.builtin.WaitForElementVisibleKeyword.execute(WaitForElementVisibleKeyword.groovy:69)
com.kms.katalon.core.keyword.internal.KeywordExecutor.executeKeywordForPlatform(KeywordExecutor.groovy:99)
com.kms.katalon.core.webui.keyword.WebUiBuiltInKeywords.waitForElementVisible(WebUiBuiltInKeywords.groovy:515)
Upload_File_From_Govdrive.run(Upload_File_From_Govdrive:93)
</property>
</record>
<record>
  <date>2026-05-26T21:04:39.209613300Z</date>
  <millis>1779829479209</millis>
  <nanos>613300</nanos>
  <sequence>857</sequence>
  <level>END</level>
  <class>com.kms.katalon.core.logging.XmlKeywordLogger</class>
  <method>endKeyword</method>
  <thread>1</thread>
  <message>End action : waitForElementVisible(findTestObject(&amp;quot;Page_Work Order  View- Workforce Manager/iframe_cde-widget&amp;quot;), 30)</message>
  <nestedLevel>1</nestedLevel>
  <escapedJava>false</escapedJava>
</record>
<record>
  <date>2026-05-26T21:04:39.209613300Z</date>
  <millis>1779829479209</millis>
  <nanos>613300</nanos>
  <sequence>858</sequence>
  <level>START</level>
  <class>com.kms.katalon.core.logging.XmlKeywordLogger</class>
  <method>startKeyword</method>
  <thread>1</thread>
  <message>Start action : switched = false</message>
  <nestedLevel>1</nestedLevel>
  <escapedJava>false</escapedJava>
  <property name="startLine">103</property>
  <property name="stepIndex">17</property>
</record>
<record>
  <date>2026-05-26T21:04:39.219867900Z</date>
  <millis>1779829479219</millis>
  <nanos>867900</nanos>
  <sequence>859</sequence>
  <level>END</level>
  <class>com.kms.katalon.core.logging.XmlKeywordLogger</class>
  <method>endKeyword</method>
  <thread>1</thread>
  <message>End action : switched = false</message>
  <nestedLevel>1</nestedLevel>
  <escapedJava>false</escapedJava>
</record>
<record>
  <date>2026-05-26T21:04:39.219867900Z</date>
  <millis>1779829479219</millis>
  <nanos>867900</nanos>
  <sequence>860</sequence>
  <level>START</level>
  <class>com.kms.katalon.core.logging.XmlKeywordLogger</class>
  <method>startKeyword</method>
  <thread>1</thread>
  <message>Start action : for ([i = 0, i &amp;lt; 3, (i++)])</message>
  <nestedLevel>1</nestedLevel>
  <escapedJava>false</escapedJava>
  <property name="startLine">105</property>
  <property name="stepIndex">18</property>
</record>
<record>
  <date>2026-05-26T21:04:39.219867900Z</date>
  <millis>1779829479219</millis>
  <nanos>867900</nanos>
  <sequence>861</sequence>
  <level>START</level>
  <class>com.kms.katalon.core.logging.XmlKeywordLogger</class>
  <method>startKeyword</method>
  <thread>1</thread>
  <message>Start action : try</message>
  <nestedLevel>2</nestedLevel>
  <escapedJava>false</escapedJava>
  <property name="startLine">107</property>
  <property name="stepIndex">1</property>
</record>
<record>
  <date>2026-05-26T21:04:39.224638500Z</date>
  <millis>1779829479224</millis>
  <nanos>638500</nanos>
  <sequence>862</sequence>
  <level>START</level>
  <class>com.kms.katalon.core.logging.XmlKeywordLogger</class>
  <method>startKeyword</method>
  <thread>1</thread>
  <message>Start action : switchToFrame(findTestObject(&amp;quot;Page_Work Order  View- Workforce Manager/iframe_cde-widget&amp;quot;), 10)</message>
  <nestedLevel>3</nestedLevel>
  <escapedJava>false</escapedJava>
  <property name="startLine">109</property>
  <property name="stepIndex">1</property>
</record>
<record>
  <date>2026-05-26T21:04:39.689861300Z</date>
  <millis>1779829479689</millis>
  <nanos>861300</nanos>
  <sequence>871</sequence>
  <level>END</level>
  <class>com.kms.katalon.core.logging.XmlKeywordLogger</class>
  <method>endKeyword</method>
  <thread>1</thread>
  <message>End action : switchToFrame(findTestObject(&amp;quot;Page_Work Order  View- Workforce Manager/iframe_cde-widget&amp;quot;), 10)</message>
  <nestedLevel>3</nestedLevel>
  <escapedJava>false</escapedJava>
</record>
<record>
  <date>2026-05-26T21:04:39.689861300Z</date>
  <millis>1779829479689</millis>
  <nanos>861300</nanos>
  <sequence>872</sequence>
  <level>START</level>
  <class>com.kms.katalon.core.logging.XmlKeywordLogger</class>
  <method>startKeyword</method>
  <thread>1</thread>
  <message>Start action : switched = true</message>
  <nestedLevel>3</nestedLevel>
  <escapedJava>false</escapedJava>
  <property name="startLine">116</property>
  <property name="stepIndex">2</property>
</record>
<record>
  <date>2026-05-26T21:04:39.694271700Z</date>
  <millis>1779829479694</millis>
  <nanos>271700</nanos>
  <sequence>873</sequence>
  <level>END</level>
  <class>com.kms.katalon.core.logging.XmlKeywordLogger</class>
  <method>endKeyword</method>
  <thread>1</thread>
  <message>End action : switched = true</message>
  <nestedLevel>3</nestedLevel>
  <escapedJava>false</escapedJava>
</record>
<record>
  <date>2026-05-26T21:04:39.694271700Z</date>
  <millis>1779829479694</millis>
  <nanos>271700</nanos>
  <sequence>874</sequence>
  <level>START</level>
  <class>com.kms.katalon.core.logging.XmlKeywordLogger</class>
  <method>startKeyword</method>
  <thread>1</thread>
  <message>Start action : break</message>
  <nestedLevel>3</nestedLevel>
  <escapedJava>false</escapedJava>
  <property name="startLine">117</property>
  <property name="stepIndex">3</property>
</record>
<record>
  <date>2026-05-26T21:04:39.701828200Z</date>
  <millis>1779829479701</millis>
  <nanos>828200</nanos>
  <sequence>875</sequence>
  <level>END</level>
  <class>com.kms.katalon.core.logging.XmlKeywordLogger</class>
  <method>endKeyword</method>
  <thread>1</thread>
  <message>End action : break</message>
  <nestedLevel>3</nestedLevel>
  <escapedJava>false</escapedJava>
</record>
<record>
  <date>2026-05-26T21:04:39.701828200Z</date>
  <millis>1779829479701</millis>
  <nanos>828200</nanos>
  <sequence>876</sequence>
  <level>END</level>
  <class>com.kms.katalon.core.logging.XmlKeywordLogger</class>
  <method>endKeyword</method>
  <thread>1</thread>
  <message>End action : try</message>
  <nestedLevel>2</nestedLevel>
  <escapedJava>false</escapedJava>
</record>
<record>
  <date>2026-05-26T21:04:39.701828200Z</date>
  <millis>1779829479701</millis>
  <nanos>828200</nanos>
  <sequence>877</sequence>
  <level>END</level>
  <class>com.kms.katalon.core.logging.XmlKeywordLogger</class>
  <method>endKeyword</method>
  <thread>1</thread>
  <message>End action : for ([i = 0, i &amp;lt; 3, (i++)])</message>
  <nestedLevel>1</nestedLevel>
  <escapedJava>false</escapedJava>
</record>
<record>
  <date>2026-05-26T21:04:39.701828200Z</date>
  <millis>1779829479701</millis>
  <nanos>828200</nanos>
  <sequence>878</sequence>
  <level>START</level>
  <class>com.kms.katalon.core.logging.XmlKeywordLogger</class>
  <method>startKeyword</method>
  <thread>1</thread>
  <message>Start action : if (!(switched))</message>
  <nestedLevel>1</nestedLevel>
  <escapedJava>false</escapedJava>
  <property name="startLine">126</property>
  <property name="stepIndex">19</property>
</record>
<record>
  <date>2026-05-26T21:04:39.705655400Z</date>
  <millis>1779829479705</millis>
  <nanos>655400</nanos>
  <sequence>879</sequence>
  <level>END</level>
  <class>com.kms.katalon.core.logging.XmlKeywordLogger</class>
  <method>endKeyword</method>
  <thread>1</thread>
  <message>End action : if (!(switched))</message>
  <nestedLevel>1</nestedLevel>
  <escapedJava>false</escapedJava>
</record>
<record>
  <date>2026-05-26T21:04:39.705655400Z</date>
  <millis>1779829479705</millis>
  <nanos>655400</nanos>
  <sequence>880</sequence>
  <level>START</level>
  <class>com.kms.katalon.core.logging.XmlKeywordLogger</class>
  <method>startKeyword</method>
  <thread>1</thread>
  <message>Start action : println(&amp;quot;Inside iframe&amp;quot;)</message>
  <nestedLevel>1</nestedLevel>
  <escapedJava>false</escapedJava>
  <property name="startLine">133</property>
  <property name="stepIndex">20</property>
</record>
<record>
  <date>2026-05-26T21:04:39.709771500Z</date>
  <millis>1779829479709</millis>
  <nanos>771500</nanos>
  <sequence>881</sequence>
  <level>END</level>
  <class>com.kms.katalon.core.logging.XmlKeywordLogger</class>
  <method>endKeyword</method>
  <thread>1</thread>
  <message>End action : println(&amp;quot;Inside iframe&amp;quot;)</message>
  <nestedLevel>1</nestedLevel>
  <escapedJava>false</escapedJava>
</record>
<record>
  <date>2026-05-26T21:04:39.709771500Z</date>
  <millis>1779829479709</millis>
  <nanos>771500</nanos>
  <sequence>882</sequence>
  <level>START</level>
  <class>com.kms.katalon.core.logging.XmlKeywordLogger</class>
  <method>startKeyword</method>
  <thread>1</thread>
  <message>Start action : delay(5)</message>
  <nestedLevel>1</nestedLevel>
  <escapedJava>false</escapedJava>
  <property name="startLine">139</property>
  <property name="stepIndex">21</property>
</record>
<record>
  <date>2026-05-26T21:04:44.719683500Z</date>
  <millis>1779829484719</millis>
  <nanos>683500</nanos>
  <sequence>885</sequence>
  <level>PASSED</level>
  <class>com.kms.katalon.core.logging.XmlKeywordLogger</class>
  <method>logMessage</method>
  <thread>1</thread>
  <message>Delayed 5 second(s)</message>
  <nestedLevel>1</nestedLevel>
  <escapedJava>false</escapedJava>
  <property name="testops-method-name">com.kms.katalon.core.keyword.builtin.DelayKeyword.delay</property>
  <property name="testops-execution-stacktrace"></property>
</record>
<record>
  <date>2026-05-26T21:04:44.719683500Z</date>
  <millis>1779829484719</millis>
  <nanos>683500</nanos>
  <sequence>886</sequence>
  <level>END</level>
  <class>com.kms.katalon.core.logging.XmlKeywordLogger</class>
  <method>endKeyword</method>
  <thread>1</thread>
  <message>End action : delay(5)</message>
  <nestedLevel>1</nestedLevel>
  <escapedJava>false</escapedJava>
</record>
<record>
  <date>2026-05-26T21:04:44.719683500Z</date>
  <millis>1779829484719</millis>
  <nanos>683500</nanos>
  <sequence>887</sequence>
  <level>START</level>
  <class>com.kms.katalon.core.logging.XmlKeywordLogger</class>
  <method>startKeyword</method>
  <thread>1</thread>
  <message>Start action : println(&amp;quot;Waiting for files to appear...&amp;quot;)</message>
  <nestedLevel>1</nestedLevel>
  <escapedJava>false</escapedJava>
  <property name="startLine">146</property>
  <property name="stepIndex">22</property>
</record>
<record>
  <date>2026-05-26T21:04:44.719683500Z</date>
  <millis>1779829484719</millis>
  <nanos>683500</nanos>
  <sequence>888</sequence>
  <level>END</level>
  <class>com.kms.katalon.core.logging.XmlKeywordLogger</class>
  <method>endKeyword</method>
  <thread>1</thread>
  <message>End action : println(&amp;quot;Waiting for files to appear...&amp;quot;)</message>
  <nestedLevel>1</nestedLevel>
  <escapedJava>false</escapedJava>
</record>
<record>
  <date>2026-05-26T21:04:44.719683500Z</date>
  <millis>1779829484719</millis>
  <nanos>683500</nanos>
  <sequence>889</sequence>
  <level>START</level>
  <class>com.kms.katalon.core.logging.XmlKeywordLogger</class>
  <method>startKeyword</method>
  <thread>1</thread>
  <message>Start action : found = false</message>
  <nestedLevel>1</nestedLevel>
  <escapedJava>false</escapedJava>
  <property name="startLine">148</property>
  <property name="stepIndex">23</property>
</record>
<record>
  <date>2026-05-26T21:04:44.729526800Z</date>
  <millis>1779829484729</millis>
  <nanos>526800</nanos>
  <sequence>890</sequence>
  <level>END</level>
  <class>com.kms.katalon.core.logging.XmlKeywordLogger</class>
  <method>endKeyword</method>
  <thread>1</thread>
  <message>End action : found = false</message>
  <nestedLevel>1</nestedLevel>
  <escapedJava>false</escapedJava>
</record>
<record>
  <date>2026-05-26T21:04:44.733841200Z</date>
  <millis>1779829484733</millis>
  <nanos>841200</nanos>
  <sequence>891</sequence>
  <level>START</level>
  <class>com.kms.katalon.core.logging.XmlKeywordLogger</class>
  <method>startKeyword</method>
  <thread>1</thread>
  <message>Start action : checkbox = null</message>
  <nestedLevel>1</nestedLevel>
  <escapedJava>false</escapedJava>
  <property name="startLine">149</property>
  <property name="stepIndex">24</property>
</record>
<record>
  <date>2026-05-26T21:04:44.735568100Z</date>
  <millis>1779829484735</millis>
  <nanos>568100</nanos>
  <sequence>892</sequence>
  <level>END</level>
  <class>com.kms.katalon.core.logging.XmlKeywordLogger</class>
  <method>endKeyword</method>
  <thread>1</thread>
  <message>End action : checkbox = null</message>
  <nestedLevel>1</nestedLevel>
  <escapedJava>false</escapedJava>
</record>
<record>
  <date>2026-05-26T21:04:44.737589Z</date>
  <millis>1779829484737</millis>
  <nanos>589000</nanos>
  <sequence>893</sequence>
  <level>START</level>
  <class>com.kms.katalon.core.logging.XmlKeywordLogger</class>
  <method>startKeyword</method>
  <thread>1</thread>
  <message>Start action : for ([i = 0, i &amp;lt; 20, (i++)])</message>
  <nestedLevel>1</nestedLevel>
  <escapedJava>false</escapedJava>
  <property name="startLine">151</property>
  <property name="stepIndex">25</property>
</record>
<record>
  <date>2026-05-26T21:04:44.737589Z</date>
  <millis>1779829484737</millis>
  <nanos>589000</nanos>
  <sequence>894</sequence>
  <level>START</level>
  <class>com.kms.katalon.core.logging.XmlKeywordLogger</class>
  <method>startKeyword</method>
  <thread>1</thread>
  <message>Start action : checkboxes = driver.findElements(By.xpath(&amp;quot;//input[@type=&amp;apos;checkbox&amp;apos;] | //*[@role=&amp;apos;checkbox&amp;apos;]&amp;quot;))</message>
  <nestedLevel>2</nestedLevel>
  <escapedJava>false</escapedJava>
  <property name="startLine">153</property>
  <property name="stepIndex">1</property>
</record>
<record>
  <date>2026-05-26T21:04:44.873823Z</date>
  <millis>1779829484873</millis>
  <nanos>823000</nanos>
  <sequence>895</sequence>
  <level>END</level>
  <class>com.kms.katalon.core.logging.XmlKeywordLogger</class>
  <method>endKeyword</method>
  <thread>1</thread>
  <message>End action : checkboxes = driver.findElements(By.xpath(&amp;quot;//input[@type=&amp;apos;checkbox&amp;apos;] | //*[@role=&amp;apos;checkbox&amp;apos;]&amp;quot;))</message>
  <nestedLevel>2</nestedLevel>
  <escapedJava>false</escapedJava>
</record>
<record>
  <date>2026-05-26T21:04:44.873823Z</date>
  <millis>1779829484873</millis>
  <nanos>823000</nanos>
  <sequence>896</sequence>
  <level>START</level>
  <class>com.kms.katalon.core.logging.XmlKeywordLogger</class>
  <method>startKeyword</method>
  <thread>1</thread>
  <message>Start action : println(&amp;quot;Checkbox count = &amp;quot; + checkboxes.size())</message>
  <nestedLevel>2</nestedLevel>
  <escapedJava>false</escapedJava>
  <property name="startLine">160</property>
  <property name="stepIndex">2</property>
</record>
<record>
  <date>2026-05-26T21:04:44.889727200Z</date>
  <millis>1779829484889</millis>
  <nanos>727200</nanos>
  <sequence>897</sequence>
  <level>END</level>
  <class>com.kms.katalon.core.logging.XmlKeywordLogger</class>
  <method>endKeyword</method>
  <thread>1</thread>
  <message>End action : println(&amp;quot;Checkbox count = &amp;quot; + checkboxes.size())</message>
  <nestedLevel>2</nestedLevel>
  <escapedJava>false</escapedJava>
</record>
<record>
  <date>2026-05-26T21:04:44.891817900Z</date>
  <millis>1779829484891</millis>
  <nanos>817900</nanos>
  <sequence>898</sequence>
  <level>START</level>
  <class>com.kms.katalon.core.logging.XmlKeywordLogger</class>
  <method>startKeyword</method>
  <thread>1</thread>
  <message>Start action : if (!(checkboxes.isEmpty()))</message>
  <nestedLevel>2</nestedLevel>
  <escapedJava>false</escapedJava>
  <property name="startLine">162</property>
  <property name="stepIndex">3</property>
</record>
<record>
  <date>2026-05-26T21:04:44.933345400Z</date>
  <millis>1779829484933</millis>
  <nanos>345400</nanos>
  <sequence>899</sequence>
  <level>START</level>
  <class>com.kms.katalon.core.logging.XmlKeywordLogger</class>
  <method>startKeyword</method>
  <thread>1</thread>
  <message>Start action : checkbox = checkboxes[0]</message>
  <nestedLevel>3</nestedLevel>
  <escapedJava>false</escapedJava>
  <property name="startLine">164</property>
  <property name="stepIndex">1</property>
</record>
<record>
  <date>2026-05-26T21:04:45.122052800Z</date>
  <millis>1779829485122</millis>
  <nanos>52800</nanos>
  <sequence>900</sequence>
  <level>END</level>
  <class>com.kms.katalon.core.logging.XmlKeywordLogger</class>
  <method>endKeyword</method>
  <thread>1</thread>
  <message>End action : checkbox = checkboxes[0]</message>
  <nestedLevel>3</nestedLevel>
  <escapedJava>false</escapedJava>
</record>
<record>
  <date>2026-05-26T21:04:45.122052800Z</date>
  <millis>1779829485122</millis>
  <nanos>52800</nanos>
  <sequence>901</sequence>
  <level>START</level>
  <class>com.kms.katalon.core.logging.XmlKeywordLogger</class>
  <method>startKeyword</method>
  <thread>1</thread>
  <message>Start action : driver.executeScript(&amp;quot;arguments[0].scrollIntoView(true)&amp;quot;, checkbox)</message>
  <nestedLevel>3</nestedLevel>
  <escapedJava>false</escapedJava>
  <property name="startLine">166</property>
  <property name="stepIndex">2</property>
</record>
<record>
  <date>2026-05-26T21:04:45.170263Z</date>
  <millis>1779829485170</millis>
  <nanos>263000</nanos>
  <sequence>902</sequence>
  <level>END</level>
  <class>com.kms.katalon.core.logging.XmlKeywordLogger</class>
  <method>endKeyword</method>
  <thread>1</thread>
  <message>End action : driver.executeScript(&amp;quot;arguments[0].scrollIntoView(true)&amp;quot;, checkbox)</message>
  <nestedLevel>3</nestedLevel>
  <escapedJava>false</escapedJava>
</record>
<record>
  <date>2026-05-26T21:04:45.173624100Z</date>
  <millis>1779829485173</millis>
  <nanos>624100</nanos>
  <sequence>903</sequence>
  <level>START</level>
  <class>com.kms.katalon.core.logging.XmlKeywordLogger</class>
  <method>startKeyword</method>
  <thread>1</thread>
  <message>Start action : delay(1)</message>
  <nestedLevel>3</nestedLevel>
  <escapedJava>false</escapedJava>
  <property name="startLine">172</property>
  <property name="stepIndex">3</property>
</record>
<record>
  <date>2026-05-26T21:04:46.188742700Z</date>
  <millis>1779829486188</millis>
  <nanos>742700</nanos>
  <sequence>906</sequence>
  <level>PASSED</level>
  <class>com.kms.katalon.core.logging.XmlKeywordLogger</class>
  <method>logMessage</method>
  <thread>1</thread>
  <message>Delayed 1 second(s)</message>
  <nestedLevel>1</nestedLevel>
  <escapedJava>false</escapedJava>
  <property name="testops-method-name">com.kms.katalon.core.keyword.builtin.DelayKeyword.delay</property>
  <property name="testops-execution-stacktrace"></property>
</record>
<record>
  <date>2026-05-26T21:04:46.191838600Z</date>
  <millis>1779829486191</millis>
  <nanos>838600</nanos>
  <sequence>907</sequence>
  <level>END</level>
  <class>com.kms.katalon.core.logging.XmlKeywordLogger</class>
  <method>endKeyword</method>
  <thread>1</thread>
  <message>End action : delay(1)</message>
  <nestedLevel>3</nestedLevel>
  <escapedJava>false</escapedJava>
</record>
<record>
  <date>2026-05-26T21:04:46.192519600Z</date>
  <millis>1779829486192</millis>
  <nanos>519600</nanos>
  <sequence>908</sequence>
  <level>START</level>
  <class>com.kms.katalon.core.logging.XmlKeywordLogger</class>
  <method>startKeyword</method>
  <thread>1</thread>
  <message>Start action : driver.executeScript(&amp;quot;arguments[0].click();&amp;quot;, checkbox)</message>
  <nestedLevel>3</nestedLevel>
  <escapedJava>false</escapedJava>
  <property name="startLine">174</property>
  <property name="stepIndex">4</property>
</record>
<record>
  <date>2026-05-26T21:04:46.301969700Z</date>
  <millis>1779829486301</millis>
  <nanos>969700</nanos>
  <sequence>909</sequence>
  <level>END</level>
  <class>com.kms.katalon.core.logging.XmlKeywordLogger</class>
  <method>endKeyword</method>
  <thread>1</thread>
  <message>End action : driver.executeScript(&amp;quot;arguments[0].click();&amp;quot;, checkbox)</message>
  <nestedLevel>3</nestedLevel>
  <escapedJava>false</escapedJava>
</record>
<record>
  <date>2026-05-26T21:04:46.304082700Z</date>
  <millis>1779829486304</millis>
  <nanos>82700</nanos>
  <sequence>910</sequence>
  <level>START</level>
  <class>com.kms.katalon.core.logging.XmlKeywordLogger</class>
  <method>startKeyword</method>
  <thread>1</thread>
  <message>Start action : found = true</message>
  <nestedLevel>3</nestedLevel>
  <escapedJava>false</escapedJava>
  <property name="startLine">180</property>
  <property name="stepIndex">5</property>
</record>
<record>
  <date>2026-05-26T21:04:46.306266500Z</date>
  <millis>1779829486306</millis>
  <nanos>266500</nanos>
  <sequence>911</sequence>
  <level>END</level>
  <class>com.kms.katalon.core.logging.XmlKeywordLogger</class>
  <method>endKeyword</method>
  <thread>1</thread>
  <message>End action : found = true</message>
  <nestedLevel>3</nestedLevel>
  <escapedJava>false</escapedJava>
</record>
<record>
  <date>2026-05-26T21:04:46.308374700Z</date>
  <millis>1779829486308</millis>
  <nanos>374700</nanos>
  <sequence>912</sequence>
  <level>START</level>
  <class>com.kms.katalon.core.logging.XmlKeywordLogger</class>
  <method>startKeyword</method>
  <thread>1</thread>
  <message>Start action : println(&amp;quot;File selected&amp;quot;)</message>
  <nestedLevel>3</nestedLevel>
  <escapedJava>false</escapedJava>
  <property name="startLine">182</property>
  <property name="stepIndex">6</property>
</record>
<record>
  <date>2026-05-26T21:04:46.312444500Z</date>
  <millis>1779829486312</millis>
  <nanos>444500</nanos>
  <sequence>913</sequence>
  <level>END</level>
  <class>com.kms.katalon.core.logging.XmlKeywordLogger</class>
  <method>endKeyword</method>
  <thread>1</thread>
  <message>End action : println(&amp;quot;File selected&amp;quot;)</message>
  <nestedLevel>3</nestedLevel>
  <escapedJava>false</escapedJava>
</record>
<record>
  <date>2026-05-26T21:04:46.313457400Z</date>
  <millis>1779829486313</millis>
  <nanos>457400</nanos>
  <sequence>914</sequence>
  <level>START</level>
  <class>com.kms.katalon.core.logging.XmlKeywordLogger</class>
  <method>startKeyword</method>
  <thread>1</thread>
  <message>Start action : break</message>
  <nestedLevel>3</nestedLevel>
  <escapedJava>false</escapedJava>
  <property name="startLine">184</property>
  <property name="stepIndex">7</property>
</record>
<record>
  <date>2026-05-26T21:04:46.317504200Z</date>
  <millis>1779829486317</millis>
  <nanos>504200</nanos>
  <sequence>915</sequence>
  <level>END</level>
  <class>com.kms.katalon.core.logging.XmlKeywordLogger</class>
  <method>endKeyword</method>
  <thread>1</thread>
  <message>End action : break</message>
  <nestedLevel>3</nestedLevel>
  <escapedJava>false</escapedJava>
</record>
<record>
  <date>2026-05-26T21:04:46.319535800Z</date>
  <millis>1779829486319</millis>
  <nanos>535800</nanos>
  <sequence>916</sequence>
  <level>END</level>
  <class>com.kms.katalon.core.logging.XmlKeywordLogger</class>
  <method>endKeyword</method>
  <thread>1</thread>
  <message>End action : if (!(checkboxes.isEmpty()))</message>
  <nestedLevel>2</nestedLevel>
  <escapedJava>false</escapedJava>
</record>
<record>
  <date>2026-05-26T21:04:46.319535800Z</date>
  <millis>1779829486319</millis>
  <nanos>535800</nanos>
  <sequence>917</sequence>
  <level>END</level>
  <class>com.kms.katalon.core.logging.XmlKeywordLogger</class>
  <method>endKeyword</method>
  <thread>1</thread>
  <message>End action : for ([i = 0, i &amp;lt; 20, (i++)])</message>
  <nestedLevel>1</nestedLevel>
  <escapedJava>false</escapedJava>
</record>
<record>
  <date>2026-05-26T21:04:46.321653800Z</date>
  <millis>1779829486321</millis>
  <nanos>653800</nanos>
  <sequence>918</sequence>
  <level>START</level>
  <class>com.kms.katalon.core.logging.XmlKeywordLogger</class>
  <method>startKeyword</method>
  <thread>1</thread>
  <message>Start action : if (!(found))</message>
  <nestedLevel>1</nestedLevel>
  <escapedJava>false</escapedJava>
  <property name="startLine">190</property>
  <property name="stepIndex">26</property>
</record>
<record>
  <date>2026-05-26T21:04:46.322165800Z</date>
  <millis>1779829486322</millis>
  <nanos>165800</nanos>
  <sequence>919</sequence>
  <level>END</level>
  <class>com.kms.katalon.core.logging.XmlKeywordLogger</class>
  <method>endKeyword</method>
  <thread>1</thread>
  <message>End action : if (!(found))</message>
  <nestedLevel>1</nestedLevel>
  <escapedJava>false</escapedJava>
</record>
<record>
  <date>2026-05-26T21:04:46.325584300Z</date>
  <millis>1779829486325</millis>
  <nanos>584300</nanos>
  <sequence>920</sequence>
  <level>START</level>
  <class>com.kms.katalon.core.logging.XmlKeywordLogger</class>
  <method>startKeyword</method>
  <thread>1</thread>
  <message>Start action : delay(3)</message>
  <nestedLevel>1</nestedLevel>
  <escapedJava>false</escapedJava>
  <property name="startLine">201</property>
  <property name="stepIndex">27</property>
</record>
<record>
  <date>2026-05-26T21:04:49.349680400Z</date>
  <millis>1779829489349</millis>
  <nanos>680400</nanos>
  <sequence>923</sequence>
  <level>PASSED</level>
  <class>com.kms.katalon.core.logging.XmlKeywordLogger</class>
  <method>logMessage</method>
  <thread>1</thread>
  <message>Delayed 3 second(s)</message>
  <nestedLevel>1</nestedLevel>
  <escapedJava>false</escapedJava>
  <property name="testops-method-name">com.kms.katalon.core.keyword.builtin.DelayKeyword.delay</property>
  <property name="testops-execution-stacktrace"></property>
</record>
<record>
  <date>2026-05-26T21:04:49.351941500Z</date>
  <millis>1779829489351</millis>
  <nanos>941500</nanos>
  <sequence>924</sequence>
  <level>END</level>
  <class>com.kms.katalon.core.logging.XmlKeywordLogger</class>
  <method>endKeyword</method>
  <thread>1</thread>
  <message>End action : delay(3)</message>
  <nestedLevel>1</nestedLevel>
  <escapedJava>false</escapedJava>
</record>
<record>
  <date>2026-05-26T21:04:49.351941500Z</date>
  <millis>1779829489351</millis>
  <nanos>941500</nanos>
  <sequence>925</sequence>
  <level>START</level>
  <class>com.kms.katalon.core.logging.XmlKeywordLogger</class>
  <method>startKeyword</method>
  <thread>1</thread>
  <message>Start action : insertBtn = null</message>
  <nestedLevel>1</nestedLevel>
  <escapedJava>false</escapedJava>
  <property name="startLine">203</property>
  <property name="stepIndex">28</property>
</record>
<record>
  <date>2026-05-26T21:04:49.351941500Z</date>
  <millis>1779829489351</millis>
  <nanos>941500</nanos>
  <sequence>926</sequence>
  <level>END</level>
  <class>com.kms.katalon.core.logging.XmlKeywordLogger</class>
  <method>endKeyword</method>
  <thread>1</thread>
  <message>End action : insertBtn = null</message>
  <nestedLevel>1</nestedLevel>
  <escapedJava>false</escapedJava>
</record>
<record>
  <date>2026-05-26T21:04:49.351941500Z</date>
  <millis>1779829489351</millis>
  <nanos>941500</nanos>
  <sequence>927</sequence>
  <level>START</level>
  <class>com.kms.katalon.core.logging.XmlKeywordLogger</class>
  <method>startKeyword</method>
  <thread>1</thread>
  <message>Start action : for ([i = 0, i &amp;lt; 15, (i++)])</message>
  <nestedLevel>1</nestedLevel>
  <escapedJava>false</escapedJava>
  <property name="startLine">205</property>
  <property name="stepIndex">29</property>
</record>
<record>
  <date>2026-05-26T21:04:49.357498100Z</date>
  <millis>1779829489357</millis>
  <nanos>498100</nanos>
  <sequence>928</sequence>
  <level>START</level>
  <class>com.kms.katalon.core.logging.XmlKeywordLogger</class>
  <method>startKeyword</method>
  <thread>1</thread>
  <message>Start action : try</message>
  <nestedLevel>2</nestedLevel>
  <escapedJava>false</escapedJava>
  <property name="startLine">207</property>
  <property name="stepIndex">1</property>
</record>
<record>
  <date>2026-05-26T21:04:49.360015300Z</date>
  <millis>1779829489360</millis>
  <nanos>15300</nanos>
  <sequence>929</sequence>
  <level>START</level>
  <class>com.kms.katalon.core.logging.XmlKeywordLogger</class>
  <method>startKeyword</method>
  <thread>1</thread>
  <message>Start action : insertBtn = driver.findElement(By.xpath(&amp;quot;//button[normalize-space()=&amp;apos;Insert&amp;apos;]&amp;quot;))</message>
  <nestedLevel>3</nestedLevel>
  <escapedJava>false</escapedJava>
  <property name="startLine">209</property>
  <property name="stepIndex">1</property>
</record>
<record>
  <date>2026-05-26T21:04:49.449852900Z</date>
  <millis>1779829489449</millis>
  <nanos>852900</nanos>
  <sequence>930</sequence>
  <level>END</level>
  <class>com.kms.katalon.core.logging.XmlKeywordLogger</class>
  <method>endKeyword</method>
  <thread>1</thread>
  <message>End action : insertBtn = driver.findElement(By.xpath(&amp;quot;//button[normalize-space()=&amp;apos;Insert&amp;apos;]&amp;quot;))</message>
  <nestedLevel>3</nestedLevel>
  <escapedJava>false</escapedJava>
</record>
<record>
  <date>2026-05-26T21:04:49.449852900Z</date>
  <millis>1779829489449</millis>
  <nanos>852900</nanos>
  <sequence>931</sequence>
  <level>START</level>
  <class>com.kms.katalon.core.logging.XmlKeywordLogger</class>
  <method>startKeyword</method>
  <thread>1</thread>
  <message>Start action : visible = insertBtn.isDisplayed()</message>
  <nestedLevel>3</nestedLevel>
  <escapedJava>false</escapedJava>
  <property name="startLine">216</property>
  <property name="stepIndex">2</property>
</record>
<record>
  <date>2026-05-26T21:04:49.514414900Z</date>
  <millis>1779829489514</millis>
  <nanos>414900</nanos>
  <sequence>932</sequence>
  <level>END</level>
  <class>com.kms.katalon.core.logging.XmlKeywordLogger</class>
  <method>endKeyword</method>
  <thread>1</thread>
  <message>End action : visible = insertBtn.isDisplayed()</message>
  <nestedLevel>3</nestedLevel>
  <escapedJava>false</escapedJava>
</record>
<record>
  <date>2026-05-26T21:04:49.514414900Z</date>
  <millis>1779829489514</millis>
  <nanos>414900</nanos>
  <sequence>933</sequence>
  <level>START</level>
  <class>com.kms.katalon.core.logging.XmlKeywordLogger</class>
  <method>startKeyword</method>
  <thread>1</thread>
  <message>Start action : enabled = insertBtn.isEnabled()</message>
  <nestedLevel>3</nestedLevel>
  <escapedJava>false</escapedJava>
  <property name="startLine">219</property>
  <property name="stepIndex">3</property>
</record>
<record>
  <date>2026-05-26T21:04:49.549641200Z</date>
  <millis>1779829489549</millis>
  <nanos>641200</nanos>
  <sequence>934</sequence>
  <level>END</level>
  <class>com.kms.katalon.core.logging.XmlKeywordLogger</class>
  <method>endKeyword</method>
  <thread>1</thread>
  <message>End action : enabled = insertBtn.isEnabled()</message>
  <nestedLevel>3</nestedLevel>
  <escapedJava>false</escapedJava>
</record>
<record>
  <date>2026-05-26T21:04:49.552797100Z</date>
  <millis>1779829489552</millis>
  <nanos>797100</nanos>
  <sequence>935</sequence>
  <level>START</level>
  <class>com.kms.katalon.core.logging.XmlKeywordLogger</class>
  <method>startKeyword</method>
  <thread>1</thread>
  <message>Start action : disabled = insertBtn.getAttribute(&amp;quot;disabled&amp;quot;)</message>
  <nestedLevel>3</nestedLevel>
  <escapedJava>false</escapedJava>
  <property name="startLine">222</property>
  <property name="stepIndex">4</property>
</record>
<record>
  <date>2026-05-26T21:04:49.612485400Z</date>
  <millis>1779829489612</millis>
  <nanos>485400</nanos>
  <sequence>936</sequence>
  <level>END</level>
  <class>com.kms.katalon.core.logging.XmlKeywordLogger</class>
  <method>endKeyword</method>
  <thread>1</thread>
  <message>End action : disabled = insertBtn.getAttribute(&amp;quot;disabled&amp;quot;)</message>
  <nestedLevel>3</nestedLevel>
  <escapedJava>false</escapedJava>
</record>
<record>
  <date>2026-05-26T21:04:49.614511Z</date>
  <millis>1779829489614</millis>
  <nanos>511000</nanos>
  <sequence>937</sequence>
  <level>START</level>
  <class>com.kms.katalon.core.logging.XmlKeywordLogger</class>
  <method>startKeyword</method>
  <thread>1</thread>
  <message>Start action : if (visible &amp;amp;&amp;amp; enabled &amp;amp;&amp;amp; disabled == null)</message>
  <nestedLevel>3</nestedLevel>
  <escapedJava>false</escapedJava>
  <property name="startLine">227</property>
  <property name="stepIndex">5</property>
</record>
<record>
  <date>2026-05-26T21:04:49.618569500Z</date>
  <millis>1779829489618</millis>
  <nanos>569500</nanos>
  <sequence>938</sequence>
  <level>START</level>
  <class>com.kms.katalon.core.logging.XmlKeywordLogger</class>
  <method>startKeyword</method>
  <thread>1</thread>
  <message>Start action : break</message>
  <nestedLevel>4</nestedLevel>
  <escapedJava>false</escapedJava>
  <property name="startLine">233</property>
  <property name="stepIndex">1</property>
</record>
<record>
  <date>2026-05-26T21:04:49.621679600Z</date>
  <millis>1779829489621</millis>
  <nanos>679600</nanos>
  <sequence>939</sequence>
  <level>END</level>
  <class>com.kms.katalon.core.logging.XmlKeywordLogger</class>
  <method>endKeyword</method>
  <thread>1</thread>
  <message>End action : break</message>
  <nestedLevel>4</nestedLevel>
  <escapedJava>false</escapedJava>
</record>
<record>
  <date>2026-05-26T21:04:49.621679600Z</date>
  <millis>1779829489621</millis>
  <nanos>679600</nanos>
  <sequence>940</sequence>
  <level>END</level>
  <class>com.kms.katalon.core.logging.XmlKeywordLogger</class>
  <method>endKeyword</method>
  <thread>1</thread>
  <message>End action : if (visible &amp;amp;&amp;amp; enabled &amp;amp;&amp;amp; disabled == null)</message>
  <nestedLevel>3</nestedLevel>
  <escapedJava>false</escapedJava>
</record>
<record>
  <date>2026-05-26T21:04:49.621679600Z</date>
  <millis>1779829489621</millis>
  <nanos>679600</nanos>
  <sequence>941</sequence>
  <level>END</level>
  <class>com.kms.katalon.core.logging.XmlKeywordLogger</class>
  <method>endKeyword</method>
  <thread>1</thread>
  <message>End action : try</message>
  <nestedLevel>2</nestedLevel>
  <escapedJava>false</escapedJava>
</record>
<record>
  <date>2026-05-26T21:04:49.621679600Z</date>
  <millis>1779829489621</millis>
  <nanos>679600</nanos>
  <sequence>942</sequence>
  <level>END</level>
  <class>com.kms.katalon.core.logging.XmlKeywordLogger</class>
  <method>endKeyword</method>
  <thread>1</thread>
  <message>End action : for ([i = 0, i &amp;lt; 15, (i++)])</message>
  <nestedLevel>1</nestedLevel>
  <escapedJava>false</escapedJava>
</record>
<record>
  <date>2026-05-26T21:04:49.623701700Z</date>
  <millis>1779829489623</millis>
  <nanos>701700</nanos>
  <sequence>943</sequence>
  <level>START</level>
  <class>com.kms.katalon.core.logging.XmlKeywordLogger</class>
  <method>startKeyword</method>
  <thread>1</thread>
  <message>Start action : if (insertBtn == null)</message>
  <nestedLevel>1</nestedLevel>
  <escapedJava>false</escapedJava>
  <property name="startLine">244</property>
  <property name="stepIndex">30</property>
</record>
<record>
  <date>2026-05-26T21:04:49.625721700Z</date>
  <millis>1779829489625</millis>
  <nanos>721700</nanos>
  <sequence>944</sequence>
  <level>END</level>
  <class>com.kms.katalon.core.logging.XmlKeywordLogger</class>
  <method>endKeyword</method>
  <thread>1</thread>
  <message>End action : if (insertBtn == null)</message>
  <nestedLevel>1</nestedLevel>
  <escapedJava>false</escapedJava>
</record>
<record>
  <date>2026-05-26T21:04:49.627743300Z</date>
  <millis>1779829489627</millis>
  <nanos>743300</nanos>
  <sequence>945</sequence>
  <level>START</level>
  <class>com.kms.katalon.core.logging.XmlKeywordLogger</class>
  <method>startKeyword</method>
  <thread>1</thread>
  <message>Start action : driver.executeScript(&amp;quot;\narguments[0].scrollIntoView({\nblock:&amp;apos;center&amp;apos;\n});\n&amp;quot;, insertBtn)</message>
  <nestedLevel>1</nestedLevel>
  <escapedJava>false</escapedJava>
  <property name="startLine">255</property>
  <property name="stepIndex">31</property>
</record>
<record>
  <date>2026-05-26T21:04:49.656133400Z</date>
  <millis>1779829489656</millis>
  <nanos>133400</nanos>
  <sequence>946</sequence>
  <level>END</level>
  <class>com.kms.katalon.core.logging.XmlKeywordLogger</class>
  <method>endKeyword</method>
  <thread>1</thread>
  <message>End action : driver.executeScript(&amp;quot;\narguments[0].scrollIntoView({\nblock:&amp;apos;center&amp;apos;\n});\n&amp;quot;, insertBtn)</message>
  <nestedLevel>1</nestedLevel>
  <escapedJava>false</escapedJava>
</record>
<record>
  <date>2026-05-26T21:04:49.659646500Z</date>
  <millis>1779829489659</millis>
  <nanos>646500</nanos>
  <sequence>947</sequence>
  <level>START</level>
  <class>com.kms.katalon.core.logging.XmlKeywordLogger</class>
  <method>startKeyword</method>
  <thread>1</thread>
  <message>Start action : delay(1)</message>
  <nestedLevel>1</nestedLevel>
  <escapedJava>false</escapedJava>
  <property name="startLine">265</property>
  <property name="stepIndex">32</property>
</record>
<record>
  <date>2026-05-26T21:04:50.681140100Z</date>
  <millis>1779829490681</millis>
  <nanos>140100</nanos>
  <sequence>950</sequence>
  <level>PASSED</level>
  <class>com.kms.katalon.core.logging.XmlKeywordLogger</class>
  <method>logMessage</method>
  <thread>1</thread>
  <message>Delayed 1 second(s)</message>
  <nestedLevel>1</nestedLevel>
  <escapedJava>false</escapedJava>
  <property name="testops-method-name">com.kms.katalon.core.keyword.builtin.DelayKeyword.delay</property>
  <property name="testops-execution-stacktrace"></property>
</record>
<record>
  <date>2026-05-26T21:04:50.681795300Z</date>
  <millis>1779829490681</millis>
  <nanos>795300</nanos>
  <sequence>951</sequence>
  <level>END</level>
  <class>com.kms.katalon.core.logging.XmlKeywordLogger</class>
  <method>endKeyword</method>
  <thread>1</thread>
  <message>End action : delay(1)</message>
  <nestedLevel>1</nestedLevel>
  <escapedJava>false</escapedJava>
</record>
<record>
  <date>2026-05-26T21:04:50.681795300Z</date>
  <millis>1779829490681</millis>
  <nanos>795300</nanos>
  <sequence>952</sequence>
  <level>START</level>
  <class>com.kms.katalon.core.logging.XmlKeywordLogger</class>
  <method>startKeyword</method>
  <thread>1</thread>
  <message>Start action : driver.executeScript(&amp;quot;arguments[0].click();&amp;quot;, insertBtn)</message>
  <nestedLevel>1</nestedLevel>
  <escapedJava>false</escapedJava>
  <property name="startLine">267</property>
  <property name="stepIndex">33</property>
</record>
<record>
  <date>2026-05-26T21:04:50.731905500Z</date>
  <millis>1779829490731</millis>
  <nanos>905500</nanos>
  <sequence>953</sequence>
  <level>END</level>
  <class>com.kms.katalon.core.logging.XmlKeywordLogger</class>
  <method>endKeyword</method>
  <thread>1</thread>
  <message>End action : driver.executeScript(&amp;quot;arguments[0].click();&amp;quot;, insertBtn)</message>
  <nestedLevel>1</nestedLevel>
  <escapedJava>false</escapedJava>
</record>
<record>
  <date>2026-05-26T21:04:50.731905500Z</date>
  <millis>1779829490731</millis>
  <nanos>905500</nanos>
  <sequence>954</sequence>
  <level>START</level>
  <class>com.kms.katalon.core.logging.XmlKeywordLogger</class>
  <method>startKeyword</method>
  <thread>1</thread>
  <message>Start action : println(&amp;quot;Insert clicked&amp;quot;)</message>
  <nestedLevel>1</nestedLevel>
  <escapedJava>false</escapedJava>
  <property name="startLine">273</property>
  <property name="stepIndex">34</property>
</record>
<record>
  <date>2026-05-26T21:04:50.731905500Z</date>
  <millis>1779829490731</millis>
  <nanos>905500</nanos>
  <sequence>955</sequence>
  <level>END</level>
  <class>com.kms.katalon.core.logging.XmlKeywordLogger</class>
  <method>endKeyword</method>
  <thread>1</thread>
  <message>End action : println(&amp;quot;Insert clicked&amp;quot;)</message>
  <nestedLevel>1</nestedLevel>
  <escapedJava>false</escapedJava>
</record>
<record>
  <date>2026-05-26T21:04:50.731905500Z</date>
  <millis>1779829490731</millis>
  <nanos>905500</nanos>
  <sequence>956</sequence>
  <level>START</level>
  <class>com.kms.katalon.core.logging.XmlKeywordLogger</class>
  <method>startKeyword</method>
  <thread>1</thread>
  <message>Start action : switchToDefaultContent()</message>
  <nestedLevel>1</nestedLevel>
  <escapedJava>false</escapedJava>
  <property name="startLine">279</property>
  <property name="stepIndex">35</property>
</record>
<record>
  <date>2026-05-26T21:04:50.763175800Z</date>
  <millis>1779829490763</millis>
  <nanos>175800</nanos>
  <sequence>959</sequence>
  <level>END</level>
  <class>com.kms.katalon.core.logging.XmlKeywordLogger</class>
  <method>endKeyword</method>
  <thread>1</thread>
  <message>End action : switchToDefaultContent()</message>
  <nestedLevel>1</nestedLevel>
  <escapedJava>false</escapedJava>
</record>
<record>
  <date>2026-05-26T21:04:50.764218500Z</date>
  <millis>1779829490764</millis>
  <nanos>218500</nanos>
  <sequence>960</sequence>
  <level>START</level>
  <class>com.kms.katalon.core.logging.XmlKeywordLogger</class>
  <method>startKeyword</method>
  <thread>1</thread>
  <message>Start action : try</message>
  <nestedLevel>1</nestedLevel>
  <escapedJava>false</escapedJava>
  <property name="startLine">281</property>
  <property name="stepIndex">36</property>
</record>
<record>
  <date>2026-05-26T21:04:50.764218500Z</date>
  <millis>1779829490764</millis>
  <nanos>218500</nanos>
  <sequence>961</sequence>
  <level>START</level>
  <class>com.kms.katalon.core.logging.XmlKeywordLogger</class>
  <method>startKeyword</method>
  <thread>1</thread>
  <message>Start action : delay(3)</message>
  <nestedLevel>2</nestedLevel>
  <escapedJava>false</escapedJava>
  <property name="startLine">283</property>
  <property name="stepIndex">1</property>
</record>
<record>
  <date>2026-05-26T21:04:53.774025Z</date>
  <millis>1779829493774</millis>
  <nanos>25000</nanos>
  <sequence>964</sequence>
  <level>PASSED</level>
  <class>com.kms.katalon.core.logging.XmlKeywordLogger</class>
  <method>logMessage</method>
  <thread>1</thread>
  <message>Delayed 3 second(s)</message>
  <nestedLevel>1</nestedLevel>
  <escapedJava>false</escapedJava>
  <property name="testops-method-name">com.kms.katalon.core.keyword.builtin.DelayKeyword.delay</property>
  <property name="testops-execution-stacktrace"></property>
</record>
<record>
  <date>2026-05-26T21:04:53.777991300Z</date>
  <millis>1779829493777</millis>
  <nanos>991300</nanos>
  <sequence>965</sequence>
  <level>END</level>
  <class>com.kms.katalon.core.logging.XmlKeywordLogger</class>
  <method>endKeyword</method>
  <thread>1</thread>
  <message>End action : delay(3)</message>
  <nestedLevel>2</nestedLevel>
  <escapedJava>false</escapedJava>
</record>
<record>
  <date>2026-05-26T21:04:53.780015400Z</date>
  <millis>1779829493780</millis>
  <nanos>15400</nanos>
  <sequence>966</sequence>
  <level>START</level>
  <class>com.kms.katalon.core.logging.XmlKeywordLogger</class>
  <method>startKeyword</method>
  <thread>1</thread>
  <message>Start action : okButton = driver.findElement(By.xpath(&amp;quot;//button[normalize-space()=&amp;apos;OK&amp;apos;] | //a[normalize-space()=&amp;apos;OK&amp;apos;]&amp;quot;))</message>
  <nestedLevel>2</nestedLevel>
  <escapedJava>false</escapedJava>
  <property name="startLine">285</property>
  <property name="stepIndex">2</property>
</record>
<record>
  <date>2026-05-26T21:04:56.651087300Z</date>
  <millis>1779829496651</millis>
  <nanos>87300</nanos>
  <sequence>967</sequence>
  <level>END</level>
  <class>com.kms.katalon.core.logging.XmlKeywordLogger</class>
  <method>endKeyword</method>
  <thread>1</thread>
  <message>End action : okButton = driver.findElement(By.xpath(&amp;quot;//button[normalize-space()=&amp;apos;OK&amp;apos;] | //a[normalize-space()=&amp;apos;OK&amp;apos;]&amp;quot;))</message>
  <nestedLevel>2</nestedLevel>
  <escapedJava>false</escapedJava>
</record>
<record>
  <date>2026-05-26T21:04:56.651087300Z</date>
  <millis>1779829496651</millis>
  <nanos>87300</nanos>
  <sequence>968</sequence>
  <level>START</level>
  <class>com.kms.katalon.core.logging.XmlKeywordLogger</class>
  <method>startKeyword</method>
  <thread>1</thread>
  <message>Start action : driver.executeScript(&amp;quot;arguments[0].click();&amp;quot;, okButton)</message>
  <nestedLevel>2</nestedLevel>
  <escapedJava>false</escapedJava>
  <property name="startLine">292</property>
  <property name="stepIndex">3</property>
</record>
<record>
  <date>2026-05-26T21:04:56.733289600Z</date>
  <millis>1779829496733</millis>
  <nanos>289600</nanos>
  <sequence>969</sequence>
  <level>END</level>
  <class>com.kms.katalon.core.logging.XmlKeywordLogger</class>
  <method>endKeyword</method>
  <thread>1</thread>
  <message>End action : driver.executeScript(&amp;quot;arguments[0].click();&amp;quot;, okButton)</message>
  <nestedLevel>2</nestedLevel>
  <escapedJava>false</escapedJava>
</record>
<record>
  <date>2026-05-26T21:04:56.733289600Z</date>
  <millis>1779829496733</millis>
  <nanos>289600</nanos>
  <sequence>970</sequence>
  <level>START</level>
  <class>com.kms.katalon.core.logging.XmlKeywordLogger</class>
  <method>startKeyword</method>
  <thread>1</thread>
  <message>Start action : println(&amp;quot;Success popup closed&amp;quot;)</message>
  <nestedLevel>2</nestedLevel>
  <escapedJava>false</escapedJava>
  <property name="startLine">298</property>
  <property name="stepIndex">4</property>
</record>
<record>
  <date>2026-05-26T21:04:56.738246100Z</date>
  <millis>1779829496738</millis>
  <nanos>246100</nanos>
  <sequence>971</sequence>
  <level>END</level>
  <class>com.kms.katalon.core.logging.XmlKeywordLogger</class>
  <method>endKeyword</method>
  <thread>1</thread>
  <message>End action : println(&amp;quot;Success popup closed&amp;quot;)</message>
  <nestedLevel>2</nestedLevel>
  <escapedJava>false</escapedJava>
</record>
<record>
  <date>2026-05-26T21:04:56.739775800Z</date>
  <millis>1779829496739</millis>
  <nanos>775800</nanos>
  <sequence>972</sequence>
  <level>END</level>
  <class>com.kms.katalon.core.logging.XmlKeywordLogger</class>
  <method>endKeyword</method>
  <thread>1</thread>
  <message>End action : try</message>
  <nestedLevel>1</nestedLevel>
  <escapedJava>false</escapedJava>
</record>
<record>
  <date>2026-05-26T21:04:56.741551200Z</date>
  <millis>1779829496741</millis>
  <nanos>551200</nanos>
  <sequence>973</sequence>
  <level>START</level>
  <class>com.kms.katalon.core.logging.XmlKeywordLogger</class>
  <method>startKeyword</method>
  <thread>1</thread>
  <message>Start action : switchToDefaultContent()</message>
  <nestedLevel>1</nestedLevel>
  <escapedJava>false</escapedJava>
  <property name="startLine">310</property>
  <property name="stepIndex">39</property>
</record>
<record>
  <date>2026-05-26T21:04:56.769831300Z</date>
  <millis>1779829496769</millis>
  <nanos>831300</nanos>
  <sequence>976</sequence>
  <level>END</level>
  <class>com.kms.katalon.core.logging.XmlKeywordLogger</class>
  <method>endKeyword</method>
  <thread>1</thread>
  <message>End action : switchToDefaultContent()</message>
  <nestedLevel>1</nestedLevel>
  <escapedJava>false</escapedJava>
</record>
<record>
  <date>2026-05-26T21:04:56.769831300Z</date>
  <millis>1779829496769</millis>
  <nanos>831300</nanos>
  <sequence>977</sequence>
  <level>START</level>
  <class>com.kms.katalon.core.logging.XmlKeywordLogger</class>
  <method>startKeyword</method>
  <thread>1</thread>
  <message>Start action : println(&amp;quot;Upload completed&amp;quot;)</message>
  <nestedLevel>1</nestedLevel>
  <escapedJava>false</escapedJava>
  <property name="startLine">312</property>
  <property name="stepIndex">40</property>
</record>
<record>
  <date>2026-05-26T21:04:56.769831300Z</date>
  <millis>1779829496769</millis>
  <nanos>831300</nanos>
  <sequence>978</sequence>
  <level>END</level>
  <class>com.kms.katalon.core.logging.XmlKeywordLogger</class>
  <method>endKeyword</method>
  <thread>1</thread>
  <message>End action : println(&amp;quot;Upload completed&amp;quot;)</message>
  <nestedLevel>1</nestedLevel>
  <escapedJava>false</escapedJava>
</record>
<record>
  <date>2026-05-26T21:04:56.769831300Z</date>
  <millis>1779829496769</millis>
  <nanos>831300</nanos>
  <sequence>979</sequence>
  <level>PASSED</level>
  <class>com.kms.katalon.core.logging.XmlKeywordLogger</class>
  <method>logMessage</method>
  <thread>1</thread>
  <message>Test Cases/TaskActions/Uploads/Upload_File_From_Govdrive</message>
  <nestedLevel>1</nestedLevel>
  <escapedJava>false</escapedJava>
</record>
<record>
  <date>2026-05-26T21:04:56.775229200Z</date>
  <millis>1779829496775</millis>
  <nanos>229200</nanos>
  <sequence>980</sequence>
  <level>END</level>
  <class>com.kms.katalon.core.logging.XmlKeywordLogger</class>
  <method>endTest</method>
  <thread>1</thread>
  <message>End Test Case : Test Cases/TaskActions/Uploads/Upload_File_From_Govdrive</message>
  <nestedLevel>0</nestedLevel>
  <escapedJava>false</escapedJava>
  <property name="executionBindingVariables">[]</property>
  <property name="applitools">false</property>
  <property name="remainingRetryCount">3</property>
  <property name="executedKeywords">{
  &quot;WebUI.switchToDefaultContent&quot;: 4,
  &quot;WebUI.waitForElementVisible&quot;: 3,
  &quot;WebUI.click&quot;: 2,
  &quot;WebUI.waitForPageLoad&quot;: 1,
  &quot;WebUI.switchToFrame&quot;: 1,
  &quot;BuiltIn.delay&quot;: 5,
  &quot;WebUI.waitForElementClickable&quot;: 2
}</property>
  <property name="currentRetryCount">0</property>
  <property name="keywordsUsage">{
  &quot;web_ui&quot;: true,
  &quot;web_service&quot;: false,
  &quot;cucumber&quot;: false,
  &quot;builtin&quot;: true,
  &quot;mobile&quot;: false,
  &quot;windows&quot;: false,
  &quot;testng&quot;: false
}</property>
</record>
<record>
  <date>2026-05-26T21:04:56.786570400Z</date>
  <millis>1779829496786</millis>
  <nanos>570400</nanos>
  <sequence>981</sequence>
  <level>START</level>
  <class>com.kms.katalon.core.logging.XmlKeywordLogger</class>
  <method>startTest</method>
  <thread>1</thread>
  <message>Start Test Case : Test Cases/TaskActions/Uploads/Upload_file_Without_Classification</message>
  <nestedLevel>1</nestedLevel>
  <escapedJava>false</escapedJava>
  <property name="remainingRetryCount">3</property>
  <property name="origin"></property>
  <property name="name">Test Cases/TaskActions/Uploads/Upload_file_Without_Classification</property>
  <property name="description"></property>
  <property name="iteration"></property>
  <property name="id">Test Cases/TaskActions/Uploads/Upload_file_Without_Classification</property>
  <property name="source">C:\Users\CROWN-STAFF\git\convergence-qa-tests\Test Cases\TaskActions\Uploads\Upload_file_Without_Classification.tc</property>
  <property name="tag"></property>
  <property name="isOptional">false</property>
  <property name="uuid">70e62b2f-6cd0-4c8b-8929-a5773ef200b1</property>
  <property name="currentRetryCount">0</property>
</record>
<record>
  <date>2026-05-26T21:04:56.898037700Z</date>
  <millis>1779829496898</millis>
  <nanos>37700</nanos>
  <sequence>983</sequence>
  <level>RUN_DATA</level>
  <class>com.kms.katalon.core.logging.XmlKeywordLogger</class>
  <method>logMessage</method>
  <thread>1</thread>
  <message>executionBindingVariables = []</message>
  <nestedLevel>1</nestedLevel>
  <escapedJava>false</escapedJava>
  <property name="executionBindingVariables">[]</property>
</record>
<record>
  <date>2026-05-26T21:04:57.409790200Z</date>
  <millis>1779829497409</millis>
  <nanos>790200</nanos>
  <sequence>984</sequence>
  <level>START</level>
  <class>com.kms.katalon.core.logging.XmlKeywordLogger</class>
  <method>startKeyword</method>
  <thread>1</thread>
  <message>Start action : taskName = &amp;quot;TEST AUTOMATION&amp;quot;</message>
  <nestedLevel>1</nestedLevel>
  <escapedJava>false</escapedJava>
  <property name="startLine">15</property>
  <property name="stepIndex">1</property>
</record>
<record>
  <date>2026-05-26T21:04:57.415465800Z</date>
  <millis>1779829497415</millis>
  <nanos>465800</nanos>
  <sequence>985</sequence>
  <level>END</level>
  <class>com.kms.katalon.core.logging.XmlKeywordLogger</class>
  <method>endKeyword</method>
  <thread>1</thread>
  <message>End action : taskName = &amp;quot;TEST AUTOMATION&amp;quot;</message>
  <nestedLevel>1</nestedLevel>
  <escapedJava>false</escapedJava>
</record>
<record>
  <date>2026-05-26T21:04:57.416748800Z</date>
  <millis>1779829497416</millis>
  <nanos>748800</nanos>
  <sequence>986</sequence>
  <level>START</level>
  <class>com.kms.katalon.core.logging.XmlKeywordLogger</class>
  <method>startKeyword</method>
  <thread>1</thread>
  <message>Start action : uploadFile = getProjectDir() + &amp;quot;/Include/test-files/TASK CYCLE.pdf&amp;quot;</message>
  <nestedLevel>1</nestedLevel>
  <escapedJava>false</escapedJava>
  <property name="startLine">17</property>
  <property name="stepIndex">2</property>
</record>
<record>
  <date>2026-05-26T21:04:57.419918500Z</date>
  <millis>1779829497419</millis>
  <nanos>918500</nanos>
  <sequence>987</sequence>
  <level>END</level>
  <class>com.kms.katalon.core.logging.XmlKeywordLogger</class>
  <method>endKeyword</method>
  <thread>1</thread>
  <message>End action : uploadFile = getProjectDir() + &amp;quot;/Include/test-files/TASK CYCLE.pdf&amp;quot;</message>
  <nestedLevel>1</nestedLevel>
  <escapedJava>false</escapedJava>
</record>
<record>
  <date>2026-05-26T21:04:57.419918500Z</date>
  <millis>1779829497419</millis>
  <nanos>918500</nanos>
  <sequence>988</sequence>
  <level>START</level>
  <class>com.kms.katalon.core.logging.XmlKeywordLogger</class>
  <method>startKeyword</method>
  <thread>1</thread>
  <message>Start action : waitForPageLoad(20)</message>
  <nestedLevel>1</nestedLevel>
  <escapedJava>false</escapedJava>
  <property name="startLine">24</property>
  <property name="stepIndex">3</property>
</record>
<record>
  <date>2026-05-26T21:04:57.443026100Z</date>
  <millis>1779829497443</millis>
  <nanos>26100</nanos>
  <sequence>992</sequence>
  <level>PASSED</level>
  <class>com.kms.katalon.core.logging.XmlKeywordLogger</class>
  <method>logMessage</method>
  <thread>1</thread>
  <message>Wait for page load successfully</message>
  <nestedLevel>1</nestedLevel>
  <escapedJava>false</escapedJava>
  <property name="testops-method-name">com.kms.katalon.core.webui.keyword.internal.WebUIKeywordMain$runKeyword$0.call</property>
  <property name="testops-execution-stacktrace">com.kms.katalon.core.logging.KeywordLogger.logPassed(KeywordLogger.java:350)
com.kms.katalon.core.logging.KeywordLogger.logPassed(KeywordLogger.java:345)
com.kms.katalon.core.logging.KeywordLogger$logPassed$0.call(Unknown Source)
com.kms.katalon.core.webui.keyword.builtin.WaitForPageLoadKeyword$_waitForPageLoad_closure1.doCall(WaitForPageLoadKeyword.groovy:94)
com.kms.katalon.core.webui.keyword.builtin.WaitForPageLoadKeyword$_waitForPageLoad_closure1.doCall(WaitForPageLoadKeyword.groovy)
java.base/jdk.internal.reflect.DirectMethodHandleAccessor.invoke(DirectMethodHandleAccessor.java:103)
com.kms.katalon.core.webui.keyword.internal.WebUIKeywordMain.runKeyword(WebUIKeywordMain.groovy:41)
com.kms.katalon.core.webui.keyword.internal.WebUIKeywordMain$runKeyword$0.call(Unknown Source)
com.kms.katalon.core.webui.keyword.builtin.WaitForPageLoadKeyword.waitForPageLoad(WaitForPageLoadKeyword.groovy:95)
com.kms.katalon.core.webui.keyword.builtin.WaitForPageLoadKeyword.execute(WaitForPageLoadKeyword.groovy:68)
com.kms.katalon.core.keyword.internal.KeywordExecutor.executeKeywordForPlatform(KeywordExecutor.groovy:99)
com.kms.katalon.core.webui.keyword.WebUiBuiltInKeywords.waitForPageLoad(WebUiBuiltInKeywords.groovy:2559)
Upload_file_Without_Classification.run(Upload_file_Without_Classification:24)
</property>
</record>
<record>
  <date>2026-05-26T21:04:57.449584100Z</date>
  <millis>1779829497449</millis>
  <nanos>584100</nanos>
  <sequence>993</sequence>
  <level>END</level>
  <class>com.kms.katalon.core.logging.XmlKeywordLogger</class>
  <method>endKeyword</method>
  <thread>1</thread>
  <message>End action : waitForPageLoad(20)</message>
  <nestedLevel>1</nestedLevel>
  <escapedJava>false</escapedJava>
</record>
<record>
  <date>2026-05-26T21:04:57.449584100Z</date>
  <millis>1779829497449</millis>
  <nanos>584100</nanos>
  <sequence>994</sequence>
  <level>START</level>
  <class>com.kms.katalon.core.logging.XmlKeywordLogger</class>
  <method>startKeyword</method>
  <thread>1</thread>
  <message>Start action : switchToDefaultContent()</message>
  <nestedLevel>1</nestedLevel>
  <escapedJava>false</escapedJava>
  <property name="startLine">25</property>
  <property name="stepIndex">4</property>
</record>
<record>
  <date>2026-05-26T21:04:57.472645400Z</date>
  <millis>1779829497472</millis>
  <nanos>645400</nanos>
  <sequence>997</sequence>
  <level>END</level>
  <class>com.kms.katalon.core.logging.XmlKeywordLogger</class>
  <method>endKeyword</method>
  <thread>1</thread>
  <message>End action : switchToDefaultContent()</message>
  <nestedLevel>1</nestedLevel>
  <escapedJava>false</escapedJava>
</record>
<record>
  <date>2026-05-26T21:04:57.472645400Z</date>
  <millis>1779829497472</millis>
  <nanos>645400</nanos>
  <sequence>998</sequence>
  <level>START</level>
  <class>com.kms.katalon.core.logging.XmlKeywordLogger</class>
  <method>startKeyword</method>
  <thread>1</thread>
  <message>Start action : println(&amp;quot;Looking for task: &amp;quot; + taskName)</message>
  <nestedLevel>1</nestedLevel>
  <escapedJava>false</escapedJava>
  <property name="startLine">27</property>
  <property name="stepIndex">5</property>
</record>
<record>
  <date>2026-05-26T21:04:57.480514700Z</date>
  <millis>1779829497480</millis>
  <nanos>514700</nanos>
  <sequence>999</sequence>
  <level>END</level>
  <class>com.kms.katalon.core.logging.XmlKeywordLogger</class>
  <method>endKeyword</method>
  <thread>1</thread>
  <message>End action : println(&amp;quot;Looking for task: &amp;quot; + taskName)</message>
  <nestedLevel>1</nestedLevel>
  <escapedJava>false</escapedJava>
</record>
<record>
  <date>2026-05-26T21:04:57.480514700Z</date>
  <millis>1779829497480</millis>
  <nanos>514700</nanos>
  <sequence>1000</sequence>
  <level>START</level>
  <class>com.kms.katalon.core.logging.XmlKeywordLogger</class>
  <method>startKeyword</method>
  <thread>1</thread>
  <message>Start action : task = new com.kms.katalon.core.testobject.TestObject()</message>
  <nestedLevel>1</nestedLevel>
  <escapedJava>false</escapedJava>
  <property name="startLine">32</property>
  <property name="stepIndex">6</property>
</record>
<record>
  <date>2026-05-26T21:04:57.480514700Z</date>
  <millis>1779829497480</millis>
  <nanos>514700</nanos>
  <sequence>1001</sequence>
  <level>END</level>
  <class>com.kms.katalon.core.logging.XmlKeywordLogger</class>
  <method>endKeyword</method>
  <thread>1</thread>
  <message>End action : task = new com.kms.katalon.core.testobject.TestObject()</message>
  <nestedLevel>1</nestedLevel>
  <escapedJava>false</escapedJava>
</record>
<record>
  <date>2026-05-26T21:04:57.485184300Z</date>
  <millis>1779829497485</millis>
  <nanos>184300</nanos>
  <sequence>1002</sequence>
  <level>START</level>
  <class>com.kms.katalon.core.logging.XmlKeywordLogger</class>
  <method>startKeyword</method>
  <thread>1</thread>
  <message>Start action : task.addProperty(&amp;quot;xpath&amp;quot;, EQUALS, &amp;quot;//p[contains(normalize-space(.),&amp;apos;&amp;quot; + taskName + &amp;quot;&amp;apos;)]&amp;quot;)</message>
  <nestedLevel>1</nestedLevel>
  <escapedJava>false</escapedJava>
  <property name="startLine">34</property>
  <property name="stepIndex">7</property>
</record>
<record>
  <date>2026-05-26T21:04:57.489723200Z</date>
  <millis>1779829497489</millis>
  <nanos>723200</nanos>
  <sequence>1003</sequence>
  <level>END</level>
  <class>com.kms.katalon.core.logging.XmlKeywordLogger</class>
  <method>endKeyword</method>
  <thread>1</thread>
  <message>End action : task.addProperty(&amp;quot;xpath&amp;quot;, EQUALS, &amp;quot;//p[contains(normalize-space(.),&amp;apos;&amp;quot; + taskName + &amp;quot;&amp;apos;)]&amp;quot;)</message>
  <nestedLevel>1</nestedLevel>
  <escapedJava>false</escapedJava>
</record>
<record>
  <date>2026-05-26T21:04:57.491818Z</date>
  <millis>1779829497491</millis>
  <nanos>818000</nanos>
  <sequence>1004</sequence>
  <level>START</level>
  <class>com.kms.katalon.core.logging.XmlKeywordLogger</class>
  <method>startKeyword</method>
  <thread>1</thread>
  <message>Start action : taskExists = waitForElementPresent(task, 20, OPTIONAL)</message>
  <nestedLevel>1</nestedLevel>
  <escapedJava>false</escapedJava>
  <property name="startLine">43</property>
  <property name="stepIndex">8</property>
</record>
<record>
  <date>2026-05-26T21:04:58.153119Z</date>
  <millis>1779829498153</millis>
  <nanos>119000</nanos>
  <sequence>1010</sequence>
  <level>PASSED</level>
  <class>com.kms.katalon.core.logging.XmlKeywordLogger</class>
  <method>logMessage</method>
  <thread>1</thread>
  <message>Object &amp;apos;&amp;apos; is present</message>
  <nestedLevel>1</nestedLevel>
  <escapedJava>false</escapedJava>
  <property name="testops-method-name">com.kms.katalon.core.webui.keyword.internal.WebUIKeywordMain.runKeywordUntilTimeout</property>
  <property name="testops-execution-stacktrace">com.kms.katalon.core.logging.KeywordLogger.logPassed(KeywordLogger.java:350)
com.kms.katalon.core.logging.KeywordLogger.logPassed(KeywordLogger.java:345)
com.kms.katalon.core.webui.keyword.builtin.WaitForElementPresentKeyword$_waitForElementPresent_closure1.doCall(WaitForElementPresentKeyword.groovy:56)
java.base/jdk.internal.reflect.DirectMethodHandleAccessor.invoke(DirectMethodHandleAccessor.java:103)
jdk.proxy2/jdk.proxy2.$Proxy56.execute(Unknown Source)
com.kms.katalon.core.webui.model.SeleniumActionRetryController.performAction(SeleniumActionRetryController.java:96)
com.kms.katalon.core.webui.model.SeleniumActionRetryController.performAction(SeleniumActionRetryController.java:83)
com.kms.katalon.core.webui.keyword.internal.WebUIKeywordMain$_runKeywordUntilTimeout_closure2.doCall(WebUIKeywordMain.groovy:155)
com.kms.katalon.core.webui.keyword.internal.WebUIKeywordMain$_runKeywordUntilTimeout_closure2.call(WebUIKeywordMain.groovy)
com.kms.katalon.core.webui.keyword.internal.WebUIKeywordMain.runKeyword(WebUIKeywordMain.groovy:41)
com.kms.katalon.core.webui.keyword.internal.WebUIKeywordMain.runKeywordUntilTimeout(WebUIKeywordMain.groovy:152)
com.kms.katalon.core.webui.keyword.builtin.WaitForElementPresentKeyword.waitForElementPresent(WaitForElementPresentKeyword.groovy:68)
com.kms.katalon.core.webui.keyword.builtin.WaitForElementPresentKeyword.execute(WaitForElementPresentKeyword.groovy:38)
com.kms.katalon.core.keyword.internal.KeywordExecutor.executeKeywordForPlatform(KeywordExecutor.groovy:99)
com.kms.katalon.core.webui.keyword.WebUiBuiltInKeywords.waitForElementPresent(WebUiBuiltInKeywords.groovy:408)
Upload_file_Without_Classification.run(Upload_file_Without_Classification:44)
</property>
</record>
<record>
  <date>2026-05-26T21:04:58.157159200Z</date>
  <millis>1779829498157</millis>
  <nanos>159200</nanos>
  <sequence>1011</sequence>
  <level>END</level>
  <class>com.kms.katalon.core.logging.XmlKeywordLogger</class>
  <method>endKeyword</method>
  <thread>1</thread>
  <message>End action : taskExists = waitForElementPresent(task, 20, OPTIONAL)</message>
  <nestedLevel>1</nestedLevel>
  <escapedJava>false</escapedJava>
</record>
<record>
  <date>2026-05-26T21:04:58.160523700Z</date>
  <millis>1779829498160</millis>
  <nanos>523700</nanos>
  <sequence>1012</sequence>
  <level>START</level>
  <class>com.kms.katalon.core.logging.XmlKeywordLogger</class>
  <method>startKeyword</method>
  <thread>1</thread>
  <message>Start action : println(&amp;quot;Task exists = &amp;quot; + taskExists)</message>
  <nestedLevel>1</nestedLevel>
  <escapedJava>false</escapedJava>
  <property name="startLine">50</property>
  <property name="stepIndex">9</property>
</record>
<record>
  <date>2026-05-26T21:04:58.164569100Z</date>
  <millis>1779829498164</millis>
  <nanos>569100</nanos>
  <sequence>1013</sequence>
  <level>END</level>
  <class>com.kms.katalon.core.logging.XmlKeywordLogger</class>
  <method>endKeyword</method>
  <thread>1</thread>
  <message>End action : println(&amp;quot;Task exists = &amp;quot; + taskExists)</message>
  <nestedLevel>1</nestedLevel>
  <escapedJava>false</escapedJava>
</record>
<record>
  <date>2026-05-26T21:04:58.169631300Z</date>
  <millis>1779829498169</millis>
  <nanos>631300</nanos>
  <sequence>1014</sequence>
  <level>START</level>
  <class>com.kms.katalon.core.logging.XmlKeywordLogger</class>
  <method>startKeyword</method>
  <thread>1</thread>
  <message>Start action : if (!(taskExists))</message>
  <nestedLevel>1</nestedLevel>
  <escapedJava>false</escapedJava>
  <property name="startLine">52</property>
  <property name="stepIndex">10</property>
</record>
<record>
  <date>2026-05-26T21:04:58.169631300Z</date>
  <millis>1779829498169</millis>
  <nanos>631300</nanos>
  <sequence>1015</sequence>
  <level>END</level>
  <class>com.kms.katalon.core.logging.XmlKeywordLogger</class>
  <method>endKeyword</method>
  <thread>1</thread>
  <message>End action : if (!(taskExists))</message>
  <nestedLevel>1</nestedLevel>
  <escapedJava>false</escapedJava>
</record>
<record>
  <date>2026-05-26T21:04:58.173203400Z</date>
  <millis>1779829498173</millis>
  <nanos>203400</nanos>
  <sequence>1016</sequence>
  <level>START</level>
  <class>com.kms.katalon.core.logging.XmlKeywordLogger</class>
  <method>startKeyword</method>
  <thread>1</thread>
  <message>Start action : assert taskExists</message>
  <nestedLevel>1</nestedLevel>
  <escapedJava>false</escapedJava>
  <property name="startLine">66</property>
  <property name="stepIndex">11</property>
</record>
<record>
  <date>2026-05-26T21:04:58.178079Z</date>
  <millis>1779829498178</millis>
  <nanos>79000</nanos>
  <sequence>1017</sequence>
  <level>END</level>
  <class>com.kms.katalon.core.logging.XmlKeywordLogger</class>
  <method>endKeyword</method>
  <thread>1</thread>
  <message>End action : assert taskExists</message>
  <nestedLevel>1</nestedLevel>
  <escapedJava>false</escapedJava>
</record>
<record>
  <date>2026-05-26T21:04:58.179634300Z</date>
  <millis>1779829498179</millis>
  <nanos>634300</nanos>
  <sequence>1018</sequence>
  <level>START</level>
  <class>com.kms.katalon.core.logging.XmlKeywordLogger</class>
  <method>startKeyword</method>
  <thread>1</thread>
  <message>Start action : scrollToElement(task, 10)</message>
  <nestedLevel>1</nestedLevel>
  <escapedJava>false</escapedJava>
  <property name="startLine">72</property>
  <property name="stepIndex">12</property>
</record>
<record>
  <date>2026-05-26T21:04:58.829480900Z</date>
  <millis>1779829498829</millis>
  <nanos>480900</nanos>
  <sequence>1027</sequence>
  <level>PASSED</level>
  <class>com.kms.katalon.core.logging.XmlKeywordLogger</class>
  <method>logMessage</method>
  <thread>1</thread>
  <message>Scroll to object &amp;apos;&amp;apos; successfully</message>
  <nestedLevel>1</nestedLevel>
  <escapedJava>false</escapedJava>
  <property name="testops-method-name">com.kms.katalon.core.webui.keyword.builtin.ScrollToElementKeyword.scrollToElement</property>
  <property name="testops-execution-stacktrace"></property>
</record>
<record>
  <date>2026-05-26T21:04:58.834515100Z</date>
  <millis>1779829498834</millis>
  <nanos>515100</nanos>
  <sequence>1028</sequence>
  <level>END</level>
  <class>com.kms.katalon.core.logging.XmlKeywordLogger</class>
  <method>endKeyword</method>
  <thread>1</thread>
  <message>End action : scrollToElement(task, 10)</message>
  <nestedLevel>1</nestedLevel>
  <escapedJava>false</escapedJava>
</record>
<record>
  <date>2026-05-26T21:04:58.836546700Z</date>
  <millis>1779829498836</millis>
  <nanos>546700</nanos>
  <sequence>1029</sequence>
  <level>START</level>
  <class>com.kms.katalon.core.logging.XmlKeywordLogger</class>
  <method>startKeyword</method>
  <thread>1</thread>
  <message>Start action : enhancedClick(task)</message>
  <nestedLevel>1</nestedLevel>
  <escapedJava>false</escapedJava>
  <property name="startLine">74</property>
  <property name="stepIndex">13</property>
</record>
<record>
  <date>2026-05-26T21:04:59.654284500Z</date>
  <millis>1779829499654</millis>
  <nanos>284500</nanos>
  <sequence>1040</sequence>
  <level>ERROR</level>
  <class>com.kms.katalon.core.logging.XmlKeywordLogger</class>
  <method>logMessage</method>
  <thread>1</thread>
  <message>element not interactable: [object HTMLParagraphElement] has no size and location
  (Session info: chrome=148.0.7778.179)
Build info: version: &amp;apos;4.39.0&amp;apos;, revision: &amp;apos;126f156aee&amp;apos;
System info: os.name: &amp;apos;Windows 11&amp;apos;, os.arch: &amp;apos;amd64&amp;apos;, os.version: &amp;apos;10.0&amp;apos;, java.version: &amp;apos;21.0.9&amp;apos;
Driver info: com.kms.katalon.selenium.driver.CChromeDriver
Command: [9f32f14a7599f3a9f61f179199e47c7e, actions {actions=[org.openqa.selenium.interactions.Sequence@70ca533a]}]
Capabilities {acceptInsecureCerts: false, browserName: chrome, browserVersion: 148.0.7778.179, chrome: {chromedriverVersion: 148.0.7778.167 (65db666ac2c..., userDataDir: C:\Users\CROWN-~1\AppData\L...}, fedcm:accounts: true, goog:chromeOptions: {debuggerAddress: localhost:53926}, goog:processID: 23924, networkConnectionEnabled: false, pageLoadStrategy: normal, platformName: windows, proxy: Proxy(), se:cdp: ws://localhost:53926/devtoo..., se:cdpVersion: 148.0.7778.179, setWindowRect: true, strictFileInteractability: false, timeouts: {implicit: 0, pageLoad: 300000, script: 30000}, unhandledPromptBehavior: {alert: ignore, beforeUnload: ignore, confirm: ignore, default: ignore, file: ignore, prompt: ignore}, webSocketUrl: ws://localhost:28874/sessio..., webauthn:extension:credBlob: true, webauthn:extension:largeBlob: true, webauthn:extension:minPinLength: true, webauthn:extension:prf: true, webauthn:virtualAuthenticators: true}
Session ID: 9f32f14a7599f3a9f61f179199e47c7e</message>
  <nestedLevel>1</nestedLevel>
  <escapedJava>false</escapedJava>
</record>
<record>
  <date>2026-05-26T21:05:09.797230400Z</date>
  <millis>1779829509797</millis>
  <nanos>230400</nanos>
  <sequence>1043</sequence>
  <level>PASSED</level>
  <class>com.kms.katalon.core.logging.XmlKeywordLogger</class>
  <method>logMessage</method>
  <thread>1</thread>
  <message>Object: &amp;apos;&amp;apos; is clicked on</message>
  <nestedLevel>1</nestedLevel>
  <escapedJava>false</escapedJava>
  <property name="testops-method-name">com.kms.katalon.core.webui.keyword.internal.WebUIKeywordMain.runKeywordUntilTimeout</property>
  <property name="testops-execution-stacktrace">com.kms.katalon.core.logging.KeywordLogger.logPassed(KeywordLogger.java:350)
com.kms.katalon.core.logging.KeywordLogger.logPassed(KeywordLogger.java:345)
com.kms.katalon.core.webui.keyword.builtin.EnhancedClickKeyword$_click_closure1$_closure5.doCall(EnhancedClickKeyword.groovy:88)
java.base/jdk.internal.reflect.DirectMethodHandleAccessor.invoke(DirectMethodHandleAccessor.java:103)
jdk.proxy2/jdk.proxy2.$Proxy60.accept(Unknown Source)
com.kms.katalon.core.trymonad.Success.onSuccess(Try.java:263)
com.kms.katalon.core.webui.keyword.builtin.EnhancedClickKeyword$_click_closure1.doCall(EnhancedClickKeyword.groovy:71)
java.base/jdk.internal.reflect.DirectMethodHandleAccessor.invoke(DirectMethodHandleAccessor.java:103)
jdk.proxy2/jdk.proxy2.$Proxy56.execute(Unknown Source)
com.kms.katalon.core.webui.model.SeleniumActionRetryController.performAction(SeleniumActionRetryController.java:96)
com.kms.katalon.core.webui.model.SeleniumActionRetryController.performAction(SeleniumActionRetryController.java:83)
com.kms.katalon.core.webui.keyword.internal.WebUIKeywordMain$_runKeywordUntilTimeout_closure1.doCall(WebUIKeywordMain.groovy:135)
com.kms.katalon.core.webui.keyword.internal.WebUIKeywordMain$_runKeywordUntilTimeout_closure1.call(WebUIKeywordMain.groovy)
com.kms.katalon.core.webui.keyword.internal.WebUIKeywordMain.runKeyword(WebUIKeywordMain.groovy:41)
com.kms.katalon.core.webui.keyword.internal.WebUIKeywordMain.runKeywordUntilTimeout(WebUIKeywordMain.groovy:133)
com.kms.katalon.core.webui.keyword.builtin.EnhancedClickKeyword.click(EnhancedClickKeyword.groovy:95)
com.kms.katalon.core.webui.keyword.builtin.EnhancedClickKeyword.execute(EnhancedClickKeyword.groovy:41)
com.kms.katalon.core.keyword.internal.KeywordExecutor.executeKeywordForPlatform(KeywordExecutor.groovy:99)
com.kms.katalon.core.webui.keyword.WebUiBuiltInKeywords.enhancedClick(WebUiBuiltInKeywords.groovy:748)
Upload_file_Without_Classification.run(Upload_file_Without_Classification:74)
</property>
</record>
<record>
  <date>2026-05-26T21:05:09.800773Z</date>
  <millis>1779829509800</millis>
  <nanos>773000</nanos>
  <sequence>1044</sequence>
  <level>END</level>
  <class>com.kms.katalon.core.logging.XmlKeywordLogger</class>
  <method>endKeyword</method>
  <thread>1</thread>
  <message>End action : enhancedClick(task)</message>
  <nestedLevel>1</nestedLevel>
  <escapedJava>false</escapedJava>
</record>
<record>
  <date>2026-05-26T21:05:09.801765600Z</date>
  <millis>1779829509801</millis>
  <nanos>765600</nanos>
  <sequence>1045</sequence>
  <level>START</level>
  <class>com.kms.katalon.core.logging.XmlKeywordLogger</class>
  <method>startKeyword</method>
  <thread>1</thread>
  <message>Start action : waitForPageLoad(20)</message>
  <nestedLevel>1</nestedLevel>
  <escapedJava>false</escapedJava>
  <property name="startLine">76</property>
  <property name="stepIndex">14</property>
</record>
<record>
  <date>2026-05-26T21:05:09.832740500Z</date>
  <millis>1779829509832</millis>
  <nanos>740500</nanos>
  <sequence>1049</sequence>
  <level>PASSED</level>
  <class>com.kms.katalon.core.logging.XmlKeywordLogger</class>
  <method>logMessage</method>
  <thread>1</thread>
  <message>Wait for page load successfully</message>
  <nestedLevel>1</nestedLevel>
  <escapedJava>false</escapedJava>
  <property name="testops-method-name">com.kms.katalon.core.webui.keyword.internal.WebUIKeywordMain$runKeyword$0.call</property>
  <property name="testops-execution-stacktrace">com.kms.katalon.core.logging.KeywordLogger.logPassed(KeywordLogger.java:350)
com.kms.katalon.core.logging.KeywordLogger.logPassed(KeywordLogger.java:345)
com.kms.katalon.core.logging.KeywordLogger$logPassed$0.call(Unknown Source)
com.kms.katalon.core.webui.keyword.builtin.WaitForPageLoadKeyword$_waitForPageLoad_closure1.doCall(WaitForPageLoadKeyword.groovy:94)
com.kms.katalon.core.webui.keyword.builtin.WaitForPageLoadKeyword$_waitForPageLoad_closure1.doCall(WaitForPageLoadKeyword.groovy)
java.base/jdk.internal.reflect.DirectMethodHandleAccessor.invoke(DirectMethodHandleAccessor.java:103)
com.kms.katalon.core.webui.keyword.internal.WebUIKeywordMain.runKeyword(WebUIKeywordMain.groovy:41)
com.kms.katalon.core.webui.keyword.internal.WebUIKeywordMain$runKeyword$0.call(Unknown Source)
com.kms.katalon.core.webui.keyword.builtin.WaitForPageLoadKeyword.waitForPageLoad(WaitForPageLoadKeyword.groovy:95)
com.kms.katalon.core.webui.keyword.builtin.WaitForPageLoadKeyword.execute(WaitForPageLoadKeyword.groovy:68)
com.kms.katalon.core.keyword.internal.KeywordExecutor.executeKeywordForPlatform(KeywordExecutor.groovy:99)
com.kms.katalon.core.webui.keyword.WebUiBuiltInKeywords.waitForPageLoad(WebUiBuiltInKeywords.groovy:2559)
Upload_file_Without_Classification.run(Upload_file_Without_Classification:76)
</property>
</record>
<record>
  <date>2026-05-26T21:05:09.835749300Z</date>
  <millis>1779829509835</millis>
  <nanos>749300</nanos>
  <sequence>1050</sequence>
  <level>END</level>
  <class>com.kms.katalon.core.logging.XmlKeywordLogger</class>
  <method>endKeyword</method>
  <thread>1</thread>
  <message>End action : waitForPageLoad(20)</message>
  <nestedLevel>1</nestedLevel>
  <escapedJava>false</escapedJava>
</record>
<record>
  <date>2026-05-26T21:05:09.835749300Z</date>
  <millis>1779829509835</millis>
  <nanos>749300</nanos>
  <sequence>1051</sequence>
  <level>START</level>
  <class>com.kms.katalon.core.logging.XmlKeywordLogger</class>
  <method>startKeyword</method>
  <thread>1</thread>
  <message>Start action : uploadBtn = findTestObject(&amp;quot;Page_Work Order  View- Workforce Manager/Page_Work Order  View- Workforce Manager/a_dLabel&amp;quot;)</message>
  <nestedLevel>1</nestedLevel>
  <escapedJava>false</escapedJava>
  <property name="startLine">81</property>
  <property name="stepIndex">15</property>
</record>
<record>
  <date>2026-05-26T21:05:09.852408600Z</date>
  <millis>1779829509852</millis>
  <nanos>408600</nanos>
  <sequence>1053</sequence>
  <level>END</level>
  <class>com.kms.katalon.core.logging.XmlKeywordLogger</class>
  <method>endKeyword</method>
  <thread>1</thread>
  <message>End action : uploadBtn = findTestObject(&amp;quot;Page_Work Order  View- Workforce Manager/Page_Work Order  View- Workforce Manager/a_dLabel&amp;quot;)</message>
  <nestedLevel>1</nestedLevel>
  <escapedJava>false</escapedJava>
</record>
<record>
  <date>2026-05-26T21:05:09.853398200Z</date>
  <millis>1779829509853</millis>
  <nanos>398200</nanos>
  <sequence>1054</sequence>
  <level>START</level>
  <class>com.kms.katalon.core.logging.XmlKeywordLogger</class>
  <method>startKeyword</method>
  <thread>1</thread>
  <message>Start action : waitForElementClickable(uploadBtn, 20)</message>
  <nestedLevel>1</nestedLevel>
  <escapedJava>false</escapedJava>
  <property name="startLine">86</property>
  <property name="stepIndex">16</property>
</record>
<record>
  <date>2026-05-26T21:05:10.334395200Z</date>
  <millis>1779829510334</millis>
  <nanos>395200</nanos>
  <sequence>1060</sequence>
  <level>PASSED</level>
  <class>com.kms.katalon.core.logging.XmlKeywordLogger</class>
  <method>logMessage</method>
  <thread>1</thread>
  <message>Object &amp;apos;Object Repository/Page_Work Order  View- Workforce Manager/Page_Work Order  View- Workforce Manager/a_dLabel&amp;apos; is clickable</message>
  <nestedLevel>1</nestedLevel>
  <escapedJava>false</escapedJava>
  <property name="testops-method-name">com.kms.katalon.core.webui.keyword.internal.WebUIKeywordMain.runKeywordUntilTimeout</property>
  <property name="testops-execution-stacktrace">com.kms.katalon.core.logging.KeywordLogger.logPassed(KeywordLogger.java:350)
com.kms.katalon.core.logging.KeywordLogger.logPassed(KeywordLogger.java:345)
com.kms.katalon.core.logging.KeywordLogger$logPassed$0.call(Unknown Source)
com.kms.katalon.core.webui.keyword.builtin.WaitForElementClickableKeyword$_waitForElementClickable_closure1.doCall(WaitForElementClickableKeyword.groovy:59)
java.base/jdk.internal.reflect.DirectMethodHandleAccessor.invoke(DirectMethodHandleAccessor.java:103)
jdk.proxy2/jdk.proxy2.$Proxy56.execute(Unknown Source)
com.kms.katalon.core.webui.model.SeleniumActionRetryController.performAction(SeleniumActionRetryController.java:96)
com.kms.katalon.core.webui.model.SeleniumActionRetryController.performAction(SeleniumActionRetryController.java:83)
com.kms.katalon.core.webui.keyword.internal.WebUIKeywordMain$_runKeywordUntilTimeout_closure2.doCall(WebUIKeywordMain.groovy:155)
com.kms.katalon.core.webui.keyword.internal.WebUIKeywordMain$_runKeywordUntilTimeout_closure2.call(WebUIKeywordMain.groovy)
com.kms.katalon.core.webui.keyword.internal.WebUIKeywordMain.runKeyword(WebUIKeywordMain.groovy:41)
com.kms.katalon.core.webui.keyword.internal.WebUIKeywordMain.runKeywordUntilTimeout(WebUIKeywordMain.groovy:152)
com.kms.katalon.core.webui.keyword.internal.WebUIKeywordMain$runKeywordUntilTimeout.call(Unknown Source)
com.kms.katalon.core.webui.keyword.builtin.WaitForElementClickableKeyword.waitForElementClickable(WaitForElementClickableKeyword.groovy:76)
com.kms.katalon.core.webui.keyword.builtin.WaitForElementClickableKeyword.execute(WaitForElementClickableKeyword.groovy:42)
com.kms.katalon.core.keyword.internal.KeywordExecutor.executeKeywordForPlatform(KeywordExecutor.groovy:99)
com.kms.katalon.core.webui.keyword.WebUiBuiltInKeywords.waitForElementClickable(WebUiBuiltInKeywords.groovy:581)
Upload_file_Without_Classification.run(Upload_file_Without_Classification:86)
</property>
</record>
<record>
  <date>2026-05-26T21:05:10.341216600Z</date>
  <millis>1779829510341</millis>
  <nanos>216600</nanos>
  <sequence>1061</sequence>
  <level>END</level>
  <class>com.kms.katalon.core.logging.XmlKeywordLogger</class>
  <method>endKeyword</method>
  <thread>1</thread>
  <message>End action : waitForElementClickable(uploadBtn, 20)</message>
  <nestedLevel>1</nestedLevel>
  <escapedJava>false</escapedJava>
</record>
<record>
  <date>2026-05-26T21:05:10.343245600Z</date>
  <millis>1779829510343</millis>
  <nanos>245600</nanos>
  <sequence>1062</sequence>
  <level>START</level>
  <class>com.kms.katalon.core.logging.XmlKeywordLogger</class>
  <method>startKeyword</method>
  <thread>1</thread>
  <message>Start action : enhancedClick(uploadBtn)</message>
  <nestedLevel>1</nestedLevel>
  <escapedJava>false</escapedJava>
  <property name="startLine">91</property>
  <property name="stepIndex">17</property>
</record>
<record>
  <date>2026-05-26T21:05:10.945075300Z</date>
  <millis>1779829510945</millis>
  <nanos>75300</nanos>
  <sequence>1073</sequence>
  <level>PASSED</level>
  <class>com.kms.katalon.core.logging.XmlKeywordLogger</class>
  <method>logMessage</method>
  <thread>1</thread>
  <message>Object: &amp;apos;Object Repository/Page_Work Order  View- Workforce Manager/Page_Work Order  View- Workforce Manager/a_dLabel&amp;apos; is clicked on</message>
  <nestedLevel>1</nestedLevel>
  <escapedJava>false</escapedJava>
  <property name="testops-method-name">com.kms.katalon.core.webui.keyword.internal.WebUIKeywordMain.runKeywordUntilTimeout</property>
  <property name="testops-execution-stacktrace">com.kms.katalon.core.logging.KeywordLogger.logPassed(KeywordLogger.java:350)
com.kms.katalon.core.logging.KeywordLogger.logPassed(KeywordLogger.java:345)
com.kms.katalon.core.webui.keyword.builtin.EnhancedClickKeyword$_click_closure1$_closure5.doCall(EnhancedClickKeyword.groovy:88)
java.base/jdk.internal.reflect.DirectMethodHandleAccessor.invoke(DirectMethodHandleAccessor.java:103)
jdk.proxy2/jdk.proxy2.$Proxy60.accept(Unknown Source)
com.kms.katalon.core.trymonad.Success.onSuccess(Try.java:263)
com.kms.katalon.core.webui.keyword.builtin.EnhancedClickKeyword$_click_closure1.doCall(EnhancedClickKeyword.groovy:71)
java.base/jdk.internal.reflect.DirectMethodHandleAccessor.invoke(DirectMethodHandleAccessor.java:103)
jdk.proxy2/jdk.proxy2.$Proxy56.execute(Unknown Source)
com.kms.katalon.core.webui.model.SeleniumActionRetryController.performAction(SeleniumActionRetryController.java:96)
com.kms.katalon.core.webui.model.SeleniumActionRetryController.performAction(SeleniumActionRetryController.java:83)
com.kms.katalon.core.webui.keyword.internal.WebUIKeywordMain$_runKeywordUntilTimeout_closure1.doCall(WebUIKeywordMain.groovy:135)
com.kms.katalon.core.webui.keyword.internal.WebUIKeywordMain$_runKeywordUntilTimeout_closure1.call(WebUIKeywordMain.groovy)
com.kms.katalon.core.webui.keyword.internal.WebUIKeywordMain.runKeyword(WebUIKeywordMain.groovy:41)
com.kms.katalon.core.webui.keyword.internal.WebUIKeywordMain.runKeywordUntilTimeout(WebUIKeywordMain.groovy:133)
com.kms.katalon.core.webui.keyword.builtin.EnhancedClickKeyword.click(EnhancedClickKeyword.groovy:95)
com.kms.katalon.core.webui.keyword.builtin.EnhancedClickKeyword.execute(EnhancedClickKeyword.groovy:41)
com.kms.katalon.core.keyword.internal.KeywordExecutor.executeKeywordForPlatform(KeywordExecutor.groovy:99)
com.kms.katalon.core.webui.keyword.WebUiBuiltInKeywords.enhancedClick(WebUiBuiltInKeywords.groovy:748)
Upload_file_Without_Classification.run(Upload_file_Without_Classification:91)
</property>
</record>
<record>
  <date>2026-05-26T21:05:10.948081Z</date>
  <millis>1779829510948</millis>
  <nanos>81000</nanos>
  <sequence>1074</sequence>
  <level>END</level>
  <class>com.kms.katalon.core.logging.XmlKeywordLogger</class>
  <method>endKeyword</method>
  <thread>1</thread>
  <message>End action : enhancedClick(uploadBtn)</message>
  <nestedLevel>1</nestedLevel>
  <escapedJava>false</escapedJava>
</record>
<record>
  <date>2026-05-26T21:05:10.948081Z</date>
  <millis>1779829510948</millis>
  <nanos>81000</nanos>
  <sequence>1075</sequence>
  <level>START</level>
  <class>com.kms.katalon.core.logging.XmlKeywordLogger</class>
  <method>startKeyword</method>
  <thread>1</thread>
  <message>Start action : println(&amp;quot;Upload modal opened&amp;quot;)</message>
  <nestedLevel>1</nestedLevel>
  <escapedJava>false</escapedJava>
  <property name="startLine">95</property>
  <property name="stepIndex">18</property>
</record>
<record>
  <date>2026-05-26T21:05:10.951768800Z</date>
  <millis>1779829510951</millis>
  <nanos>768800</nanos>
  <sequence>1076</sequence>
  <level>END</level>
  <class>com.kms.katalon.core.logging.XmlKeywordLogger</class>
  <method>endKeyword</method>
  <thread>1</thread>
  <message>End action : println(&amp;quot;Upload modal opened&amp;quot;)</message>
  <nestedLevel>1</nestedLevel>
  <escapedJava>false</escapedJava>
</record>
<record>
  <date>2026-05-26T21:05:10.952790100Z</date>
  <millis>1779829510952</millis>
  <nanos>790100</nanos>
  <sequence>1077</sequence>
  <level>START</level>
  <class>com.kms.katalon.core.logging.XmlKeywordLogger</class>
  <method>startKeyword</method>
  <thread>1</thread>
  <message>Start action : assert Files.exists(Paths.get(uploadFile))</message>
  <nestedLevel>1</nestedLevel>
  <escapedJava>false</escapedJava>
  <property name="startLine">100</property>
  <property name="stepIndex">19</property>
</record>
<record>
  <date>2026-05-26T21:05:11.001134300Z</date>
  <millis>1779829511001</millis>
  <nanos>134300</nanos>
  <sequence>1078</sequence>
  <level>END</level>
  <class>com.kms.katalon.core.logging.XmlKeywordLogger</class>
  <method>endKeyword</method>
  <thread>1</thread>
  <message>End action : assert Files.exists(Paths.get(uploadFile))</message>
  <nestedLevel>1</nestedLevel>
  <escapedJava>false</escapedJava>
</record>
<record>
  <date>2026-05-26T21:05:11.002134100Z</date>
  <millis>1779829511002</millis>
  <nanos>134100</nanos>
  <sequence>1079</sequence>
  <level>START</level>
  <class>com.kms.katalon.core.logging.XmlKeywordLogger</class>
  <method>startKeyword</method>
  <thread>1</thread>
  <message>Start action : println(&amp;quot;Uploading -&amp;gt; &amp;quot; + uploadFile)</message>
  <nestedLevel>1</nestedLevel>
  <escapedJava>false</escapedJava>
  <property name="startLine">103</property>
  <property name="stepIndex">20</property>
</record>
<record>
  <date>2026-05-26T21:05:11.008137800Z</date>
  <millis>1779829511008</millis>
  <nanos>137800</nanos>
  <sequence>1080</sequence>
  <level>END</level>
  <class>com.kms.katalon.core.logging.XmlKeywordLogger</class>
  <method>endKeyword</method>
  <thread>1</thread>
  <message>End action : println(&amp;quot;Uploading -&amp;gt; &amp;quot; + uploadFile)</message>
  <nestedLevel>1</nestedLevel>
  <escapedJava>false</escapedJava>
</record>
<record>
  <date>2026-05-26T21:05:11.009656600Z</date>
  <millis>1779829511009</millis>
  <nanos>656600</nanos>
  <sequence>1081</sequence>
  <level>START</level>
  <class>com.kms.katalon.core.logging.XmlKeywordLogger</class>
  <method>startKeyword</method>
  <thread>1</thread>
  <message>Start action : fileInput = new com.kms.katalon.core.testobject.TestObject()</message>
  <nestedLevel>1</nestedLevel>
  <escapedJava>false</escapedJava>
  <property name="startLine">109</property>
  <property name="stepIndex">21</property>
</record>
<record>
  <date>2026-05-26T21:05:11.013306700Z</date>
  <millis>1779829511013</millis>
  <nanos>306700</nanos>
  <sequence>1082</sequence>
  <level>END</level>
  <class>com.kms.katalon.core.logging.XmlKeywordLogger</class>
  <method>endKeyword</method>
  <thread>1</thread>
  <message>End action : fileInput = new com.kms.katalon.core.testobject.TestObject()</message>
  <nestedLevel>1</nestedLevel>
  <escapedJava>false</escapedJava>
</record>
<record>
  <date>2026-05-26T21:05:11.014319200Z</date>
  <millis>1779829511014</millis>
  <nanos>319200</nanos>
  <sequence>1083</sequence>
  <level>START</level>
  <class>com.kms.katalon.core.logging.XmlKeywordLogger</class>
  <method>startKeyword</method>
  <thread>1</thread>
  <message>Start action : fileInput.addProperty(&amp;quot;xpath&amp;quot;, EQUALS, &amp;quot;//*[@id=&amp;apos;file_upload&amp;apos;]&amp;quot;)</message>
  <nestedLevel>1</nestedLevel>
  <escapedJava>false</escapedJava>
  <property name="startLine">111</property>
  <property name="stepIndex">22</property>
</record>
<record>
  <date>2026-05-26T21:05:11.016308500Z</date>
  <millis>1779829511016</millis>
  <nanos>308500</nanos>
  <sequence>1084</sequence>
  <level>END</level>
  <class>com.kms.katalon.core.logging.XmlKeywordLogger</class>
  <method>endKeyword</method>
  <thread>1</thread>
  <message>End action : fileInput.addProperty(&amp;quot;xpath&amp;quot;, EQUALS, &amp;quot;//*[@id=&amp;apos;file_upload&amp;apos;]&amp;quot;)</message>
  <nestedLevel>1</nestedLevel>
  <escapedJava>false</escapedJava>
</record>
<record>
  <date>2026-05-26T21:05:11.016308500Z</date>
  <millis>1779829511016</millis>
  <nanos>308500</nanos>
  <sequence>1085</sequence>
  <level>START</level>
  <class>com.kms.katalon.core.logging.XmlKeywordLogger</class>
  <method>startKeyword</method>
  <thread>1</thread>
  <message>Start action : waitForElementPresent(fileInput, 20)</message>
  <nestedLevel>1</nestedLevel>
  <escapedJava>false</escapedJava>
  <property name="startLine">117</property>
  <property name="stepIndex">23</property>
</record>
<record>
  <date>2026-05-26T21:05:11.340538300Z</date>
  <millis>1779829511340</millis>
  <nanos>538300</nanos>
  <sequence>1091</sequence>
  <level>PASSED</level>
  <class>com.kms.katalon.core.logging.XmlKeywordLogger</class>
  <method>logMessage</method>
  <thread>1</thread>
  <message>Object &amp;apos;&amp;apos; is present</message>
  <nestedLevel>1</nestedLevel>
  <escapedJava>false</escapedJava>
  <property name="testops-method-name">com.kms.katalon.core.webui.keyword.internal.WebUIKeywordMain.runKeywordUntilTimeout</property>
  <property name="testops-execution-stacktrace">com.kms.katalon.core.logging.KeywordLogger.logPassed(KeywordLogger.java:350)
com.kms.katalon.core.logging.KeywordLogger.logPassed(KeywordLogger.java:345)
com.kms.katalon.core.webui.keyword.builtin.WaitForElementPresentKeyword$_waitForElementPresent_closure1.doCall(WaitForElementPresentKeyword.groovy:56)
java.base/jdk.internal.reflect.DirectMethodHandleAccessor.invoke(DirectMethodHandleAccessor.java:103)
jdk.proxy2/jdk.proxy2.$Proxy56.execute(Unknown Source)
com.kms.katalon.core.webui.model.SeleniumActionRetryController.performAction(SeleniumActionRetryController.java:96)
com.kms.katalon.core.webui.model.SeleniumActionRetryController.performAction(SeleniumActionRetryController.java:83)
com.kms.katalon.core.webui.keyword.internal.WebUIKeywordMain$_runKeywordUntilTimeout_closure2.doCall(WebUIKeywordMain.groovy:155)
com.kms.katalon.core.webui.keyword.internal.WebUIKeywordMain$_runKeywordUntilTimeout_closure2.call(WebUIKeywordMain.groovy)
com.kms.katalon.core.webui.keyword.internal.WebUIKeywordMain.runKeyword(WebUIKeywordMain.groovy:41)
com.kms.katalon.core.webui.keyword.internal.WebUIKeywordMain.runKeywordUntilTimeout(WebUIKeywordMain.groovy:152)
com.kms.katalon.core.webui.keyword.builtin.WaitForElementPresentKeyword.waitForElementPresent(WaitForElementPresentKeyword.groovy:68)
com.kms.katalon.core.webui.keyword.builtin.WaitForElementPresentKeyword.execute(WaitForElementPresentKeyword.groovy:38)
com.kms.katalon.core.keyword.internal.KeywordExecutor.executeKeywordForPlatform(KeywordExecutor.groovy:99)
com.kms.katalon.core.webui.keyword.WebUiBuiltInKeywords.waitForElementPresent(WebUiBuiltInKeywords.groovy:424)
Upload_file_Without_Classification.run(Upload_file_Without_Classification:117)
</property>
</record>
<record>
  <date>2026-05-26T21:05:11.345280400Z</date>
  <millis>1779829511345</millis>
  <nanos>280400</nanos>
  <sequence>1092</sequence>
  <level>END</level>
  <class>com.kms.katalon.core.logging.XmlKeywordLogger</class>
  <method>endKeyword</method>
  <thread>1</thread>
  <message>End action : waitForElementPresent(fileInput, 20)</message>
  <nestedLevel>1</nestedLevel>
  <escapedJava>false</escapedJava>
</record>
<record>
  <date>2026-05-26T21:05:11.433130500Z</date>
  <millis>1779829511433</millis>
  <nanos>130500</nanos>
  <sequence>1093</sequence>
  <level>START</level>
  <class>com.kms.katalon.core.logging.XmlKeywordLogger</class>
  <method>startKeyword</method>
  <thread>1</thread>
  <message>Start action : executeJavaScript(&amp;quot;\narguments[0].style.display=&amp;apos;block&amp;apos;;\narguments[0].style.visibility=&amp;apos;visible&amp;apos;;\narguments[0].removeAttribute(&amp;apos;hidden&amp;apos;);\narguments[0].removeAttribute(&amp;apos;disabled&amp;apos;);\n&amp;quot;, [findWebElement(fileInput, 20)])</message>
  <nestedLevel>1</nestedLevel>
  <escapedJava>false</escapedJava>
  <property name="startLine">123</property>
  <property name="stepIndex">24</property>
</record>
<record>
  <date>2026-05-26T21:05:11.758168600Z</date>
  <millis>1779829511758</millis>
  <nanos>168600</nanos>
  <sequence>1099</sequence>
  <level>PASSED</level>
  <class>com.kms.katalon.core.logging.XmlKeywordLogger</class>
  <method>logMessage</method>
  <thread>1</thread>
  <message>Found web element by test object </message>
  <nestedLevel>1</nestedLevel>
  <escapedJava>false</escapedJava>
  <property name="testops-method-name">com.kms.katalon.core.webui.keyword.internal.WebUIKeywordMain.runKeywordUntilTimeout</property>
  <property name="testops-execution-stacktrace">com.kms.katalon.core.logging.KeywordLogger.logPassed(KeywordLogger.java:350)
com.kms.katalon.core.logging.KeywordLogger.logPassed(KeywordLogger.java:345)
com.kms.katalon.core.webui.keyword.builtin.FindWebElementKeyword$_findWebElement_closure1.doCall(FindWebElementKeyword.groovy:52)
java.base/jdk.internal.reflect.DirectMethodHandleAccessor.invoke(DirectMethodHandleAccessor.java:103)
jdk.proxy2/jdk.proxy2.$Proxy56.execute(Unknown Source)
com.kms.katalon.core.webui.model.SeleniumActionRetryController.performAction(SeleniumActionRetryController.java:96)
com.kms.katalon.core.webui.model.SeleniumActionRetryController.performAction(SeleniumActionRetryController.java:83)
com.kms.katalon.core.webui.keyword.internal.WebUIKeywordMain$_runKeywordUntilTimeout_closure2.doCall(WebUIKeywordMain.groovy:155)
com.kms.katalon.core.webui.keyword.internal.WebUIKeywordMain$_runKeywordUntilTimeout_closure2.call(WebUIKeywordMain.groovy)
com.kms.katalon.core.webui.keyword.internal.WebUIKeywordMain.runKeyword(WebUIKeywordMain.groovy:41)
com.kms.katalon.core.webui.keyword.internal.WebUIKeywordMain.runKeywordUntilTimeout(WebUIKeywordMain.groovy:152)
com.kms.katalon.core.webui.keyword.builtin.FindWebElementKeyword.findWebElement(FindWebElementKeyword.groovy:60)
com.kms.katalon.core.webui.keyword.builtin.FindWebElementKeyword.execute(FindWebElementKeyword.groovy:39)
com.kms.katalon.core.keyword.internal.KeywordExecutor.executeKeywordForPlatform(KeywordExecutor.groovy:99)
com.kms.katalon.core.webui.keyword.WebUiBuiltInKeywords.findWebElement(WebUiBuiltInKeywords.groovy:2945)
Upload_file_Without_Classification.run(Upload_file_Without_Classification:131)
</property>
</record>
<record>
  <date>2026-05-26T21:05:11.799739100Z</date>
  <millis>1779829511799</millis>
  <nanos>739100</nanos>
  <sequence>1101</sequence>
  <level>PASSED</level>
  <class>com.kms.katalon.core.logging.XmlKeywordLogger</class>
  <method>logMessage</method>
  <thread>1</thread>
  <message>Execute JavaScript &amp;apos;
arguments[0].style.display=&amp;apos;block&amp;apos;;
arguments[0].style.visibility=&amp;apos;visible&amp;apos;;
arguments[0].removeAttribute(&amp;apos;hidden&amp;apos;);
arguments[0].removeAttribute(&amp;apos;disabled&amp;apos;);
&amp;apos; successfully</message>
  <nestedLevel>1</nestedLevel>
  <escapedJava>false</escapedJava>
  <property name="testops-method-name">com.kms.katalon.core.webui.keyword.builtin.ExecuteJavaScriptKeyword.executeJavascript</property>
  <property name="testops-execution-stacktrace"></property>
</record>
<record>
  <date>2026-05-26T21:05:11.803976300Z</date>
  <millis>1779829511803</millis>
  <nanos>976300</nanos>
  <sequence>1102</sequence>
  <level>END</level>
  <class>com.kms.katalon.core.logging.XmlKeywordLogger</class>
  <method>endKeyword</method>
  <thread>1</thread>
  <message>End action : executeJavaScript(&amp;quot;\narguments[0].style.display=&amp;apos;block&amp;apos;;\narguments[0].style.visibility=&amp;apos;visible&amp;apos;;\narguments[0].removeAttribute(&amp;apos;hidden&amp;apos;);\narguments[0].removeAttribute(&amp;apos;disabled&amp;apos;);\n&amp;quot;, [findWebElement(fileInput, 20)])</message>
  <nestedLevel>1</nestedLevel>
  <escapedJava>false</escapedJava>
</record>
<record>
  <date>2026-05-26T21:05:11.804972Z</date>
  <millis>1779829511804</millis>
  <nanos>972000</nanos>
  <sequence>1103</sequence>
  <level>START</level>
  <class>com.kms.katalon.core.logging.XmlKeywordLogger</class>
  <method>startKeyword</method>
  <thread>1</thread>
  <message>Start action : uploadFile(fileInput, uploadFile)</message>
  <nestedLevel>1</nestedLevel>
  <escapedJava>false</escapedJava>
  <property name="startLine">142</property>
  <property name="stepIndex">25</property>
</record>
<record>
  <date>2026-05-26T21:05:12.362923700Z</date>
  <millis>1779829512362</millis>
  <nanos>923700</nanos>
  <sequence>1112</sequence>
  <level>WARNING</level>
  <class>com.kms.katalon.core.logging.XmlKeywordLogger</class>
  <method>logMessage</method>
  <thread>1</thread>
  <message>Cannot clear the existing file path in the input element. Continue to upload file.</message>
  <nestedLevel>1</nestedLevel>
  <escapedJava>false</escapedJava>
</record>
<record>
  <date>2026-05-26T21:05:12.457429300Z</date>
  <millis>1779829512457</millis>
  <nanos>429300</nanos>
  <sequence>1113</sequence>
  <level>PASSED</level>
  <class>com.kms.katalon.core.logging.XmlKeywordLogger</class>
  <method>logMessage</method>
  <thread>1</thread>
  <message>File &amp;apos;C:/Users/CROWN-STAFF/git/convergence-qa-tests/Include/test-files/TASK CYCLE.pdf&amp;apos; sent to object: &amp;apos;&amp;apos;</message>
  <nestedLevel>1</nestedLevel>
  <escapedJava>false</escapedJava>
  <property name="testops-method-name">com.kms.katalon.core.webui.keyword.builtin.UploadFileKeyword.uploadFile</property>
  <property name="testops-execution-stacktrace"></property>
</record>
<record>
  <date>2026-05-26T21:05:12.459970200Z</date>
  <millis>1779829512459</millis>
  <nanos>970200</nanos>
  <sequence>1114</sequence>
  <level>END</level>
  <class>com.kms.katalon.core.logging.XmlKeywordLogger</class>
  <method>endKeyword</method>
  <thread>1</thread>
  <message>End action : uploadFile(fileInput, uploadFile)</message>
  <nestedLevel>1</nestedLevel>
  <escapedJava>false</escapedJava>
</record>
<record>
  <date>2026-05-26T21:05:12.462100Z</date>
  <millis>1779829512462</millis>
  <nanos>100000</nanos>
  <sequence>1115</sequence>
  <level>START</level>
  <class>com.kms.katalon.core.logging.XmlKeywordLogger</class>
  <method>startKeyword</method>
  <thread>1</thread>
  <message>Start action : println(&amp;quot;File injected successfully&amp;quot;)</message>
  <nestedLevel>1</nestedLevel>
  <escapedJava>false</escapedJava>
  <property name="startLine">147</property>
  <property name="stepIndex">26</property>
</record>
<record>
  <date>2026-05-26T21:05:12.462100Z</date>
  <millis>1779829512462</millis>
  <nanos>100000</nanos>
  <sequence>1116</sequence>
  <level>END</level>
  <class>com.kms.katalon.core.logging.XmlKeywordLogger</class>
  <method>endKeyword</method>
  <thread>1</thread>
  <message>End action : println(&amp;quot;File injected successfully&amp;quot;)</message>
  <nestedLevel>1</nestedLevel>
  <escapedJava>false</escapedJava>
</record>
<record>
  <date>2026-05-26T21:05:12.462100Z</date>
  <millis>1779829512462</millis>
  <nanos>100000</nanos>
  <sequence>1117</sequence>
  <level>START</level>
  <class>com.kms.katalon.core.logging.XmlKeywordLogger</class>
  <method>startKeyword</method>
  <thread>1</thread>
  <message>Start action : delay(8)</message>
  <nestedLevel>1</nestedLevel>
  <escapedJava>false</escapedJava>
  <property name="startLine">152</property>
  <property name="stepIndex">27</property>
</record>
<record>
  <date>2026-05-26T21:05:20.478572300Z</date>
  <millis>1779829520478</millis>
  <nanos>572300</nanos>
  <sequence>1120</sequence>
  <level>PASSED</level>
  <class>com.kms.katalon.core.logging.XmlKeywordLogger</class>
  <method>logMessage</method>
  <thread>1</thread>
  <message>Delayed 8 second(s)</message>
  <nestedLevel>1</nestedLevel>
  <escapedJava>false</escapedJava>
  <property name="testops-method-name">com.kms.katalon.core.keyword.builtin.DelayKeyword.delay</property>
  <property name="testops-execution-stacktrace"></property>
</record>
<record>
  <date>2026-05-26T21:05:20.481667800Z</date>
  <millis>1779829520481</millis>
  <nanos>667800</nanos>
  <sequence>1121</sequence>
  <level>END</level>
  <class>com.kms.katalon.core.logging.XmlKeywordLogger</class>
  <method>endKeyword</method>
  <thread>1</thread>
  <message>End action : delay(8)</message>
  <nestedLevel>1</nestedLevel>
  <escapedJava>false</escapedJava>
</record>
<record>
  <date>2026-05-26T21:05:20.482684Z</date>
  <millis>1779829520482</millis>
  <nanos>684000</nanos>
  <sequence>1122</sequence>
  <level>START</level>
  <class>com.kms.katalon.core.logging.XmlKeywordLogger</class>
  <method>startKeyword</method>
  <thread>1</thread>
  <message>Start action : noButton = new com.kms.katalon.core.testobject.TestObject()</message>
  <nestedLevel>1</nestedLevel>
  <escapedJava>false</escapedJava>
  <property name="startLine">157</property>
  <property name="stepIndex">28</property>
</record>
<record>
  <date>2026-05-26T21:05:20.487688100Z</date>
  <millis>1779829520487</millis>
  <nanos>688100</nanos>
  <sequence>1123</sequence>
  <level>END</level>
  <class>com.kms.katalon.core.logging.XmlKeywordLogger</class>
  <method>endKeyword</method>
  <thread>1</thread>
  <message>End action : noButton = new com.kms.katalon.core.testobject.TestObject()</message>
  <nestedLevel>1</nestedLevel>
  <escapedJava>false</escapedJava>
</record>
<record>
  <date>2026-05-26T21:05:20.489699500Z</date>
  <millis>1779829520489</millis>
  <nanos>699500</nanos>
  <sequence>1124</sequence>
  <level>START</level>
  <class>com.kms.katalon.core.logging.XmlKeywordLogger</class>
  <method>startKeyword</method>
  <thread>1</thread>
  <message>Start action : noButton.addProperty(&amp;quot;xpath&amp;quot;, EQUALS, &amp;quot;//button[normalize-space()=&amp;apos;No&amp;apos;]&amp;quot;)</message>
  <nestedLevel>1</nestedLevel>
  <escapedJava>false</escapedJava>
  <property name="startLine">159</property>
  <property name="stepIndex">29</property>
</record>
<record>
  <date>2026-05-26T21:05:20.491246200Z</date>
  <millis>1779829520491</millis>
  <nanos>246200</nanos>
  <sequence>1125</sequence>
  <level>END</level>
  <class>com.kms.katalon.core.logging.XmlKeywordLogger</class>
  <method>endKeyword</method>
  <thread>1</thread>
  <message>End action : noButton.addProperty(&amp;quot;xpath&amp;quot;, EQUALS, &amp;quot;//button[normalize-space()=&amp;apos;No&amp;apos;]&amp;quot;)</message>
  <nestedLevel>1</nestedLevel>
  <escapedJava>false</escapedJava>
</record>
<record>
  <date>2026-05-26T21:05:20.492242400Z</date>
  <millis>1779829520492</millis>
  <nanos>242400</nanos>
  <sequence>1126</sequence>
  <level>START</level>
  <class>com.kms.katalon.core.logging.XmlKeywordLogger</class>
  <method>startKeyword</method>
  <thread>1</thread>
  <message>Start action : modalPresent = waitForElementPresent(noButton, 10, OPTIONAL)</message>
  <nestedLevel>1</nestedLevel>
  <escapedJava>false</escapedJava>
  <property name="startLine">165</property>
  <property name="stepIndex">30</property>
</record>
<record>
  <date>2026-05-26T21:05:20.792502300Z</date>
  <millis>1779829520792</millis>
  <nanos>502300</nanos>
  <sequence>1132</sequence>
  <level>PASSED</level>
  <class>com.kms.katalon.core.logging.XmlKeywordLogger</class>
  <method>logMessage</method>
  <thread>1</thread>
  <message>Object &amp;apos;&amp;apos; is present</message>
  <nestedLevel>1</nestedLevel>
  <escapedJava>false</escapedJava>
  <property name="testops-method-name">com.kms.katalon.core.webui.keyword.internal.WebUIKeywordMain.runKeywordUntilTimeout</property>
  <property name="testops-execution-stacktrace">com.kms.katalon.core.logging.KeywordLogger.logPassed(KeywordLogger.java:350)
com.kms.katalon.core.logging.KeywordLogger.logPassed(KeywordLogger.java:345)
com.kms.katalon.core.webui.keyword.builtin.WaitForElementPresentKeyword$_waitForElementPresent_closure1.doCall(WaitForElementPresentKeyword.groovy:56)
java.base/jdk.internal.reflect.DirectMethodHandleAccessor.invoke(DirectMethodHandleAccessor.java:103)
jdk.proxy2/jdk.proxy2.$Proxy56.execute(Unknown Source)
com.kms.katalon.core.webui.model.SeleniumActionRetryController.performAction(SeleniumActionRetryController.java:96)
com.kms.katalon.core.webui.model.SeleniumActionRetryController.performAction(SeleniumActionRetryController.java:83)
com.kms.katalon.core.webui.keyword.internal.WebUIKeywordMain$_runKeywordUntilTimeout_closure2.doCall(WebUIKeywordMain.groovy:155)
com.kms.katalon.core.webui.keyword.internal.WebUIKeywordMain$_runKeywordUntilTimeout_closure2.call(WebUIKeywordMain.groovy)
com.kms.katalon.core.webui.keyword.internal.WebUIKeywordMain.runKeyword(WebUIKeywordMain.groovy:41)
com.kms.katalon.core.webui.keyword.internal.WebUIKeywordMain.runKeywordUntilTimeout(WebUIKeywordMain.groovy:152)
com.kms.katalon.core.webui.keyword.builtin.WaitForElementPresentKeyword.waitForElementPresent(WaitForElementPresentKeyword.groovy:68)
com.kms.katalon.core.webui.keyword.builtin.WaitForElementPresentKeyword.execute(WaitForElementPresentKeyword.groovy:38)
com.kms.katalon.core.keyword.internal.KeywordExecutor.executeKeywordForPlatform(KeywordExecutor.groovy:99)
com.kms.katalon.core.webui.keyword.WebUiBuiltInKeywords.waitForElementPresent(WebUiBuiltInKeywords.groovy:408)
Upload_file_Without_Classification.run(Upload_file_Without_Classification:166)
</property>
</record>
<record>
  <date>2026-05-26T21:05:20.794508800Z</date>
  <millis>1779829520794</millis>
  <nanos>508800</nanos>
  <sequence>1133</sequence>
  <level>END</level>
  <class>com.kms.katalon.core.logging.XmlKeywordLogger</class>
  <method>endKeyword</method>
  <thread>1</thread>
  <message>End action : modalPresent = waitForElementPresent(noButton, 10, OPTIONAL)</message>
  <nestedLevel>1</nestedLevel>
  <escapedJava>false</escapedJava>
</record>
<record>
  <date>2026-05-26T21:05:20.795497800Z</date>
  <millis>1779829520795</millis>
  <nanos>497800</nanos>
  <sequence>1134</sequence>
  <level>START</level>
  <class>com.kms.katalon.core.logging.XmlKeywordLogger</class>
  <method>startKeyword</method>
  <thread>1</thread>
  <message>Start action : if (modalPresent)</message>
  <nestedLevel>1</nestedLevel>
  <escapedJava>false</escapedJava>
  <property name="startLine">172</property>
  <property name="stepIndex">31</property>
</record>
<record>
  <date>2026-05-26T21:05:20.797500400Z</date>
  <millis>1779829520797</millis>
  <nanos>500400</nanos>
  <sequence>1135</sequence>
  <level>START</level>
  <class>com.kms.katalon.core.logging.XmlKeywordLogger</class>
  <method>startKeyword</method>
  <thread>1</thread>
  <message>Start action : waitForElementClickable(noButton, 10)</message>
  <nestedLevel>2</nestedLevel>
  <escapedJava>false</escapedJava>
  <property name="startLine">174</property>
  <property name="stepIndex">1</property>
</record>
<record>
  <date>2026-05-26T21:05:21.194044Z</date>
  <millis>1779829521194</millis>
  <nanos>44000</nanos>
  <sequence>1141</sequence>
  <level>PASSED</level>
  <class>com.kms.katalon.core.logging.XmlKeywordLogger</class>
  <method>logMessage</method>
  <thread>1</thread>
  <message>Object &amp;apos;&amp;apos; is clickable</message>
  <nestedLevel>1</nestedLevel>
  <escapedJava>false</escapedJava>
  <property name="testops-method-name">com.kms.katalon.core.webui.keyword.internal.WebUIKeywordMain.runKeywordUntilTimeout</property>
  <property name="testops-execution-stacktrace">com.kms.katalon.core.logging.KeywordLogger.logPassed(KeywordLogger.java:350)
com.kms.katalon.core.logging.KeywordLogger.logPassed(KeywordLogger.java:345)
com.kms.katalon.core.logging.KeywordLogger$logPassed$0.call(Unknown Source)
com.kms.katalon.core.webui.keyword.builtin.WaitForElementClickableKeyword$_waitForElementClickable_closure1.doCall(WaitForElementClickableKeyword.groovy:59)
java.base/jdk.internal.reflect.DirectMethodHandleAccessor.invoke(DirectMethodHandleAccessor.java:103)
jdk.proxy2/jdk.proxy2.$Proxy56.execute(Unknown Source)
com.kms.katalon.core.webui.model.SeleniumActionRetryController.performAction(SeleniumActionRetryController.java:96)
com.kms.katalon.core.webui.model.SeleniumActionRetryController.performAction(SeleniumActionRetryController.java:83)
com.kms.katalon.core.webui.keyword.internal.WebUIKeywordMain$_runKeywordUntilTimeout_closure2.doCall(WebUIKeywordMain.groovy:155)
com.kms.katalon.core.webui.keyword.internal.WebUIKeywordMain$_runKeywordUntilTimeout_closure2.call(WebUIKeywordMain.groovy)
com.kms.katalon.core.webui.keyword.internal.WebUIKeywordMain.runKeyword(WebUIKeywordMain.groovy:41)
com.kms.katalon.core.webui.keyword.internal.WebUIKeywordMain.runKeywordUntilTimeout(WebUIKeywordMain.groovy:152)
com.kms.katalon.core.webui.keyword.internal.WebUIKeywordMain$runKeywordUntilTimeout.call(Unknown Source)
com.kms.katalon.core.webui.keyword.builtin.WaitForElementClickableKeyword.waitForElementClickable(WaitForElementClickableKeyword.groovy:76)
com.kms.katalon.core.webui.keyword.builtin.WaitForElementClickableKeyword.execute(WaitForElementClickableKeyword.groovy:42)
com.kms.katalon.core.keyword.internal.KeywordExecutor.executeKeywordForPlatform(KeywordExecutor.groovy:99)
com.kms.katalon.core.webui.keyword.WebUiBuiltInKeywords.waitForElementClickable(WebUiBuiltInKeywords.groovy:581)
Upload_file_Without_Classification.run(Upload_file_Without_Classification:174)
</property>
</record>
<record>
  <date>2026-05-26T21:05:21.197065Z</date>
  <millis>1779829521197</millis>
  <nanos>65000</nanos>
  <sequence>1142</sequence>
  <level>END</level>
  <class>com.kms.katalon.core.logging.XmlKeywordLogger</class>
  <method>endKeyword</method>
  <thread>1</thread>
  <message>End action : waitForElementClickable(noButton, 10)</message>
  <nestedLevel>2</nestedLevel>
  <escapedJava>false</escapedJava>
</record>
<record>
  <date>2026-05-26T21:05:21.197065Z</date>
  <millis>1779829521197</millis>
  <nanos>65000</nanos>
  <sequence>1143</sequence>
  <level>START</level>
  <class>com.kms.katalon.core.logging.XmlKeywordLogger</class>
  <method>startKeyword</method>
  <thread>1</thread>
  <message>Start action : enhancedClick(noButton)</message>
  <nestedLevel>2</nestedLevel>
  <escapedJava>false</escapedJava>
  <property name="startLine">179</property>
  <property name="stepIndex">2</property>
</record>
<record>
  <date>2026-05-26T21:05:21.910201900Z</date>
  <millis>1779829521910</millis>
  <nanos>201900</nanos>
  <sequence>1154</sequence>
  <level>PASSED</level>
  <class>com.kms.katalon.core.logging.XmlKeywordLogger</class>
  <method>logMessage</method>
  <thread>1</thread>
  <message>Object: &amp;apos;&amp;apos; is clicked on</message>
  <nestedLevel>1</nestedLevel>
  <escapedJava>false</escapedJava>
  <property name="testops-method-name">com.kms.katalon.core.webui.keyword.internal.WebUIKeywordMain.runKeywordUntilTimeout</property>
  <property name="testops-execution-stacktrace">com.kms.katalon.core.logging.KeywordLogger.logPassed(KeywordLogger.java:350)
com.kms.katalon.core.logging.KeywordLogger.logPassed(KeywordLogger.java:345)
com.kms.katalon.core.webui.keyword.builtin.EnhancedClickKeyword$_click_closure1$_closure5.doCall(EnhancedClickKeyword.groovy:88)
java.base/jdk.internal.reflect.DirectMethodHandleAccessor.invoke(DirectMethodHandleAccessor.java:103)
jdk.proxy2/jdk.proxy2.$Proxy60.accept(Unknown Source)
com.kms.katalon.core.trymonad.Success.onSuccess(Try.java:263)
com.kms.katalon.core.webui.keyword.builtin.EnhancedClickKeyword$_click_closure1.doCall(EnhancedClickKeyword.groovy:71)
java.base/jdk.internal.reflect.DirectMethodHandleAccessor.invoke(DirectMethodHandleAccessor.java:103)
jdk.proxy2/jdk.proxy2.$Proxy56.execute(Unknown Source)
com.kms.katalon.core.webui.model.SeleniumActionRetryController.performAction(SeleniumActionRetryController.java:96)
com.kms.katalon.core.webui.model.SeleniumActionRetryController.performAction(SeleniumActionRetryController.java:83)
com.kms.katalon.core.webui.keyword.internal.WebUIKeywordMain$_runKeywordUntilTimeout_closure1.doCall(WebUIKeywordMain.groovy:135)
com.kms.katalon.core.webui.keyword.internal.WebUIKeywordMain$_runKeywordUntilTimeout_closure1.call(WebUIKeywordMain.groovy)
com.kms.katalon.core.webui.keyword.internal.WebUIKeywordMain.runKeyword(WebUIKeywordMain.groovy:41)
com.kms.katalon.core.webui.keyword.internal.WebUIKeywordMain.runKeywordUntilTimeout(WebUIKeywordMain.groovy:133)
com.kms.katalon.core.webui.keyword.builtin.EnhancedClickKeyword.click(EnhancedClickKeyword.groovy:95)
com.kms.katalon.core.webui.keyword.builtin.EnhancedClickKeyword.execute(EnhancedClickKeyword.groovy:41)
com.kms.katalon.core.keyword.internal.KeywordExecutor.executeKeywordForPlatform(KeywordExecutor.groovy:99)
com.kms.katalon.core.webui.keyword.WebUiBuiltInKeywords.enhancedClick(WebUiBuiltInKeywords.groovy:748)
Upload_file_Without_Classification.run(Upload_file_Without_Classification:179)
</property>
</record>
<record>
  <date>2026-05-26T21:05:21.914465200Z</date>
  <millis>1779829521914</millis>
  <nanos>465200</nanos>
  <sequence>1155</sequence>
  <level>END</level>
  <class>com.kms.katalon.core.logging.XmlKeywordLogger</class>
  <method>endKeyword</method>
  <thread>1</thread>
  <message>End action : enhancedClick(noButton)</message>
  <nestedLevel>2</nestedLevel>
  <escapedJava>false</escapedJava>
</record>
<record>
  <date>2026-05-26T21:05:21.915492900Z</date>
  <millis>1779829521915</millis>
  <nanos>492900</nanos>
  <sequence>1156</sequence>
  <level>START</level>
  <class>com.kms.katalon.core.logging.XmlKeywordLogger</class>
  <method>startKeyword</method>
  <thread>1</thread>
  <message>Start action : println(&amp;quot;Clicked NO&amp;quot;)</message>
  <nestedLevel>2</nestedLevel>
  <escapedJava>false</escapedJava>
  <property name="startLine">183</property>
  <property name="stepIndex">3</property>
</record>
<record>
  <date>2026-05-26T21:05:21.924441700Z</date>
  <millis>1779829521924</millis>
  <nanos>441700</nanos>
  <sequence>1157</sequence>
  <level>END</level>
  <class>com.kms.katalon.core.logging.XmlKeywordLogger</class>
  <method>endKeyword</method>
  <thread>1</thread>
  <message>End action : println(&amp;quot;Clicked NO&amp;quot;)</message>
  <nestedLevel>2</nestedLevel>
  <escapedJava>false</escapedJava>
</record>
<record>
  <date>2026-05-26T21:05:21.925446200Z</date>
  <millis>1779829521925</millis>
  <nanos>446200</nanos>
  <sequence>1158</sequence>
  <level>END</level>
  <class>com.kms.katalon.core.logging.XmlKeywordLogger</class>
  <method>endKeyword</method>
  <thread>1</thread>
  <message>End action : if (modalPresent)</message>
  <nestedLevel>1</nestedLevel>
  <escapedJava>false</escapedJava>
</record>
<record>
  <date>2026-05-26T21:05:21.927664900Z</date>
  <millis>1779829521927</millis>
  <nanos>664900</nanos>
  <sequence>1159</sequence>
  <level>START</level>
  <class>com.kms.katalon.core.logging.XmlKeywordLogger</class>
  <method>startKeyword</method>
  <thread>1</thread>
  <message>Start action : println(&amp;quot;Upload completed&amp;quot;)</message>
  <nestedLevel>1</nestedLevel>
  <escapedJava>false</escapedJava>
  <property name="startLine">186</property>
  <property name="stepIndex">32</property>
</record>
<record>
  <date>2026-05-26T21:05:21.930177300Z</date>
  <millis>1779829521930</millis>
  <nanos>177300</nanos>
  <sequence>1160</sequence>
  <level>END</level>
  <class>com.kms.katalon.core.logging.XmlKeywordLogger</class>
  <method>endKeyword</method>
  <thread>1</thread>
  <message>End action : println(&amp;quot;Upload completed&amp;quot;)</message>
  <nestedLevel>1</nestedLevel>
  <escapedJava>false</escapedJava>
</record>
<record>
  <date>2026-05-26T21:05:21.931196100Z</date>
  <millis>1779829521931</millis>
  <nanos>196100</nanos>
  <sequence>1161</sequence>
  <level>PASSED</level>
  <class>com.kms.katalon.core.logging.XmlKeywordLogger</class>
  <method>logMessage</method>
  <thread>1</thread>
  <message>Test Cases/TaskActions/Uploads/Upload_file_Without_Classification</message>
  <nestedLevel>1</nestedLevel>
  <escapedJava>false</escapedJava>
</record>
<record>
  <date>2026-05-26T21:05:21.932208800Z</date>
  <millis>1779829521932</millis>
  <nanos>208800</nanos>
  <sequence>1162</sequence>
  <level>END</level>
  <class>com.kms.katalon.core.logging.XmlKeywordLogger</class>
  <method>endTest</method>
  <thread>1</thread>
  <message>End Test Case : Test Cases/TaskActions/Uploads/Upload_file_Without_Classification</message>
  <nestedLevel>0</nestedLevel>
  <escapedJava>false</escapedJava>
  <property name="executionBindingVariables">[]</property>
  <property name="applitools">false</property>
  <property name="remainingRetryCount">3</property>
  <property name="executedKeywords">{
  &quot;WebUI.switchToDefaultContent&quot;: 1,
  &quot;WebUI.waitForPageLoad&quot;: 2,
  &quot;WebUI.executeJavaScript&quot;: 1,
  &quot;WebUI.uploadFile&quot;: 1,
  &quot;WebUI.waitForElementPresent&quot;: 3,
  &quot;WebUI.scrollToElement&quot;: 1,
  &quot;BuiltIn.delay&quot;: 1,
  &quot;WebUI.enhancedClick&quot;: 3,
  &quot;WebUI.findWebElement&quot;: 1,
  &quot;WebUI.waitForElementClickable&quot;: 2
}</property>
  <property name="currentRetryCount">0</property>
  <property name="keywordsUsage">{
  &quot;web_ui&quot;: true,
  &quot;web_service&quot;: false,
  &quot;cucumber&quot;: false,
  &quot;builtin&quot;: true,
  &quot;mobile&quot;: false,
  &quot;windows&quot;: false,
  &quot;testng&quot;: false
}</property>
</record>
<record>
  <date>2026-05-26T21:05:21.965444100Z</date>
  <millis>1779829521965</millis>
  <nanos>444100</nanos>
  <sequence>1163</sequence>
  <level>START</level>
  <class>com.kms.katalon.core.logging.XmlKeywordLogger</class>
  <method>startTest</method>
  <thread>1</thread>
  <message>Start Test Case : Test Cases/TaskActions/Change_Priority/Priority</message>
  <nestedLevel>1</nestedLevel>
  <escapedJava>false</escapedJava>
  <property name="remainingRetryCount">3</property>
  <property name="origin"></property>
  <property name="name">Test Cases/TaskActions/Change_Priority/Priority</property>
  <property name="description"></property>
  <property name="iteration"></property>
  <property name="id">Test Cases/TaskActions/Change_Priority/Priority</property>
  <property name="source">C:\Users\CROWN-STAFF\git\convergence-qa-tests\Test Cases\TaskActions\Change_Priority\Priority.tc</property>
  <property name="tag"></property>
  <property name="isOptional">false</property>
  <property name="uuid">08e6cd4e-3575-4438-9c63-8434da09fb28</property>
  <property name="currentRetryCount">0</property>
</record>
<record>
  <date>2026-05-26T21:05:22.053936800Z</date>
  <millis>1779829522053</millis>
  <nanos>936800</nanos>
  <sequence>1165</sequence>
  <level>RUN_DATA</level>
  <class>com.kms.katalon.core.logging.XmlKeywordLogger</class>
  <method>logMessage</method>
  <thread>1</thread>
  <message>executionBindingVariables = []</message>
  <nestedLevel>1</nestedLevel>
  <escapedJava>false</escapedJava>
  <property name="executionBindingVariables">[]</property>
</record>
<record>
  <date>2026-05-26T21:05:22.217853300Z</date>
  <millis>1779829522217</millis>
  <nanos>853300</nanos>
  <sequence>1166</sequence>
  <level>START</level>
  <class>com.kms.katalon.core.logging.XmlKeywordLogger</class>
  <method>startKeyword</method>
  <thread>1</thread>
  <message>Start action : waitForPageLoad(20)</message>
  <nestedLevel>1</nestedLevel>
  <escapedJava>false</escapedJava>
  <property name="startLine">5</property>
  <property name="stepIndex">1</property>
</record>
<record>
  <date>2026-05-26T21:05:22.257450300Z</date>
  <millis>1779829522257</millis>
  <nanos>450300</nanos>
  <sequence>1170</sequence>
  <level>PASSED</level>
  <class>com.kms.katalon.core.logging.XmlKeywordLogger</class>
  <method>logMessage</method>
  <thread>1</thread>
  <message>Wait for page load successfully</message>
  <nestedLevel>1</nestedLevel>
  <escapedJava>false</escapedJava>
  <property name="testops-method-name">com.kms.katalon.core.webui.keyword.internal.WebUIKeywordMain$runKeyword$0.call</property>
  <property name="testops-execution-stacktrace">com.kms.katalon.core.logging.KeywordLogger.logPassed(KeywordLogger.java:350)
com.kms.katalon.core.logging.KeywordLogger.logPassed(KeywordLogger.java:345)
com.kms.katalon.core.logging.KeywordLogger$logPassed$0.call(Unknown Source)
com.kms.katalon.core.webui.keyword.builtin.WaitForPageLoadKeyword$_waitForPageLoad_closure1.doCall(WaitForPageLoadKeyword.groovy:94)
com.kms.katalon.core.webui.keyword.builtin.WaitForPageLoadKeyword$_waitForPageLoad_closure1.doCall(WaitForPageLoadKeyword.groovy)
java.base/jdk.internal.reflect.DirectMethodHandleAccessor.invoke(DirectMethodHandleAccessor.java:103)
com.kms.katalon.core.webui.keyword.internal.WebUIKeywordMain.runKeyword(WebUIKeywordMain.groovy:41)
com.kms.katalon.core.webui.keyword.internal.WebUIKeywordMain$runKeyword$0.call(Unknown Source)
com.kms.katalon.core.webui.keyword.builtin.WaitForPageLoadKeyword.waitForPageLoad(WaitForPageLoadKeyword.groovy:95)
com.kms.katalon.core.webui.keyword.builtin.WaitForPageLoadKeyword.execute(WaitForPageLoadKeyword.groovy:68)
com.kms.katalon.core.keyword.internal.KeywordExecutor.executeKeywordForPlatform(KeywordExecutor.groovy:99)
com.kms.katalon.core.webui.keyword.WebUiBuiltInKeywords.waitForPageLoad(WebUiBuiltInKeywords.groovy:2559)
Priority.run(Priority:5)
</property>
</record>
<record>
  <date>2026-05-26T21:05:22.303882600Z</date>
  <millis>1779829522303</millis>
  <nanos>882600</nanos>
  <sequence>1171</sequence>
  <level>END</level>
  <class>com.kms.katalon.core.logging.XmlKeywordLogger</class>
  <method>endKeyword</method>
  <thread>1</thread>
  <message>End action : waitForPageLoad(20)</message>
  <nestedLevel>1</nestedLevel>
  <escapedJava>false</escapedJava>
</record>
<record>
  <date>2026-05-26T21:05:22.305152900Z</date>
  <millis>1779829522305</millis>
  <nanos>152900</nanos>
  <sequence>1172</sequence>
  <level>START</level>
  <class>com.kms.katalon.core.logging.XmlKeywordLogger</class>
  <method>startKeyword</method>
  <thread>1</thread>
  <message>Start action : waitForElementClickable(findTestObject(&amp;quot;Page_Work Order  View- Workforce Manager/i_fa fa-pencil text-interact-blue&amp;quot;), 20)</message>
  <nestedLevel>1</nestedLevel>
  <escapedJava>false</escapedJava>
  <property name="startLine">8</property>
  <property name="stepIndex">2</property>
</record>
<record>
  <date>2026-05-26T21:05:33.094175Z</date>
  <millis>1779829533094</millis>
  <nanos>175000</nanos>
  <sequence>1181</sequence>
  <level>PASSED</level>
  <class>com.kms.katalon.core.logging.XmlKeywordLogger</class>
  <method>logMessage</method>
  <thread>1</thread>
  <message>Object &amp;apos;Object Repository/Page_Work Order  View- Workforce Manager/i_fa fa-pencil text-interact-blue&amp;apos; is clickable</message>
  <nestedLevel>1</nestedLevel>
  <escapedJava>false</escapedJava>
  <property name="testops-method-name">com.kms.katalon.core.webui.keyword.internal.WebUIKeywordMain.runKeywordUntilTimeout</property>
  <property name="testops-execution-stacktrace">com.kms.katalon.core.logging.KeywordLogger.logPassed(KeywordLogger.java:350)
com.kms.katalon.core.logging.KeywordLogger.logPassed(KeywordLogger.java:345)
com.kms.katalon.core.logging.KeywordLogger$logPassed$0.call(Unknown Source)
com.kms.katalon.core.webui.keyword.builtin.WaitForElementClickableKeyword$_waitForElementClickable_closure1.doCall(WaitForElementClickableKeyword.groovy:59)
java.base/jdk.internal.reflect.DirectMethodHandleAccessor.invoke(DirectMethodHandleAccessor.java:103)
jdk.proxy2/jdk.proxy2.$Proxy56.execute(Unknown Source)
com.kms.katalon.core.webui.model.SeleniumActionRetryController.performAction(SeleniumActionRetryController.java:96)
com.kms.katalon.core.webui.model.SeleniumActionRetryController.performAction(SeleniumActionRetryController.java:83)
com.kms.katalon.core.webui.keyword.internal.WebUIKeywordMain$_runKeywordUntilTimeout_closure2.doCall(WebUIKeywordMain.groovy:155)
com.kms.katalon.core.webui.keyword.internal.WebUIKeywordMain$_runKeywordUntilTimeout_closure2.call(WebUIKeywordMain.groovy)
com.kms.katalon.core.webui.keyword.internal.WebUIKeywordMain.runKeyword(WebUIKeywordMain.groovy:41)
com.kms.katalon.core.webui.keyword.internal.WebUIKeywordMain.runKeywordUntilTimeout(WebUIKeywordMain.groovy:152)
com.kms.katalon.core.webui.keyword.internal.WebUIKeywordMain$runKeywordUntilTimeout.call(Unknown Source)
com.kms.katalon.core.webui.keyword.builtin.WaitForElementClickableKeyword.waitForElementClickable(WaitForElementClickableKeyword.groovy:76)
com.kms.katalon.core.webui.keyword.builtin.WaitForElementClickableKeyword.execute(WaitForElementClickableKeyword.groovy:42)
com.kms.katalon.core.keyword.internal.KeywordExecutor.executeKeywordForPlatform(KeywordExecutor.groovy:99)
com.kms.katalon.core.webui.keyword.WebUiBuiltInKeywords.waitForElementClickable(WebUiBuiltInKeywords.groovy:581)
Priority.run(Priority:9)
</property>
</record>
<record>
  <date>2026-05-26T21:05:33.099837300Z</date>
  <millis>1779829533099</millis>
  <nanos>837300</nanos>
  <sequence>1182</sequence>
  <level>END</level>
  <class>com.kms.katalon.core.logging.XmlKeywordLogger</class>
  <method>endKeyword</method>
  <thread>1</thread>
  <message>End action : waitForElementClickable(findTestObject(&amp;quot;Page_Work Order  View- Workforce Manager/i_fa fa-pencil text-interact-blue&amp;quot;), 20)</message>
  <nestedLevel>1</nestedLevel>
  <escapedJava>false</escapedJava>
</record>
<record>
  <date>2026-05-26T21:05:33.101396100Z</date>
  <millis>1779829533101</millis>
  <nanos>396100</nanos>
  <sequence>1183</sequence>
  <level>START</level>
  <class>com.kms.katalon.core.logging.XmlKeywordLogger</class>
  <method>startKeyword</method>
  <thread>1</thread>
  <message>Start action : click(findTestObject(&amp;quot;Page_Work Order  View- Workforce Manager/i_fa fa-pencil text-interact-blue&amp;quot;))</message>
  <nestedLevel>1</nestedLevel>
  <escapedJava>false</escapedJava>
  <property name="startLine">15</property>
  <property name="stepIndex">3</property>
</record>
<record>
  <date>2026-05-26T21:05:33.749485700Z</date>
  <millis>1779829533749</millis>
  <nanos>485700</nanos>
  <sequence>1194</sequence>
  <level>PASSED</level>
  <class>com.kms.katalon.core.logging.XmlKeywordLogger</class>
  <method>logMessage</method>
  <thread>1</thread>
  <message>Object: &amp;apos;Object Repository/Page_Work Order  View- Workforce Manager/i_fa fa-pencil text-interact-blue&amp;apos; is clicked on</message>
  <nestedLevel>1</nestedLevel>
  <escapedJava>false</escapedJava>
  <property name="testops-method-name">com.kms.katalon.core.webui.keyword.internal.WebUIKeywordMain.runKeywordUntilTimeout</property>
  <property name="testops-execution-stacktrace">com.kms.katalon.core.logging.KeywordLogger.logPassed(KeywordLogger.java:350)
com.kms.katalon.core.logging.KeywordLogger.logPassed(KeywordLogger.java:345)
com.kms.katalon.core.webui.keyword.builtin.ClickKeyword$_click_closure1.doCall(ClickKeyword.groovy:66)
java.base/jdk.internal.reflect.DirectMethodHandleAccessor.invoke(DirectMethodHandleAccessor.java:103)
jdk.proxy2/jdk.proxy2.$Proxy56.execute(Unknown Source)
com.kms.katalon.core.webui.model.SeleniumActionRetryController.performAction(SeleniumActionRetryController.java:96)
com.kms.katalon.core.webui.model.SeleniumActionRetryController.performAction(SeleniumActionRetryController.java:83)
com.kms.katalon.core.webui.keyword.internal.WebUIKeywordMain$_runKeywordUntilTimeout_closure1.doCall(WebUIKeywordMain.groovy:135)
com.kms.katalon.core.webui.keyword.internal.WebUIKeywordMain$_runKeywordUntilTimeout_closure1.call(WebUIKeywordMain.groovy)
com.kms.katalon.core.webui.keyword.internal.WebUIKeywordMain.runKeyword(WebUIKeywordMain.groovy:41)
com.kms.katalon.core.webui.keyword.internal.WebUIKeywordMain.runKeywordUntilTimeout(WebUIKeywordMain.groovy:133)
com.kms.katalon.core.webui.keyword.builtin.ClickKeyword.click(ClickKeyword.groovy:72)
com.kms.katalon.core.webui.keyword.builtin.ClickKeyword.execute(ClickKeyword.groovy:38)
com.kms.katalon.core.keyword.internal.KeywordExecutor.executeKeywordForPlatform(KeywordExecutor.groovy:99)
com.kms.katalon.core.webui.keyword.WebUiBuiltInKeywords.click(WebUiBuiltInKeywords.groovy:722)
Priority.run(Priority:16)
</property>
</record>
<record>
  <date>2026-05-26T21:05:33.754079700Z</date>
  <millis>1779829533754</millis>
  <nanos>79700</nanos>
  <sequence>1195</sequence>
  <level>END</level>
  <class>com.kms.katalon.core.logging.XmlKeywordLogger</class>
  <method>endKeyword</method>
  <thread>1</thread>
  <message>End action : click(findTestObject(&amp;quot;Page_Work Order  View- Workforce Manager/i_fa fa-pencil text-interact-blue&amp;quot;))</message>
  <nestedLevel>1</nestedLevel>
  <escapedJava>false</escapedJava>
</record>
<record>
  <date>2026-05-26T21:05:33.754079700Z</date>
  <millis>1779829533754</millis>
  <nanos>79700</nanos>
  <sequence>1196</sequence>
  <level>START</level>
  <class>com.kms.katalon.core.logging.XmlKeywordLogger</class>
  <method>startKeyword</method>
  <thread>1</thread>
  <message>Start action : waitForElementClickable(findTestObject(&amp;quot;Page_Work Order  View- Workforce Manager/small_High&amp;quot;), 20)</message>
  <nestedLevel>1</nestedLevel>
  <escapedJava>false</escapedJava>
  <property name="startLine">22</property>
  <property name="stepIndex">4</property>
</record>
<record>
  <date>2026-05-26T21:05:34.208612300Z</date>
  <millis>1779829534208</millis>
  <nanos>612300</nanos>
  <sequence>1203</sequence>
  <level>PASSED</level>
  <class>com.kms.katalon.core.logging.XmlKeywordLogger</class>
  <method>logMessage</method>
  <thread>1</thread>
  <message>Object &amp;apos;Object Repository/Page_Work Order  View- Workforce Manager/small_High&amp;apos; is clickable</message>
  <nestedLevel>1</nestedLevel>
  <escapedJava>false</escapedJava>
  <property name="testops-method-name">com.kms.katalon.core.webui.keyword.internal.WebUIKeywordMain.runKeywordUntilTimeout</property>
  <property name="testops-execution-stacktrace">com.kms.katalon.core.logging.KeywordLogger.logPassed(KeywordLogger.java:350)
com.kms.katalon.core.logging.KeywordLogger.logPassed(KeywordLogger.java:345)
com.kms.katalon.core.logging.KeywordLogger$logPassed$0.call(Unknown Source)
com.kms.katalon.core.webui.keyword.builtin.WaitForElementClickableKeyword$_waitForElementClickable_closure1.doCall(WaitForElementClickableKeyword.groovy:59)
java.base/jdk.internal.reflect.DirectMethodHandleAccessor.invoke(DirectMethodHandleAccessor.java:103)
jdk.proxy2/jdk.proxy2.$Proxy56.execute(Unknown Source)
com.kms.katalon.core.webui.model.SeleniumActionRetryController.performAction(SeleniumActionRetryController.java:96)
com.kms.katalon.core.webui.model.SeleniumActionRetryController.performAction(SeleniumActionRetryController.java:83)
com.kms.katalon.core.webui.keyword.internal.WebUIKeywordMain$_runKeywordUntilTimeout_closure2.doCall(WebUIKeywordMain.groovy:155)
com.kms.katalon.core.webui.keyword.internal.WebUIKeywordMain$_runKeywordUntilTimeout_closure2.call(WebUIKeywordMain.groovy)
com.kms.katalon.core.webui.keyword.internal.WebUIKeywordMain.runKeyword(WebUIKeywordMain.groovy:41)
com.kms.katalon.core.webui.keyword.internal.WebUIKeywordMain.runKeywordUntilTimeout(WebUIKeywordMain.groovy:152)
com.kms.katalon.core.webui.keyword.internal.WebUIKeywordMain$runKeywordUntilTimeout.call(Unknown Source)
com.kms.katalon.core.webui.keyword.builtin.WaitForElementClickableKeyword.waitForElementClickable(WaitForElementClickableKeyword.groovy:76)
com.kms.katalon.core.webui.keyword.builtin.WaitForElementClickableKeyword.execute(WaitForElementClickableKeyword.groovy:42)
com.kms.katalon.core.keyword.internal.KeywordExecutor.executeKeywordForPlatform(KeywordExecutor.groovy:99)
com.kms.katalon.core.webui.keyword.WebUiBuiltInKeywords.waitForElementClickable(WebUiBuiltInKeywords.groovy:581)
Priority.run(Priority:23)
</property>
</record>
<record>
  <date>2026-05-26T21:05:34.210125500Z</date>
  <millis>1779829534210</millis>
  <nanos>125500</nanos>
  <sequence>1204</sequence>
  <level>END</level>
  <class>com.kms.katalon.core.logging.XmlKeywordLogger</class>
  <method>endKeyword</method>
  <thread>1</thread>
  <message>End action : waitForElementClickable(findTestObject(&amp;quot;Page_Work Order  View- Workforce Manager/small_High&amp;quot;), 20)</message>
  <nestedLevel>1</nestedLevel>
  <escapedJava>false</escapedJava>
</record>
<record>
  <date>2026-05-26T21:05:34.211139200Z</date>
  <millis>1779829534211</millis>
  <nanos>139200</nanos>
  <sequence>1205</sequence>
  <level>START</level>
  <class>com.kms.katalon.core.logging.XmlKeywordLogger</class>
  <method>startKeyword</method>
  <thread>1</thread>
  <message>Start action : click(findTestObject(&amp;quot;Page_Work Order  View- Workforce Manager/small_High&amp;quot;))</message>
  <nestedLevel>1</nestedLevel>
  <escapedJava>false</escapedJava>
  <property name="startLine">29</property>
  <property name="stepIndex">5</property>
</record>
<record>
  <date>2026-05-26T21:05:37.638748500Z</date>
  <millis>1779829537638</millis>
  <nanos>748500</nanos>
  <sequence>1216</sequence>
  <level>PASSED</level>
  <class>com.kms.katalon.core.logging.XmlKeywordLogger</class>
  <method>logMessage</method>
  <thread>1</thread>
  <message>Object: &amp;apos;Object Repository/Page_Work Order  View- Workforce Manager/small_High&amp;apos; is clicked on</message>
  <nestedLevel>1</nestedLevel>
  <escapedJava>false</escapedJava>
  <property name="testops-method-name">com.kms.katalon.core.webui.keyword.internal.WebUIKeywordMain.runKeywordUntilTimeout</property>
  <property name="testops-execution-stacktrace">com.kms.katalon.core.logging.KeywordLogger.logPassed(KeywordLogger.java:350)
com.kms.katalon.core.logging.KeywordLogger.logPassed(KeywordLogger.java:345)
com.kms.katalon.core.webui.keyword.builtin.ClickKeyword$_click_closure1.doCall(ClickKeyword.groovy:66)
java.base/jdk.internal.reflect.DirectMethodHandleAccessor.invoke(DirectMethodHandleAccessor.java:103)
jdk.proxy2/jdk.proxy2.$Proxy56.execute(Unknown Source)
com.kms.katalon.core.webui.model.SeleniumActionRetryController.performAction(SeleniumActionRetryController.java:96)
com.kms.katalon.core.webui.model.SeleniumActionRetryController.performAction(SeleniumActionRetryController.java:83)
com.kms.katalon.core.webui.keyword.internal.WebUIKeywordMain$_runKeywordUntilTimeout_closure1.doCall(WebUIKeywordMain.groovy:135)
com.kms.katalon.core.webui.keyword.internal.WebUIKeywordMain$_runKeywordUntilTimeout_closure1.call(WebUIKeywordMain.groovy)
com.kms.katalon.core.webui.keyword.internal.WebUIKeywordMain.runKeyword(WebUIKeywordMain.groovy:41)
com.kms.katalon.core.webui.keyword.internal.WebUIKeywordMain.runKeywordUntilTimeout(WebUIKeywordMain.groovy:133)
com.kms.katalon.core.webui.keyword.builtin.ClickKeyword.click(ClickKeyword.groovy:72)
com.kms.katalon.core.webui.keyword.builtin.ClickKeyword.execute(ClickKeyword.groovy:38)
com.kms.katalon.core.keyword.internal.KeywordExecutor.executeKeywordForPlatform(KeywordExecutor.groovy:99)
com.kms.katalon.core.webui.keyword.WebUiBuiltInKeywords.click(WebUiBuiltInKeywords.groovy:722)
Priority.run(Priority:30)
</property>
</record>
<record>
  <date>2026-05-26T21:05:37.642844900Z</date>
  <millis>1779829537642</millis>
  <nanos>844900</nanos>
  <sequence>1217</sequence>
  <level>END</level>
  <class>com.kms.katalon.core.logging.XmlKeywordLogger</class>
  <method>endKeyword</method>
  <thread>1</thread>
  <message>End action : click(findTestObject(&amp;quot;Page_Work Order  View- Workforce Manager/small_High&amp;quot;))</message>
  <nestedLevel>1</nestedLevel>
  <escapedJava>false</escapedJava>
</record>
<record>
  <date>2026-05-26T21:05:37.647062Z</date>
  <millis>1779829537647</millis>
  <nanos>62000</nanos>
  <sequence>1218</sequence>
  <level>START</level>
  <class>com.kms.katalon.core.logging.XmlKeywordLogger</class>
  <method>startKeyword</method>
  <thread>1</thread>
  <message>Start action : click(findTestObject(&amp;quot;Page_Work Order  View- Workforce Manager/div_Successful&amp;quot;))</message>
  <nestedLevel>1</nestedLevel>
  <escapedJava>false</escapedJava>
  <property name="startLine">36</property>
  <property name="stepIndex">6</property>
</record>
<record>
  <date>2026-05-26T21:05:39.923785700Z</date>
  <millis>1779829539923</millis>
  <nanos>785700</nanos>
  <sequence>1229</sequence>
  <level>PASSED</level>
  <class>com.kms.katalon.core.logging.XmlKeywordLogger</class>
  <method>logMessage</method>
  <thread>1</thread>
  <message>Object: &amp;apos;Object Repository/Page_Work Order  View- Workforce Manager/div_Successful&amp;apos; is clicked on</message>
  <nestedLevel>1</nestedLevel>
  <escapedJava>false</escapedJava>
  <property name="testops-method-name">com.kms.katalon.core.webui.keyword.internal.WebUIKeywordMain.runKeywordUntilTimeout</property>
  <property name="testops-execution-stacktrace">com.kms.katalon.core.logging.KeywordLogger.logPassed(KeywordLogger.java:350)
com.kms.katalon.core.logging.KeywordLogger.logPassed(KeywordLogger.java:345)
com.kms.katalon.core.webui.keyword.builtin.ClickKeyword$_click_closure1.doCall(ClickKeyword.groovy:66)
java.base/jdk.internal.reflect.DirectMethodHandleAccessor.invoke(DirectMethodHandleAccessor.java:103)
jdk.proxy2/jdk.proxy2.$Proxy56.execute(Unknown Source)
com.kms.katalon.core.webui.model.SeleniumActionRetryController.performAction(SeleniumActionRetryController.java:96)
com.kms.katalon.core.webui.model.SeleniumActionRetryController.performAction(SeleniumActionRetryController.java:83)
com.kms.katalon.core.webui.keyword.internal.WebUIKeywordMain$_runKeywordUntilTimeout_closure1.doCall(WebUIKeywordMain.groovy:135)
com.kms.katalon.core.webui.keyword.internal.WebUIKeywordMain$_runKeywordUntilTimeout_closure1.call(WebUIKeywordMain.groovy)
com.kms.katalon.core.webui.keyword.internal.WebUIKeywordMain.runKeyword(WebUIKeywordMain.groovy:41)
com.kms.katalon.core.webui.keyword.internal.WebUIKeywordMain.runKeywordUntilTimeout(WebUIKeywordMain.groovy:133)
com.kms.katalon.core.webui.keyword.builtin.ClickKeyword.click(ClickKeyword.groovy:72)
com.kms.katalon.core.webui.keyword.builtin.ClickKeyword.execute(ClickKeyword.groovy:38)
com.kms.katalon.core.keyword.internal.KeywordExecutor.executeKeywordForPlatform(KeywordExecutor.groovy:99)
com.kms.katalon.core.webui.keyword.WebUiBuiltInKeywords.click(WebUiBuiltInKeywords.groovy:722)
Priority.run(Priority:37)
</property>
</record>
<record>
  <date>2026-05-26T21:05:39.925770600Z</date>
  <millis>1779829539925</millis>
  <nanos>770600</nanos>
  <sequence>1230</sequence>
  <level>END</level>
  <class>com.kms.katalon.core.logging.XmlKeywordLogger</class>
  <method>endKeyword</method>
  <thread>1</thread>
  <message>End action : click(findTestObject(&amp;quot;Page_Work Order  View- Workforce Manager/div_Successful&amp;quot;))</message>
  <nestedLevel>1</nestedLevel>
  <escapedJava>false</escapedJava>
</record>
<record>
  <date>2026-05-26T21:05:39.926769700Z</date>
  <millis>1779829539926</millis>
  <nanos>769700</nanos>
  <sequence>1231</sequence>
  <level>START</level>
  <class>com.kms.katalon.core.logging.XmlKeywordLogger</class>
  <method>startKeyword</method>
  <thread>1</thread>
  <message>Start action : click(findTestObject(&amp;quot;Page_Work Order  View- Workforce Manager/button_OK&amp;quot;))</message>
  <nestedLevel>1</nestedLevel>
  <escapedJava>false</escapedJava>
  <property name="startLine">43</property>
  <property name="stepIndex">7</property>
</record>
<record>
  <date>2026-05-26T21:05:41.075692100Z</date>
  <millis>1779829541075</millis>
  <nanos>692100</nanos>
  <sequence>1242</sequence>
  <level>PASSED</level>
  <class>com.kms.katalon.core.logging.XmlKeywordLogger</class>
  <method>logMessage</method>
  <thread>1</thread>
  <message>Object: &amp;apos;Object Repository/Page_Work Order  View- Workforce Manager/button_OK&amp;apos; is clicked on</message>
  <nestedLevel>1</nestedLevel>
  <escapedJava>false</escapedJava>
  <property name="testops-method-name">com.kms.katalon.core.webui.keyword.internal.WebUIKeywordMain.runKeywordUntilTimeout</property>
  <property name="testops-execution-stacktrace">com.kms.katalon.core.logging.KeywordLogger.logPassed(KeywordLogger.java:350)
com.kms.katalon.core.logging.KeywordLogger.logPassed(KeywordLogger.java:345)
com.kms.katalon.core.webui.keyword.builtin.ClickKeyword$_click_closure1.doCall(ClickKeyword.groovy:66)
java.base/jdk.internal.reflect.DirectMethodHandleAccessor.invoke(DirectMethodHandleAccessor.java:103)
jdk.proxy2/jdk.proxy2.$Proxy56.execute(Unknown Source)
com.kms.katalon.core.webui.model.SeleniumActionRetryController.performAction(SeleniumActionRetryController.java:96)
com.kms.katalon.core.webui.model.SeleniumActionRetryController.performAction(SeleniumActionRetryController.java:83)
com.kms.katalon.core.webui.keyword.internal.WebUIKeywordMain$_runKeywordUntilTimeout_closure1.doCall(WebUIKeywordMain.groovy:135)
com.kms.katalon.core.webui.keyword.internal.WebUIKeywordMain$_runKeywordUntilTimeout_closure1.call(WebUIKeywordMain.groovy)
com.kms.katalon.core.webui.keyword.internal.WebUIKeywordMain.runKeyword(WebUIKeywordMain.groovy:41)
com.kms.katalon.core.webui.keyword.internal.WebUIKeywordMain.runKeywordUntilTimeout(WebUIKeywordMain.groovy:133)
com.kms.katalon.core.webui.keyword.builtin.ClickKeyword.click(ClickKeyword.groovy:72)
com.kms.katalon.core.webui.keyword.builtin.ClickKeyword.execute(ClickKeyword.groovy:38)
com.kms.katalon.core.keyword.internal.KeywordExecutor.executeKeywordForPlatform(KeywordExecutor.groovy:99)
com.kms.katalon.core.webui.keyword.WebUiBuiltInKeywords.click(WebUiBuiltInKeywords.groovy:722)
Priority.run(Priority:44)
</property>
</record>
<record>
  <date>2026-05-26T21:05:41.081802700Z</date>
  <millis>1779829541081</millis>
  <nanos>802700</nanos>
  <sequence>1243</sequence>
  <level>END</level>
  <class>com.kms.katalon.core.logging.XmlKeywordLogger</class>
  <method>endKeyword</method>
  <thread>1</thread>
  <message>End action : click(findTestObject(&amp;quot;Page_Work Order  View- Workforce Manager/button_OK&amp;quot;))</message>
  <nestedLevel>1</nestedLevel>
  <escapedJava>false</escapedJava>
</record>
<record>
  <date>2026-05-26T21:05:41.083829200Z</date>
  <millis>1779829541083</millis>
  <nanos>829200</nanos>
  <sequence>1244</sequence>
  <level>PASSED</level>
  <class>com.kms.katalon.core.logging.XmlKeywordLogger</class>
  <method>logMessage</method>
  <thread>1</thread>
  <message>Test Cases/TaskActions/Change_Priority/Priority</message>
  <nestedLevel>1</nestedLevel>
  <escapedJava>false</escapedJava>
</record>
<record>
  <date>2026-05-26T21:05:41.085828800Z</date>
  <millis>1779829541085</millis>
  <nanos>828800</nanos>
  <sequence>1245</sequence>
  <level>END</level>
  <class>com.kms.katalon.core.logging.XmlKeywordLogger</class>
  <method>endTest</method>
  <thread>1</thread>
  <message>End Test Case : Test Cases/TaskActions/Change_Priority/Priority</message>
  <nestedLevel>0</nestedLevel>
  <escapedJava>false</escapedJava>
  <property name="executionBindingVariables">[]</property>
  <property name="applitools">false</property>
  <property name="remainingRetryCount">3</property>
  <property name="executedKeywords">{
  &quot;WebUI.click&quot;: 4,
  &quot;WebUI.waitForPageLoad&quot;: 1,
  &quot;WebUI.waitForElementClickable&quot;: 2
}</property>
  <property name="currentRetryCount">0</property>
  <property name="keywordsUsage">{
  &quot;web_ui&quot;: true,
  &quot;web_service&quot;: false,
  &quot;cucumber&quot;: false,
  &quot;builtin&quot;: false,
  &quot;mobile&quot;: false,
  &quot;windows&quot;: false,
  &quot;testng&quot;: false
}</property>
</record>
<record>
  <date>2026-05-26T21:05:41.102477200Z</date>
  <millis>1779829541102</millis>
  <nanos>477200</nanos>
  <sequence>1246</sequence>
  <level>START</level>
  <class>com.kms.katalon.core.logging.XmlKeywordLogger</class>
  <method>startTest</method>
  <thread>1</thread>
  <message>Start Test Case : Test Cases/TaskActions/Table_Actions/View_File</message>
  <nestedLevel>1</nestedLevel>
  <escapedJava>false</escapedJava>
  <property name="remainingRetryCount">3</property>
  <property name="origin"></property>
  <property name="name">Test Cases/TaskActions/Table_Actions/View_File</property>
  <property name="description"></property>
  <property name="iteration"></property>
  <property name="id">Test Cases/TaskActions/Table_Actions/View_File</property>
  <property name="source">C:\Users\CROWN-STAFF\git\convergence-qa-tests\Test Cases\TaskActions\Table_Actions\View_File.tc</property>
  <property name="tag"></property>
  <property name="isOptional">false</property>
  <property name="uuid">6be78f77-8a93-4714-8775-7114f809fe5c</property>
  <property name="currentRetryCount">0</property>
</record>
<record>
  <date>2026-05-26T21:05:41.131604200Z</date>
  <millis>1779829541131</millis>
  <nanos>604200</nanos>
  <sequence>1248</sequence>
  <level>RUN_DATA</level>
  <class>com.kms.katalon.core.logging.XmlKeywordLogger</class>
  <method>logMessage</method>
  <thread>1</thread>
  <message>executionBindingVariables = []</message>
  <nestedLevel>1</nestedLevel>
  <escapedJava>false</escapedJava>
  <property name="executionBindingVariables">[]</property>
</record>
<record>
  <date>2026-05-26T21:05:41.401839600Z</date>
  <millis>1779829541401</millis>
  <nanos>839600</nanos>
  <sequence>1249</sequence>
  <level>START</level>
  <class>com.kms.katalon.core.logging.XmlKeywordLogger</class>
  <method>startKeyword</method>
  <thread>1</thread>
  <message>Start action : waitForPageLoad(20)</message>
  <nestedLevel>1</nestedLevel>
  <escapedJava>false</escapedJava>
  <property name="startLine">21</property>
  <property name="stepIndex">1</property>
</record>
<record>
  <date>2026-05-26T21:05:41.424767500Z</date>
  <millis>1779829541424</millis>
  <nanos>767500</nanos>
  <sequence>1253</sequence>
  <level>PASSED</level>
  <class>com.kms.katalon.core.logging.XmlKeywordLogger</class>
  <method>logMessage</method>
  <thread>1</thread>
  <message>Wait for page load successfully</message>
  <nestedLevel>1</nestedLevel>
  <escapedJava>false</escapedJava>
  <property name="testops-method-name">com.kms.katalon.core.webui.keyword.internal.WebUIKeywordMain$runKeyword$0.call</property>
  <property name="testops-execution-stacktrace">com.kms.katalon.core.logging.KeywordLogger.logPassed(KeywordLogger.java:350)
com.kms.katalon.core.logging.KeywordLogger.logPassed(KeywordLogger.java:345)
com.kms.katalon.core.logging.KeywordLogger$logPassed$0.call(Unknown Source)
com.kms.katalon.core.webui.keyword.builtin.WaitForPageLoadKeyword$_waitForPageLoad_closure1.doCall(WaitForPageLoadKeyword.groovy:94)
com.kms.katalon.core.webui.keyword.builtin.WaitForPageLoadKeyword$_waitForPageLoad_closure1.doCall(WaitForPageLoadKeyword.groovy)
java.base/jdk.internal.reflect.DirectMethodHandleAccessor.invoke(DirectMethodHandleAccessor.java:103)
com.kms.katalon.core.webui.keyword.internal.WebUIKeywordMain.runKeyword(WebUIKeywordMain.groovy:41)
com.kms.katalon.core.webui.keyword.internal.WebUIKeywordMain$runKeyword$0.call(Unknown Source)
com.kms.katalon.core.webui.keyword.builtin.WaitForPageLoadKeyword.waitForPageLoad(WaitForPageLoadKeyword.groovy:95)
com.kms.katalon.core.webui.keyword.builtin.WaitForPageLoadKeyword.execute(WaitForPageLoadKeyword.groovy:68)
com.kms.katalon.core.keyword.internal.KeywordExecutor.executeKeywordForPlatform(KeywordExecutor.groovy:99)
com.kms.katalon.core.webui.keyword.WebUiBuiltInKeywords.waitForPageLoad(WebUiBuiltInKeywords.groovy:2559)
View_File.run(View_File:21)
</property>
</record>
<record>
  <date>2026-05-26T21:05:41.426784600Z</date>
  <millis>1779829541426</millis>
  <nanos>784600</nanos>
  <sequence>1254</sequence>
  <level>END</level>
  <class>com.kms.katalon.core.logging.XmlKeywordLogger</class>
  <method>endKeyword</method>
  <thread>1</thread>
  <message>End action : waitForPageLoad(20)</message>
  <nestedLevel>1</nestedLevel>
  <escapedJava>false</escapedJava>
</record>
<record>
  <date>2026-05-26T21:05:41.428763400Z</date>
  <millis>1779829541428</millis>
  <nanos>763400</nanos>
  <sequence>1255</sequence>
  <level>START</level>
  <class>com.kms.katalon.core.logging.XmlKeywordLogger</class>
  <method>startKeyword</method>
  <thread>1</thread>
  <message>Start action : waitForElementPresent(findTestObject(&amp;quot;Page_Work Order  Index- Workforce Manager/input_Search&amp;quot;), 20)</message>
  <nestedLevel>1</nestedLevel>
  <escapedJava>false</escapedJava>
  <property name="startLine">23</property>
  <property name="stepIndex">2</property>
</record>
<record>
  <date>2026-05-26T21:06:01.766157600Z</date>
  <millis>1779829561766</millis>
  <nanos>157600</nanos>
  <sequence>1261</sequence>
  <level>WARNING</level>
  <class>com.kms.katalon.core.logging.XmlKeywordLogger</class>
  <method>logMessage</method>
  <thread>1</thread>
  <message>Object &amp;apos;Object Repository/Page_Work Order  Index- Workforce Manager/input_Search&amp;apos; is not present after 20 second(s)</message>
  <nestedLevel>1</nestedLevel>
  <escapedJava>false</escapedJava>
  <property name="failed.exception.stacktrace">com.kms.katalon.core.webui.exception.WebElementNotFoundException: Web element with id: &apos;Object Repository/Page_Work Order  Index- Workforce Manager/input_Search&apos; located by &apos;By.xpath: //*[@id = &apos;created-by-me&apos;]//*[@id = &apos;search-table&apos;]&apos; not found
	at com.kms.katalon.core.webui.model.WebUiElementFinder.findElementByNormalMethods(WebUiElementFinder.java:201)
	at com.kms.katalon.core.webui.model.WebUiElementFinder.findElementsBySelectedMethod(WebUiElementFinder.java:99)
	at com.kms.katalon.core.webui.model.WebUiElementFinder.findElementsBySelectedMethod(WebUiElementFinder.java:82)
	at com.kms.katalon.core.webui.model.WebUiElementFinder.findElementsBySelectedMethod(WebUiElementFinder.java:77)
	at com.kms.katalon.core.webui.model.WebUiElementFinder.findElement(WebUiElementFinder.java:51)
	at com.kms.katalon.core.webui.model.WebUiElementFinderWithTimeout.basicFindElement(WebUiElementFinderWithTimeout.java:51)
	at com.kms.katalon.core.webui.model.WebUiElementFinderWithTimeout.lambda$0(WebUiElementFinderWithTimeout.java:29)
	at com.kms.katalon.core.webui.model.SeleniumActionRetryController.performAction(SeleniumActionRetryController.java:96)
	at com.kms.katalon.core.webui.model.SeleniumActionRetryController.performAction(SeleniumActionRetryController.java:83)
	at com.kms.katalon.core.webui.model.WebUiElementFinderWithTimeout.findElement(WebUiElementFinderWithTimeout.java:28)
	at com.kms.katalon.core.webui.keyword.internal.WebUIAbstractKeyword.lambda$1(WebUIAbstractKeyword.java:119)
	at com.kms.katalon.core.webui.model.SeleniumActionRetryController.performAction(SeleniumActionRetryController.java:96)
	at com.kms.katalon.core.webui.model.SeleniumActionRetryController.performAction(SeleniumActionRetryController.java:83)
	at com.kms.katalon.core.webui.model.SeleniumActionRetryController.retry(SeleniumActionRetryController.java:49)
	at com.kms.katalon.core.webui.model.SeleniumActionRetryController.retry(SeleniumActionRetryController.java:44)
	at com.kms.katalon.core.webui.keyword.internal.WebUIAbstractKeyword.findWebElement(WebUIAbstractKeyword.java:116)
	at com.kms.katalon.core.webui.keyword.builtin.WaitForElementPresentKeyword$_waitForElementPresent_closure1.doCall(WaitForElementPresentKeyword.groovy:54)
	at java.base/jdk.internal.reflect.DirectMethodHandleAccessor.invoke(DirectMethodHandleAccessor.java:103)
	at jdk.proxy2/jdk.proxy2.$Proxy56.execute(Unknown Source)
	at com.kms.katalon.core.webui.model.SeleniumActionRetryController.performAction(SeleniumActionRetryController.java:96)
	at com.kms.katalon.core.webui.model.SeleniumActionRetryController.performAction(SeleniumActionRetryController.java:83)
	at com.kms.katalon.core.webui.keyword.internal.WebUIKeywordMain$_runKeywordUntilTimeout_closure2.doCall(WebUIKeywordMain.groovy:155)
	at com.kms.katalon.core.webui.keyword.internal.WebUIKeywordMain$_runKeywordUntilTimeout_closure2.call(WebUIKeywordMain.groovy)
	at com.kms.katalon.core.webui.keyword.internal.WebUIKeywordMain.runKeyword(WebUIKeywordMain.groovy:41)
	at com.kms.katalon.core.webui.keyword.internal.WebUIKeywordMain.runKeywordUntilTimeout(WebUIKeywordMain.groovy:152)
	at com.kms.katalon.core.webui.keyword.builtin.WaitForElementPresentKeyword.waitForElementPresent(WaitForElementPresentKeyword.groovy:68)
	at com.kms.katalon.core.webui.keyword.builtin.WaitForElementPresentKeyword.execute(WaitForElementPresentKeyword.groovy:38)
	at com.kms.katalon.core.keyword.internal.KeywordExecutor.executeKeywordForPlatform(KeywordExecutor.groovy:99)
	at com.kms.katalon.core.webui.keyword.WebUiBuiltInKeywords.waitForElementPresent(WebUiBuiltInKeywords.groovy:424)
	at View_File.run(View_File:24)
	at com.kms.katalon.core.main.ScriptEngine.run(ScriptEngine.java:203)
	at com.kms.katalon.core.main.ScriptEngine.runScriptAsRawText(ScriptEngine.java:115)
	at com.kms.katalon.core.main.TestCaseExecutor.runScript(TestCaseExecutor.java:504)
	at com.kms.katalon.core.main.TestCaseExecutor.doExecute(TestCaseExecutor.java:495)
	at com.kms.katalon.core.main.TestCaseExecutor.processExecutionPhase(TestCaseExecutor.java:474)
	at com.kms.katalon.core.main.TestCaseExecutor.accessMainPhase(TestCaseExecutor.java:466)
	at com.kms.katalon.core.main.TestCaseExecutor.execute(TestCaseExecutor.java:336)
	at com.kms.katalon.core.common.CommonExecutor.accessTestCaseMainPhase(CommonExecutor.java:71)
	at com.kms.katalon.core.main.TestSuiteExecutor.accessTestSuiteMainPhase(TestSuiteExecutor.java:153)
	at com.kms.katalon.core.main.TestSuiteExecutor.execute(TestSuiteExecutor.java:110)
	at com.kms.katalon.core.main.TestCaseMain.startTestSuite(TestCaseMain.java:206)
	at S0526_51.run(S0526_51.groovy:40)
	at java.base/jdk.internal.reflect.DirectMethodHandleAccessor.invoke(DirectMethodHandleAccessor.java:103)
</property>
  <property name="failed.exception.class">com.kms.katalon.core.webui.exception.WebElementNotFoundException</property>
  <property name="failed.exception.message">Web element with id: &apos;Object Repository/Page_Work Order  Index- Workforce Manager/input_Search&apos; located by &apos;By.xpath: //*[@id = &apos;created-by-me&apos;]//*[@id = &apos;search-table&apos;]&apos; not found</property>
</record>
<record>
  <date>2026-05-26T21:06:01.776962700Z</date>
  <millis>1779829561776</millis>
  <nanos>962700</nanos>
  <sequence>1262</sequence>
  <level>END</level>
  <class>com.kms.katalon.core.logging.XmlKeywordLogger</class>
  <method>endKeyword</method>
  <thread>1</thread>
  <message>End action : waitForElementPresent(findTestObject(&amp;quot;Page_Work Order  Index- Workforce Manager/input_Search&amp;quot;), 20)</message>
  <nestedLevel>1</nestedLevel>
  <escapedJava>false</escapedJava>
</record>
<record>
  <date>2026-05-26T21:06:01.777990500Z</date>
  <millis>1779829561777</millis>
  <nanos>990500</nanos>
  <sequence>1263</sequence>
  <level>START</level>
  <class>com.kms.katalon.core.logging.XmlKeywordLogger</class>
  <method>startKeyword</method>
  <thread>1</thread>
  <message>Start action : click(findTestObject(&amp;quot;Page_Work Order  View- Workforce Manager/btn_View&amp;quot;))</message>
  <nestedLevel>1</nestedLevel>
  <escapedJava>false</escapedJava>
  <property name="startLine">31</property>
  <property name="stepIndex">3</property>
</record>
<record>
  <date>2026-05-26T21:06:02.544828600Z</date>
  <millis>1779829562544</millis>
  <nanos>828600</nanos>
  <sequence>1274</sequence>
  <level>PASSED</level>
  <class>com.kms.katalon.core.logging.XmlKeywordLogger</class>
  <method>logMessage</method>
  <thread>1</thread>
  <message>Object: &amp;apos;Object Repository/Page_Work Order  View- Workforce Manager/btn_View&amp;apos; is clicked on</message>
  <nestedLevel>1</nestedLevel>
  <escapedJava>false</escapedJava>
  <property name="testops-method-name">com.kms.katalon.core.webui.keyword.internal.WebUIKeywordMain.runKeywordUntilTimeout</property>
  <property name="testops-execution-stacktrace">com.kms.katalon.core.logging.KeywordLogger.logPassed(KeywordLogger.java:350)
com.kms.katalon.core.logging.KeywordLogger.logPassed(KeywordLogger.java:345)
com.kms.katalon.core.webui.keyword.builtin.ClickKeyword$_click_closure1.doCall(ClickKeyword.groovy:66)
java.base/jdk.internal.reflect.DirectMethodHandleAccessor.invoke(DirectMethodHandleAccessor.java:103)
jdk.proxy2/jdk.proxy2.$Proxy56.execute(Unknown Source)
com.kms.katalon.core.webui.model.SeleniumActionRetryController.performAction(SeleniumActionRetryController.java:96)
com.kms.katalon.core.webui.model.SeleniumActionRetryController.performAction(SeleniumActionRetryController.java:83)
com.kms.katalon.core.webui.keyword.internal.WebUIKeywordMain$_runKeywordUntilTimeout_closure1.doCall(WebUIKeywordMain.groovy:135)
com.kms.katalon.core.webui.keyword.internal.WebUIKeywordMain$_runKeywordUntilTimeout_closure1.call(WebUIKeywordMain.groovy)
com.kms.katalon.core.webui.keyword.internal.WebUIKeywordMain.runKeyword(WebUIKeywordMain.groovy:41)
com.kms.katalon.core.webui.keyword.internal.WebUIKeywordMain.runKeywordUntilTimeout(WebUIKeywordMain.groovy:133)
com.kms.katalon.core.webui.keyword.builtin.ClickKeyword.click(ClickKeyword.groovy:72)
com.kms.katalon.core.webui.keyword.builtin.ClickKeyword.execute(ClickKeyword.groovy:38)
com.kms.katalon.core.keyword.internal.KeywordExecutor.executeKeywordForPlatform(KeywordExecutor.groovy:99)
com.kms.katalon.core.webui.keyword.WebUiBuiltInKeywords.click(WebUiBuiltInKeywords.groovy:722)
View_File.run(View_File:32)
</property>
</record>
<record>
  <date>2026-05-26T21:06:02.548294300Z</date>
  <millis>1779829562548</millis>
  <nanos>294300</nanos>
  <sequence>1275</sequence>
  <level>END</level>
  <class>com.kms.katalon.core.logging.XmlKeywordLogger</class>
  <method>endKeyword</method>
  <thread>1</thread>
  <message>End action : click(findTestObject(&amp;quot;Page_Work Order  View- Workforce Manager/btn_View&amp;quot;))</message>
  <nestedLevel>1</nestedLevel>
  <escapedJava>false</escapedJava>
</record>
<record>
  <date>2026-05-26T21:06:02.548294300Z</date>
  <millis>1779829562548</millis>
  <nanos>294300</nanos>
  <sequence>1276</sequence>
  <level>START</level>
  <class>com.kms.katalon.core.logging.XmlKeywordLogger</class>
  <method>startKeyword</method>
  <thread>1</thread>
  <message>Start action : println(&amp;quot;Viewer opened&amp;quot;)</message>
  <nestedLevel>1</nestedLevel>
  <escapedJava>false</escapedJava>
  <property name="startLine">37</property>
  <property name="stepIndex">4</property>
</record>
<record>
  <date>2026-05-26T21:06:02.550827900Z</date>
  <millis>1779829562550</millis>
  <nanos>827900</nanos>
  <sequence>1277</sequence>
  <level>END</level>
  <class>com.kms.katalon.core.logging.XmlKeywordLogger</class>
  <method>endKeyword</method>
  <thread>1</thread>
  <message>End action : println(&amp;quot;Viewer opened&amp;quot;)</message>
  <nestedLevel>1</nestedLevel>
  <escapedJava>false</escapedJava>
</record>
<record>
  <date>2026-05-26T21:06:02.552313100Z</date>
  <millis>1779829562552</millis>
  <nanos>313100</nanos>
  <sequence>1278</sequence>
  <level>START</level>
  <class>com.kms.katalon.core.logging.XmlKeywordLogger</class>
  <method>startKeyword</method>
  <thread>1</thread>
  <message>Start action : delay(5)</message>
  <nestedLevel>1</nestedLevel>
  <escapedJava>false</escapedJava>
  <property name="startLine">40</property>
  <property name="stepIndex">5</property>
</record>
<record>
  <date>2026-05-26T21:06:07.574386300Z</date>
  <millis>1779829567574</millis>
  <nanos>386300</nanos>
  <sequence>1281</sequence>
  <level>PASSED</level>
  <class>com.kms.katalon.core.logging.XmlKeywordLogger</class>
  <method>logMessage</method>
  <thread>1</thread>
  <message>Delayed 5 second(s)</message>
  <nestedLevel>1</nestedLevel>
  <escapedJava>false</escapedJava>
  <property name="testops-method-name">com.kms.katalon.core.keyword.builtin.DelayKeyword.delay</property>
  <property name="testops-execution-stacktrace"></property>
</record>
<record>
  <date>2026-05-26T21:06:07.578544100Z</date>
  <millis>1779829567578</millis>
  <nanos>544100</nanos>
  <sequence>1282</sequence>
  <level>END</level>
  <class>com.kms.katalon.core.logging.XmlKeywordLogger</class>
  <method>endKeyword</method>
  <thread>1</thread>
  <message>End action : delay(5)</message>
  <nestedLevel>1</nestedLevel>
  <escapedJava>false</escapedJava>
</record>
<record>
  <date>2026-05-26T21:06:07.578544100Z</date>
  <millis>1779829567578</millis>
  <nanos>544100</nanos>
  <sequence>1283</sequence>
  <level>START</level>
  <class>com.kms.katalon.core.logging.XmlKeywordLogger</class>
  <method>startKeyword</method>
  <thread>1</thread>
  <message>Start action : waitForElementVisible(findTestObject(&amp;quot;Page_Work Order  View- Workforce Manager/i_fa fa-chevron-right_1&amp;quot;), 20)</message>
  <nestedLevel>1</nestedLevel>
  <escapedJava>false</escapedJava>
  <property name="startLine">43</property>
  <property name="stepIndex">6</property>
</record>
<record>
  <date>2026-05-26T21:06:07.965259900Z</date>
  <millis>1779829567965</millis>
  <nanos>259900</nanos>
  <sequence>1290</sequence>
  <level>PASSED</level>
  <class>com.kms.katalon.core.logging.XmlKeywordLogger</class>
  <method>logMessage</method>
  <thread>1</thread>
  <message>Object &amp;apos;Object Repository/Page_Work Order  View- Workforce Manager/i_fa fa-chevron-right_1&amp;apos; is visible</message>
  <nestedLevel>1</nestedLevel>
  <escapedJava>false</escapedJava>
  <property name="testops-method-name">com.kms.katalon.core.webui.keyword.internal.WebUIKeywordMain.runKeywordUntilTimeout</property>
  <property name="testops-execution-stacktrace">com.kms.katalon.core.logging.KeywordLogger.logPassed(KeywordLogger.java:350)
com.kms.katalon.core.logging.KeywordLogger.logPassed(KeywordLogger.java:345)
com.kms.katalon.core.logging.KeywordLogger$logPassed$0.call(Unknown Source)
com.kms.katalon.core.webui.keyword.builtin.WaitForElementVisibleKeyword$_waitForElementVisible_closure1.doCall(WaitForElementVisibleKeyword.groovy:86)
java.base/jdk.internal.reflect.DirectMethodHandleAccessor.invoke(DirectMethodHandleAccessor.java:103)
jdk.proxy2/jdk.proxy2.$Proxy56.execute(Unknown Source)
com.kms.katalon.core.webui.model.SeleniumActionRetryController.performAction(SeleniumActionRetryController.java:96)
com.kms.katalon.core.webui.model.SeleniumActionRetryController.performAction(SeleniumActionRetryController.java:83)
com.kms.katalon.core.webui.keyword.internal.WebUIKeywordMain$_runKeywordUntilTimeout_closure2.doCall(WebUIKeywordMain.groovy:155)
com.kms.katalon.core.webui.keyword.internal.WebUIKeywordMain$_runKeywordUntilTimeout_closure2.call(WebUIKeywordMain.groovy)
com.kms.katalon.core.webui.keyword.internal.WebUIKeywordMain.runKeyword(WebUIKeywordMain.groovy:41)
com.kms.katalon.core.webui.keyword.internal.WebUIKeywordMain.runKeywordUntilTimeout(WebUIKeywordMain.groovy:152)
com.kms.katalon.core.webui.keyword.internal.WebUIKeywordMain$runKeywordUntilTimeout.call(Unknown Source)
com.kms.katalon.core.webui.keyword.builtin.WaitForElementVisibleKeyword.waitForElementVisible(WaitForElementVisibleKeyword.groovy:101)
com.kms.katalon.core.webui.keyword.builtin.WaitForElementVisibleKeyword.execute(WaitForElementVisibleKeyword.groovy:69)
com.kms.katalon.core.keyword.internal.KeywordExecutor.executeKeywordForPlatform(KeywordExecutor.groovy:99)
com.kms.katalon.core.webui.keyword.WebUiBuiltInKeywords.waitForElementVisible(WebUiBuiltInKeywords.groovy:515)
View_File.run(View_File:44)
</property>
</record>
<record>
  <date>2026-05-26T21:06:07.967258200Z</date>
  <millis>1779829567967</millis>
  <nanos>258200</nanos>
  <sequence>1291</sequence>
  <level>END</level>
  <class>com.kms.katalon.core.logging.XmlKeywordLogger</class>
  <method>endKeyword</method>
  <thread>1</thread>
  <message>End action : waitForElementVisible(findTestObject(&amp;quot;Page_Work Order  View- Workforce Manager/i_fa fa-chevron-right_1&amp;quot;), 20)</message>
  <nestedLevel>1</nestedLevel>
  <escapedJava>false</escapedJava>
</record>
<record>
  <date>2026-05-26T21:06:07.968260Z</date>
  <millis>1779829567968</millis>
  <nanos>260000</nanos>
  <sequence>1292</sequence>
  <level>START</level>
  <class>com.kms.katalon.core.logging.XmlKeywordLogger</class>
  <method>startKeyword</method>
  <thread>1</thread>
  <message>Start action : click(findTestObject(&amp;quot;Page_Work Order  View- Workforce Manager/i_fa fa-chevron-right_1&amp;quot;))</message>
  <nestedLevel>1</nestedLevel>
  <escapedJava>false</escapedJava>
  <property name="startLine">51</property>
  <property name="stepIndex">7</property>
</record>
<record>
  <date>2026-05-26T21:06:08.611028800Z</date>
  <millis>1779829568611</millis>
  <nanos>28800</nanos>
  <sequence>1303</sequence>
  <level>PASSED</level>
  <class>com.kms.katalon.core.logging.XmlKeywordLogger</class>
  <method>logMessage</method>
  <thread>1</thread>
  <message>Object: &amp;apos;Object Repository/Page_Work Order  View- Workforce Manager/i_fa fa-chevron-right_1&amp;apos; is clicked on</message>
  <nestedLevel>1</nestedLevel>
  <escapedJava>false</escapedJava>
  <property name="testops-method-name">com.kms.katalon.core.webui.keyword.internal.WebUIKeywordMain.runKeywordUntilTimeout</property>
  <property name="testops-execution-stacktrace">com.kms.katalon.core.logging.KeywordLogger.logPassed(KeywordLogger.java:350)
com.kms.katalon.core.logging.KeywordLogger.logPassed(KeywordLogger.java:345)
com.kms.katalon.core.webui.keyword.builtin.ClickKeyword$_click_closure1.doCall(ClickKeyword.groovy:66)
java.base/jdk.internal.reflect.DirectMethodHandleAccessor.invoke(DirectMethodHandleAccessor.java:103)
jdk.proxy2/jdk.proxy2.$Proxy56.execute(Unknown Source)
com.kms.katalon.core.webui.model.SeleniumActionRetryController.performAction(SeleniumActionRetryController.java:96)
com.kms.katalon.core.webui.model.SeleniumActionRetryController.performAction(SeleniumActionRetryController.java:83)
com.kms.katalon.core.webui.keyword.internal.WebUIKeywordMain$_runKeywordUntilTimeout_closure1.doCall(WebUIKeywordMain.groovy:135)
com.kms.katalon.core.webui.keyword.internal.WebUIKeywordMain$_runKeywordUntilTimeout_closure1.call(WebUIKeywordMain.groovy)
com.kms.katalon.core.webui.keyword.internal.WebUIKeywordMain.runKeyword(WebUIKeywordMain.groovy:41)
com.kms.katalon.core.webui.keyword.internal.WebUIKeywordMain.runKeywordUntilTimeout(WebUIKeywordMain.groovy:133)
com.kms.katalon.core.webui.keyword.builtin.ClickKeyword.click(ClickKeyword.groovy:72)
com.kms.katalon.core.webui.keyword.builtin.ClickKeyword.execute(ClickKeyword.groovy:38)
com.kms.katalon.core.keyword.internal.KeywordExecutor.executeKeywordForPlatform(KeywordExecutor.groovy:99)
com.kms.katalon.core.webui.keyword.WebUiBuiltInKeywords.click(WebUiBuiltInKeywords.groovy:722)
View_File.run(View_File:52)
</property>
</record>
<record>
  <date>2026-05-26T21:06:08.614043100Z</date>
  <millis>1779829568614</millis>
  <nanos>43100</nanos>
  <sequence>1304</sequence>
  <level>END</level>
  <class>com.kms.katalon.core.logging.XmlKeywordLogger</class>
  <method>endKeyword</method>
  <thread>1</thread>
  <message>End action : click(findTestObject(&amp;quot;Page_Work Order  View- Workforce Manager/i_fa fa-chevron-right_1&amp;quot;))</message>
  <nestedLevel>1</nestedLevel>
  <escapedJava>false</escapedJava>
</record>
<record>
  <date>2026-05-26T21:06:08.614043100Z</date>
  <millis>1779829568614</millis>
  <nanos>43100</nanos>
  <sequence>1305</sequence>
  <level>START</level>
  <class>com.kms.katalon.core.logging.XmlKeywordLogger</class>
  <method>startKeyword</method>
  <thread>1</thread>
  <message>Start action : println(&amp;quot;Viewer closed&amp;quot;)</message>
  <nestedLevel>1</nestedLevel>
  <escapedJava>false</escapedJava>
  <property name="startLine">57</property>
  <property name="stepIndex">8</property>
</record>
<record>
  <date>2026-05-26T21:06:08.615028800Z</date>
  <millis>1779829568615</millis>
  <nanos>28800</nanos>
  <sequence>1306</sequence>
  <level>END</level>
  <class>com.kms.katalon.core.logging.XmlKeywordLogger</class>
  <method>endKeyword</method>
  <thread>1</thread>
  <message>End action : println(&amp;quot;Viewer closed&amp;quot;)</message>
  <nestedLevel>1</nestedLevel>
  <escapedJava>false</escapedJava>
</record>
<record>
  <date>2026-05-26T21:06:08.616027100Z</date>
  <millis>1779829568616</millis>
  <nanos>27100</nanos>
  <sequence>1307</sequence>
  <level>PASSED</level>
  <class>com.kms.katalon.core.logging.XmlKeywordLogger</class>
  <method>logMessage</method>
  <thread>1</thread>
  <message>Test Cases/TaskActions/Table_Actions/View_File</message>
  <nestedLevel>1</nestedLevel>
  <escapedJava>false</escapedJava>
</record>
<record>
  <date>2026-05-26T21:06:08.618411600Z</date>
  <millis>1779829568618</millis>
  <nanos>411600</nanos>
  <sequence>1308</sequence>
  <level>END</level>
  <class>com.kms.katalon.core.logging.XmlKeywordLogger</class>
  <method>endTest</method>
  <thread>1</thread>
  <message>End Test Case : Test Cases/TaskActions/Table_Actions/View_File</message>
  <nestedLevel>0</nestedLevel>
  <escapedJava>false</escapedJava>
  <property name="executionBindingVariables">[]</property>
  <property name="applitools">false</property>
  <property name="remainingRetryCount">3</property>
  <property name="executedKeywords">{
  &quot;WebUI.waitForElementPresent&quot;: 1,
  &quot;WebUI.waitForElementVisible&quot;: 1,
  &quot;BuiltIn.delay&quot;: 1,
  &quot;WebUI.click&quot;: 2,
  &quot;WebUI.waitForPageLoad&quot;: 1
}</property>
  <property name="currentRetryCount">0</property>
  <property name="keywordsUsage">{
  &quot;web_ui&quot;: true,
  &quot;web_service&quot;: false,
  &quot;cucumber&quot;: false,
  &quot;builtin&quot;: true,
  &quot;mobile&quot;: false,
  &quot;windows&quot;: false,
  &quot;testng&quot;: false
}</property>
</record>
<record>
  <date>2026-05-26T21:06:08.630363300Z</date>
  <millis>1779829568630</millis>
  <nanos>363300</nanos>
  <sequence>1309</sequence>
  <level>START</level>
  <class>com.kms.katalon.core.logging.XmlKeywordLogger</class>
  <method>startTest</method>
  <thread>1</thread>
  <message>Start Test Case : Test Cases/TaskActions/Table_Actions/Download_File</message>
  <nestedLevel>1</nestedLevel>
  <escapedJava>false</escapedJava>
  <property name="remainingRetryCount">3</property>
  <property name="origin"></property>
  <property name="name">Test Cases/TaskActions/Table_Actions/Download_File</property>
  <property name="description"></property>
  <property name="iteration"></property>
  <property name="id">Test Cases/TaskActions/Table_Actions/Download_File</property>
  <property name="source">C:\Users\CROWN-STAFF\git\convergence-qa-tests\Test Cases\TaskActions\Table_Actions\Download_File.tc</property>
  <property name="tag"></property>
  <property name="isOptional">false</property>
  <property name="uuid">5c49179a-e0c7-4d42-ab9b-6d94ab6629e1</property>
  <property name="currentRetryCount">0</property>
</record>
<record>
  <date>2026-05-26T21:06:08.676986Z</date>
  <millis>1779829568676</millis>
  <nanos>986000</nanos>
  <sequence>1311</sequence>
  <level>RUN_DATA</level>
  <class>com.kms.katalon.core.logging.XmlKeywordLogger</class>
  <method>logMessage</method>
  <thread>1</thread>
  <message>executionBindingVariables = []</message>
  <nestedLevel>1</nestedLevel>
  <escapedJava>false</escapedJava>
  <property name="executionBindingVariables">[]</property>
</record>
<record>
  <date>2026-05-26T21:06:09.020275600Z</date>
  <millis>1779829569020</millis>
  <nanos>275600</nanos>
  <sequence>1312</sequence>
  <level>START</level>
  <class>com.kms.katalon.core.logging.XmlKeywordLogger</class>
  <method>startKeyword</method>
  <thread>1</thread>
  <message>Start action : waitForPageLoad(20)</message>
  <nestedLevel>1</nestedLevel>
  <escapedJava>false</escapedJava>
  <property name="startLine">21</property>
  <property name="stepIndex">1</property>
</record>
<record>
  <date>2026-05-26T21:06:09.052943300Z</date>
  <millis>1779829569052</millis>
  <nanos>943300</nanos>
  <sequence>1316</sequence>
  <level>PASSED</level>
  <class>com.kms.katalon.core.logging.XmlKeywordLogger</class>
  <method>logMessage</method>
  <thread>1</thread>
  <message>Wait for page load successfully</message>
  <nestedLevel>1</nestedLevel>
  <escapedJava>false</escapedJava>
  <property name="testops-method-name">com.kms.katalon.core.webui.keyword.internal.WebUIKeywordMain$runKeyword$0.call</property>
  <property name="testops-execution-stacktrace">com.kms.katalon.core.logging.KeywordLogger.logPassed(KeywordLogger.java:350)
com.kms.katalon.core.logging.KeywordLogger.logPassed(KeywordLogger.java:345)
com.kms.katalon.core.logging.KeywordLogger$logPassed$0.call(Unknown Source)
com.kms.katalon.core.webui.keyword.builtin.WaitForPageLoadKeyword$_waitForPageLoad_closure1.doCall(WaitForPageLoadKeyword.groovy:94)
com.kms.katalon.core.webui.keyword.builtin.WaitForPageLoadKeyword$_waitForPageLoad_closure1.doCall(WaitForPageLoadKeyword.groovy)
java.base/jdk.internal.reflect.DirectMethodHandleAccessor.invoke(DirectMethodHandleAccessor.java:103)
com.kms.katalon.core.webui.keyword.internal.WebUIKeywordMain.runKeyword(WebUIKeywordMain.groovy:41)
com.kms.katalon.core.webui.keyword.internal.WebUIKeywordMain$runKeyword$0.call(Unknown Source)
com.kms.katalon.core.webui.keyword.builtin.WaitForPageLoadKeyword.waitForPageLoad(WaitForPageLoadKeyword.groovy:95)
com.kms.katalon.core.webui.keyword.builtin.WaitForPageLoadKeyword.execute(WaitForPageLoadKeyword.groovy:68)
com.kms.katalon.core.keyword.internal.KeywordExecutor.executeKeywordForPlatform(KeywordExecutor.groovy:99)
com.kms.katalon.core.webui.keyword.WebUiBuiltInKeywords.waitForPageLoad(WebUiBuiltInKeywords.groovy:2559)
Download_File.run(Download_File:21)
</property>
</record>
<record>
  <date>2026-05-26T21:06:09.055927400Z</date>
  <millis>1779829569055</millis>
  <nanos>927400</nanos>
  <sequence>1317</sequence>
  <level>END</level>
  <class>com.kms.katalon.core.logging.XmlKeywordLogger</class>
  <method>endKeyword</method>
  <thread>1</thread>
  <message>End action : waitForPageLoad(20)</message>
  <nestedLevel>1</nestedLevel>
  <escapedJava>false</escapedJava>
</record>
<record>
  <date>2026-05-26T21:06:09.057926600Z</date>
  <millis>1779829569057</millis>
  <nanos>926600</nanos>
  <sequence>1318</sequence>
  <level>START</level>
  <class>com.kms.katalon.core.logging.XmlKeywordLogger</class>
  <method>startKeyword</method>
  <thread>1</thread>
  <message>Start action : waitForElementPresent(findTestObject(&amp;quot;Page_Work Order  Index- Workforce Manager/input_Search&amp;quot;), 20)</message>
  <nestedLevel>1</nestedLevel>
  <escapedJava>false</escapedJava>
  <property name="startLine">23</property>
  <property name="stepIndex">2</property>
</record>
<record>
  <date>2026-05-26T21:06:29.357009600Z</date>
  <millis>1779829589357</millis>
  <nanos>9600</nanos>
  <sequence>1324</sequence>
  <level>WARNING</level>
  <class>com.kms.katalon.core.logging.XmlKeywordLogger</class>
  <method>logMessage</method>
  <thread>1</thread>
  <message>Object &amp;apos;Object Repository/Page_Work Order  Index- Workforce Manager/input_Search&amp;apos; is not present after 20 second(s)</message>
  <nestedLevel>1</nestedLevel>
  <escapedJava>false</escapedJava>
  <property name="failed.exception.stacktrace">com.kms.katalon.core.webui.exception.WebElementNotFoundException: Web element with id: &apos;Object Repository/Page_Work Order  Index- Workforce Manager/input_Search&apos; located by &apos;By.xpath: //*[@id = &apos;created-by-me&apos;]//*[@id = &apos;search-table&apos;]&apos; not found
	at com.kms.katalon.core.webui.model.WebUiElementFinder.findElementByNormalMethods(WebUiElementFinder.java:201)
	at com.kms.katalon.core.webui.model.WebUiElementFinder.findElementsBySelectedMethod(WebUiElementFinder.java:99)
	at com.kms.katalon.core.webui.model.WebUiElementFinder.findElementsBySelectedMethod(WebUiElementFinder.java:82)
	at com.kms.katalon.core.webui.model.WebUiElementFinder.findElementsBySelectedMethod(WebUiElementFinder.java:77)
	at com.kms.katalon.core.webui.model.WebUiElementFinder.findElement(WebUiElementFinder.java:51)
	at com.kms.katalon.core.webui.model.WebUiElementFinderWithTimeout.basicFindElement(WebUiElementFinderWithTimeout.java:51)
	at com.kms.katalon.core.webui.model.WebUiElementFinderWithTimeout.lambda$0(WebUiElementFinderWithTimeout.java:29)
	at com.kms.katalon.core.webui.model.SeleniumActionRetryController.performAction(SeleniumActionRetryController.java:96)
	at com.kms.katalon.core.webui.model.SeleniumActionRetryController.performAction(SeleniumActionRetryController.java:83)
	at com.kms.katalon.core.webui.model.WebUiElementFinderWithTimeout.findElement(WebUiElementFinderWithTimeout.java:28)
	at com.kms.katalon.core.webui.keyword.internal.WebUIAbstractKeyword.lambda$1(WebUIAbstractKeyword.java:119)
	at com.kms.katalon.core.webui.model.SeleniumActionRetryController.performAction(SeleniumActionRetryController.java:96)
	at com.kms.katalon.core.webui.model.SeleniumActionRetryController.performAction(SeleniumActionRetryController.java:83)
	at com.kms.katalon.core.webui.model.SeleniumActionRetryController.retry(SeleniumActionRetryController.java:49)
	at com.kms.katalon.core.webui.model.SeleniumActionRetryController.retry(SeleniumActionRetryController.java:44)
	at com.kms.katalon.core.webui.keyword.internal.WebUIAbstractKeyword.findWebElement(WebUIAbstractKeyword.java:116)
	at com.kms.katalon.core.webui.keyword.builtin.WaitForElementPresentKeyword$_waitForElementPresent_closure1.doCall(WaitForElementPresentKeyword.groovy:54)
	at java.base/jdk.internal.reflect.DirectMethodHandleAccessor.invoke(DirectMethodHandleAccessor.java:103)
	at jdk.proxy2/jdk.proxy2.$Proxy56.execute(Unknown Source)
	at com.kms.katalon.core.webui.model.SeleniumActionRetryController.performAction(SeleniumActionRetryController.java:96)
	at com.kms.katalon.core.webui.model.SeleniumActionRetryController.performAction(SeleniumActionRetryController.java:83)
	at com.kms.katalon.core.webui.keyword.internal.WebUIKeywordMain$_runKeywordUntilTimeout_closure2.doCall(WebUIKeywordMain.groovy:155)
	at com.kms.katalon.core.webui.keyword.internal.WebUIKeywordMain$_runKeywordUntilTimeout_closure2.call(WebUIKeywordMain.groovy)
	at com.kms.katalon.core.webui.keyword.internal.WebUIKeywordMain.runKeyword(WebUIKeywordMain.groovy:41)
	at com.kms.katalon.core.webui.keyword.internal.WebUIKeywordMain.runKeywordUntilTimeout(WebUIKeywordMain.groovy:152)
	at com.kms.katalon.core.webui.keyword.builtin.WaitForElementPresentKeyword.waitForElementPresent(WaitForElementPresentKeyword.groovy:68)
	at com.kms.katalon.core.webui.keyword.builtin.WaitForElementPresentKeyword.execute(WaitForElementPresentKeyword.groovy:38)
	at com.kms.katalon.core.keyword.internal.KeywordExecutor.executeKeywordForPlatform(KeywordExecutor.groovy:99)
	at com.kms.katalon.core.webui.keyword.WebUiBuiltInKeywords.waitForElementPresent(WebUiBuiltInKeywords.groovy:424)
	at Download_File.run(Download_File:23)
	at com.kms.katalon.core.main.ScriptEngine.run(ScriptEngine.java:203)
	at com.kms.katalon.core.main.ScriptEngine.runScriptAsRawText(ScriptEngine.java:115)
	at com.kms.katalon.core.main.TestCaseExecutor.runScript(TestCaseExecutor.java:504)
	at com.kms.katalon.core.main.TestCaseExecutor.doExecute(TestCaseExecutor.java:495)
	at com.kms.katalon.core.main.TestCaseExecutor.processExecutionPhase(TestCaseExecutor.java:474)
	at com.kms.katalon.core.main.TestCaseExecutor.accessMainPhase(TestCaseExecutor.java:466)
	at com.kms.katalon.core.main.TestCaseExecutor.execute(TestCaseExecutor.java:336)
	at com.kms.katalon.core.common.CommonExecutor.accessTestCaseMainPhase(CommonExecutor.java:71)
	at com.kms.katalon.core.main.TestSuiteExecutor.accessTestSuiteMainPhase(TestSuiteExecutor.java:153)
	at com.kms.katalon.core.main.TestSuiteExecutor.execute(TestSuiteExecutor.java:110)
	at com.kms.katalon.core.main.TestCaseMain.startTestSuite(TestCaseMain.java:206)
	at S0526_51.run(S0526_51.groovy:40)
	at java.base/jdk.internal.reflect.DirectMethodHandleAccessor.invoke(DirectMethodHandleAccessor.java:103)
</property>
  <property name="failed.exception.class">com.kms.katalon.core.webui.exception.WebElementNotFoundException</property>
  <property name="failed.exception.message">Web element with id: &apos;Object Repository/Page_Work Order  Index- Workforce Manager/input_Search&apos; located by &apos;By.xpath: //*[@id = &apos;created-by-me&apos;]//*[@id = &apos;search-table&apos;]&apos; not found</property>
</record>
<record>
  <date>2026-05-26T21:06:29.363697100Z</date>
  <millis>1779829589363</millis>
  <nanos>697100</nanos>
  <sequence>1325</sequence>
  <level>END</level>
  <class>com.kms.katalon.core.logging.XmlKeywordLogger</class>
  <method>endKeyword</method>
  <thread>1</thread>
  <message>End action : waitForElementPresent(findTestObject(&amp;quot;Page_Work Order  Index- Workforce Manager/input_Search&amp;quot;), 20)</message>
  <nestedLevel>1</nestedLevel>
  <escapedJava>false</escapedJava>
</record>
<record>
  <date>2026-05-26T21:06:29.365694Z</date>
  <millis>1779829589365</millis>
  <nanos>694000</nanos>
  <sequence>1326</sequence>
  <level>START</level>
  <class>com.kms.katalon.core.logging.XmlKeywordLogger</class>
  <method>startKeyword</method>
  <thread>1</thread>
  <message>Start action : click(findTestObject(&amp;quot;Page_Work Order  View- Workforce Manager/btn_Download&amp;quot;))</message>
  <nestedLevel>1</nestedLevel>
  <escapedJava>false</escapedJava>
  <property name="startLine">25</property>
  <property name="stepIndex">3</property>
</record>
<record>
  <date>2026-05-26T21:06:30.635878900Z</date>
  <millis>1779829590635</millis>
  <nanos>878900</nanos>
  <sequence>1337</sequence>
  <level>PASSED</level>
  <class>com.kms.katalon.core.logging.XmlKeywordLogger</class>
  <method>logMessage</method>
  <thread>1</thread>
  <message>Object: &amp;apos;Object Repository/Page_Work Order  View- Workforce Manager/btn_Download&amp;apos; is clicked on</message>
  <nestedLevel>1</nestedLevel>
  <escapedJava>false</escapedJava>
  <property name="testops-method-name">com.kms.katalon.core.webui.keyword.internal.WebUIKeywordMain.runKeywordUntilTimeout</property>
  <property name="testops-execution-stacktrace">com.kms.katalon.core.logging.KeywordLogger.logPassed(KeywordLogger.java:350)
com.kms.katalon.core.logging.KeywordLogger.logPassed(KeywordLogger.java:345)
com.kms.katalon.core.webui.keyword.builtin.ClickKeyword$_click_closure1.doCall(ClickKeyword.groovy:66)
java.base/jdk.internal.reflect.DirectMethodHandleAccessor.invoke(DirectMethodHandleAccessor.java:103)
jdk.proxy2/jdk.proxy2.$Proxy56.execute(Unknown Source)
com.kms.katalon.core.webui.model.SeleniumActionRetryController.performAction(SeleniumActionRetryController.java:96)
com.kms.katalon.core.webui.model.SeleniumActionRetryController.performAction(SeleniumActionRetryController.java:83)
com.kms.katalon.core.webui.keyword.internal.WebUIKeywordMain$_runKeywordUntilTimeout_closure1.doCall(WebUIKeywordMain.groovy:135)
com.kms.katalon.core.webui.keyword.internal.WebUIKeywordMain$_runKeywordUntilTimeout_closure1.call(WebUIKeywordMain.groovy)
com.kms.katalon.core.webui.keyword.internal.WebUIKeywordMain.runKeyword(WebUIKeywordMain.groovy:41)
com.kms.katalon.core.webui.keyword.internal.WebUIKeywordMain.runKeywordUntilTimeout(WebUIKeywordMain.groovy:133)
com.kms.katalon.core.webui.keyword.builtin.ClickKeyword.click(ClickKeyword.groovy:72)
com.kms.katalon.core.webui.keyword.builtin.ClickKeyword.execute(ClickKeyword.groovy:38)
com.kms.katalon.core.keyword.internal.KeywordExecutor.executeKeywordForPlatform(KeywordExecutor.groovy:99)
com.kms.katalon.core.webui.keyword.WebUiBuiltInKeywords.click(WebUiBuiltInKeywords.groovy:722)
Download_File.run(Download_File:25)
</property>
</record>
<record>
  <date>2026-05-26T21:06:30.636878400Z</date>
  <millis>1779829590636</millis>
  <nanos>878400</nanos>
  <sequence>1338</sequence>
  <level>END</level>
  <class>com.kms.katalon.core.logging.XmlKeywordLogger</class>
  <method>endKeyword</method>
  <thread>1</thread>
  <message>End action : click(findTestObject(&amp;quot;Page_Work Order  View- Workforce Manager/btn_Download&amp;quot;))</message>
  <nestedLevel>1</nestedLevel>
  <escapedJava>false</escapedJava>
</record>
<record>
  <date>2026-05-26T21:06:30.636878400Z</date>
  <millis>1779829590636</millis>
  <nanos>878400</nanos>
  <sequence>1339</sequence>
  <level>PASSED</level>
  <class>com.kms.katalon.core.logging.XmlKeywordLogger</class>
  <method>logMessage</method>
  <thread>1</thread>
  <message>Test Cases/TaskActions/Table_Actions/Download_File</message>
  <nestedLevel>1</nestedLevel>
  <escapedJava>false</escapedJava>
</record>
<record>
  <date>2026-05-26T21:06:30.638198Z</date>
  <millis>1779829590638</millis>
  <nanos>198000</nanos>
  <sequence>1340</sequence>
  <level>END</level>
  <class>com.kms.katalon.core.logging.XmlKeywordLogger</class>
  <method>endTest</method>
  <thread>1</thread>
  <message>End Test Case : Test Cases/TaskActions/Table_Actions/Download_File</message>
  <nestedLevel>0</nestedLevel>
  <escapedJava>false</escapedJava>
  <property name="executionBindingVariables">[]</property>
  <property name="applitools">false</property>
  <property name="remainingRetryCount">3</property>
  <property name="executedKeywords">{
  &quot;WebUI.click&quot;: 1,
  &quot;WebUI.waitForPageLoad&quot;: 1,
  &quot;WebUI.waitForElementPresent&quot;: 1
}</property>
  <property name="currentRetryCount">0</property>
  <property name="keywordsUsage">{
  &quot;web_ui&quot;: true,
  &quot;web_service&quot;: false,
  &quot;cucumber&quot;: false,
  &quot;builtin&quot;: false,
  &quot;mobile&quot;: false,
  &quot;windows&quot;: false,
  &quot;testng&quot;: false
}</property>
</record>
<record>
  <date>2026-05-26T21:06:30.671153Z</date>
  <millis>1779829590671</millis>
  <nanos>153000</nanos>
  <sequence>1341</sequence>
  <level>START</level>
  <class>com.kms.katalon.core.logging.XmlKeywordLogger</class>
  <method>startTest</method>
  <thread>1</thread>
  <message>Start Test Case : Test Cases/TaskActions/Table_Actions/Esign</message>
  <nestedLevel>1</nestedLevel>
  <escapedJava>false</escapedJava>
  <property name="remainingRetryCount">3</property>
  <property name="origin"></property>
  <property name="name">Test Cases/TaskActions/Table_Actions/Esign</property>
  <property name="description"></property>
  <property name="iteration"></property>
  <property name="id">Test Cases/TaskActions/Table_Actions/Esign</property>
  <property name="source">C:\Users\CROWN-STAFF\git\convergence-qa-tests\Test Cases\TaskActions\Table_Actions\Esign.tc</property>
  <property name="tag"></property>
  <property name="isOptional">false</property>
  <property name="uuid">8e51626a-b2d7-431a-9792-c1b7a6460b4b</property>
  <property name="currentRetryCount">0</property>
</record>
<record>
  <date>2026-05-26T21:06:30.772129400Z</date>
  <millis>1779829590772</millis>
  <nanos>129400</nanos>
  <sequence>1343</sequence>
  <level>RUN_DATA</level>
  <class>com.kms.katalon.core.logging.XmlKeywordLogger</class>
  <method>logMessage</method>
  <thread>1</thread>
  <message>executionBindingVariables = []</message>
  <nestedLevel>1</nestedLevel>
  <escapedJava>false</escapedJava>
  <property name="executionBindingVariables">[]</property>
</record>
<record>
  <date>2026-05-26T21:06:32.764899100Z</date>
  <millis>1779829592764</millis>
  <nanos>899100</nanos>
  <sequence>1344</sequence>
  <level>START</level>
  <class>com.kms.katalon.core.logging.XmlKeywordLogger</class>
  <method>startKeyword</method>
  <thread>1</thread>
  <message>Start action : driver = getWebDriver()</message>
  <nestedLevel>1</nestedLevel>
  <escapedJava>false</escapedJava>
  <property name="startLine">13</property>
  <property name="stepIndex">1</property>
</record>
<record>
  <date>2026-05-26T21:06:32.767359400Z</date>
  <millis>1779829592767</millis>
  <nanos>359400</nanos>
  <sequence>1345</sequence>
  <level>END</level>
  <class>com.kms.katalon.core.logging.XmlKeywordLogger</class>
  <method>endKeyword</method>
  <thread>1</thread>
  <message>End action : driver = getWebDriver()</message>
  <nestedLevel>1</nestedLevel>
  <escapedJava>false</escapedJava>
</record>
<record>
  <date>2026-05-26T21:06:32.768358600Z</date>
  <millis>1779829592768</millis>
  <nanos>358600</nanos>
  <sequence>1346</sequence>
  <level>START</level>
  <class>com.kms.katalon.core.logging.XmlKeywordLogger</class>
  <method>startKeyword</method>
  <thread>1</thread>
  <message>Start action : wait = new org.openqa.selenium.support.ui.WebDriverWait(driver, java.time.Duration.ofSeconds(30))</message>
  <nestedLevel>1</nestedLevel>
  <escapedJava>false</escapedJava>
  <property name="startLine">14</property>
  <property name="stepIndex">2</property>
</record>
<record>
  <date>2026-05-26T21:06:32.772887Z</date>
  <millis>1779829592772</millis>
  <nanos>887000</nanos>
  <sequence>1347</sequence>
  <level>END</level>
  <class>com.kms.katalon.core.logging.XmlKeywordLogger</class>
  <method>endKeyword</method>
  <thread>1</thread>
  <message>End action : wait = new org.openqa.selenium.support.ui.WebDriverWait(driver, java.time.Duration.ofSeconds(30))</message>
  <nestedLevel>1</nestedLevel>
  <escapedJava>false</escapedJava>
</record>
<record>
  <date>2026-05-26T21:06:32.773890400Z</date>
  <millis>1779829592773</millis>
  <nanos>890400</nanos>
  <sequence>1348</sequence>
  <level>START</level>
  <class>com.kms.katalon.core.logging.XmlKeywordLogger</class>
  <method>startKeyword</method>
  <thread>1</thread>
  <message>Start action : println(&amp;quot;===== START ESIGN =====&amp;quot;)</message>
  <nestedLevel>1</nestedLevel>
  <escapedJava>false</escapedJava>
  <property name="startLine">16</property>
  <property name="stepIndex">3</property>
</record>
<record>
  <date>2026-05-26T21:06:32.782453900Z</date>
  <millis>1779829592782</millis>
  <nanos>453900</nanos>
  <sequence>1349</sequence>
  <level>END</level>
  <class>com.kms.katalon.core.logging.XmlKeywordLogger</class>
  <method>endKeyword</method>
  <thread>1</thread>
  <message>End action : println(&amp;quot;===== START ESIGN =====&amp;quot;)</message>
  <nestedLevel>1</nestedLevel>
  <escapedJava>false</escapedJava>
</record>
<record>
  <date>2026-05-26T21:06:32.783703500Z</date>
  <millis>1779829592783</millis>
  <nanos>703500</nanos>
  <sequence>1350</sequence>
  <level>START</level>
  <class>com.kms.katalon.core.logging.XmlKeywordLogger</class>
  <method>startKeyword</method>
  <thread>1</thread>
  <message>Start action : waitForPageLoad(30)</message>
  <nestedLevel>1</nestedLevel>
  <escapedJava>false</escapedJava>
  <property name="startLine">18</property>
  <property name="stepIndex">4</property>
</record>
<record>
  <date>2026-05-26T21:06:32.804150100Z</date>
  <millis>1779829592804</millis>
  <nanos>150100</nanos>
  <sequence>1354</sequence>
  <level>PASSED</level>
  <class>com.kms.katalon.core.logging.XmlKeywordLogger</class>
  <method>logMessage</method>
  <thread>1</thread>
  <message>Wait for page load successfully</message>
  <nestedLevel>1</nestedLevel>
  <escapedJava>false</escapedJava>
  <property name="testops-method-name">com.kms.katalon.core.webui.keyword.internal.WebUIKeywordMain$runKeyword$0.call</property>
  <property name="testops-execution-stacktrace">com.kms.katalon.core.logging.KeywordLogger.logPassed(KeywordLogger.java:350)
com.kms.katalon.core.logging.KeywordLogger.logPassed(KeywordLogger.java:345)
com.kms.katalon.core.logging.KeywordLogger$logPassed$0.call(Unknown Source)
com.kms.katalon.core.webui.keyword.builtin.WaitForPageLoadKeyword$_waitForPageLoad_closure1.doCall(WaitForPageLoadKeyword.groovy:94)
com.kms.katalon.core.webui.keyword.builtin.WaitForPageLoadKeyword$_waitForPageLoad_closure1.doCall(WaitForPageLoadKeyword.groovy)
java.base/jdk.internal.reflect.DirectMethodHandleAccessor.invoke(DirectMethodHandleAccessor.java:103)
com.kms.katalon.core.webui.keyword.internal.WebUIKeywordMain.runKeyword(WebUIKeywordMain.groovy:41)
com.kms.katalon.core.webui.keyword.internal.WebUIKeywordMain$runKeyword$0.call(Unknown Source)
com.kms.katalon.core.webui.keyword.builtin.WaitForPageLoadKeyword.waitForPageLoad(WaitForPageLoadKeyword.groovy:95)
com.kms.katalon.core.webui.keyword.builtin.WaitForPageLoadKeyword.execute(WaitForPageLoadKeyword.groovy:68)
com.kms.katalon.core.keyword.internal.KeywordExecutor.executeKeywordForPlatform(KeywordExecutor.groovy:99)
com.kms.katalon.core.webui.keyword.WebUiBuiltInKeywords.waitForPageLoad(WebUiBuiltInKeywords.groovy:2559)
Esign.run(Esign:18)
</property>
</record>
<record>
  <date>2026-05-26T21:06:32.806861900Z</date>
  <millis>1779829592806</millis>
  <nanos>861900</nanos>
  <sequence>1355</sequence>
  <level>END</level>
  <class>com.kms.katalon.core.logging.XmlKeywordLogger</class>
  <method>endKeyword</method>
  <thread>1</thread>
  <message>End action : waitForPageLoad(30)</message>
  <nestedLevel>1</nestedLevel>
  <escapedJava>false</escapedJava>
</record>
<record>
  <date>2026-05-26T21:06:32.806861900Z</date>
  <millis>1779829592806</millis>
  <nanos>861900</nanos>
  <sequence>1356</sequence>
  <level>START</level>
  <class>com.kms.katalon.core.logging.XmlKeywordLogger</class>
  <method>startKeyword</method>
  <thread>1</thread>
  <message>Start action : click(findTestObject(&amp;quot;Page_Work Order  View- Workforce Manager/svg_svg&amp;quot;))</message>
  <nestedLevel>1</nestedLevel>
  <escapedJava>false</escapedJava>
  <property name="startLine">25</property>
  <property name="stepIndex">5</property>
</record>
<record>
  <date>2026-05-26T21:06:34.472091400Z</date>
  <millis>1779829594472</millis>
  <nanos>91400</nanos>
  <sequence>1367</sequence>
  <level>PASSED</level>
  <class>com.kms.katalon.core.logging.XmlKeywordLogger</class>
  <method>logMessage</method>
  <thread>1</thread>
  <message>Object: &amp;apos;Object Repository/Page_Work Order  View- Workforce Manager/svg_svg&amp;apos; is clicked on</message>
  <nestedLevel>1</nestedLevel>
  <escapedJava>false</escapedJava>
  <property name="testops-method-name">com.kms.katalon.core.webui.keyword.internal.WebUIKeywordMain.runKeywordUntilTimeout</property>
  <property name="testops-execution-stacktrace">com.kms.katalon.core.logging.KeywordLogger.logPassed(KeywordLogger.java:350)
com.kms.katalon.core.logging.KeywordLogger.logPassed(KeywordLogger.java:345)
com.kms.katalon.core.webui.keyword.builtin.ClickKeyword$_click_closure1.doCall(ClickKeyword.groovy:66)
java.base/jdk.internal.reflect.DirectMethodHandleAccessor.invoke(DirectMethodHandleAccessor.java:103)
jdk.proxy2/jdk.proxy2.$Proxy56.execute(Unknown Source)
com.kms.katalon.core.webui.model.SeleniumActionRetryController.performAction(SeleniumActionRetryController.java:96)
com.kms.katalon.core.webui.model.SeleniumActionRetryController.performAction(SeleniumActionRetryController.java:83)
com.kms.katalon.core.webui.keyword.internal.WebUIKeywordMain$_runKeywordUntilTimeout_closure1.doCall(WebUIKeywordMain.groovy:135)
com.kms.katalon.core.webui.keyword.internal.WebUIKeywordMain$_runKeywordUntilTimeout_closure1.call(WebUIKeywordMain.groovy)
com.kms.katalon.core.webui.keyword.internal.WebUIKeywordMain.runKeyword(WebUIKeywordMain.groovy:41)
com.kms.katalon.core.webui.keyword.internal.WebUIKeywordMain.runKeywordUntilTimeout(WebUIKeywordMain.groovy:133)
com.kms.katalon.core.webui.keyword.builtin.ClickKeyword.click(ClickKeyword.groovy:72)
com.kms.katalon.core.webui.keyword.builtin.ClickKeyword.execute(ClickKeyword.groovy:38)
com.kms.katalon.core.keyword.internal.KeywordExecutor.executeKeywordForPlatform(KeywordExecutor.groovy:99)
com.kms.katalon.core.webui.keyword.WebUiBuiltInKeywords.click(WebUiBuiltInKeywords.groovy:722)
Esign.run(Esign:25)
</property>
</record>
<record>
  <date>2026-05-26T21:06:34.474298800Z</date>
  <millis>1779829594474</millis>
  <nanos>298800</nanos>
  <sequence>1368</sequence>
  <level>END</level>
  <class>com.kms.katalon.core.logging.XmlKeywordLogger</class>
  <method>endKeyword</method>
  <thread>1</thread>
  <message>End action : click(findTestObject(&amp;quot;Page_Work Order  View- Workforce Manager/svg_svg&amp;quot;))</message>
  <nestedLevel>1</nestedLevel>
  <escapedJava>false</escapedJava>
</record>
<record>
  <date>2026-05-26T21:06:34.474298800Z</date>
  <millis>1779829594474</millis>
  <nanos>298800</nanos>
  <sequence>1369</sequence>
  <level>START</level>
  <class>com.kms.katalon.core.logging.XmlKeywordLogger</class>
  <method>startKeyword</method>
  <thread>1</thread>
  <message>Start action : println(&amp;quot;eSign modal opened&amp;quot;)</message>
  <nestedLevel>1</nestedLevel>
  <escapedJava>false</escapedJava>
  <property name="startLine">29</property>
  <property name="stepIndex">6</property>
</record>
<record>
  <date>2026-05-26T21:06:34.480649900Z</date>
  <millis>1779829594480</millis>
  <nanos>649900</nanos>
  <sequence>1370</sequence>
  <level>END</level>
  <class>com.kms.katalon.core.logging.XmlKeywordLogger</class>
  <method>endKeyword</method>
  <thread>1</thread>
  <message>End action : println(&amp;quot;eSign modal opened&amp;quot;)</message>
  <nestedLevel>1</nestedLevel>
  <escapedJava>false</escapedJava>
</record>
<record>
  <date>2026-05-26T21:06:34.480649900Z</date>
  <millis>1779829594480</millis>
  <nanos>649900</nanos>
  <sequence>1371</sequence>
  <level>START</level>
  <class>com.kms.katalon.core.logging.XmlKeywordLogger</class>
  <method>startKeyword</method>
  <thread>1</thread>
  <message>Start action : iframe = new com.kms.katalon.core.testobject.TestObject()</message>
  <nestedLevel>1</nestedLevel>
  <escapedJava>false</escapedJava>
  <property name="startLine">36</property>
  <property name="stepIndex">7</property>
</record>
<record>
  <date>2026-05-26T21:06:34.482664900Z</date>
  <millis>1779829594482</millis>
  <nanos>664900</nanos>
  <sequence>1372</sequence>
  <level>END</level>
  <class>com.kms.katalon.core.logging.XmlKeywordLogger</class>
  <method>endKeyword</method>
  <thread>1</thread>
  <message>End action : iframe = new com.kms.katalon.core.testobject.TestObject()</message>
  <nestedLevel>1</nestedLevel>
  <escapedJava>false</escapedJava>
</record>
<record>
  <date>2026-05-26T21:06:34.483676100Z</date>
  <millis>1779829594483</millis>
  <nanos>676100</nanos>
  <sequence>1373</sequence>
  <level>START</level>
  <class>com.kms.katalon.core.logging.XmlKeywordLogger</class>
  <method>startKeyword</method>
  <thread>1</thread>
  <message>Start action : iframe.addProperty(&amp;quot;xpath&amp;quot;, EQUALS, &amp;quot;//iframe[contains(@id,&amp;apos;esign&amp;apos;)]&amp;quot;)</message>
  <nestedLevel>1</nestedLevel>
  <escapedJava>false</escapedJava>
  <property name="startLine">38</property>
  <property name="stepIndex">8</property>
</record>
<record>
  <date>2026-05-26T21:06:34.486669500Z</date>
  <millis>1779829594486</millis>
  <nanos>669500</nanos>
  <sequence>1374</sequence>
  <level>END</level>
  <class>com.kms.katalon.core.logging.XmlKeywordLogger</class>
  <method>endKeyword</method>
  <thread>1</thread>
  <message>End action : iframe.addProperty(&amp;quot;xpath&amp;quot;, EQUALS, &amp;quot;//iframe[contains(@id,&amp;apos;esign&amp;apos;)]&amp;quot;)</message>
  <nestedLevel>1</nestedLevel>
  <escapedJava>false</escapedJava>
</record>
<record>
  <date>2026-05-26T21:06:34.487667400Z</date>
  <millis>1779829594487</millis>
  <nanos>667400</nanos>
  <sequence>1375</sequence>
  <level>START</level>
  <class>com.kms.katalon.core.logging.XmlKeywordLogger</class>
  <method>startKeyword</method>
  <thread>1</thread>
  <message>Start action : waitForElementPresent(iframe, 60)</message>
  <nestedLevel>1</nestedLevel>
  <escapedJava>false</escapedJava>
  <property name="startLine">44</property>
  <property name="stepIndex">9</property>
</record>
<record>
  <date>2026-05-26T21:06:35.073243100Z</date>
  <millis>1779829595073</millis>
  <nanos>243100</nanos>
  <sequence>1381</sequence>
  <level>PASSED</level>
  <class>com.kms.katalon.core.logging.XmlKeywordLogger</class>
  <method>logMessage</method>
  <thread>1</thread>
  <message>Object &amp;apos;&amp;apos; is present</message>
  <nestedLevel>1</nestedLevel>
  <escapedJava>false</escapedJava>
  <property name="testops-method-name">com.kms.katalon.core.webui.keyword.internal.WebUIKeywordMain.runKeywordUntilTimeout</property>
  <property name="testops-execution-stacktrace">com.kms.katalon.core.logging.KeywordLogger.logPassed(KeywordLogger.java:350)
com.kms.katalon.core.logging.KeywordLogger.logPassed(KeywordLogger.java:345)
com.kms.katalon.core.webui.keyword.builtin.WaitForElementPresentKeyword$_waitForElementPresent_closure1.doCall(WaitForElementPresentKeyword.groovy:56)
java.base/jdk.internal.reflect.DirectMethodHandleAccessor.invoke(DirectMethodHandleAccessor.java:103)
jdk.proxy2/jdk.proxy2.$Proxy56.execute(Unknown Source)
com.kms.katalon.core.webui.model.SeleniumActionRetryController.performAction(SeleniumActionRetryController.java:96)
com.kms.katalon.core.webui.model.SeleniumActionRetryController.performAction(SeleniumActionRetryController.java:83)
com.kms.katalon.core.webui.keyword.internal.WebUIKeywordMain$_runKeywordUntilTimeout_closure2.doCall(WebUIKeywordMain.groovy:155)
com.kms.katalon.core.webui.keyword.internal.WebUIKeywordMain$_runKeywordUntilTimeout_closure2.call(WebUIKeywordMain.groovy)
com.kms.katalon.core.webui.keyword.internal.WebUIKeywordMain.runKeyword(WebUIKeywordMain.groovy:41)
com.kms.katalon.core.webui.keyword.internal.WebUIKeywordMain.runKeywordUntilTimeout(WebUIKeywordMain.groovy:152)
com.kms.katalon.core.webui.keyword.builtin.WaitForElementPresentKeyword.waitForElementPresent(WaitForElementPresentKeyword.groovy:68)
com.kms.katalon.core.webui.keyword.builtin.WaitForElementPresentKeyword.execute(WaitForElementPresentKeyword.groovy:38)
com.kms.katalon.core.keyword.internal.KeywordExecutor.executeKeywordForPlatform(KeywordExecutor.groovy:99)
com.kms.katalon.core.webui.keyword.WebUiBuiltInKeywords.waitForElementPresent(WebUiBuiltInKeywords.groovy:424)
Esign.run(Esign:44)
</property>
</record>
<record>
  <date>2026-05-26T21:06:35.078945600Z</date>
  <millis>1779829595078</millis>
  <nanos>945600</nanos>
  <sequence>1382</sequence>
  <level>END</level>
  <class>com.kms.katalon.core.logging.XmlKeywordLogger</class>
  <method>endKeyword</method>
  <thread>1</thread>
  <message>End action : waitForElementPresent(iframe, 60)</message>
  <nestedLevel>1</nestedLevel>
  <escapedJava>false</escapedJava>
</record>
<record>
  <date>2026-05-26T21:06:35.080993600Z</date>
  <millis>1779829595080</millis>
  <nanos>993600</nanos>
  <sequence>1383</sequence>
  <level>START</level>
  <class>com.kms.katalon.core.logging.XmlKeywordLogger</class>
  <method>startKeyword</method>
  <thread>1</thread>
  <message>Start action : switchToFrame(iframe, 20)</message>
  <nestedLevel>1</nestedLevel>
  <escapedJava>false</escapedJava>
  <property name="startLine">46</property>
  <property name="stepIndex">10</property>
</record>
<record>
  <date>2026-05-26T21:06:35.656075900Z</date>
  <millis>1779829595656</millis>
  <nanos>75900</nanos>
  <sequence>1391</sequence>
  <level>END</level>
  <class>com.kms.katalon.core.logging.XmlKeywordLogger</class>
  <method>endKeyword</method>
  <thread>1</thread>
  <message>End action : switchToFrame(iframe, 20)</message>
  <nestedLevel>1</nestedLevel>
  <escapedJava>false</escapedJava>
</record>
<record>
  <date>2026-05-26T21:06:35.657075Z</date>
  <millis>1779829595657</millis>
  <nanos>75000</nanos>
  <sequence>1392</sequence>
  <level>START</level>
  <class>com.kms.katalon.core.logging.XmlKeywordLogger</class>
  <method>startKeyword</method>
  <thread>1</thread>
  <message>Start action : println(&amp;quot;Inside iframe&amp;quot;)</message>
  <nestedLevel>1</nestedLevel>
  <escapedJava>false</escapedJava>
  <property name="startLine">48</property>
  <property name="stepIndex">11</property>
</record>
<record>
  <date>2026-05-26T21:06:35.662651700Z</date>
  <millis>1779829595662</millis>
  <nanos>651700</nanos>
  <sequence>1393</sequence>
  <level>END</level>
  <class>com.kms.katalon.core.logging.XmlKeywordLogger</class>
  <method>endKeyword</method>
  <thread>1</thread>
  <message>End action : println(&amp;quot;Inside iframe&amp;quot;)</message>
  <nestedLevel>1</nestedLevel>
  <escapedJava>false</escapedJava>
</record>
<record>
  <date>2026-05-26T21:06:35.662651700Z</date>
  <millis>1779829595662</millis>
  <nanos>651700</nanos>
  <sequence>1394</sequence>
  <level>START</level>
  <class>com.kms.katalon.core.logging.XmlKeywordLogger</class>
  <method>startKeyword</method>
  <thread>1</thread>
  <message>Start action : signTool = wait.until(ExpectedConditions.elementToBeClickable(By.xpath(&amp;quot;//*[normalize-space()=&amp;apos;Signature&amp;apos;]&amp;quot;)))</message>
  <nestedLevel>1</nestedLevel>
  <escapedJava>false</escapedJava>
  <property name="startLine">55</property>
  <property name="stepIndex">12</property>
</record>
<record>
  <date>2026-05-26T21:07:05.830019Z</date>
  <millis>1779829625830</millis>
  <nanos>19000</nanos>
  <sequence>1396</sequence>
  <level>ERROR</level>
  <class>com.kms.katalon.core.logging.XmlKeywordLogger</class>
  <method>logMessage</method>
  <thread>1</thread>
  <message>Test Cases/TaskActions/Table_Actions/Esign FAILED.
Reason:
org.openqa.selenium.TimeoutException: Expected condition failed: waiting for element to be clickable: By.xpath: //*[normalize-space()=&amp;apos;Signature&amp;apos;] (tried for 30 second(s) with 500 milliseconds interval)
Build info: version: &amp;apos;4.39.0&amp;apos;, revision: &amp;apos;126f156aee&amp;apos;
System info: os.name: &amp;apos;Windows 11&amp;apos;, os.arch: &amp;apos;amd64&amp;apos;, os.version: &amp;apos;10.0&amp;apos;, java.version: &amp;apos;21.0.9&amp;apos;
Driver info: org.openqa.selenium.remote.RemoteWebDriver$ByteBuddy$bGl23Zed
Capabilities {acceptInsecureCerts: false, browserName: chrome, browserVersion: 148.0.7778.179, chrome: {chromedriverVersion: 148.0.7778.167 (65db666ac2c..., userDataDir: C:\Users\CROWN-~1\AppData\L...}, fedcm:accounts: true, goog:chromeOptions: {debuggerAddress: localhost:53926}, goog:processID: 23924, networkConnectionEnabled: false, pageLoadStrategy: normal, platformName: windows, proxy: Proxy(), se:cdp: ws://localhost:53926/devtoo..., se:cdpVersion: 148.0.7778.179, setWindowRect: true, strictFileInteractability: false, timeouts: {implicit: 0, pageLoad: 300000, script: 30000}, unhandledPromptBehavior: {alert: ignore, beforeUnload: ignore, confirm: ignore, default: ignore, file: ignore, prompt: ignore}, webSocketUrl: ws://localhost:28874/sessio..., webauthn:extension:credBlob: true, webauthn:extension:largeBlob: true, webauthn:extension:minPinLength: true, webauthn:extension:prf: true, webauthn:virtualAuthenticators: true}
Session ID: 9f32f14a7599f3a9f61f179199e47c7e
	at org.openqa.selenium.support.ui.WebDriverWait.timeoutException(WebDriverWait.java:84)
	at org.openqa.selenium.support.ui.FluentWait.until(FluentWait.java:228)
	at Esign.run(Esign:57)
	at com.kms.katalon.core.main.ScriptEngine.run(ScriptEngine.java:203)
	at com.kms.katalon.core.main.ScriptEngine.runScriptAsRawText(ScriptEngine.java:115)
	at com.kms.katalon.core.main.TestCaseExecutor.runScript(TestCaseExecutor.java:504)
	at com.kms.katalon.core.main.TestCaseExecutor.doExecute(TestCaseExecutor.java:495)
	at com.kms.katalon.core.main.TestCaseExecutor.processExecutionPhase(TestCaseExecutor.java:474)
	at com.kms.katalon.core.main.TestCaseExecutor.accessMainPhase(TestCaseExecutor.java:466)
	at com.kms.katalon.core.main.TestCaseExecutor.execute(TestCaseExecutor.java:336)
	at com.kms.katalon.core.common.CommonExecutor.accessTestCaseMainPhase(CommonExecutor.java:71)
	at com.kms.katalon.core.main.TestSuiteExecutor.accessTestSuiteMainPhase(TestSuiteExecutor.java:153)
	at com.kms.katalon.core.main.TestSuiteExecutor.execute(TestSuiteExecutor.java:110)
	at com.kms.katalon.core.main.TestCaseMain.startTestSuite(TestCaseMain.java:206)
	at S0526_51.run(S0526_51.groovy:40)
	at java.base/jdk.internal.reflect.DirectMethodHandleAccessor.invoke(DirectMethodHandleAccessor.java:103)
</message>
  <exception>
    <message>com.kms.katalon.core.exception.StepFailedException: Expected condition failed: waiting for element to be clickable: By.xpath: //*[normalize-space()='Signature'] (tried for 30 second(s) with 500 milliseconds interval)
Build info: version: '4.39.0', revision: '126f156aee'
System info: os.name: 'Windows 11', os.arch: 'amd64', os.version: '10.0', java.version: '21.0.9'
Driver info: org.openqa.selenium.remote.RemoteWebDriver$ByteBuddy$bGl23Zed
Capabilities {acceptInsecureCerts: false, browserName: chrome, browserVersion: 148.0.7778.179, chrome: {chromedriverVersion: 148.0.7778.167 (65db666ac2c..., userDataDir: C:\Users\CROWN-~1\AppData\L...}, fedcm:accounts: true, goog:chromeOptions: {debuggerAddress: localhost:53926}, goog:processID: 23924, networkConnectionEnabled: false, pageLoadStrategy: normal, platformName: windows, proxy: Proxy(), se:cdp: ws://localhost:53926/devtoo..., se:cdpVersion: 148.0.7778.179, setWindowRect: true, strictFileInteractability: false, timeouts: {implicit: 0, pageLoad: 300000, script: 30000}, unhandledPromptBehavior: {alert: ignore, beforeUnload: ignore, confirm: ignore, default: ignore, file: ignore, prompt: ignore}, webSocketUrl: ws://localhost:28874/sessio..., webauthn:extension:credBlob: true, webauthn:extension:largeBlob: true, webauthn:extension:minPinLength: true, webauthn:extension:prf: true, webauthn:virtualAuthenticators: true}
Session ID: 9f32f14a7599f3a9f61f179199e47c7e</message>
    <frame>
      <class>com.kms.katalon.core.logging.XmlKeywordLogger</class>
      <method>logMessage</method>
      <line>518</line>
    </frame>
    <frame>
      <class>com.kms.katalon.core.logging.KeywordLogger</class>
      <method>logMessage</method>
      <line>475</line>
    </frame>
    <frame>
      <class>com.kms.katalon.core.main.TestCaseExecutor</class>
      <method>logError</method>
      <line>621</line>
    </frame>
    <frame>
      <class>com.kms.katalon.core.main.TestCaseExecutor</class>
      <method>logErrorForTheLastError</method>
      <line>218</line>
    </frame>
    <frame>
      <class>com.kms.katalon.core.main.TestCaseExecutor</class>
      <method>onExecutionError</method>
      <line>183</line>
    </frame>
    <frame>
      <class>com.kms.katalon.core.main.TestCaseExecutor</class>
      <method>processExecutionPhase</method>
      <line>484</line>
    </frame>
    <frame>
      <class>com.kms.katalon.core.main.TestCaseExecutor</class>
      <method>accessMainPhase</method>
      <line>466</line>
    </frame>
    <frame>
      <class>com.kms.katalon.core.main.TestCaseExecutor</class>
      <method>execute</method>
      <line>336</line>
    </frame>
    <frame>
      <class>com.kms.katalon.core.common.CommonExecutor</class>
      <method>accessTestCaseMainPhase</method>
      <line>71</line>
    </frame>
    <frame>
      <class>com.kms.katalon.core.main.TestSuiteExecutor</class>
      <method>accessTestSuiteMainPhase</method>
      <line>153</line>
    </frame>
    <frame>
      <class>com.kms.katalon.core.main.TestSuiteExecutor</class>
      <method>execute</method>
      <line>110</line>
    </frame>
    <frame>
      <class>com.kms.katalon.core.main.TestCaseMain</class>
      <method>startTestSuite</method>
      <line>206</line>
    </frame>
    <frame>
      <class>org.codehaus.groovy.vmplugin.v8.IndyInterface</class>
      <method>fromCache</method>
      <line>318</line>
    </frame>
    <frame>
      <class>S0526_51</class>
      <method>run</method>
      <line>40</line>
    </frame>
    <frame>
      <class>groovy.lang.GroovyShell</class>
      <method>runScriptOrMainOrTestOrRunnable</method>
      <line>254</line>
    </frame>
    <frame>
      <class>groovy.lang.GroovyShell</class>
      <method>run</method>
      <line>360</line>
    </frame>
    <frame>
      <class>groovy.lang.GroovyShell</class>
      <method>run</method>
      <line>349</line>
    </frame>
    <frame>
      <class>groovy.ui.GroovyMain</class>
      <method>processOnce</method>
      <line>652</line>
    </frame>
    <frame>
      <class>groovy.ui.GroovyMain</class>
      <method>run</method>
      <line>398</line>
    </frame>
    <frame>
      <class>groovy.ui.GroovyMain</class>
      <method>access$1400</method>
      <line>68</line>
    </frame>
    <frame>
      <class>groovy.ui.GroovyMain$GroovyCommand</class>
      <method>process</method>
      <line>322</line>
    </frame>
    <frame>
      <class>groovy.ui.GroovyMain</class>
      <method>processArgs</method>
      <line>142</line>
    </frame>
    <frame>
      <class>groovy.ui.GroovyMain</class>
      <method>main</method>
      <line>115</line>
    </frame>
    <frame>
      <class>jdk.internal.reflect.DirectMethodHandleAccessor</class>
      <method>invoke</method>
      <line>103</line>
    </frame>
    <frame>
      <class>java.lang.reflect.Method</class>
      <method>invoke</method>
      <line>580</line>
    </frame>
    <frame>
      <class>org.codehaus.groovy.tools.GroovyStarter</class>
      <method>rootLoader</method>
      <line>117</line>
    </frame>
    <frame>
      <class>org.codehaus.groovy.tools.GroovyStarter</class>
      <method>main</method>
      <line>39</line>
    </frame>
  </exception>
  <nestedLevel>0</nestedLevel>
  <escapedJava>false</escapedJava>
  <property name="failed.exception.stacktrace">org.openqa.selenium.TimeoutException: Expected condition failed: waiting for element to be clickable: By.xpath: //*[normalize-space()=&apos;Signature&apos;] (tried for 30 second(s) with 500 milliseconds interval)
Build info: version: &apos;4.39.0&apos;, revision: &apos;126f156aee&apos;
System info: os.name: &apos;Windows 11&apos;, os.arch: &apos;amd64&apos;, os.version: &apos;10.0&apos;, java.version: &apos;21.0.9&apos;
Driver info: org.openqa.selenium.remote.RemoteWebDriver$ByteBuddy$bGl23Zed
Capabilities {acceptInsecureCerts: false, browserName: chrome, browserVersion: 148.0.7778.179, chrome: {chromedriverVersion: 148.0.7778.167 (65db666ac2c..., userDataDir: C:\Users\CROWN-~1\AppData\L...}, fedcm:accounts: true, goog:chromeOptions: {debuggerAddress: localhost:53926}, goog:processID: 23924, networkConnectionEnabled: false, pageLoadStrategy: normal, platformName: windows, proxy: Proxy(), se:cdp: ws://localhost:53926/devtoo..., se:cdpVersion: 148.0.7778.179, setWindowRect: true, strictFileInteractability: false, timeouts: {implicit: 0, pageLoad: 300000, script: 30000}, unhandledPromptBehavior: {alert: ignore, beforeUnload: ignore, confirm: ignore, default: ignore, file: ignore, prompt: ignore}, webSocketUrl: ws://localhost:28874/sessio..., webauthn:extension:credBlob: true, webauthn:extension:largeBlob: true, webauthn:extension:minPinLength: true, webauthn:extension:prf: true, webauthn:virtualAuthenticators: true}
Session ID: 9f32f14a7599f3a9f61f179199e47c7e
	at org.openqa.selenium.support.ui.WebDriverWait.timeoutException(WebDriverWait.java:84)
	at org.openqa.selenium.support.ui.FluentWait.until(FluentWait.java:228)
	at Esign.run(Esign:57)
	at com.kms.katalon.core.main.ScriptEngine.run(ScriptEngine.java:203)
	at com.kms.katalon.core.main.ScriptEngine.runScriptAsRawText(ScriptEngine.java:115)
	at com.kms.katalon.core.main.TestCaseExecutor.runScript(TestCaseExecutor.java:504)
	at com.kms.katalon.core.main.TestCaseExecutor.doExecute(TestCaseExecutor.java:495)
	at com.kms.katalon.core.main.TestCaseExecutor.processExecutionPhase(TestCaseExecutor.java:474)
	at com.kms.katalon.core.main.TestCaseExecutor.accessMainPhase(TestCaseExecutor.java:466)
	at com.kms.katalon.core.main.TestCaseExecutor.execute(TestCaseExecutor.java:336)
	at com.kms.katalon.core.common.CommonExecutor.accessTestCaseMainPhase(CommonExecutor.java:71)
	at com.kms.katalon.core.main.TestSuiteExecutor.accessTestSuiteMainPhase(TestSuiteExecutor.java:153)
	at com.kms.katalon.core.main.TestSuiteExecutor.execute(TestSuiteExecutor.java:110)
	at com.kms.katalon.core.main.TestCaseMain.startTestSuite(TestCaseMain.java:206)
	at S0526_51.run(S0526_51.groovy:40)
	at java.base/jdk.internal.reflect.DirectMethodHandleAccessor.invoke(DirectMethodHandleAccessor.java:103)
</property>
  <property name="failed.exception.class">org.openqa.selenium.TimeoutException</property>
  <property name="failed.exception.message">Expected condition failed: waiting for element to be clickable: By.xpath: //*[normalize-space()=&apos;Signature&apos;] (tried for 30 second(s) with 500 milliseconds interval)
Build info: version: &apos;4.39.0&apos;, revision: &apos;126f156aee&apos;
System info: os.name: &apos;Windows 11&apos;, os.arch: &apos;amd64&apos;, os.version: &apos;10.0&apos;, java.version: &apos;21.0.9&apos;
Driver info: org.openqa.selenium.remote.RemoteWebDriver$ByteBuddy$bGl23Zed
Capabilities {acceptInsecureCerts: false, browserName: chrome, browserVersion: 148.0.7778.179, chrome: {chromedriverVersion: 148.0.7778.167 (65db666ac2c..., userDataDir: C:\Users\CROWN-~1\AppData\L...}, fedcm:accounts: true, goog:chromeOptions: {debuggerAddress: localhost:53926}, goog:processID: 23924, networkConnectionEnabled: false, pageLoadStrategy: normal, platformName: windows, proxy: Proxy(), se:cdp: ws://localhost:53926/devtoo..., se:cdpVersion: 148.0.7778.179, setWindowRect: true, strictFileInteractability: false, timeouts: {implicit: 0, pageLoad: 300000, script: 30000}, unhandledPromptBehavior: {alert: ignore, beforeUnload: ignore, confirm: ignore, default: ignore, file: ignore, prompt: ignore}, webSocketUrl: ws://localhost:28874/sessio..., webauthn:extension:credBlob: true, webauthn:extension:largeBlob: true, webauthn:extension:minPinLength: true, webauthn:extension:prf: true, webauthn:virtualAuthenticators: true}
Session ID: 9f32f14a7599f3a9f61f179199e47c7e</property>
</record>
<record>
  <date>2026-05-26T21:07:05.838116200Z</date>
  <millis>1779829625838</millis>
  <nanos>116200</nanos>
  <sequence>1398</sequence>
  <level>END</level>
  <class>com.kms.katalon.core.logging.XmlKeywordLogger</class>
  <method>endKeyword</method>
  <thread>1</thread>
  <message>End action : signTool = wait.until(ExpectedConditions.elementToBeClickable(By.xpath(&amp;quot;//*[normalize-space()=&amp;apos;Signature&amp;apos;]&amp;quot;)))</message>
  <nestedLevel>1</nestedLevel>
  <escapedJava>false</escapedJava>
</record>
<record>
  <date>2026-05-26T21:07:05.840653200Z</date>
  <millis>1779829625840</millis>
  <nanos>653200</nanos>
  <sequence>1400</sequence>
  <level>ERROR</level>
  <class>com.kms.katalon.core.logging.XmlKeywordLogger</class>
  <method>logMessage</method>
  <thread>1</thread>
  <message>Test Cases/TaskActions/Table_Actions/Esign FAILED.
Reason:
org.openqa.selenium.TimeoutException: Expected condition failed: waiting for element to be clickable: By.xpath: //*[normalize-space()=&amp;apos;Signature&amp;apos;] (tried for 30 second(s) with 500 milliseconds interval)
Build info: version: &amp;apos;4.39.0&amp;apos;, revision: &amp;apos;126f156aee&amp;apos;
System info: os.name: &amp;apos;Windows 11&amp;apos;, os.arch: &amp;apos;amd64&amp;apos;, os.version: &amp;apos;10.0&amp;apos;, java.version: &amp;apos;21.0.9&amp;apos;
Driver info: org.openqa.selenium.remote.RemoteWebDriver$ByteBuddy$bGl23Zed
Capabilities {acceptInsecureCerts: false, browserName: chrome, browserVersion: 148.0.7778.179, chrome: {chromedriverVersion: 148.0.7778.167 (65db666ac2c..., userDataDir: C:\Users\CROWN-~1\AppData\L...}, fedcm:accounts: true, goog:chromeOptions: {debuggerAddress: localhost:53926}, goog:processID: 23924, networkConnectionEnabled: false, pageLoadStrategy: normal, platformName: windows, proxy: Proxy(), se:cdp: ws://localhost:53926/devtoo..., se:cdpVersion: 148.0.7778.179, setWindowRect: true, strictFileInteractability: false, timeouts: {implicit: 0, pageLoad: 300000, script: 30000}, unhandledPromptBehavior: {alert: ignore, beforeUnload: ignore, confirm: ignore, default: ignore, file: ignore, prompt: ignore}, webSocketUrl: ws://localhost:28874/sessio..., webauthn:extension:credBlob: true, webauthn:extension:largeBlob: true, webauthn:extension:minPinLength: true, webauthn:extension:prf: true, webauthn:virtualAuthenticators: true}
Session ID: 9f32f14a7599f3a9f61f179199e47c7e
	at org.openqa.selenium.support.ui.WebDriverWait.timeoutException(WebDriverWait.java:84)
	at org.openqa.selenium.support.ui.FluentWait.until(FluentWait.java:228)
	at Esign.run(Esign:57)
	at com.kms.katalon.core.main.ScriptEngine.run(ScriptEngine.java:203)
	at com.kms.katalon.core.main.ScriptEngine.runScriptAsRawText(ScriptEngine.java:115)
	at com.kms.katalon.core.main.TestCaseExecutor.runScript(TestCaseExecutor.java:504)
	at com.kms.katalon.core.main.TestCaseExecutor.doExecute(TestCaseExecutor.java:495)
	at com.kms.katalon.core.main.TestCaseExecutor.processExecutionPhase(TestCaseExecutor.java:474)
	at com.kms.katalon.core.main.TestCaseExecutor.accessMainPhase(TestCaseExecutor.java:466)
	at com.kms.katalon.core.main.TestCaseExecutor.execute(TestCaseExecutor.java:336)
	at com.kms.katalon.core.common.CommonExecutor.accessTestCaseMainPhase(CommonExecutor.java:71)
	at com.kms.katalon.core.main.TestSuiteExecutor.accessTestSuiteMainPhase(TestSuiteExecutor.java:153)
	at com.kms.katalon.core.main.TestSuiteExecutor.execute(TestSuiteExecutor.java:110)
	at com.kms.katalon.core.main.TestCaseMain.startTestSuite(TestCaseMain.java:206)
	at S0526_51.run(S0526_51.groovy:40)
	at java.base/jdk.internal.reflect.DirectMethodHandleAccessor.invoke(DirectMethodHandleAccessor.java:103)
</message>
  <exception>
    <message>com.kms.katalon.core.exception.StepFailedException: Expected condition failed: waiting for element to be clickable: By.xpath: //*[normalize-space()='Signature'] (tried for 30 second(s) with 500 milliseconds interval)
Build info: version: '4.39.0', revision: '126f156aee'
System info: os.name: 'Windows 11', os.arch: 'amd64', os.version: '10.0', java.version: '21.0.9'
Driver info: org.openqa.selenium.remote.RemoteWebDriver$ByteBuddy$bGl23Zed
Capabilities {acceptInsecureCerts: false, browserName: chrome, browserVersion: 148.0.7778.179, chrome: {chromedriverVersion: 148.0.7778.167 (65db666ac2c..., userDataDir: C:\Users\CROWN-~1\AppData\L...}, fedcm:accounts: true, goog:chromeOptions: {debuggerAddress: localhost:53926}, goog:processID: 23924, networkConnectionEnabled: false, pageLoadStrategy: normal, platformName: windows, proxy: Proxy(), se:cdp: ws://localhost:53926/devtoo..., se:cdpVersion: 148.0.7778.179, setWindowRect: true, strictFileInteractability: false, timeouts: {implicit: 0, pageLoad: 300000, script: 30000}, unhandledPromptBehavior: {alert: ignore, beforeUnload: ignore, confirm: ignore, default: ignore, file: ignore, prompt: ignore}, webSocketUrl: ws://localhost:28874/sessio..., webauthn:extension:credBlob: true, webauthn:extension:largeBlob: true, webauthn:extension:minPinLength: true, webauthn:extension:prf: true, webauthn:virtualAuthenticators: true}
Session ID: 9f32f14a7599f3a9f61f179199e47c7e</message>
    <frame>
      <class>com.kms.katalon.core.logging.XmlKeywordLogger</class>
      <method>logMessage</method>
      <line>518</line>
    </frame>
    <frame>
      <class>com.kms.katalon.core.logging.KeywordLogger</class>
      <method>logMessage</method>
      <line>475</line>
    </frame>
    <frame>
      <class>com.kms.katalon.core.main.TestCaseExecutor</class>
      <method>logError</method>
      <line>621</line>
    </frame>
    <frame>
      <class>com.kms.katalon.core.main.TestCaseExecutor</class>
      <method>onExecutionError</method>
      <line>199</line>
    </frame>
    <frame>
      <class>com.kms.katalon.core.main.TestCaseExecutor</class>
      <method>processExecutionPhase</method>
      <line>484</line>
    </frame>
    <frame>
      <class>com.kms.katalon.core.main.TestCaseExecutor</class>
      <method>accessMainPhase</method>
      <line>466</line>
    </frame>
    <frame>
      <class>com.kms.katalon.core.main.TestCaseExecutor</class>
      <method>execute</method>
      <line>336</line>
    </frame>
    <frame>
      <class>com.kms.katalon.core.common.CommonExecutor</class>
      <method>accessTestCaseMainPhase</method>
      <line>71</line>
    </frame>
    <frame>
      <class>com.kms.katalon.core.main.TestSuiteExecutor</class>
      <method>accessTestSuiteMainPhase</method>
      <line>153</line>
    </frame>
    <frame>
      <class>com.kms.katalon.core.main.TestSuiteExecutor</class>
      <method>execute</method>
      <line>110</line>
    </frame>
    <frame>
      <class>com.kms.katalon.core.main.TestCaseMain</class>
      <method>startTestSuite</method>
      <line>206</line>
    </frame>
    <frame>
      <class>org.codehaus.groovy.vmplugin.v8.IndyInterface</class>
      <method>fromCache</method>
      <line>318</line>
    </frame>
    <frame>
      <class>S0526_51</class>
      <method>run</method>
      <line>40</line>
    </frame>
    <frame>
      <class>groovy.lang.GroovyShell</class>
      <method>runScriptOrMainOrTestOrRunnable</method>
      <line>254</line>
    </frame>
    <frame>
      <class>groovy.lang.GroovyShell</class>
      <method>run</method>
      <line>360</line>
    </frame>
    <frame>
      <class>groovy.lang.GroovyShell</class>
      <method>run</method>
      <line>349</line>
    </frame>
    <frame>
      <class>groovy.ui.GroovyMain</class>
      <method>processOnce</method>
      <line>652</line>
    </frame>
    <frame>
      <class>groovy.ui.GroovyMain</class>
      <method>run</method>
      <line>398</line>
    </frame>
    <frame>
      <class>groovy.ui.GroovyMain</class>
      <method>access$1400</method>
      <line>68</line>
    </frame>
    <frame>
      <class>groovy.ui.GroovyMain$GroovyCommand</class>
      <method>process</method>
      <line>322</line>
    </frame>
    <frame>
      <class>groovy.ui.GroovyMain</class>
      <method>processArgs</method>
      <line>142</line>
    </frame>
    <frame>
      <class>groovy.ui.GroovyMain</class>
      <method>main</method>
      <line>115</line>
    </frame>
    <frame>
      <class>jdk.internal.reflect.DirectMethodHandleAccessor</class>
      <method>invoke</method>
      <line>103</line>
    </frame>
    <frame>
      <class>java.lang.reflect.Method</class>
      <method>invoke</method>
      <line>580</line>
    </frame>
    <frame>
      <class>org.codehaus.groovy.tools.GroovyStarter</class>
      <method>rootLoader</method>
      <line>117</line>
    </frame>
    <frame>
      <class>org.codehaus.groovy.tools.GroovyStarter</class>
      <method>main</method>
      <line>39</line>
    </frame>
  </exception>
  <nestedLevel>0</nestedLevel>
  <escapedJava>false</escapedJava>
  <property name="failed.exception.stacktrace">org.openqa.selenium.TimeoutException: Expected condition failed: waiting for element to be clickable: By.xpath: //*[normalize-space()=&apos;Signature&apos;] (tried for 30 second(s) with 500 milliseconds interval)
Build info: version: &apos;4.39.0&apos;, revision: &apos;126f156aee&apos;
System info: os.name: &apos;Windows 11&apos;, os.arch: &apos;amd64&apos;, os.version: &apos;10.0&apos;, java.version: &apos;21.0.9&apos;
Driver info: org.openqa.selenium.remote.RemoteWebDriver$ByteBuddy$bGl23Zed
Capabilities {acceptInsecureCerts: false, browserName: chrome, browserVersion: 148.0.7778.179, chrome: {chromedriverVersion: 148.0.7778.167 (65db666ac2c..., userDataDir: C:\Users\CROWN-~1\AppData\L...}, fedcm:accounts: true, goog:chromeOptions: {debuggerAddress: localhost:53926}, goog:processID: 23924, networkConnectionEnabled: false, pageLoadStrategy: normal, platformName: windows, proxy: Proxy(), se:cdp: ws://localhost:53926/devtoo..., se:cdpVersion: 148.0.7778.179, setWindowRect: true, strictFileInteractability: false, timeouts: {implicit: 0, pageLoad: 300000, script: 30000}, unhandledPromptBehavior: {alert: ignore, beforeUnload: ignore, confirm: ignore, default: ignore, file: ignore, prompt: ignore}, webSocketUrl: ws://localhost:28874/sessio..., webauthn:extension:credBlob: true, webauthn:extension:largeBlob: true, webauthn:extension:minPinLength: true, webauthn:extension:prf: true, webauthn:virtualAuthenticators: true}
Session ID: 9f32f14a7599f3a9f61f179199e47c7e
	at org.openqa.selenium.support.ui.WebDriverWait.timeoutException(WebDriverWait.java:84)
	at org.openqa.selenium.support.ui.FluentWait.until(FluentWait.java:228)
	at Esign.run(Esign:57)
	at com.kms.katalon.core.main.ScriptEngine.run(ScriptEngine.java:203)
	at com.kms.katalon.core.main.ScriptEngine.runScriptAsRawText(ScriptEngine.java:115)
	at com.kms.katalon.core.main.TestCaseExecutor.runScript(TestCaseExecutor.java:504)
	at com.kms.katalon.core.main.TestCaseExecutor.doExecute(TestCaseExecutor.java:495)
	at com.kms.katalon.core.main.TestCaseExecutor.processExecutionPhase(TestCaseExecutor.java:474)
	at com.kms.katalon.core.main.TestCaseExecutor.accessMainPhase(TestCaseExecutor.java:466)
	at com.kms.katalon.core.main.TestCaseExecutor.execute(TestCaseExecutor.java:336)
	at com.kms.katalon.core.common.CommonExecutor.accessTestCaseMainPhase(CommonExecutor.java:71)
	at com.kms.katalon.core.main.TestSuiteExecutor.accessTestSuiteMainPhase(TestSuiteExecutor.java:153)
	at com.kms.katalon.core.main.TestSuiteExecutor.execute(TestSuiteExecutor.java:110)
	at com.kms.katalon.core.main.TestCaseMain.startTestSuite(TestCaseMain.java:206)
	at S0526_51.run(S0526_51.groovy:40)
	at java.base/jdk.internal.reflect.DirectMethodHandleAccessor.invoke(DirectMethodHandleAccessor.java:103)
</property>
  <property name="failed.exception.class">org.openqa.selenium.TimeoutException</property>
  <property name="failed.exception.message">Expected condition failed: waiting for element to be clickable: By.xpath: //*[normalize-space()=&apos;Signature&apos;] (tried for 30 second(s) with 500 milliseconds interval)
Build info: version: &apos;4.39.0&apos;, revision: &apos;126f156aee&apos;
System info: os.name: &apos;Windows 11&apos;, os.arch: &apos;amd64&apos;, os.version: &apos;10.0&apos;, java.version: &apos;21.0.9&apos;
Driver info: org.openqa.selenium.remote.RemoteWebDriver$ByteBuddy$bGl23Zed
Capabilities {acceptInsecureCerts: false, browserName: chrome, browserVersion: 148.0.7778.179, chrome: {chromedriverVersion: 148.0.7778.167 (65db666ac2c..., userDataDir: C:\Users\CROWN-~1\AppData\L...}, fedcm:accounts: true, goog:chromeOptions: {debuggerAddress: localhost:53926}, goog:processID: 23924, networkConnectionEnabled: false, pageLoadStrategy: normal, platformName: windows, proxy: Proxy(), se:cdp: ws://localhost:53926/devtoo..., se:cdpVersion: 148.0.7778.179, setWindowRect: true, strictFileInteractability: false, timeouts: {implicit: 0, pageLoad: 300000, script: 30000}, unhandledPromptBehavior: {alert: ignore, beforeUnload: ignore, confirm: ignore, default: ignore, file: ignore, prompt: ignore}, webSocketUrl: ws://localhost:28874/sessio..., webauthn:extension:credBlob: true, webauthn:extension:largeBlob: true, webauthn:extension:minPinLength: true, webauthn:extension:prf: true, webauthn:virtualAuthenticators: true}
Session ID: 9f32f14a7599f3a9f61f179199e47c7e</property>
</record>
<record>
  <date>2026-05-26T21:07:05.842673300Z</date>
  <millis>1779829625842</millis>
  <nanos>673300</nanos>
  <sequence>1402</sequence>
  <level>END</level>
  <class>com.kms.katalon.core.logging.XmlKeywordLogger</class>
  <method>endTest</method>
  <thread>1</thread>
  <message>End Test Case : Test Cases/TaskActions/Table_Actions/Esign</message>
  <nestedLevel>0</nestedLevel>
  <escapedJava>false</escapedJava>
  <property name="executionBindingVariables">[]</property>
  <property name="applitools">false</property>
  <property name="remainingRetryCount">3</property>
  <property name="executedKeywords">{
  &quot;WebUI.switchToFrame&quot;: 1,
  &quot;WebUI.waitForElementPresent&quot;: 1,
  &quot;WebUI.click&quot;: 1,
  &quot;WebUI.waitForPageLoad&quot;: 1
}</property>
  <property name="currentRetryCount">0</property>
  <property name="keywordsUsage">{
  &quot;web_ui&quot;: true,
  &quot;web_service&quot;: false,
  &quot;cucumber&quot;: false,
  &quot;builtin&quot;: false,
  &quot;mobile&quot;: false,
  &quot;windows&quot;: false,
  &quot;testng&quot;: false
}</property>
</record>
<record>
  <date>2026-05-26T21:07:05.857120100Z</date>
  <millis>1779829625857</millis>
  <nanos>120100</nanos>
  <sequence>1403</sequence>
  <level>START</level>
  <class>com.kms.katalon.core.logging.XmlKeywordLogger</class>
  <method>startTest</method>
  <thread>1</thread>
  <message>Start Test Case : Test Cases/TaskActions/Table_Actions/Esign</message>
  <nestedLevel>1</nestedLevel>
  <escapedJava>false</escapedJava>
  <property name="remainingRetryCount">2</property>
  <property name="origin"></property>
  <property name="name">Test Cases/TaskActions/Table_Actions/Esign</property>
  <property name="description"></property>
  <property name="iteration"></property>
  <property name="id">Test Cases/TaskActions/Table_Actions/Esign</property>
  <property name="source">C:\Users\CROWN-STAFF\git\convergence-qa-tests\Test Cases\TaskActions\Table_Actions\Esign.tc</property>
  <property name="tag"></property>
  <property name="isOptional">false</property>
  <property name="uuid">8e51626a-b2d7-431a-9792-c1b7a6460b4b</property>
  <property name="currentRetryCount">1</property>
</record>
<record>
  <date>2026-05-26T21:07:05.897257600Z</date>
  <millis>1779829625897</millis>
  <nanos>257600</nanos>
  <sequence>1405</sequence>
  <level>RUN_DATA</level>
  <class>com.kms.katalon.core.logging.XmlKeywordLogger</class>
  <method>logMessage</method>
  <thread>1</thread>
  <message>executionBindingVariables = []</message>
  <nestedLevel>1</nestedLevel>
  <escapedJava>false</escapedJava>
  <property name="executionBindingVariables">[]</property>
</record>
<record>
  <date>2026-05-26T21:07:05.906290300Z</date>
  <millis>1779829625906</millis>
  <nanos>290300</nanos>
  <sequence>1406</sequence>
  <level>START</level>
  <class>com.kms.katalon.core.logging.XmlKeywordLogger</class>
  <method>startKeyword</method>
  <thread>1</thread>
  <message>Start action : driver = getWebDriver()</message>
  <nestedLevel>1</nestedLevel>
  <escapedJava>false</escapedJava>
  <property name="startLine">13</property>
  <property name="stepIndex">1</property>
</record>
<record>
  <date>2026-05-26T21:07:05.908280100Z</date>
  <millis>1779829625908</millis>
  <nanos>280100</nanos>
  <sequence>1407</sequence>
  <level>END</level>
  <class>com.kms.katalon.core.logging.XmlKeywordLogger</class>
  <method>endKeyword</method>
  <thread>1</thread>
  <message>End action : driver = getWebDriver()</message>
  <nestedLevel>1</nestedLevel>
  <escapedJava>false</escapedJava>
</record>
<record>
  <date>2026-05-26T21:07:05.908280100Z</date>
  <millis>1779829625908</millis>
  <nanos>280100</nanos>
  <sequence>1408</sequence>
  <level>START</level>
  <class>com.kms.katalon.core.logging.XmlKeywordLogger</class>
  <method>startKeyword</method>
  <thread>1</thread>
  <message>Start action : wait = new org.openqa.selenium.support.ui.WebDriverWait(driver, java.time.Duration.ofSeconds(30))</message>
  <nestedLevel>1</nestedLevel>
  <escapedJava>false</escapedJava>
  <property name="startLine">14</property>
  <property name="stepIndex">2</property>
</record>
<record>
  <date>2026-05-26T21:07:05.909809800Z</date>
  <millis>1779829625909</millis>
  <nanos>809800</nanos>
  <sequence>1409</sequence>
  <level>END</level>
  <class>com.kms.katalon.core.logging.XmlKeywordLogger</class>
  <method>endKeyword</method>
  <thread>1</thread>
  <message>End action : wait = new org.openqa.selenium.support.ui.WebDriverWait(driver, java.time.Duration.ofSeconds(30))</message>
  <nestedLevel>1</nestedLevel>
  <escapedJava>false</escapedJava>
</record>
<record>
  <date>2026-05-26T21:07:05.910833Z</date>
  <millis>1779829625910</millis>
  <nanos>833000</nanos>
  <sequence>1410</sequence>
  <level>START</level>
  <class>com.kms.katalon.core.logging.XmlKeywordLogger</class>
  <method>startKeyword</method>
  <thread>1</thread>
  <message>Start action : println(&amp;quot;===== START ESIGN =====&amp;quot;)</message>
  <nestedLevel>1</nestedLevel>
  <escapedJava>false</escapedJava>
  <property name="startLine">16</property>
  <property name="stepIndex">3</property>
</record>
<record>
  <date>2026-05-26T21:07:05.911850700Z</date>
  <millis>1779829625911</millis>
  <nanos>850700</nanos>
  <sequence>1411</sequence>
  <level>END</level>
  <class>com.kms.katalon.core.logging.XmlKeywordLogger</class>
  <method>endKeyword</method>
  <thread>1</thread>
  <message>End action : println(&amp;quot;===== START ESIGN =====&amp;quot;)</message>
  <nestedLevel>1</nestedLevel>
  <escapedJava>false</escapedJava>
</record>
<record>
  <date>2026-05-26T21:07:05.911850700Z</date>
  <millis>1779829625911</millis>
  <nanos>850700</nanos>
  <sequence>1412</sequence>
  <level>START</level>
  <class>com.kms.katalon.core.logging.XmlKeywordLogger</class>
  <method>startKeyword</method>
  <thread>1</thread>
  <message>Start action : waitForPageLoad(30)</message>
  <nestedLevel>1</nestedLevel>
  <escapedJava>false</escapedJava>
  <property name="startLine">18</property>
  <property name="stepIndex">4</property>
</record>
<record>
  <date>2026-05-26T21:07:05.937573800Z</date>
  <millis>1779829625937</millis>
  <nanos>573800</nanos>
  <sequence>1416</sequence>
  <level>PASSED</level>
  <class>com.kms.katalon.core.logging.XmlKeywordLogger</class>
  <method>logMessage</method>
  <thread>1</thread>
  <message>Wait for page load successfully</message>
  <nestedLevel>1</nestedLevel>
  <escapedJava>false</escapedJava>
  <property name="testops-method-name">com.kms.katalon.core.webui.keyword.internal.WebUIKeywordMain$runKeyword$0.call</property>
  <property name="testops-execution-stacktrace">com.kms.katalon.core.logging.KeywordLogger.logPassed(KeywordLogger.java:350)
com.kms.katalon.core.logging.KeywordLogger.logPassed(KeywordLogger.java:345)
com.kms.katalon.core.logging.KeywordLogger$logPassed$0.call(Unknown Source)
com.kms.katalon.core.webui.keyword.builtin.WaitForPageLoadKeyword$_waitForPageLoad_closure1.doCall(WaitForPageLoadKeyword.groovy:94)
com.kms.katalon.core.webui.keyword.builtin.WaitForPageLoadKeyword$_waitForPageLoad_closure1.doCall(WaitForPageLoadKeyword.groovy)
java.base/jdk.internal.reflect.DirectMethodHandleAccessor.invoke(DirectMethodHandleAccessor.java:103)
com.kms.katalon.core.webui.keyword.internal.WebUIKeywordMain.runKeyword(WebUIKeywordMain.groovy:41)
com.kms.katalon.core.webui.keyword.internal.WebUIKeywordMain$runKeyword$0.call(Unknown Source)
com.kms.katalon.core.webui.keyword.builtin.WaitForPageLoadKeyword.waitForPageLoad(WaitForPageLoadKeyword.groovy:95)
com.kms.katalon.core.webui.keyword.builtin.WaitForPageLoadKeyword.execute(WaitForPageLoadKeyword.groovy:68)
com.kms.katalon.core.keyword.internal.KeywordExecutor.executeKeywordForPlatform(KeywordExecutor.groovy:99)
com.kms.katalon.core.webui.keyword.WebUiBuiltInKeywords.waitForPageLoad(WebUiBuiltInKeywords.groovy:2559)
Esign.run(Esign:18)
</property>
</record>
<record>
  <date>2026-05-26T21:07:05.940132100Z</date>
  <millis>1779829625940</millis>
  <nanos>132100</nanos>
  <sequence>1417</sequence>
  <level>END</level>
  <class>com.kms.katalon.core.logging.XmlKeywordLogger</class>
  <method>endKeyword</method>
  <thread>1</thread>
  <message>End action : waitForPageLoad(30)</message>
  <nestedLevel>1</nestedLevel>
  <escapedJava>false</escapedJava>
</record>
<record>
  <date>2026-05-26T21:07:05.940132100Z</date>
  <millis>1779829625940</millis>
  <nanos>132100</nanos>
  <sequence>1418</sequence>
  <level>START</level>
  <class>com.kms.katalon.core.logging.XmlKeywordLogger</class>
  <method>startKeyword</method>
  <thread>1</thread>
  <message>Start action : click(findTestObject(&amp;quot;Page_Work Order  View- Workforce Manager/svg_svg&amp;quot;))</message>
  <nestedLevel>1</nestedLevel>
  <escapedJava>false</escapedJava>
  <property name="startLine">25</property>
  <property name="stepIndex">5</property>
</record>
<record>
  <date>2026-05-26T21:07:16.037506100Z</date>
  <millis>1779829636037</millis>
  <nanos>506100</nanos>
  <sequence>1425</sequence>
  <level>INFO</level>
  <class>com.kms.katalon.core.logging.XmlKeywordLogger</class>
  <method>logMessage</method>
  <thread>1</thread>
  <message>[AI Self-Healing] Recovering element locator by using AI Self-Healing...</message>
  <nestedLevel>1</nestedLevel>
  <escapedJava>false</escapedJava>
  <property name="aiSelfHealingApplied">true</property>
  <property name="isDebugOnly">true</property>
</record>
<record>
  <date>2026-05-26T21:07:26.382055600Z</date>
  <millis>1779829646382</millis>
  <nanos>55600</nanos>
  <sequence>1427</sequence>
  <level>INFO</level>
  <class>com.kms.katalon.core.logging.XmlKeywordLogger</class>
  <method>logMessage</method>
  <thread>1</thread>
  <message>[AI Self-Healing] No possible locators found</message>
  <nestedLevel>1</nestedLevel>
  <escapedJava>false</escapedJava>
  <property name="aiSelfHealingApplied">true</property>
  <property name="isDebugOnly">true</property>
</record>
<record>
  <date>2026-05-26T21:07:27.398757400Z</date>
  <millis>1779829647398</millis>
  <nanos>757400</nanos>
  <sequence>1431</sequence>
  <level>FAILED</level>
  <class>com.kms.katalon.core.logging.XmlKeywordLogger</class>
  <method>logMessage</method>
  <thread>1</thread>
  <message>Unable to click on object &amp;apos;Object Repository/Page_Work Order  View- Workforce Manager/svg_svg&amp;apos; (Root cause: com.kms.katalon.core.exception.StepFailedException: Unable to click on object &amp;apos;Object Repository/Page_Work Order  View- Workforce Manager/svg_svg&amp;apos;
	at com.kms.katalon.core.webui.keyword.internal.WebUIKeywordMain.stepFailed(WebUIKeywordMain.groovy:177)
	at com.kms.katalon.core.webui.keyword.internal.WebUIKeywordMain.runKeyword(WebUIKeywordMain.groovy:49)
	at com.kms.katalon.core.webui.keyword.internal.WebUIKeywordMain.runKeywordUntilTimeout(WebUIKeywordMain.groovy:133)
	at com.kms.katalon.core.webui.keyword.builtin.ClickKeyword.click(ClickKeyword.groovy:72)
	at com.kms.katalon.core.webui.keyword.builtin.ClickKeyword.execute(ClickKeyword.groovy:38)
	at com.kms.katalon.core.keyword.internal.KeywordExecutor.executeKeywordForPlatform(KeywordExecutor.groovy:99)
	at com.kms.katalon.core.webui.keyword.WebUiBuiltInKeywords.click(WebUiBuiltInKeywords.groovy:722)
	at Esign.run(Esign:25)
	at com.kms.katalon.core.main.ScriptEngine.run(ScriptEngine.java:203)
	at com.kms.katalon.core.main.ScriptEngine.runScriptAsRawText(ScriptEngine.java:115)
	at com.kms.katalon.core.main.TestCaseExecutor.runScript(TestCaseExecutor.java:504)
	at com.kms.katalon.core.main.TestCaseExecutor.doExecute(TestCaseExecutor.java:495)
	at com.kms.katalon.core.main.TestCaseExecutor.processExecutionPhase(TestCaseExecutor.java:474)
	at com.kms.katalon.core.main.TestCaseExecutor.accessMainPhase(TestCaseExecutor.java:466)
	at com.kms.katalon.core.main.TestCaseExecutor.execute(TestCaseExecutor.java:336)
	at com.kms.katalon.core.main.TestCaseExecutor.execute(TestCaseExecutor.java:424)
	at com.kms.katalon.core.common.CommonExecutor.accessTestCaseMainPhase(CommonExecutor.java:71)
	at com.kms.katalon.core.main.TestSuiteExecutor.accessTestSuiteMainPhase(TestSuiteExecutor.java:153)
	at com.kms.katalon.core.main.TestSuiteExecutor.execute(TestSuiteExecutor.java:110)
	at com.kms.katalon.core.main.TestCaseMain.startTestSuite(TestCaseMain.java:206)
	at S0526_51.run(S0526_51.groovy:40)
	at java.base/jdk.internal.reflect.DirectMethodHandleAccessor.invoke(DirectMethodHandleAccessor.java:103)
Caused by: com.kms.katalon.core.webui.exception.WebElementNotFoundException: Web element with id: &amp;apos;Object Repository/Page_Work Order  View- Workforce Manager/svg_svg&amp;apos; located by &amp;apos;By.xpath: //*[(name() = &amp;apos;tr&amp;apos;) and (position() = 1)]//*[(name() = &amp;apos;span&amp;apos;) and (position() = 3)]//*[@fill = &amp;apos;none&amp;apos;]&amp;apos; not found
	at com.kms.katalon.core.webui.model.WebUiElementFinder.findElementByNormalMethods(WebUiElementFinder.java:201)
	at com.kms.katalon.core.webui.model.WebUiElementFinder.findElementsBySelectedMethod(WebUiElementFinder.java:99)
	at com.kms.katalon.core.webui.model.WebUiElementFinder.findElementsBySelectedMethod(WebUiElementFinder.java:82)
	at com.kms.katalon.core.webui.model.WebUiElementFinder.findElementsBySelectedMethod(WebUiElementFinder.java:77)
	at com.kms.katalon.core.webui.model.WebUiElementFinder.findElement(WebUiElementFinder.java:51)
	at com.kms.katalon.core.webui.model.WebUiElementFinderWithTimeout.basicFindElement(WebUiElementFinderWithTimeout.java:51)
	at com.kms.katalon.core.webui.model.WebUiElementFinderWithTimeout.lambda$0(WebUiElementFinderWithTimeout.java:29)
	at com.kms.katalon.core.webui.model.SeleniumActionRetryController.performAction(SeleniumActionRetryController.java:96)
	at com.kms.katalon.core.webui.model.SeleniumActionRetryController.performAction(SeleniumActionRetryController.java:83)
	at com.kms.katalon.core.webui.model.WebUiElementFinderWithTimeout.findElement(WebUiElementFinderWithTimeout.java:28)
	at com.kms.katalon.core.webui.keyword.internal.WebUIAbstractKeyword.lambda$1(WebUIAbstractKeyword.java:119)
	at com.kms.katalon.core.webui.model.SeleniumActionRetryController.performAction(SeleniumActionRetryController.java:96)
	at com.kms.katalon.core.webui.model.SeleniumActionRetryController.performAction(SeleniumActionRetryController.java:83)
	at com.kms.katalon.core.webui.model.SeleniumActionRetryController.retry(SeleniumActionRetryController.java:49)
	at com.kms.katalon.core.webui.model.SeleniumActionRetryController.retry(SeleniumActionRetryController.java:44)
	at com.kms.katalon.core.webui.keyword.internal.WebUIAbstractKeyword.findWebElement(WebUIAbstractKeyword.java:116)
	at com.kms.katalon.core.webui.keyword.builtin.ClickKeyword$_click_closure1.doCall(ClickKeyword.groovy:52)
	at java.base/jdk.internal.reflect.DirectMethodHandleAccessor.invoke(DirectMethodHandleAccessor.java:103)
	at jdk.proxy2/jdk.proxy2.$Proxy56.execute(Unknown Source)
	at com.kms.katalon.core.webui.model.SeleniumActionRetryController.performAction(SeleniumActionRetryController.java:96)
	at com.kms.katalon.core.webui.model.SeleniumActionRetryController.performAction(SeleniumActionRetryController.java:83)
	at com.kms.katalon.core.webui.keyword.internal.WebUIKeywordMain$_runKeywordUntilTimeout_closure1.doCall(WebUIKeywordMain.groovy:135)
	at com.kms.katalon.core.webui.keyword.internal.WebUIKeywordMain$_runKeywordUntilTimeout_closure1.call(WebUIKeywordMain.groovy)
	at com.kms.katalon.core.webui.keyword.internal.WebUIKeywordMain.runKeyword(WebUIKeywordMain.groovy:41)
	at com.kms.katalon.core.webui.keyword.internal.WebUIKeywordMain.runKeywordUntilTimeout(WebUIKeywordMain.groovy:133)
	at com.kms.katalon.core.webui.keyword.builtin.ClickKeyword.click(ClickKeyword.groovy:72)
	at com.kms.katalon.core.webui.keyword.builtin.ClickKeyword.execute(ClickKeyword.groovy:38)
	at com.kms.katalon.core.keyword.internal.KeywordExecutor.executeKeywordForPlatform(KeywordExecutor.groovy:99)
	at com.kms.katalon.core.webui.keyword.WebUiBuiltInKeywords.click(WebUiBuiltInKeywords.groovy:722)
	at Script1779706958324.run(Script1779706958324.groovy:25)
	... 14 more
)</message>
  <nestedLevel>1</nestedLevel>
  <escapedJava>false</escapedJava>
  <property name="failed.exception.class">com.kms.katalon.core.webui.exception.WebElementNotFoundException</property>
  <property name="attachment">1779829646402.png</property>
  <property name="failed.exception.stacktrace">com.kms.katalon.core.webui.exception.WebElementNotFoundException: Web element with id: &apos;Object Repository/Page_Work Order  View- Workforce Manager/svg_svg&apos; located by &apos;By.xpath: //*[(name() = &apos;tr&apos;) and (position() = 1)]//*[(name() = &apos;span&apos;) and (position() = 3)]//*[@fill = &apos;none&apos;]&apos; not found
	at com.kms.katalon.core.webui.model.WebUiElementFinder.findElementByNormalMethods(WebUiElementFinder.java:201)
	at com.kms.katalon.core.webui.model.WebUiElementFinder.findElementsBySelectedMethod(WebUiElementFinder.java:99)
	at com.kms.katalon.core.webui.model.WebUiElementFinder.findElementsBySelectedMethod(WebUiElementFinder.java:82)
	at com.kms.katalon.core.webui.model.WebUiElementFinder.findElementsBySelectedMethod(WebUiElementFinder.java:77)
	at com.kms.katalon.core.webui.model.WebUiElementFinder.findElement(WebUiElementFinder.java:51)
	at com.kms.katalon.core.webui.model.WebUiElementFinderWithTimeout.basicFindElement(WebUiElementFinderWithTimeout.java:51)
	at com.kms.katalon.core.webui.model.WebUiElementFinderWithTimeout.lambda$0(WebUiElementFinderWithTimeout.java:29)
	at com.kms.katalon.core.webui.model.SeleniumActionRetryController.performAction(SeleniumActionRetryController.java:96)
	at com.kms.katalon.core.webui.model.SeleniumActionRetryController.performAction(SeleniumActionRetryController.java:83)
	at com.kms.katalon.core.webui.model.WebUiElementFinderWithTimeout.findElement(WebUiElementFinderWithTimeout.java:28)
	at com.kms.katalon.core.webui.keyword.internal.WebUIAbstractKeyword.lambda$1(WebUIAbstractKeyword.java:119)
	at com.kms.katalon.core.webui.model.SeleniumActionRetryController.performAction(SeleniumActionRetryController.java:96)
	at com.kms.katalon.core.webui.model.SeleniumActionRetryController.performAction(SeleniumActionRetryController.java:83)
	at com.kms.katalon.core.webui.model.SeleniumActionRetryController.retry(SeleniumActionRetryController.java:49)
	at com.kms.katalon.core.webui.model.SeleniumActionRetryController.retry(SeleniumActionRetryController.java:44)
	at com.kms.katalon.core.webui.keyword.internal.WebUIAbstractKeyword.findWebElement(WebUIAbstractKeyword.java:116)
	at com.kms.katalon.core.webui.keyword.builtin.ClickKeyword$_click_closure1.doCall(ClickKeyword.groovy:52)
	at java.base/jdk.internal.reflect.DirectMethodHandleAccessor.invoke(DirectMethodHandleAccessor.java:103)
	at jdk.proxy2/jdk.proxy2.$Proxy56.execute(Unknown Source)
	at com.kms.katalon.core.webui.model.SeleniumActionRetryController.performAction(SeleniumActionRetryController.java:96)
	at com.kms.katalon.core.webui.model.SeleniumActionRetryController.performAction(SeleniumActionRetryController.java:83)
	at com.kms.katalon.core.webui.keyword.internal.WebUIKeywordMain$_runKeywordUntilTimeout_closure1.doCall(WebUIKeywordMain.groovy:135)
	at com.kms.katalon.core.webui.keyword.internal.WebUIKeywordMain$_runKeywordUntilTimeout_closure1.call(WebUIKeywordMain.groovy)
	at com.kms.katalon.core.webui.keyword.internal.WebUIKeywordMain.runKeyword(WebUIKeywordMain.groovy:41)
	at com.kms.katalon.core.webui.keyword.internal.WebUIKeywordMain.runKeywordUntilTimeout(WebUIKeywordMain.groovy:133)
	at com.kms.katalon.core.webui.keyword.builtin.ClickKeyword.click(ClickKeyword.groovy:72)
	at com.kms.katalon.core.webui.keyword.builtin.ClickKeyword.execute(ClickKeyword.groovy:38)
	at com.kms.katalon.core.keyword.internal.KeywordExecutor.executeKeywordForPlatform(KeywordExecutor.groovy:99)
	at com.kms.katalon.core.webui.keyword.WebUiBuiltInKeywords.click(WebUiBuiltInKeywords.groovy:722)
	at Esign.run(Esign:25)
	at com.kms.katalon.core.main.ScriptEngine.run(ScriptEngine.java:203)
	at com.kms.katalon.core.main.ScriptEngine.runScriptAsRawText(ScriptEngine.java:115)
	at com.kms.katalon.core.main.TestCaseExecutor.runScript(TestCaseExecutor.java:504)
	at com.kms.katalon.core.main.TestCaseExecutor.doExecute(TestCaseExecutor.java:495)
	at com.kms.katalon.core.main.TestCaseExecutor.processExecutionPhase(TestCaseExecutor.java:474)
	at com.kms.katalon.core.main.TestCaseExecutor.accessMainPhase(TestCaseExecutor.java:466)
	at com.kms.katalon.core.main.TestCaseExecutor.execute(TestCaseExecutor.java:336)
	at com.kms.katalon.core.main.TestCaseExecutor.execute(TestCaseExecutor.java:424)
	at com.kms.katalon.core.common.CommonExecutor.accessTestCaseMainPhase(CommonExecutor.java:71)
	at com.kms.katalon.core.main.TestSuiteExecutor.accessTestSuiteMainPhase(TestSuiteExecutor.java:153)
	at com.kms.katalon.core.main.TestSuiteExecutor.execute(TestSuiteExecutor.java:110)
	at com.kms.katalon.core.main.TestCaseMain.startTestSuite(TestCaseMain.java:206)
	at S0526_51.run(S0526_51.groovy:40)
	at java.base/jdk.internal.reflect.DirectMethodHandleAccessor.invoke(DirectMethodHandleAccessor.java:103)
</property>
  <property name="failed.exception.message">Web element with id: &apos;Object Repository/Page_Work Order  View- Workforce Manager/svg_svg&apos; located by &apos;By.xpath: //*[(name() = &apos;tr&apos;) and (position() = 1)]//*[(name() = &apos;span&apos;) and (position() = 3)]//*[@fill = &apos;none&apos;]&apos; not found</property>
</record>
<record>
  <date>2026-05-26T21:07:27.401838800Z</date>
  <millis>1779829647401</millis>
  <nanos>838800</nanos>
  <sequence>1434</sequence>
  <level>END</level>
  <class>com.kms.katalon.core.logging.XmlKeywordLogger</class>
  <method>endKeyword</method>
  <thread>1</thread>
  <message>End action : click(findTestObject(&amp;quot;Page_Work Order  View- Workforce Manager/svg_svg&amp;quot;))</message>
  <nestedLevel>1</nestedLevel>
  <escapedJava>false</escapedJava>
</record>
<record>
  <date>2026-05-26T21:07:27.404179500Z</date>
  <millis>1779829647404</millis>
  <nanos>179500</nanos>
  <sequence>1437</sequence>
  <level>FAILED</level>
  <class>com.kms.katalon.core.logging.XmlKeywordLogger</class>
  <method>logMessage</method>
  <thread>1</thread>
  <message>Test Cases/TaskActions/Table_Actions/Esign FAILED.
Reason:
com.kms.katalon.core.exception.StepFailedException: Unable to click on object &amp;apos;Object Repository/Page_Work Order  View- Workforce Manager/svg_svg&amp;apos;
	at com.kms.katalon.core.webui.keyword.internal.WebUIKeywordMain.stepFailed(WebUIKeywordMain.groovy:177)
	at com.kms.katalon.core.webui.keyword.internal.WebUIKeywordMain.runKeyword(WebUIKeywordMain.groovy:49)
	at com.kms.katalon.core.webui.keyword.internal.WebUIKeywordMain.runKeywordUntilTimeout(WebUIKeywordMain.groovy:133)
	at com.kms.katalon.core.webui.keyword.builtin.ClickKeyword.click(ClickKeyword.groovy:72)
	at com.kms.katalon.core.webui.keyword.builtin.ClickKeyword.execute(ClickKeyword.groovy:38)
	at com.kms.katalon.core.keyword.internal.KeywordExecutor.executeKeywordForPlatform(KeywordExecutor.groovy:99)
	at com.kms.katalon.core.webui.keyword.WebUiBuiltInKeywords.click(WebUiBuiltInKeywords.groovy:722)
	at Esign.run(Esign:25)
	at com.kms.katalon.core.main.ScriptEngine.run(ScriptEngine.java:203)
	at com.kms.katalon.core.main.ScriptEngine.runScriptAsRawText(ScriptEngine.java:115)
	at com.kms.katalon.core.main.TestCaseExecutor.runScript(TestCaseExecutor.java:504)
	at com.kms.katalon.core.main.TestCaseExecutor.doExecute(TestCaseExecutor.java:495)
	at com.kms.katalon.core.main.TestCaseExecutor.processExecutionPhase(TestCaseExecutor.java:474)
	at com.kms.katalon.core.main.TestCaseExecutor.accessMainPhase(TestCaseExecutor.java:466)
	at com.kms.katalon.core.main.TestCaseExecutor.execute(TestCaseExecutor.java:336)
	at com.kms.katalon.core.main.TestCaseExecutor.execute(TestCaseExecutor.java:424)
	at com.kms.katalon.core.common.CommonExecutor.accessTestCaseMainPhase(CommonExecutor.java:71)
	at com.kms.katalon.core.main.TestSuiteExecutor.accessTestSuiteMainPhase(TestSuiteExecutor.java:153)
	at com.kms.katalon.core.main.TestSuiteExecutor.execute(TestSuiteExecutor.java:110)
	at com.kms.katalon.core.main.TestCaseMain.startTestSuite(TestCaseMain.java:206)
	at S0526_51.run(S0526_51.groovy:40)
	at java.base/jdk.internal.reflect.DirectMethodHandleAccessor.invoke(DirectMethodHandleAccessor.java:103)
Caused by: com.kms.katalon.core.webui.exception.WebElementNotFoundException: Web element with id: &amp;apos;Object Repository/Page_Work Order  View- Workforce Manager/svg_svg&amp;apos; located by &amp;apos;By.xpath: //*[(name() = &amp;apos;tr&amp;apos;) and (position() = 1)]//*[(name() = &amp;apos;span&amp;apos;) and (position() = 3)]//*[@fill = &amp;apos;none&amp;apos;]&amp;apos; not found
	at com.kms.katalon.core.webui.model.WebUiElementFinder.findElementByNormalMethods(WebUiElementFinder.java:201)
	at com.kms.katalon.core.webui.model.WebUiElementFinder.findElementsBySelectedMethod(WebUiElementFinder.java:99)
	at com.kms.katalon.core.webui.model.WebUiElementFinder.findElementsBySelectedMethod(WebUiElementFinder.java:82)
	at com.kms.katalon.core.webui.model.WebUiElementFinder.findElementsBySelectedMethod(WebUiElementFinder.java:77)
	at com.kms.katalon.core.webui.model.WebUiElementFinder.findElement(WebUiElementFinder.java:51)
	at com.kms.katalon.core.webui.model.WebUiElementFinderWithTimeout.basicFindElement(WebUiElementFinderWithTimeout.java:51)
	at com.kms.katalon.core.webui.model.WebUiElementFinderWithTimeout.lambda$0(WebUiElementFinderWithTimeout.java:29)
	at com.kms.katalon.core.webui.model.SeleniumActionRetryController.performAction(SeleniumActionRetryController.java:96)
	at com.kms.katalon.core.webui.model.SeleniumActionRetryController.performAction(SeleniumActionRetryController.java:83)
	at com.kms.katalon.core.webui.model.WebUiElementFinderWithTimeout.findElement(WebUiElementFinderWithTimeout.java:28)
	at com.kms.katalon.core.webui.keyword.internal.WebUIAbstractKeyword.lambda$1(WebUIAbstractKeyword.java:119)
	at com.kms.katalon.core.webui.model.SeleniumActionRetryController.performAction(SeleniumActionRetryController.java:96)
	at com.kms.katalon.core.webui.model.SeleniumActionRetryController.performAction(SeleniumActionRetryController.java:83)
	at com.kms.katalon.core.webui.model.SeleniumActionRetryController.retry(SeleniumActionRetryController.java:49)
	at com.kms.katalon.core.webui.model.SeleniumActionRetryController.retry(SeleniumActionRetryController.java:44)
	at com.kms.katalon.core.webui.keyword.internal.WebUIAbstractKeyword.findWebElement(WebUIAbstractKeyword.java:116)
	at com.kms.katalon.core.webui.keyword.builtin.ClickKeyword$_click_closure1.doCall(ClickKeyword.groovy:52)
	at java.base/jdk.internal.reflect.DirectMethodHandleAccessor.invoke(DirectMethodHandleAccessor.java:103)
	at jdk.proxy2/jdk.proxy2.$Proxy56.execute(Unknown Source)
	at com.kms.katalon.core.webui.model.SeleniumActionRetryController.performAction(SeleniumActionRetryController.java:96)
	at com.kms.katalon.core.webui.model.SeleniumActionRetryController.performAction(SeleniumActionRetryController.java:83)
	at com.kms.katalon.core.webui.keyword.internal.WebUIKeywordMain$_runKeywordUntilTimeout_closure1.doCall(WebUIKeywordMain.groovy:135)
	at com.kms.katalon.core.webui.keyword.internal.WebUIKeywordMain$_runKeywordUntilTimeout_closure1.call(WebUIKeywordMain.groovy)
	at com.kms.katalon.core.webui.keyword.internal.WebUIKeywordMain.runKeyword(WebUIKeywordMain.groovy:41)
	... 20 more
</message>
  <exception>
    <message>com.kms.katalon.core.exception.StepFailedException: Unable to click on object 'Object Repository/Page_Work Order  View- Workforce Manager/svg_svg'</message>
    <frame>
      <class>com.kms.katalon.core.logging.XmlKeywordLogger</class>
      <method>logMessage</method>
      <line>518</line>
    </frame>
    <frame>
      <class>com.kms.katalon.core.logging.KeywordLogger</class>
      <method>logMessage</method>
      <line>475</line>
    </frame>
    <frame>
      <class>com.kms.katalon.core.main.TestCaseExecutor</class>
      <method>logError</method>
      <line>621</line>
    </frame>
    <frame>
      <class>com.kms.katalon.core.main.TestCaseExecutor</class>
      <method>onExecutionError</method>
      <line>199</line>
    </frame>
    <frame>
      <class>com.kms.katalon.core.main.TestCaseExecutor</class>
      <method>processExecutionPhase</method>
      <line>484</line>
    </frame>
    <frame>
      <class>com.kms.katalon.core.main.TestCaseExecutor</class>
      <method>accessMainPhase</method>
      <line>466</line>
    </frame>
    <frame>
      <class>com.kms.katalon.core.main.TestCaseExecutor</class>
      <method>execute</method>
      <line>336</line>
    </frame>
    <frame>
      <class>com.kms.katalon.core.main.TestCaseExecutor</class>
      <method>execute</method>
      <line>424</line>
    </frame>
    <frame>
      <class>com.kms.katalon.core.common.CommonExecutor</class>
      <method>accessTestCaseMainPhase</method>
      <line>71</line>
    </frame>
    <frame>
      <class>com.kms.katalon.core.main.TestSuiteExecutor</class>
      <method>accessTestSuiteMainPhase</method>
      <line>153</line>
    </frame>
    <frame>
      <class>com.kms.katalon.core.main.TestSuiteExecutor</class>
      <method>execute</method>
      <line>110</line>
    </frame>
    <frame>
      <class>com.kms.katalon.core.main.TestCaseMain</class>
      <method>startTestSuite</method>
      <line>206</line>
    </frame>
    <frame>
      <class>org.codehaus.groovy.vmplugin.v8.IndyInterface</class>
      <method>fromCache</method>
      <line>318</line>
    </frame>
    <frame>
      <class>S0526_51</class>
      <method>run</method>
      <line>40</line>
    </frame>
    <frame>
      <class>groovy.lang.GroovyShell</class>
      <method>runScriptOrMainOrTestOrRunnable</method>
      <line>254</line>
    </frame>
    <frame>
      <class>groovy.lang.GroovyShell</class>
      <method>run</method>
      <line>360</line>
    </frame>
    <frame>
      <class>groovy.lang.GroovyShell</class>
      <method>run</method>
      <line>349</line>
    </frame>
    <frame>
      <class>groovy.ui.GroovyMain</class>
      <method>processOnce</method>
      <line>652</line>
    </frame>
    <frame>
      <class>groovy.ui.GroovyMain</class>
      <method>run</method>
      <line>398</line>
    </frame>
    <frame>
      <class>groovy.ui.GroovyMain</class>
      <method>access$1400</method>
      <line>68</line>
    </frame>
    <frame>
      <class>groovy.ui.GroovyMain$GroovyCommand</class>
      <method>process</method>
      <line>322</line>
    </frame>
    <frame>
      <class>groovy.ui.GroovyMain</class>
      <method>processArgs</method>
      <line>142</line>
    </frame>
    <frame>
      <class>groovy.ui.GroovyMain</class>
      <method>main</method>
      <line>115</line>
    </frame>
    <frame>
      <class>jdk.internal.reflect.DirectMethodHandleAccessor</class>
      <method>invoke</method>
      <line>103</line>
    </frame>
    <frame>
      <class>java.lang.reflect.Method</class>
      <method>invoke</method>
      <line>580</line>
    </frame>
    <frame>
      <class>org.codehaus.groovy.tools.GroovyStarter</class>
      <method>rootLoader</method>
      <line>117</line>
    </frame>
    <frame>
      <class>org.codehaus.groovy.tools.GroovyStarter</class>
      <method>main</method>
      <line>39</line>
    </frame>
  </exception>
  <nestedLevel>0</nestedLevel>
  <escapedJava>false</escapedJava>
  <property name="failed.exception.stacktrace">com.kms.katalon.core.webui.exception.WebElementNotFoundException: Web element with id: &apos;Object Repository/Page_Work Order  View- Workforce Manager/svg_svg&apos; located by &apos;By.xpath: //*[(name() = &apos;tr&apos;) and (position() = 1)]//*[(name() = &apos;span&apos;) and (position() = 3)]//*[@fill = &apos;none&apos;]&apos; not found
	at com.kms.katalon.core.webui.model.WebUiElementFinder.findElementByNormalMethods(WebUiElementFinder.java:201)
	at com.kms.katalon.core.webui.model.WebUiElementFinder.findElementsBySelectedMethod(WebUiElementFinder.java:99)
	at com.kms.katalon.core.webui.model.WebUiElementFinder.findElementsBySelectedMethod(WebUiElementFinder.java:82)
	at com.kms.katalon.core.webui.model.WebUiElementFinder.findElementsBySelectedMethod(WebUiElementFinder.java:77)
	at com.kms.katalon.core.webui.model.WebUiElementFinder.findElement(WebUiElementFinder.java:51)
	at com.kms.katalon.core.webui.model.WebUiElementFinderWithTimeout.basicFindElement(WebUiElementFinderWithTimeout.java:51)
	at com.kms.katalon.core.webui.model.WebUiElementFinderWithTimeout.lambda$0(WebUiElementFinderWithTimeout.java:29)
	at com.kms.katalon.core.webui.model.SeleniumActionRetryController.performAction(SeleniumActionRetryController.java:96)
	at com.kms.katalon.core.webui.model.SeleniumActionRetryController.performAction(SeleniumActionRetryController.java:83)
	at com.kms.katalon.core.webui.model.WebUiElementFinderWithTimeout.findElement(WebUiElementFinderWithTimeout.java:28)
	at com.kms.katalon.core.webui.keyword.internal.WebUIAbstractKeyword.lambda$1(WebUIAbstractKeyword.java:119)
	at com.kms.katalon.core.webui.model.SeleniumActionRetryController.performAction(SeleniumActionRetryController.java:96)
	at com.kms.katalon.core.webui.model.SeleniumActionRetryController.performAction(SeleniumActionRetryController.java:83)
	at com.kms.katalon.core.webui.model.SeleniumActionRetryController.retry(SeleniumActionRetryController.java:49)
	at com.kms.katalon.core.webui.model.SeleniumActionRetryController.retry(SeleniumActionRetryController.java:44)
	at com.kms.katalon.core.webui.keyword.internal.WebUIAbstractKeyword.findWebElement(WebUIAbstractKeyword.java:116)
	at com.kms.katalon.core.webui.keyword.builtin.ClickKeyword$_click_closure1.doCall(ClickKeyword.groovy:52)
	at java.base/jdk.internal.reflect.DirectMethodHandleAccessor.invoke(DirectMethodHandleAccessor.java:103)
	at jdk.proxy2/jdk.proxy2.$Proxy56.execute(Unknown Source)
	at com.kms.katalon.core.webui.model.SeleniumActionRetryController.performAction(SeleniumActionRetryController.java:96)
	at com.kms.katalon.core.webui.model.SeleniumActionRetryController.performAction(SeleniumActionRetryController.java:83)
	at com.kms.katalon.core.webui.keyword.internal.WebUIKeywordMain$_runKeywordUntilTimeout_closure1.doCall(WebUIKeywordMain.groovy:135)
	at com.kms.katalon.core.webui.keyword.internal.WebUIKeywordMain$_runKeywordUntilTimeout_closure1.call(WebUIKeywordMain.groovy)
	at com.kms.katalon.core.webui.keyword.internal.WebUIKeywordMain.runKeyword(WebUIKeywordMain.groovy:41)
	at com.kms.katalon.core.webui.keyword.internal.WebUIKeywordMain.runKeywordUntilTimeout(WebUIKeywordMain.groovy:133)
	at com.kms.katalon.core.webui.keyword.builtin.ClickKeyword.click(ClickKeyword.groovy:72)
	at com.kms.katalon.core.webui.keyword.builtin.ClickKeyword.execute(ClickKeyword.groovy:38)
	at com.kms.katalon.core.keyword.internal.KeywordExecutor.executeKeywordForPlatform(KeywordExecutor.groovy:99)
	at com.kms.katalon.core.webui.keyword.WebUiBuiltInKeywords.click(WebUiBuiltInKeywords.groovy:722)
	at Esign.run(Esign:25)
	at com.kms.katalon.core.main.ScriptEngine.run(ScriptEngine.java:203)
	at com.kms.katalon.core.main.ScriptEngine.runScriptAsRawText(ScriptEngine.java:115)
	at com.kms.katalon.core.main.TestCaseExecutor.runScript(TestCaseExecutor.java:504)
	at com.kms.katalon.core.main.TestCaseExecutor.doExecute(TestCaseExecutor.java:495)
	at com.kms.katalon.core.main.TestCaseExecutor.processExecutionPhase(TestCaseExecutor.java:474)
	at com.kms.katalon.core.main.TestCaseExecutor.accessMainPhase(TestCaseExecutor.java:466)
	at com.kms.katalon.core.main.TestCaseExecutor.execute(TestCaseExecutor.java:336)
	at com.kms.katalon.core.main.TestCaseExecutor.execute(TestCaseExecutor.java:424)
	at com.kms.katalon.core.common.CommonExecutor.accessTestCaseMainPhase(CommonExecutor.java:71)
	at com.kms.katalon.core.main.TestSuiteExecutor.accessTestSuiteMainPhase(TestSuiteExecutor.java:153)
	at com.kms.katalon.core.main.TestSuiteExecutor.execute(TestSuiteExecutor.java:110)
	at com.kms.katalon.core.main.TestCaseMain.startTestSuite(TestCaseMain.java:206)
	at S0526_51.run(S0526_51.groovy:40)
	at java.base/jdk.internal.reflect.DirectMethodHandleAccessor.invoke(DirectMethodHandleAccessor.java:103)
</property>
  <property name="failed.exception.class">com.kms.katalon.core.webui.exception.WebElementNotFoundException</property>
  <property name="failed.exception.message">Web element with id: &apos;Object Repository/Page_Work Order  View- Workforce Manager/svg_svg&apos; located by &apos;By.xpath: //*[(name() = &apos;tr&apos;) and (position() = 1)]//*[(name() = &apos;span&apos;) and (position() = 3)]//*[@fill = &apos;none&apos;]&apos; not found</property>
</record>
<record>
  <date>2026-05-26T21:07:27.419811700Z</date>
  <millis>1779829647419</millis>
  <nanos>811700</nanos>
  <sequence>1439</sequence>
  <level>END</level>
  <class>com.kms.katalon.core.logging.XmlKeywordLogger</class>
  <method>endTest</method>
  <thread>1</thread>
  <message>End Test Case : Test Cases/TaskActions/Table_Actions/Esign</message>
  <nestedLevel>0</nestedLevel>
  <escapedJava>false</escapedJava>
  <property name="executionBindingVariables">[]</property>
  <property name="applitools">false</property>
  <property name="remainingRetryCount">2</property>
  <property name="executedKeywords">{
  &quot;WebUI.click&quot;: 1,
  &quot;WebUI.waitForPageLoad&quot;: 1
}</property>
  <property name="currentRetryCount">1</property>
  <property name="keywordsUsage">{
  &quot;web_ui&quot;: true,
  &quot;web_service&quot;: false,
  &quot;cucumber&quot;: false,
  &quot;builtin&quot;: false,
  &quot;mobile&quot;: false,
  &quot;windows&quot;: false,
  &quot;testng&quot;: false
}</property>
</record>
<record>
  <date>2026-05-26T21:07:27.431483200Z</date>
  <millis>1779829647431</millis>
  <nanos>483200</nanos>
  <sequence>1440</sequence>
  <level>START</level>
  <class>com.kms.katalon.core.logging.XmlKeywordLogger</class>
  <method>startTest</method>
  <thread>1</thread>
  <message>Start Test Case : Test Cases/TaskActions/Table_Actions/Esign</message>
  <nestedLevel>1</nestedLevel>
  <escapedJava>false</escapedJava>
  <property name="remainingRetryCount">1</property>
  <property name="origin"></property>
  <property name="name">Test Cases/TaskActions/Table_Actions/Esign</property>
  <property name="description"></property>
  <property name="iteration"></property>
  <property name="id">Test Cases/TaskActions/Table_Actions/Esign</property>
  <property name="source">C:\Users\CROWN-STAFF\git\convergence-qa-tests\Test Cases\TaskActions\Table_Actions\Esign.tc</property>
  <property name="tag"></property>
  <property name="isOptional">false</property>
  <property name="uuid">8e51626a-b2d7-431a-9792-c1b7a6460b4b</property>
  <property name="currentRetryCount">2</property>
</record>
<record>
  <date>2026-05-26T21:07:27.515727200Z</date>
  <millis>1779829647515</millis>
  <nanos>727200</nanos>
  <sequence>1442</sequence>
  <level>RUN_DATA</level>
  <class>com.kms.katalon.core.logging.XmlKeywordLogger</class>
  <method>logMessage</method>
  <thread>1</thread>
  <message>executionBindingVariables = []</message>
  <nestedLevel>1</nestedLevel>
  <escapedJava>false</escapedJava>
  <property name="executionBindingVariables">[]</property>
</record>
<record>
  <date>2026-05-26T21:07:27.520452200Z</date>
  <millis>1779829647520</millis>
  <nanos>452200</nanos>
  <sequence>1443</sequence>
  <level>START</level>
  <class>com.kms.katalon.core.logging.XmlKeywordLogger</class>
  <method>startKeyword</method>
  <thread>1</thread>
  <message>Start action : driver = getWebDriver()</message>
  <nestedLevel>1</nestedLevel>
  <escapedJava>false</escapedJava>
  <property name="startLine">13</property>
  <property name="stepIndex">1</property>
</record>
<record>
  <date>2026-05-26T21:07:27.526180900Z</date>
  <millis>1779829647526</millis>
  <nanos>180900</nanos>
  <sequence>1444</sequence>
  <level>END</level>
  <class>com.kms.katalon.core.logging.XmlKeywordLogger</class>
  <method>endKeyword</method>
  <thread>1</thread>
  <message>End action : driver = getWebDriver()</message>
  <nestedLevel>1</nestedLevel>
  <escapedJava>false</escapedJava>
</record>
<record>
  <date>2026-05-26T21:07:27.526180900Z</date>
  <millis>1779829647526</millis>
  <nanos>180900</nanos>
  <sequence>1445</sequence>
  <level>START</level>
  <class>com.kms.katalon.core.logging.XmlKeywordLogger</class>
  <method>startKeyword</method>
  <thread>1</thread>
  <message>Start action : wait = new org.openqa.selenium.support.ui.WebDriverWait(driver, java.time.Duration.ofSeconds(30))</message>
  <nestedLevel>1</nestedLevel>
  <escapedJava>false</escapedJava>
  <property name="startLine">14</property>
  <property name="stepIndex">2</property>
</record>
<record>
  <date>2026-05-26T21:07:27.528211700Z</date>
  <millis>1779829647528</millis>
  <nanos>211700</nanos>
  <sequence>1446</sequence>
  <level>END</level>
  <class>com.kms.katalon.core.logging.XmlKeywordLogger</class>
  <method>endKeyword</method>
  <thread>1</thread>
  <message>End action : wait = new org.openqa.selenium.support.ui.WebDriverWait(driver, java.time.Duration.ofSeconds(30))</message>
  <nestedLevel>1</nestedLevel>
  <escapedJava>false</escapedJava>
</record>
<record>
  <date>2026-05-26T21:07:27.529741900Z</date>
  <millis>1779829647529</millis>
  <nanos>741900</nanos>
  <sequence>1447</sequence>
  <level>START</level>
  <class>com.kms.katalon.core.logging.XmlKeywordLogger</class>
  <method>startKeyword</method>
  <thread>1</thread>
  <message>Start action : println(&amp;quot;===== START ESIGN =====&amp;quot;)</message>
  <nestedLevel>1</nestedLevel>
  <escapedJava>false</escapedJava>
  <property name="startLine">16</property>
  <property name="stepIndex">3</property>
</record>
<record>
  <date>2026-05-26T21:07:27.533979800Z</date>
  <millis>1779829647533</millis>
  <nanos>979800</nanos>
  <sequence>1448</sequence>
  <level>END</level>
  <class>com.kms.katalon.core.logging.XmlKeywordLogger</class>
  <method>endKeyword</method>
  <thread>1</thread>
  <message>End action : println(&amp;quot;===== START ESIGN =====&amp;quot;)</message>
  <nestedLevel>1</nestedLevel>
  <escapedJava>false</escapedJava>
</record>
<record>
  <date>2026-05-26T21:07:27.536007500Z</date>
  <millis>1779829647536</millis>
  <nanos>7500</nanos>
  <sequence>1449</sequence>
  <level>START</level>
  <class>com.kms.katalon.core.logging.XmlKeywordLogger</class>
  <method>startKeyword</method>
  <thread>1</thread>
  <message>Start action : waitForPageLoad(30)</message>
  <nestedLevel>1</nestedLevel>
  <escapedJava>false</escapedJava>
  <property name="startLine">18</property>
  <property name="stepIndex">4</property>
</record>
<record>
  <date>2026-05-26T21:07:27.566067100Z</date>
  <millis>1779829647566</millis>
  <nanos>67100</nanos>
  <sequence>1453</sequence>
  <level>PASSED</level>
  <class>com.kms.katalon.core.logging.XmlKeywordLogger</class>
  <method>logMessage</method>
  <thread>1</thread>
  <message>Wait for page load successfully</message>
  <nestedLevel>1</nestedLevel>
  <escapedJava>false</escapedJava>
  <property name="testops-method-name">com.kms.katalon.core.webui.keyword.internal.WebUIKeywordMain$runKeyword$0.call</property>
  <property name="testops-execution-stacktrace">com.kms.katalon.core.logging.KeywordLogger.logPassed(KeywordLogger.java:350)
com.kms.katalon.core.logging.KeywordLogger.logPassed(KeywordLogger.java:345)
com.kms.katalon.core.logging.KeywordLogger$logPassed$0.call(Unknown Source)
com.kms.katalon.core.webui.keyword.builtin.WaitForPageLoadKeyword$_waitForPageLoad_closure1.doCall(WaitForPageLoadKeyword.groovy:94)
com.kms.katalon.core.webui.keyword.builtin.WaitForPageLoadKeyword$_waitForPageLoad_closure1.doCall(WaitForPageLoadKeyword.groovy)
java.base/jdk.internal.reflect.DirectMethodHandleAccessor.invoke(DirectMethodHandleAccessor.java:103)
com.kms.katalon.core.webui.keyword.internal.WebUIKeywordMain.runKeyword(WebUIKeywordMain.groovy:41)
com.kms.katalon.core.webui.keyword.internal.WebUIKeywordMain$runKeyword$0.call(Unknown Source)
com.kms.katalon.core.webui.keyword.builtin.WaitForPageLoadKeyword.waitForPageLoad(WaitForPageLoadKeyword.groovy:95)
com.kms.katalon.core.webui.keyword.builtin.WaitForPageLoadKeyword.execute(WaitForPageLoadKeyword.groovy:68)
com.kms.katalon.core.keyword.internal.KeywordExecutor.executeKeywordForPlatform(KeywordExecutor.groovy:99)
com.kms.katalon.core.webui.keyword.WebUiBuiltInKeywords.waitForPageLoad(WebUiBuiltInKeywords.groovy:2559)
Esign.run(Esign:18)
</property>
</record>
<record>
  <date>2026-05-26T21:07:27.568460500Z</date>
  <millis>1779829647568</millis>
  <nanos>460500</nanos>
  <sequence>1454</sequence>
  <level>END</level>
  <class>com.kms.katalon.core.logging.XmlKeywordLogger</class>
  <method>endKeyword</method>
  <thread>1</thread>
  <message>End action : waitForPageLoad(30)</message>
  <nestedLevel>1</nestedLevel>
  <escapedJava>false</escapedJava>
</record>
<record>
  <date>2026-05-26T21:07:27.569348800Z</date>
  <millis>1779829647569</millis>
  <nanos>348800</nanos>
  <sequence>1455</sequence>
  <level>START</level>
  <class>com.kms.katalon.core.logging.XmlKeywordLogger</class>
  <method>startKeyword</method>
  <thread>1</thread>
  <message>Start action : click(findTestObject(&amp;quot;Page_Work Order  View- Workforce Manager/svg_svg&amp;quot;))</message>
  <nestedLevel>1</nestedLevel>
  <escapedJava>false</escapedJava>
  <property name="startLine">25</property>
  <property name="stepIndex">5</property>
</record>
<record>
  <date>2026-05-26T21:07:37.620062300Z</date>
  <millis>1779829657620</millis>
  <nanos>62300</nanos>
  <sequence>1462</sequence>
  <level>INFO</level>
  <class>com.kms.katalon.core.logging.XmlKeywordLogger</class>
  <method>logMessage</method>
  <thread>1</thread>
  <message>[AI Self-Healing] Recovering element locator by using AI Self-Healing...</message>
  <nestedLevel>1</nestedLevel>
  <escapedJava>false</escapedJava>
  <property name="aiSelfHealingApplied">true</property>
  <property name="isDebugOnly">true</property>
</record>
<record>
  <date>2026-05-26T21:07:42.766175100Z</date>
  <millis>1779829662766</millis>
  <nanos>175100</nanos>
  <sequence>1464</sequence>
  <level>INFO</level>
  <class>com.kms.katalon.core.logging.XmlKeywordLogger</class>
  <method>logMessage</method>
  <thread>1</thread>
  <message>[AI Self-Healing] No possible locators found</message>
  <nestedLevel>1</nestedLevel>
  <escapedJava>false</escapedJava>
  <property name="aiSelfHealingApplied">true</property>
  <property name="isDebugOnly">true</property>
</record>
<record>
  <date>2026-05-26T21:07:43.549814300Z</date>
  <millis>1779829663549</millis>
  <nanos>814300</nanos>
  <sequence>1468</sequence>
  <level>FAILED</level>
  <class>com.kms.katalon.core.logging.XmlKeywordLogger</class>
  <method>logMessage</method>
  <thread>1</thread>
  <message>Unable to click on object &amp;apos;Object Repository/Page_Work Order  View- Workforce Manager/svg_svg&amp;apos; (Root cause: com.kms.katalon.core.exception.StepFailedException: Unable to click on object &amp;apos;Object Repository/Page_Work Order  View- Workforce Manager/svg_svg&amp;apos;
	at com.kms.katalon.core.webui.keyword.internal.WebUIKeywordMain.stepFailed(WebUIKeywordMain.groovy:177)
	at com.kms.katalon.core.webui.keyword.internal.WebUIKeywordMain.runKeyword(WebUIKeywordMain.groovy:49)
	at com.kms.katalon.core.webui.keyword.internal.WebUIKeywordMain.runKeywordUntilTimeout(WebUIKeywordMain.groovy:133)
	at com.kms.katalon.core.webui.keyword.builtin.ClickKeyword.click(ClickKeyword.groovy:72)
	at com.kms.katalon.core.webui.keyword.builtin.ClickKeyword.execute(ClickKeyword.groovy:38)
	at com.kms.katalon.core.keyword.internal.KeywordExecutor.executeKeywordForPlatform(KeywordExecutor.groovy:99)
	at com.kms.katalon.core.webui.keyword.WebUiBuiltInKeywords.click(WebUiBuiltInKeywords.groovy:722)
	at Esign.run(Esign:25)
	at com.kms.katalon.core.main.ScriptEngine.run(ScriptEngine.java:203)
	at com.kms.katalon.core.main.ScriptEngine.runScriptAsRawText(ScriptEngine.java:115)
	at com.kms.katalon.core.main.TestCaseExecutor.runScript(TestCaseExecutor.java:504)
	at com.kms.katalon.core.main.TestCaseExecutor.doExecute(TestCaseExecutor.java:495)
	at com.kms.katalon.core.main.TestCaseExecutor.processExecutionPhase(TestCaseExecutor.java:474)
	at com.kms.katalon.core.main.TestCaseExecutor.accessMainPhase(TestCaseExecutor.java:466)
	at com.kms.katalon.core.main.TestCaseExecutor.execute(TestCaseExecutor.java:336)
	at com.kms.katalon.core.main.TestCaseExecutor.execute(TestCaseExecutor.java:424)
	at com.kms.katalon.core.main.TestCaseExecutor.execute(TestCaseExecutor.java:424)
	at com.kms.katalon.core.common.CommonExecutor.accessTestCaseMainPhase(CommonExecutor.java:71)
	at com.kms.katalon.core.main.TestSuiteExecutor.accessTestSuiteMainPhase(TestSuiteExecutor.java:153)
	at com.kms.katalon.core.main.TestSuiteExecutor.execute(TestSuiteExecutor.java:110)
	at com.kms.katalon.core.main.TestCaseMain.startTestSuite(TestCaseMain.java:206)
	at S0526_51.run(S0526_51.groovy:40)
	at java.base/jdk.internal.reflect.DirectMethodHandleAccessor.invoke(DirectMethodHandleAccessor.java:103)
Caused by: com.kms.katalon.core.webui.exception.WebElementNotFoundException: Web element with id: &amp;apos;Object Repository/Page_Work Order  View- Workforce Manager/svg_svg&amp;apos; located by &amp;apos;By.xpath: //*[(name() = &amp;apos;tr&amp;apos;) and (position() = 1)]//*[(name() = &amp;apos;span&amp;apos;) and (position() = 3)]//*[@fill = &amp;apos;none&amp;apos;]&amp;apos; not found
	at com.kms.katalon.core.webui.model.WebUiElementFinder.findElementByNormalMethods(WebUiElementFinder.java:201)
	at com.kms.katalon.core.webui.model.WebUiElementFinder.findElementsBySelectedMethod(WebUiElementFinder.java:99)
	at com.kms.katalon.core.webui.model.WebUiElementFinder.findElementsBySelectedMethod(WebUiElementFinder.java:82)
	at com.kms.katalon.core.webui.model.WebUiElementFinder.findElementsBySelectedMethod(WebUiElementFinder.java:77)
	at com.kms.katalon.core.webui.model.WebUiElementFinder.findElement(WebUiElementFinder.java:51)
	at com.kms.katalon.core.webui.model.WebUiElementFinderWithTimeout.basicFindElement(WebUiElementFinderWithTimeout.java:51)
	at com.kms.katalon.core.webui.model.WebUiElementFinderWithTimeout.lambda$0(WebUiElementFinderWithTimeout.java:29)
	at com.kms.katalon.core.webui.model.SeleniumActionRetryController.performAction(SeleniumActionRetryController.java:96)
	at com.kms.katalon.core.webui.model.SeleniumActionRetryController.performAction(SeleniumActionRetryController.java:83)
	at com.kms.katalon.core.webui.model.WebUiElementFinderWithTimeout.findElement(WebUiElementFinderWithTimeout.java:28)
	at com.kms.katalon.core.webui.keyword.internal.WebUIAbstractKeyword.lambda$1(WebUIAbstractKeyword.java:119)
	at com.kms.katalon.core.webui.model.SeleniumActionRetryController.performAction(SeleniumActionRetryController.java:96)
	at com.kms.katalon.core.webui.model.SeleniumActionRetryController.performAction(SeleniumActionRetryController.java:83)
	at com.kms.katalon.core.webui.model.SeleniumActionRetryController.retry(SeleniumActionRetryController.java:49)
	at com.kms.katalon.core.webui.model.SeleniumActionRetryController.retry(SeleniumActionRetryController.java:44)
	at com.kms.katalon.core.webui.keyword.internal.WebUIAbstractKeyword.findWebElement(WebUIAbstractKeyword.java:116)
	at com.kms.katalon.core.webui.keyword.builtin.ClickKeyword$_click_closure1.doCall(ClickKeyword.groovy:52)
	at java.base/jdk.internal.reflect.DirectMethodHandleAccessor.invoke(DirectMethodHandleAccessor.java:103)
	at jdk.proxy2/jdk.proxy2.$Proxy56.execute(Unknown Source)
	at com.kms.katalon.core.webui.model.SeleniumActionRetryController.performAction(SeleniumActionRetryController.java:96)
	at com.kms.katalon.core.webui.model.SeleniumActionRetryController.performAction(SeleniumActionRetryController.java:83)
	at com.kms.katalon.core.webui.keyword.internal.WebUIKeywordMain$_runKeywordUntilTimeout_closure1.doCall(WebUIKeywordMain.groovy:135)
	at com.kms.katalon.core.webui.keyword.internal.WebUIKeywordMain$_runKeywordUntilTimeout_closure1.call(WebUIKeywordMain.groovy)
	at com.kms.katalon.core.webui.keyword.internal.WebUIKeywordMain.runKeyword(WebUIKeywordMain.groovy:41)
	at com.kms.katalon.core.webui.keyword.internal.WebUIKeywordMain.runKeywordUntilTimeout(WebUIKeywordMain.groovy:133)
	at com.kms.katalon.core.webui.keyword.builtin.ClickKeyword.click(ClickKeyword.groovy:72)
	at com.kms.katalon.core.webui.keyword.builtin.ClickKeyword.execute(ClickKeyword.groovy:38)
	at com.kms.katalon.core.keyword.internal.KeywordExecutor.executeKeywordForPlatform(KeywordExecutor.groovy:99)
	at com.kms.katalon.core.webui.keyword.WebUiBuiltInKeywords.click(WebUiBuiltInKeywords.groovy:722)
	at Script1779706958324.run(Script1779706958324.groovy:25)
	... 15 more
)</message>
  <nestedLevel>1</nestedLevel>
  <escapedJava>false</escapedJava>
  <property name="failed.exception.class">com.kms.katalon.core.webui.exception.WebElementNotFoundException</property>
  <property name="attachment">1779829662769.png</property>
  <property name="failed.exception.stacktrace">com.kms.katalon.core.webui.exception.WebElementNotFoundException: Web element with id: &apos;Object Repository/Page_Work Order  View- Workforce Manager/svg_svg&apos; located by &apos;By.xpath: //*[(name() = &apos;tr&apos;) and (position() = 1)]//*[(name() = &apos;span&apos;) and (position() = 3)]//*[@fill = &apos;none&apos;]&apos; not found
	at com.kms.katalon.core.webui.model.WebUiElementFinder.findElementByNormalMethods(WebUiElementFinder.java:201)
	at com.kms.katalon.core.webui.model.WebUiElementFinder.findElementsBySelectedMethod(WebUiElementFinder.java:99)
	at com.kms.katalon.core.webui.model.WebUiElementFinder.findElementsBySelectedMethod(WebUiElementFinder.java:82)
	at com.kms.katalon.core.webui.model.WebUiElementFinder.findElementsBySelectedMethod(WebUiElementFinder.java:77)
	at com.kms.katalon.core.webui.model.WebUiElementFinder.findElement(WebUiElementFinder.java:51)
	at com.kms.katalon.core.webui.model.WebUiElementFinderWithTimeout.basicFindElement(WebUiElementFinderWithTimeout.java:51)
	at com.kms.katalon.core.webui.model.WebUiElementFinderWithTimeout.lambda$0(WebUiElementFinderWithTimeout.java:29)
	at com.kms.katalon.core.webui.model.SeleniumActionRetryController.performAction(SeleniumActionRetryController.java:96)
	at com.kms.katalon.core.webui.model.SeleniumActionRetryController.performAction(SeleniumActionRetryController.java:83)
	at com.kms.katalon.core.webui.model.WebUiElementFinderWithTimeout.findElement(WebUiElementFinderWithTimeout.java:28)
	at com.kms.katalon.core.webui.keyword.internal.WebUIAbstractKeyword.lambda$1(WebUIAbstractKeyword.java:119)
	at com.kms.katalon.core.webui.model.SeleniumActionRetryController.performAction(SeleniumActionRetryController.java:96)
	at com.kms.katalon.core.webui.model.SeleniumActionRetryController.performAction(SeleniumActionRetryController.java:83)
	at com.kms.katalon.core.webui.model.SeleniumActionRetryController.retry(SeleniumActionRetryController.java:49)
	at com.kms.katalon.core.webui.model.SeleniumActionRetryController.retry(SeleniumActionRetryController.java:44)
	at com.kms.katalon.core.webui.keyword.internal.WebUIAbstractKeyword.findWebElement(WebUIAbstractKeyword.java:116)
	at com.kms.katalon.core.webui.keyword.builtin.ClickKeyword$_click_closure1.doCall(ClickKeyword.groovy:52)
	at java.base/jdk.internal.reflect.DirectMethodHandleAccessor.invoke(DirectMethodHandleAccessor.java:103)
	at jdk.proxy2/jdk.proxy2.$Proxy56.execute(Unknown Source)
	at com.kms.katalon.core.webui.model.SeleniumActionRetryController.performAction(SeleniumActionRetryController.java:96)
	at com.kms.katalon.core.webui.model.SeleniumActionRetryController.performAction(SeleniumActionRetryController.java:83)
	at com.kms.katalon.core.webui.keyword.internal.WebUIKeywordMain$_runKeywordUntilTimeout_closure1.doCall(WebUIKeywordMain.groovy:135)
	at com.kms.katalon.core.webui.keyword.internal.WebUIKeywordMain$_runKeywordUntilTimeout_closure1.call(WebUIKeywordMain.groovy)
	at com.kms.katalon.core.webui.keyword.internal.WebUIKeywordMain.runKeyword(WebUIKeywordMain.groovy:41)
	at com.kms.katalon.core.webui.keyword.internal.WebUIKeywordMain.runKeywordUntilTimeout(WebUIKeywordMain.groovy:133)
	at com.kms.katalon.core.webui.keyword.builtin.ClickKeyword.click(ClickKeyword.groovy:72)
	at com.kms.katalon.core.webui.keyword.builtin.ClickKeyword.execute(ClickKeyword.groovy:38)
	at com.kms.katalon.core.keyword.internal.KeywordExecutor.executeKeywordForPlatform(KeywordExecutor.groovy:99)
	at com.kms.katalon.core.webui.keyword.WebUiBuiltInKeywords.click(WebUiBuiltInKeywords.groovy:722)
	at Esign.run(Esign:25)
	at com.kms.katalon.core.main.ScriptEngine.run(ScriptEngine.java:203)
	at com.kms.katalon.core.main.ScriptEngine.runScriptAsRawText(ScriptEngine.java:115)
	at com.kms.katalon.core.main.TestCaseExecutor.runScript(TestCaseExecutor.java:504)
	at com.kms.katalon.core.main.TestCaseExecutor.doExecute(TestCaseExecutor.java:495)
	at com.kms.katalon.core.main.TestCaseExecutor.processExecutionPhase(TestCaseExecutor.java:474)
	at com.kms.katalon.core.main.TestCaseExecutor.accessMainPhase(TestCaseExecutor.java:466)
	at com.kms.katalon.core.main.TestCaseExecutor.execute(TestCaseExecutor.java:336)
	at com.kms.katalon.core.main.TestCaseExecutor.execute(TestCaseExecutor.java:424)
	at com.kms.katalon.core.main.TestCaseExecutor.execute(TestCaseExecutor.java:424)
	at com.kms.katalon.core.common.CommonExecutor.accessTestCaseMainPhase(CommonExecutor.java:71)
	at com.kms.katalon.core.main.TestSuiteExecutor.accessTestSuiteMainPhase(TestSuiteExecutor.java:153)
	at com.kms.katalon.core.main.TestSuiteExecutor.execute(TestSuiteExecutor.java:110)
	at com.kms.katalon.core.main.TestCaseMain.startTestSuite(TestCaseMain.java:206)
	at S0526_51.run(S0526_51.groovy:40)
	at java.base/jdk.internal.reflect.DirectMethodHandleAccessor.invoke(DirectMethodHandleAccessor.java:103)
</property>
  <property name="failed.exception.message">Web element with id: &apos;Object Repository/Page_Work Order  View- Workforce Manager/svg_svg&apos; located by &apos;By.xpath: //*[(name() = &apos;tr&apos;) and (position() = 1)]//*[(name() = &apos;span&apos;) and (position() = 3)]//*[@fill = &apos;none&apos;]&apos; not found</property>
</record>
<record>
  <date>2026-05-26T21:07:43.559674400Z</date>
  <millis>1779829663559</millis>
  <nanos>674400</nanos>
  <sequence>1471</sequence>
  <level>END</level>
  <class>com.kms.katalon.core.logging.XmlKeywordLogger</class>
  <method>endKeyword</method>
  <thread>1</thread>
  <message>End action : click(findTestObject(&amp;quot;Page_Work Order  View- Workforce Manager/svg_svg&amp;quot;))</message>
  <nestedLevel>1</nestedLevel>
  <escapedJava>false</escapedJava>
</record>
<record>
  <date>2026-05-26T21:07:43.561779500Z</date>
  <millis>1779829663561</millis>
  <nanos>779500</nanos>
  <sequence>1474</sequence>
  <level>FAILED</level>
  <class>com.kms.katalon.core.logging.XmlKeywordLogger</class>
  <method>logMessage</method>
  <thread>1</thread>
  <message>Test Cases/TaskActions/Table_Actions/Esign FAILED.
Reason:
com.kms.katalon.core.exception.StepFailedException: Unable to click on object &amp;apos;Object Repository/Page_Work Order  View- Workforce Manager/svg_svg&amp;apos;
	at com.kms.katalon.core.webui.keyword.internal.WebUIKeywordMain.stepFailed(WebUIKeywordMain.groovy:177)
	at com.kms.katalon.core.webui.keyword.internal.WebUIKeywordMain.runKeyword(WebUIKeywordMain.groovy:49)
	at com.kms.katalon.core.webui.keyword.internal.WebUIKeywordMain.runKeywordUntilTimeout(WebUIKeywordMain.groovy:133)
	at com.kms.katalon.core.webui.keyword.builtin.ClickKeyword.click(ClickKeyword.groovy:72)
	at com.kms.katalon.core.webui.keyword.builtin.ClickKeyword.execute(ClickKeyword.groovy:38)
	at com.kms.katalon.core.keyword.internal.KeywordExecutor.executeKeywordForPlatform(KeywordExecutor.groovy:99)
	at com.kms.katalon.core.webui.keyword.WebUiBuiltInKeywords.click(WebUiBuiltInKeywords.groovy:722)
	at Esign.run(Esign:25)
	at com.kms.katalon.core.main.ScriptEngine.run(ScriptEngine.java:203)
	at com.kms.katalon.core.main.ScriptEngine.runScriptAsRawText(ScriptEngine.java:115)
	at com.kms.katalon.core.main.TestCaseExecutor.runScript(TestCaseExecutor.java:504)
	at com.kms.katalon.core.main.TestCaseExecutor.doExecute(TestCaseExecutor.java:495)
	at com.kms.katalon.core.main.TestCaseExecutor.processExecutionPhase(TestCaseExecutor.java:474)
	at com.kms.katalon.core.main.TestCaseExecutor.accessMainPhase(TestCaseExecutor.java:466)
	at com.kms.katalon.core.main.TestCaseExecutor.execute(TestCaseExecutor.java:336)
	at com.kms.katalon.core.main.TestCaseExecutor.execute(TestCaseExecutor.java:424)
	at com.kms.katalon.core.main.TestCaseExecutor.execute(TestCaseExecutor.java:424)
	at com.kms.katalon.core.common.CommonExecutor.accessTestCaseMainPhase(CommonExecutor.java:71)
	at com.kms.katalon.core.main.TestSuiteExecutor.accessTestSuiteMainPhase(TestSuiteExecutor.java:153)
	at com.kms.katalon.core.main.TestSuiteExecutor.execute(TestSuiteExecutor.java:110)
	at com.kms.katalon.core.main.TestCaseMain.startTestSuite(TestCaseMain.java:206)
	at S0526_51.run(S0526_51.groovy:40)
	at java.base/jdk.internal.reflect.DirectMethodHandleAccessor.invoke(DirectMethodHandleAccessor.java:103)
Caused by: com.kms.katalon.core.webui.exception.WebElementNotFoundException: Web element with id: &amp;apos;Object Repository/Page_Work Order  View- Workforce Manager/svg_svg&amp;apos; located by &amp;apos;By.xpath: //*[(name() = &amp;apos;tr&amp;apos;) and (position() = 1)]//*[(name() = &amp;apos;span&amp;apos;) and (position() = 3)]//*[@fill = &amp;apos;none&amp;apos;]&amp;apos; not found
	at com.kms.katalon.core.webui.model.WebUiElementFinder.findElementByNormalMethods(WebUiElementFinder.java:201)
	at com.kms.katalon.core.webui.model.WebUiElementFinder.findElementsBySelectedMethod(WebUiElementFinder.java:99)
	at com.kms.katalon.core.webui.model.WebUiElementFinder.findElementsBySelectedMethod(WebUiElementFinder.java:82)
	at com.kms.katalon.core.webui.model.WebUiElementFinder.findElementsBySelectedMethod(WebUiElementFinder.java:77)
	at com.kms.katalon.core.webui.model.WebUiElementFinder.findElement(WebUiElementFinder.java:51)
	at com.kms.katalon.core.webui.model.WebUiElementFinderWithTimeout.basicFindElement(WebUiElementFinderWithTimeout.java:51)
	at com.kms.katalon.core.webui.model.WebUiElementFinderWithTimeout.lambda$0(WebUiElementFinderWithTimeout.java:29)
	at com.kms.katalon.core.webui.model.SeleniumActionRetryController.performAction(SeleniumActionRetryController.java:96)
	at com.kms.katalon.core.webui.model.SeleniumActionRetryController.performAction(SeleniumActionRetryController.java:83)
	at com.kms.katalon.core.webui.model.WebUiElementFinderWithTimeout.findElement(WebUiElementFinderWithTimeout.java:28)
	at com.kms.katalon.core.webui.keyword.internal.WebUIAbstractKeyword.lambda$1(WebUIAbstractKeyword.java:119)
	at com.kms.katalon.core.webui.model.SeleniumActionRetryController.performAction(SeleniumActionRetryController.java:96)
	at com.kms.katalon.core.webui.model.SeleniumActionRetryController.performAction(SeleniumActionRetryController.java:83)
	at com.kms.katalon.core.webui.model.SeleniumActionRetryController.retry(SeleniumActionRetryController.java:49)
	at com.kms.katalon.core.webui.model.SeleniumActionRetryController.retry(SeleniumActionRetryController.java:44)
	at com.kms.katalon.core.webui.keyword.internal.WebUIAbstractKeyword.findWebElement(WebUIAbstractKeyword.java:116)
	at com.kms.katalon.core.webui.keyword.builtin.ClickKeyword$_click_closure1.doCall(ClickKeyword.groovy:52)
	at java.base/jdk.internal.reflect.DirectMethodHandleAccessor.invoke(DirectMethodHandleAccessor.java:103)
	at jdk.proxy2/jdk.proxy2.$Proxy56.execute(Unknown Source)
	at com.kms.katalon.core.webui.model.SeleniumActionRetryController.performAction(SeleniumActionRetryController.java:96)
	at com.kms.katalon.core.webui.model.SeleniumActionRetryController.performAction(SeleniumActionRetryController.java:83)
	at com.kms.katalon.core.webui.keyword.internal.WebUIKeywordMain$_runKeywordUntilTimeout_closure1.doCall(WebUIKeywordMain.groovy:135)
	at com.kms.katalon.core.webui.keyword.internal.WebUIKeywordMain$_runKeywordUntilTimeout_closure1.call(WebUIKeywordMain.groovy)
	at com.kms.katalon.core.webui.keyword.internal.WebUIKeywordMain.runKeyword(WebUIKeywordMain.groovy:41)
	... 21 more
</message>
  <exception>
    <message>com.kms.katalon.core.exception.StepFailedException: Unable to click on object 'Object Repository/Page_Work Order  View- Workforce Manager/svg_svg'</message>
    <frame>
      <class>com.kms.katalon.core.logging.XmlKeywordLogger</class>
      <method>logMessage</method>
      <line>518</line>
    </frame>
    <frame>
      <class>com.kms.katalon.core.logging.KeywordLogger</class>
      <method>logMessage</method>
      <line>475</line>
    </frame>
    <frame>
      <class>com.kms.katalon.core.main.TestCaseExecutor</class>
      <method>logError</method>
      <line>621</line>
    </frame>
    <frame>
      <class>com.kms.katalon.core.main.TestCaseExecutor</class>
      <method>onExecutionError</method>
      <line>199</line>
    </frame>
    <frame>
      <class>com.kms.katalon.core.main.TestCaseExecutor</class>
      <method>processExecutionPhase</method>
      <line>484</line>
    </frame>
    <frame>
      <class>com.kms.katalon.core.main.TestCaseExecutor</class>
      <method>accessMainPhase</method>
      <line>466</line>
    </frame>
    <frame>
      <class>com.kms.katalon.core.main.TestCaseExecutor</class>
      <method>execute</method>
      <line>336</line>
    </frame>
    <frame>
      <class>com.kms.katalon.core.main.TestCaseExecutor</class>
      <method>execute</method>
      <line>424</line>
    </frame>
    <frame>
      <class>com.kms.katalon.core.main.TestCaseExecutor</class>
      <method>execute</method>
      <line>424</line>
    </frame>
    <frame>
      <class>com.kms.katalon.core.common.CommonExecutor</class>
      <method>accessTestCaseMainPhase</method>
      <line>71</line>
    </frame>
    <frame>
      <class>com.kms.katalon.core.main.TestSuiteExecutor</class>
      <method>accessTestSuiteMainPhase</method>
      <line>153</line>
    </frame>
    <frame>
      <class>com.kms.katalon.core.main.TestSuiteExecutor</class>
      <method>execute</method>
      <line>110</line>
    </frame>
    <frame>
      <class>com.kms.katalon.core.main.TestCaseMain</class>
      <method>startTestSuite</method>
      <line>206</line>
    </frame>
    <frame>
      <class>org.codehaus.groovy.vmplugin.v8.IndyInterface</class>
      <method>fromCache</method>
      <line>318</line>
    </frame>
    <frame>
      <class>S0526_51</class>
      <method>run</method>
      <line>40</line>
    </frame>
    <frame>
      <class>groovy.lang.GroovyShell</class>
      <method>runScriptOrMainOrTestOrRunnable</method>
      <line>254</line>
    </frame>
    <frame>
      <class>groovy.lang.GroovyShell</class>
      <method>run</method>
      <line>360</line>
    </frame>
    <frame>
      <class>groovy.lang.GroovyShell</class>
      <method>run</method>
      <line>349</line>
    </frame>
    <frame>
      <class>groovy.ui.GroovyMain</class>
      <method>processOnce</method>
      <line>652</line>
    </frame>
    <frame>
      <class>groovy.ui.GroovyMain</class>
      <method>run</method>
      <line>398</line>
    </frame>
    <frame>
      <class>groovy.ui.GroovyMain</class>
      <method>access$1400</method>
      <line>68</line>
    </frame>
    <frame>
      <class>groovy.ui.GroovyMain$GroovyCommand</class>
      <method>process</method>
      <line>322</line>
    </frame>
    <frame>
      <class>groovy.ui.GroovyMain</class>
      <method>processArgs</method>
      <line>142</line>
    </frame>
    <frame>
      <class>groovy.ui.GroovyMain</class>
      <method>main</method>
      <line>115</line>
    </frame>
    <frame>
      <class>jdk.internal.reflect.DirectMethodHandleAccessor</class>
      <method>invoke</method>
      <line>103</line>
    </frame>
    <frame>
      <class>java.lang.reflect.Method</class>
      <method>invoke</method>
      <line>580</line>
    </frame>
    <frame>
      <class>org.codehaus.groovy.tools.GroovyStarter</class>
      <method>rootLoader</method>
      <line>117</line>
    </frame>
    <frame>
      <class>org.codehaus.groovy.tools.GroovyStarter</class>
      <method>main</method>
      <line>39</line>
    </frame>
  </exception>
  <nestedLevel>0</nestedLevel>
  <escapedJava>false</escapedJava>
  <property name="failed.exception.stacktrace">com.kms.katalon.core.webui.exception.WebElementNotFoundException: Web element with id: &apos;Object Repository/Page_Work Order  View- Workforce Manager/svg_svg&apos; located by &apos;By.xpath: //*[(name() = &apos;tr&apos;) and (position() = 1)]//*[(name() = &apos;span&apos;) and (position() = 3)]//*[@fill = &apos;none&apos;]&apos; not found
	at com.kms.katalon.core.webui.model.WebUiElementFinder.findElementByNormalMethods(WebUiElementFinder.java:201)
	at com.kms.katalon.core.webui.model.WebUiElementFinder.findElementsBySelectedMethod(WebUiElementFinder.java:99)
	at com.kms.katalon.core.webui.model.WebUiElementFinder.findElementsBySelectedMethod(WebUiElementFinder.java:82)
	at com.kms.katalon.core.webui.model.WebUiElementFinder.findElementsBySelectedMethod(WebUiElementFinder.java:77)
	at com.kms.katalon.core.webui.model.WebUiElementFinder.findElement(WebUiElementFinder.java:51)
	at com.kms.katalon.core.webui.model.WebUiElementFinderWithTimeout.basicFindElement(WebUiElementFinderWithTimeout.java:51)
	at com.kms.katalon.core.webui.model.WebUiElementFinderWithTimeout.lambda$0(WebUiElementFinderWithTimeout.java:29)
	at com.kms.katalon.core.webui.model.SeleniumActionRetryController.performAction(SeleniumActionRetryController.java:96)
	at com.kms.katalon.core.webui.model.SeleniumActionRetryController.performAction(SeleniumActionRetryController.java:83)
	at com.kms.katalon.core.webui.model.WebUiElementFinderWithTimeout.findElement(WebUiElementFinderWithTimeout.java:28)
	at com.kms.katalon.core.webui.keyword.internal.WebUIAbstractKeyword.lambda$1(WebUIAbstractKeyword.java:119)
	at com.kms.katalon.core.webui.model.SeleniumActionRetryController.performAction(SeleniumActionRetryController.java:96)
	at com.kms.katalon.core.webui.model.SeleniumActionRetryController.performAction(SeleniumActionRetryController.java:83)
	at com.kms.katalon.core.webui.model.SeleniumActionRetryController.retry(SeleniumActionRetryController.java:49)
	at com.kms.katalon.core.webui.model.SeleniumActionRetryController.retry(SeleniumActionRetryController.java:44)
	at com.kms.katalon.core.webui.keyword.internal.WebUIAbstractKeyword.findWebElement(WebUIAbstractKeyword.java:116)
	at com.kms.katalon.core.webui.keyword.builtin.ClickKeyword$_click_closure1.doCall(ClickKeyword.groovy:52)
	at java.base/jdk.internal.reflect.DirectMethodHandleAccessor.invoke(DirectMethodHandleAccessor.java:103)
	at jdk.proxy2/jdk.proxy2.$Proxy56.execute(Unknown Source)
	at com.kms.katalon.core.webui.model.SeleniumActionRetryController.performAction(SeleniumActionRetryController.java:96)
	at com.kms.katalon.core.webui.model.SeleniumActionRetryController.performAction(SeleniumActionRetryController.java:83)
	at com.kms.katalon.core.webui.keyword.internal.WebUIKeywordMain$_runKeywordUntilTimeout_closure1.doCall(WebUIKeywordMain.groovy:135)
	at com.kms.katalon.core.webui.keyword.internal.WebUIKeywordMain$_runKeywordUntilTimeout_closure1.call(WebUIKeywordMain.groovy)
	at com.kms.katalon.core.webui.keyword.internal.WebUIKeywordMain.runKeyword(WebUIKeywordMain.groovy:41)
	at com.kms.katalon.core.webui.keyword.internal.WebUIKeywordMain.runKeywordUntilTimeout(WebUIKeywordMain.groovy:133)
	at com.kms.katalon.core.webui.keyword.builtin.ClickKeyword.click(ClickKeyword.groovy:72)
	at com.kms.katalon.core.webui.keyword.builtin.ClickKeyword.execute(ClickKeyword.groovy:38)
	at com.kms.katalon.core.keyword.internal.KeywordExecutor.executeKeywordForPlatform(KeywordExecutor.groovy:99)
	at com.kms.katalon.core.webui.keyword.WebUiBuiltInKeywords.click(WebUiBuiltInKeywords.groovy:722)
	at Esign.run(Esign:25)
	at com.kms.katalon.core.main.ScriptEngine.run(ScriptEngine.java:203)
	at com.kms.katalon.core.main.ScriptEngine.runScriptAsRawText(ScriptEngine.java:115)
	at com.kms.katalon.core.main.TestCaseExecutor.runScript(TestCaseExecutor.java:504)
	at com.kms.katalon.core.main.TestCaseExecutor.doExecute(TestCaseExecutor.java:495)
	at com.kms.katalon.core.main.TestCaseExecutor.processExecutionPhase(TestCaseExecutor.java:474)
	at com.kms.katalon.core.main.TestCaseExecutor.accessMainPhase(TestCaseExecutor.java:466)
	at com.kms.katalon.core.main.TestCaseExecutor.execute(TestCaseExecutor.java:336)
	at com.kms.katalon.core.main.TestCaseExecutor.execute(TestCaseExecutor.java:424)
	at com.kms.katalon.core.main.TestCaseExecutor.execute(TestCaseExecutor.java:424)
	at com.kms.katalon.core.common.CommonExecutor.accessTestCaseMainPhase(CommonExecutor.java:71)
	at com.kms.katalon.core.main.TestSuiteExecutor.accessTestSuiteMainPhase(TestSuiteExecutor.java:153)
	at com.kms.katalon.core.main.TestSuiteExecutor.execute(TestSuiteExecutor.java:110)
	at com.kms.katalon.core.main.TestCaseMain.startTestSuite(TestCaseMain.java:206)
	at S0526_51.run(S0526_51.groovy:40)
	at java.base/jdk.internal.reflect.DirectMethodHandleAccessor.invoke(DirectMethodHandleAccessor.java:103)
</property>
  <property name="failed.exception.class">com.kms.katalon.core.webui.exception.WebElementNotFoundException</property>
  <property name="failed.exception.message">Web element with id: &apos;Object Repository/Page_Work Order  View- Workforce Manager/svg_svg&apos; located by &apos;By.xpath: //*[(name() = &apos;tr&apos;) and (position() = 1)]//*[(name() = &apos;span&apos;) and (position() = 3)]//*[@fill = &apos;none&apos;]&apos; not found</property>
</record>
<record>
  <date>2026-05-26T21:07:43.572965Z</date>
  <millis>1779829663572</millis>
  <nanos>965000</nanos>
  <sequence>1476</sequence>
  <level>END</level>
  <class>com.kms.katalon.core.logging.XmlKeywordLogger</class>
  <method>endTest</method>
  <thread>1</thread>
  <message>End Test Case : Test Cases/TaskActions/Table_Actions/Esign</message>
  <nestedLevel>0</nestedLevel>
  <escapedJava>false</escapedJava>
  <property name="executionBindingVariables">[]</property>
  <property name="applitools">false</property>
  <property name="remainingRetryCount">1</property>
  <property name="executedKeywords">{
  &quot;WebUI.click&quot;: 1,
  &quot;WebUI.waitForPageLoad&quot;: 1
}</property>
  <property name="currentRetryCount">2</property>
  <property name="keywordsUsage">{
  &quot;web_ui&quot;: true,
  &quot;web_service&quot;: false,
  &quot;cucumber&quot;: false,
  &quot;builtin&quot;: false,
  &quot;mobile&quot;: false,
  &quot;windows&quot;: false,
  &quot;testng&quot;: false
}</property>
</record>
<record>
  <date>2026-05-26T21:07:43.586914600Z</date>
  <millis>1779829663586</millis>
  <nanos>914600</nanos>
  <sequence>1477</sequence>
  <level>START</level>
  <class>com.kms.katalon.core.logging.XmlKeywordLogger</class>
  <method>startTest</method>
  <thread>1</thread>
  <message>Start Test Case : Test Cases/TaskActions/Table_Actions/Esign</message>
  <nestedLevel>1</nestedLevel>
  <escapedJava>false</escapedJava>
  <property name="remainingRetryCount">0</property>
  <property name="origin"></property>
  <property name="name">Test Cases/TaskActions/Table_Actions/Esign</property>
  <property name="description"></property>
  <property name="iteration"></property>
  <property name="id">Test Cases/TaskActions/Table_Actions/Esign</property>
  <property name="source">C:\Users\CROWN-STAFF\git\convergence-qa-tests\Test Cases\TaskActions\Table_Actions\Esign.tc</property>
  <property name="tag"></property>
  <property name="isOptional">false</property>
  <property name="uuid">8e51626a-b2d7-431a-9792-c1b7a6460b4b</property>
  <property name="currentRetryCount">3</property>
</record>
<record>
  <date>2026-05-26T21:07:43.663600200Z</date>
  <millis>1779829663663</millis>
  <nanos>600200</nanos>
  <sequence>1479</sequence>
  <level>RUN_DATA</level>
  <class>com.kms.katalon.core.logging.XmlKeywordLogger</class>
  <method>logMessage</method>
  <thread>1</thread>
  <message>executionBindingVariables = []</message>
  <nestedLevel>1</nestedLevel>
  <escapedJava>false</escapedJava>
  <property name="executionBindingVariables">[]</property>
</record>
<record>
  <date>2026-05-26T21:07:43.675696400Z</date>
  <millis>1779829663675</millis>
  <nanos>696400</nanos>
  <sequence>1480</sequence>
  <level>START</level>
  <class>com.kms.katalon.core.logging.XmlKeywordLogger</class>
  <method>startKeyword</method>
  <thread>1</thread>
  <message>Start action : driver = getWebDriver()</message>
  <nestedLevel>1</nestedLevel>
  <escapedJava>false</escapedJava>
  <property name="startLine">13</property>
  <property name="stepIndex">1</property>
</record>
<record>
  <date>2026-05-26T21:07:43.677447700Z</date>
  <millis>1779829663677</millis>
  <nanos>447700</nanos>
  <sequence>1481</sequence>
  <level>END</level>
  <class>com.kms.katalon.core.logging.XmlKeywordLogger</class>
  <method>endKeyword</method>
  <thread>1</thread>
  <message>End action : driver = getWebDriver()</message>
  <nestedLevel>1</nestedLevel>
  <escapedJava>false</escapedJava>
</record>
<record>
  <date>2026-05-26T21:07:43.679971200Z</date>
  <millis>1779829663679</millis>
  <nanos>971200</nanos>
  <sequence>1482</sequence>
  <level>START</level>
  <class>com.kms.katalon.core.logging.XmlKeywordLogger</class>
  <method>startKeyword</method>
  <thread>1</thread>
  <message>Start action : wait = new org.openqa.selenium.support.ui.WebDriverWait(driver, java.time.Duration.ofSeconds(30))</message>
  <nestedLevel>1</nestedLevel>
  <escapedJava>false</escapedJava>
  <property name="startLine">14</property>
  <property name="stepIndex">2</property>
</record>
<record>
  <date>2026-05-26T21:07:43.679971200Z</date>
  <millis>1779829663679</millis>
  <nanos>971200</nanos>
  <sequence>1483</sequence>
  <level>END</level>
  <class>com.kms.katalon.core.logging.XmlKeywordLogger</class>
  <method>endKeyword</method>
  <thread>1</thread>
  <message>End action : wait = new org.openqa.selenium.support.ui.WebDriverWait(driver, java.time.Duration.ofSeconds(30))</message>
  <nestedLevel>1</nestedLevel>
  <escapedJava>false</escapedJava>
</record>
<record>
  <date>2026-05-26T21:07:43.679971200Z</date>
  <millis>1779829663679</millis>
  <nanos>971200</nanos>
  <sequence>1484</sequence>
  <level>START</level>
  <class>com.kms.katalon.core.logging.XmlKeywordLogger</class>
  <method>startKeyword</method>
  <thread>1</thread>
  <message>Start action : println(&amp;quot;===== START ESIGN =====&amp;quot;)</message>
  <nestedLevel>1</nestedLevel>
  <escapedJava>false</escapedJava>
  <property name="startLine">16</property>
  <property name="stepIndex">3</property>
</record>
<record>
  <date>2026-05-26T21:07:43.679971200Z</date>
  <millis>1779829663679</millis>
  <nanos>971200</nanos>
  <sequence>1485</sequence>
  <level>END</level>
  <class>com.kms.katalon.core.logging.XmlKeywordLogger</class>
  <method>endKeyword</method>
  <thread>1</thread>
  <message>End action : println(&amp;quot;===== START ESIGN =====&amp;quot;)</message>
  <nestedLevel>1</nestedLevel>
  <escapedJava>false</escapedJava>
</record>
<record>
  <date>2026-05-26T21:07:43.679971200Z</date>
  <millis>1779829663679</millis>
  <nanos>971200</nanos>
  <sequence>1486</sequence>
  <level>START</level>
  <class>com.kms.katalon.core.logging.XmlKeywordLogger</class>
  <method>startKeyword</method>
  <thread>1</thread>
  <message>Start action : waitForPageLoad(30)</message>
  <nestedLevel>1</nestedLevel>
  <escapedJava>false</escapedJava>
  <property name="startLine">18</property>
  <property name="stepIndex">4</property>
</record>
<record>
  <date>2026-05-26T21:07:43.731995600Z</date>
  <millis>1779829663731</millis>
  <nanos>995600</nanos>
  <sequence>1490</sequence>
  <level>PASSED</level>
  <class>com.kms.katalon.core.logging.XmlKeywordLogger</class>
  <method>logMessage</method>
  <thread>1</thread>
  <message>Wait for page load successfully</message>
  <nestedLevel>1</nestedLevel>
  <escapedJava>false</escapedJava>
  <property name="testops-method-name">com.kms.katalon.core.webui.keyword.internal.WebUIKeywordMain$runKeyword$0.call</property>
  <property name="testops-execution-stacktrace">com.kms.katalon.core.logging.KeywordLogger.logPassed(KeywordLogger.java:350)
com.kms.katalon.core.logging.KeywordLogger.logPassed(KeywordLogger.java:345)
com.kms.katalon.core.logging.KeywordLogger$logPassed$0.call(Unknown Source)
com.kms.katalon.core.webui.keyword.builtin.WaitForPageLoadKeyword$_waitForPageLoad_closure1.doCall(WaitForPageLoadKeyword.groovy:94)
com.kms.katalon.core.webui.keyword.builtin.WaitForPageLoadKeyword$_waitForPageLoad_closure1.doCall(WaitForPageLoadKeyword.groovy)
java.base/jdk.internal.reflect.DirectMethodHandleAccessor.invoke(DirectMethodHandleAccessor.java:103)
com.kms.katalon.core.webui.keyword.internal.WebUIKeywordMain.runKeyword(WebUIKeywordMain.groovy:41)
com.kms.katalon.core.webui.keyword.internal.WebUIKeywordMain$runKeyword$0.call(Unknown Source)
com.kms.katalon.core.webui.keyword.builtin.WaitForPageLoadKeyword.waitForPageLoad(WaitForPageLoadKeyword.groovy:95)
com.kms.katalon.core.webui.keyword.builtin.WaitForPageLoadKeyword.execute(WaitForPageLoadKeyword.groovy:68)
com.kms.katalon.core.keyword.internal.KeywordExecutor.executeKeywordForPlatform(KeywordExecutor.groovy:99)
com.kms.katalon.core.webui.keyword.WebUiBuiltInKeywords.waitForPageLoad(WebUiBuiltInKeywords.groovy:2559)
Esign.run(Esign:18)
</property>
</record>
<record>
  <date>2026-05-26T21:07:43.731995600Z</date>
  <millis>1779829663731</millis>
  <nanos>995600</nanos>
  <sequence>1491</sequence>
  <level>END</level>
  <class>com.kms.katalon.core.logging.XmlKeywordLogger</class>
  <method>endKeyword</method>
  <thread>1</thread>
  <message>End action : waitForPageLoad(30)</message>
  <nestedLevel>1</nestedLevel>
  <escapedJava>false</escapedJava>
</record>
<record>
  <date>2026-05-26T21:07:43.737641800Z</date>
  <millis>1779829663737</millis>
  <nanos>641800</nanos>
  <sequence>1492</sequence>
  <level>START</level>
  <class>com.kms.katalon.core.logging.XmlKeywordLogger</class>
  <method>startKeyword</method>
  <thread>1</thread>
  <message>Start action : click(findTestObject(&amp;quot;Page_Work Order  View- Workforce Manager/svg_svg&amp;quot;))</message>
  <nestedLevel>1</nestedLevel>
  <escapedJava>false</escapedJava>
  <property name="startLine">25</property>
  <property name="stepIndex">5</property>
</record>
<record>
  <date>2026-05-26T21:07:53.776983800Z</date>
  <millis>1779829673776</millis>
  <nanos>983800</nanos>
  <sequence>1499</sequence>
  <level>INFO</level>
  <class>com.kms.katalon.core.logging.XmlKeywordLogger</class>
  <method>logMessage</method>
  <thread>1</thread>
  <message>[AI Self-Healing] Recovering element locator by using AI Self-Healing...</message>
  <nestedLevel>1</nestedLevel>
  <escapedJava>false</escapedJava>
  <property name="aiSelfHealingApplied">true</property>
  <property name="isDebugOnly">true</property>
</record>
<record>
  <date>2026-05-26T21:08:02.919961300Z</date>
  <millis>1779829682919</millis>
  <nanos>961300</nanos>
  <sequence>1501</sequence>
  <level>INFO</level>
  <class>com.kms.katalon.core.logging.XmlKeywordLogger</class>
  <method>logMessage</method>
  <thread>1</thread>
  <message>[AI Self-Healing] Found &amp;quot;3&amp;quot; possible locators:
 [
  {
    &amp;quot;type&amp;quot;: &amp;quot;CSS&amp;quot;,
    &amp;quot;value&amp;quot;: &amp;quot;img[alt\u003d\&amp;quot;Blue file svg\&amp;quot;]&amp;quot;,
    &amp;quot;semanticLocator&amp;quot;: &amp;quot;icon image in Preview button (SVG file rendered as IMG)&amp;quot;,
    &amp;quot;confidence&amp;quot;: 0.75,
    &amp;quot;reason&amp;quot;: &amp;quot;Matched file format: original object was an \u003csvg\u003e (vector icon). Page contains an IMG whose src points to a .svg (green-file*.svg) and alt\u003d\&amp;quot;Blue file svg\&amp;quot; — indicates the recorded SVG may have been replaced by an \u003cimg\u003e referencing an SVG file.&amp;quot;
  },
  {
    &amp;quot;type&amp;quot;: &amp;quot;CSS&amp;quot;,
    &amp;quot;value&amp;quot;: &amp;quot;button \u003e\u003e img[src*\u003d\&amp;quot;green-file.10079778.svg\&amp;quot;]&amp;quot;,
    &amp;quot;semanticLocator&amp;quot;: &amp;quot;Preview button\u0027s SVG image (specific src fragment)&amp;quot;,
    &amp;quot;confidence&amp;quot;: 0.6,
    &amp;quot;reason&amp;quot;: &amp;quot;Matched visual asset: broken object was an SVG with small width/height. Found an \u003cimg\u003e with src containing \u0027green-file.10079778.svg\u0027 inside the Preview button — matches the original SVG asset identity from the page source.&amp;quot;
  },
  {
    &amp;quot;type&amp;quot;: &amp;quot;CSS&amp;quot;,
    &amp;quot;value&amp;quot;: &amp;quot;img[alt\u003d\&amp;quot;Thumbnail toggler icon\&amp;quot;]&amp;quot;,
    &amp;quot;semanticLocator&amp;quot;: &amp;quot;thumbnail toggler icon (img rendered from SVG)&amp;quot;,
    &amp;quot;confidence&amp;quot;: 0.4,
    &amp;quot;reason&amp;quot;: &amp;quot;Partial match by role/asset: original element was an inline SVG icon. Page includes another small icon rendered via \u003cimg\u003e with alt\u003d\&amp;quot;Thumbnail toggler icon\&amp;quot; (likely replaced/related SVG). Lower confidence because alt/text differs from recorded object.&amp;quot;
  }
]</message>
  <nestedLevel>1</nestedLevel>
  <escapedJava>false</escapedJava>
  <property name="aiSelfHealingApplied">true</property>
  <property name="isDebugOnly">true</property>
</record>
<record>
  <date>2026-05-26T21:08:02.923222500Z</date>
  <millis>1779829682923</millis>
  <nanos>222500</nanos>
  <sequence>1502</sequence>
  <level>INFO</level>
  <class>com.kms.katalon.core.logging.XmlKeywordLogger</class>
  <method>logMessage</method>
  <thread>1</thread>
  <message>[AI Self-Healing] Verifying locator: &amp;quot;img[alt=&amp;quot;Blue file svg&amp;quot;]&amp;quot;</message>
  <nestedLevel>1</nestedLevel>
  <escapedJava>false</escapedJava>
  <property name="aiSelfHealingApplied">true</property>
  <property name="isDebugOnly">true</property>
</record>
<record>
  <date>2026-05-26T21:08:03.023252800Z</date>
  <millis>1779829683023</millis>
  <nanos>252800</nanos>
  <sequence>1504</sequence>
  <level>INFO</level>
  <class>com.kms.katalon.core.logging.XmlKeywordLogger</class>
  <method>logMessage</method>
  <thread>1</thread>
  <message>[AI Self-Healing] Found valid locator: &amp;quot;img[alt=&amp;quot;Blue file svg&amp;quot;]&amp;quot;</message>
  <nestedLevel>1</nestedLevel>
  <escapedJava>false</escapedJava>
  <property name="aiSelfHealingApplied">true</property>
  <property name="isDebugOnly">true</property>
</record>
<record>
  <date>2026-05-26T21:08:04.309821300Z</date>
  <millis>1779829684309</millis>
  <nanos>821300</nanos>
  <sequence>1505</sequence>
  <level>INFO</level>
  <class>com.kms.katalon.core.logging.XmlKeywordLogger</class>
  <method>logMessage</method>
  <thread>1</thread>
  <message>[AI Self-Healing] Screenshot: C:/Users/CROWN-STAFF/git/convergence-qa-tests/Reports/Self-healing/Object Repository/Page_Work Order  View- Workforce Manager/svg_svg_XPATH.png</message>
  <nestedLevel>1</nestedLevel>
  <escapedJava>false</escapedJava>
  <property name="aiSelfHealingApplied">true</property>
</record>
<record>
  <date>2026-05-26T21:08:04.374609700Z</date>
  <millis>1779829684374</millis>
  <nanos>609700</nanos>
  <sequence>1507</sequence>
  <level>WARNING</level>
  <class>com.kms.katalon.core.logging.XmlKeywordLogger</class>
  <method>logMessage</method>
  <thread>1</thread>
  <message>Waiting for element timed out</message>
  <nestedLevel>1</nestedLevel>
  <escapedJava>false</escapedJava>
</record>
<record>
  <date>2026-05-26T21:08:04.823428500Z</date>
  <millis>1779829684823</millis>
  <nanos>428500</nanos>
  <sequence>1510</sequence>
  <level>PASSED</level>
  <class>com.kms.katalon.core.logging.XmlKeywordLogger</class>
  <method>logMessage</method>
  <thread>1</thread>
  <message>Object: &amp;apos;Object Repository/Page_Work Order  View- Workforce Manager/svg_svg&amp;apos; is clicked on</message>
  <nestedLevel>1</nestedLevel>
  <escapedJava>false</escapedJava>
  <property name="testops-method-name">com.kms.katalon.core.webui.keyword.internal.WebUIKeywordMain.runKeywordUntilTimeout</property>
  <property name="testops-execution-stacktrace">com.kms.katalon.core.logging.KeywordLogger.logPassed(KeywordLogger.java:350)
com.kms.katalon.core.logging.KeywordLogger.logPassed(KeywordLogger.java:345)
com.kms.katalon.core.webui.keyword.builtin.ClickKeyword$_click_closure1.doCall(ClickKeyword.groovy:66)
java.base/jdk.internal.reflect.DirectMethodHandleAccessor.invoke(DirectMethodHandleAccessor.java:103)
jdk.proxy2/jdk.proxy2.$Proxy56.execute(Unknown Source)
com.kms.katalon.core.webui.model.SeleniumActionRetryController.performAction(SeleniumActionRetryController.java:96)
com.kms.katalon.core.webui.model.SeleniumActionRetryController.performAction(SeleniumActionRetryController.java:83)
com.kms.katalon.core.webui.keyword.internal.WebUIKeywordMain$_runKeywordUntilTimeout_closure1.doCall(WebUIKeywordMain.groovy:135)
com.kms.katalon.core.webui.keyword.internal.WebUIKeywordMain$_runKeywordUntilTimeout_closure1.call(WebUIKeywordMain.groovy)
com.kms.katalon.core.webui.keyword.internal.WebUIKeywordMain.runKeyword(WebUIKeywordMain.groovy:41)
com.kms.katalon.core.webui.keyword.internal.WebUIKeywordMain.runKeywordUntilTimeout(WebUIKeywordMain.groovy:133)
com.kms.katalon.core.webui.keyword.builtin.ClickKeyword.click(ClickKeyword.groovy:72)
com.kms.katalon.core.webui.keyword.builtin.ClickKeyword.execute(ClickKeyword.groovy:38)
com.kms.katalon.core.keyword.internal.KeywordExecutor.executeKeywordForPlatform(KeywordExecutor.groovy:99)
com.kms.katalon.core.webui.keyword.WebUiBuiltInKeywords.click(WebUiBuiltInKeywords.groovy:722)
Esign.run(Esign:25)
</property>
</record>
<record>
  <date>2026-05-26T21:08:04.827017500Z</date>
  <millis>1779829684827</millis>
  <nanos>17500</nanos>
  <sequence>1511</sequence>
  <level>END</level>
  <class>com.kms.katalon.core.logging.XmlKeywordLogger</class>
  <method>endKeyword</method>
  <thread>1</thread>
  <message>End action : click(findTestObject(&amp;quot;Page_Work Order  View- Workforce Manager/svg_svg&amp;quot;))</message>
  <nestedLevel>1</nestedLevel>
  <escapedJava>false</escapedJava>
</record>
<record>
  <date>2026-05-26T21:08:04.833647900Z</date>
  <millis>1779829684833</millis>
  <nanos>647900</nanos>
  <sequence>1512</sequence>
  <level>START</level>
  <class>com.kms.katalon.core.logging.XmlKeywordLogger</class>
  <method>startKeyword</method>
  <thread>1</thread>
  <message>Start action : println(&amp;quot;eSign modal opened&amp;quot;)</message>
  <nestedLevel>1</nestedLevel>
  <escapedJava>false</escapedJava>
  <property name="startLine">29</property>
  <property name="stepIndex">6</property>
</record>
<record>
  <date>2026-05-26T21:08:04.835672100Z</date>
  <millis>1779829684835</millis>
  <nanos>672100</nanos>
  <sequence>1513</sequence>
  <level>END</level>
  <class>com.kms.katalon.core.logging.XmlKeywordLogger</class>
  <method>endKeyword</method>
  <thread>1</thread>
  <message>End action : println(&amp;quot;eSign modal opened&amp;quot;)</message>
  <nestedLevel>1</nestedLevel>
  <escapedJava>false</escapedJava>
</record>
<record>
  <date>2026-05-26T21:08:04.837689Z</date>
  <millis>1779829684837</millis>
  <nanos>689000</nanos>
  <sequence>1514</sequence>
  <level>START</level>
  <class>com.kms.katalon.core.logging.XmlKeywordLogger</class>
  <method>startKeyword</method>
  <thread>1</thread>
  <message>Start action : iframe = new com.kms.katalon.core.testobject.TestObject()</message>
  <nestedLevel>1</nestedLevel>
  <escapedJava>false</escapedJava>
  <property name="startLine">36</property>
  <property name="stepIndex">7</property>
</record>
<record>
  <date>2026-05-26T21:08:04.837689Z</date>
  <millis>1779829684837</millis>
  <nanos>689000</nanos>
  <sequence>1515</sequence>
  <level>END</level>
  <class>com.kms.katalon.core.logging.XmlKeywordLogger</class>
  <method>endKeyword</method>
  <thread>1</thread>
  <message>End action : iframe = new com.kms.katalon.core.testobject.TestObject()</message>
  <nestedLevel>1</nestedLevel>
  <escapedJava>false</escapedJava>
</record>
<record>
  <date>2026-05-26T21:08:04.839706500Z</date>
  <millis>1779829684839</millis>
  <nanos>706500</nanos>
  <sequence>1516</sequence>
  <level>START</level>
  <class>com.kms.katalon.core.logging.XmlKeywordLogger</class>
  <method>startKeyword</method>
  <thread>1</thread>
  <message>Start action : iframe.addProperty(&amp;quot;xpath&amp;quot;, EQUALS, &amp;quot;//iframe[contains(@id,&amp;apos;esign&amp;apos;)]&amp;quot;)</message>
  <nestedLevel>1</nestedLevel>
  <escapedJava>false</escapedJava>
  <property name="startLine">38</property>
  <property name="stepIndex">8</property>
</record>
<record>
  <date>2026-05-26T21:08:04.841906800Z</date>
  <millis>1779829684841</millis>
  <nanos>906800</nanos>
  <sequence>1517</sequence>
  <level>END</level>
  <class>com.kms.katalon.core.logging.XmlKeywordLogger</class>
  <method>endKeyword</method>
  <thread>1</thread>
  <message>End action : iframe.addProperty(&amp;quot;xpath&amp;quot;, EQUALS, &amp;quot;//iframe[contains(@id,&amp;apos;esign&amp;apos;)]&amp;quot;)</message>
  <nestedLevel>1</nestedLevel>
  <escapedJava>false</escapedJava>
</record>
<record>
  <date>2026-05-26T21:08:04.843924100Z</date>
  <millis>1779829684843</millis>
  <nanos>924100</nanos>
  <sequence>1518</sequence>
  <level>START</level>
  <class>com.kms.katalon.core.logging.XmlKeywordLogger</class>
  <method>startKeyword</method>
  <thread>1</thread>
  <message>Start action : waitForElementPresent(iframe, 60)</message>
  <nestedLevel>1</nestedLevel>
  <escapedJava>false</escapedJava>
  <property name="startLine">44</property>
  <property name="stepIndex">9</property>
</record>
<record>
  <date>2026-05-26T21:09:04.929804900Z</date>
  <millis>1779829744929</millis>
  <nanos>804900</nanos>
  <sequence>1523</sequence>
  <level>WARNING</level>
  <class>com.kms.katalon.core.logging.XmlKeywordLogger</class>
  <method>logMessage</method>
  <thread>1</thread>
  <message>Object &amp;apos;&amp;apos; is not present after 60 second(s)</message>
  <nestedLevel>1</nestedLevel>
  <escapedJava>false</escapedJava>
  <property name="failed.exception.stacktrace">com.kms.katalon.core.webui.exception.WebElementNotFoundException: Web element with id: &apos;&apos; located by &apos;By.xpath: //iframe[contains(@id,&apos;esign&apos;)]&apos; not found
	at com.kms.katalon.core.webui.model.WebUiElementFinder.findElementByNormalMethods(WebUiElementFinder.java:201)
	at com.kms.katalon.core.webui.model.WebUiElementFinder.findElementsBySelectedMethod(WebUiElementFinder.java:94)
	at com.kms.katalon.core.webui.model.WebUiElementFinder.findElementsBySelectedMethod(WebUiElementFinder.java:82)
	at com.kms.katalon.core.webui.model.WebUiElementFinder.findElementsBySelectedMethod(WebUiElementFinder.java:77)
	at com.kms.katalon.core.webui.model.WebUiElementFinder.findElement(WebUiElementFinder.java:51)
	at com.kms.katalon.core.webui.model.WebUiElementFinderWithTimeout.basicFindElement(WebUiElementFinderWithTimeout.java:51)
	at com.kms.katalon.core.webui.model.WebUiElementFinderWithTimeout.lambda$0(WebUiElementFinderWithTimeout.java:29)
	at com.kms.katalon.core.webui.model.SeleniumActionRetryController.performAction(SeleniumActionRetryController.java:96)
	at com.kms.katalon.core.webui.model.SeleniumActionRetryController.performAction(SeleniumActionRetryController.java:83)
	at com.kms.katalon.core.webui.model.WebUiElementFinderWithTimeout.findElement(WebUiElementFinderWithTimeout.java:28)
	at com.kms.katalon.core.webui.keyword.internal.WebUIAbstractKeyword.lambda$1(WebUIAbstractKeyword.java:119)
	at com.kms.katalon.core.webui.model.SeleniumActionRetryController.performAction(SeleniumActionRetryController.java:96)
	at com.kms.katalon.core.webui.model.SeleniumActionRetryController.performAction(SeleniumActionRetryController.java:83)
	at com.kms.katalon.core.webui.model.SeleniumActionRetryController.retry(SeleniumActionRetryController.java:49)
	at com.kms.katalon.core.webui.model.SeleniumActionRetryController.retry(SeleniumActionRetryController.java:44)
	at com.kms.katalon.core.webui.keyword.internal.WebUIAbstractKeyword.findWebElement(WebUIAbstractKeyword.java:116)
	at com.kms.katalon.core.webui.keyword.builtin.WaitForElementPresentKeyword$_waitForElementPresent_closure1.doCall(WaitForElementPresentKeyword.groovy:54)
	at java.base/jdk.internal.reflect.DirectMethodHandleAccessor.invoke(DirectMethodHandleAccessor.java:103)
	at jdk.proxy2/jdk.proxy2.$Proxy56.execute(Unknown Source)
	at com.kms.katalon.core.webui.model.SeleniumActionRetryController.performAction(SeleniumActionRetryController.java:96)
	at com.kms.katalon.core.webui.model.SeleniumActionRetryController.performAction(SeleniumActionRetryController.java:83)
	at com.kms.katalon.core.webui.keyword.internal.WebUIKeywordMain$_runKeywordUntilTimeout_closure2.doCall(WebUIKeywordMain.groovy:155)
	at com.kms.katalon.core.webui.keyword.internal.WebUIKeywordMain$_runKeywordUntilTimeout_closure2.call(WebUIKeywordMain.groovy)
	at com.kms.katalon.core.webui.keyword.internal.WebUIKeywordMain.runKeyword(WebUIKeywordMain.groovy:41)
	at com.kms.katalon.core.webui.keyword.internal.WebUIKeywordMain.runKeywordUntilTimeout(WebUIKeywordMain.groovy:152)
	at com.kms.katalon.core.webui.keyword.builtin.WaitForElementPresentKeyword.waitForElementPresent(WaitForElementPresentKeyword.groovy:68)
	at com.kms.katalon.core.webui.keyword.builtin.WaitForElementPresentKeyword.execute(WaitForElementPresentKeyword.groovy:38)
	at com.kms.katalon.core.keyword.internal.KeywordExecutor.executeKeywordForPlatform(KeywordExecutor.groovy:99)
	at com.kms.katalon.core.webui.keyword.WebUiBuiltInKeywords.waitForElementPresent(WebUiBuiltInKeywords.groovy:424)
	at Esign.run(Esign:44)
	at com.kms.katalon.core.main.ScriptEngine.run(ScriptEngine.java:203)
	at com.kms.katalon.core.main.ScriptEngine.runScriptAsRawText(ScriptEngine.java:115)
	at com.kms.katalon.core.main.TestCaseExecutor.runScript(TestCaseExecutor.java:504)
	at com.kms.katalon.core.main.TestCaseExecutor.doExecute(TestCaseExecutor.java:495)
	at com.kms.katalon.core.main.TestCaseExecutor.processExecutionPhase(TestCaseExecutor.java:474)
	at com.kms.katalon.core.main.TestCaseExecutor.accessMainPhase(TestCaseExecutor.java:466)
	at com.kms.katalon.core.main.TestCaseExecutor.execute(TestCaseExecutor.java:336)
	at com.kms.katalon.core.main.TestCaseExecutor.execute(TestCaseExecutor.java:424)
	at com.kms.katalon.core.main.TestCaseExecutor.execute(TestCaseExecutor.java:424)
	at com.kms.katalon.core.main.TestCaseExecutor.execute(TestCaseExecutor.java:424)
	at com.kms.katalon.core.common.CommonExecutor.accessTestCaseMainPhase(CommonExecutor.java:71)
	at com.kms.katalon.core.main.TestSuiteExecutor.accessTestSuiteMainPhase(TestSuiteExecutor.java:153)
	at com.kms.katalon.core.main.TestSuiteExecutor.execute(TestSuiteExecutor.java:110)
	at com.kms.katalon.core.main.TestCaseMain.startTestSuite(TestCaseMain.java:206)
	at S0526_51.run(S0526_51.groovy:40)
	at java.base/jdk.internal.reflect.DirectMethodHandleAccessor.invoke(DirectMethodHandleAccessor.java:103)
</property>
  <property name="failed.exception.class">com.kms.katalon.core.webui.exception.WebElementNotFoundException</property>
  <property name="failed.exception.message">Web element with id: &apos;&apos; located by &apos;By.xpath: //iframe[contains(@id,&apos;esign&apos;)]&apos; not found</property>
</record>
<record>
  <date>2026-05-26T21:09:04.936705500Z</date>
  <millis>1779829744936</millis>
  <nanos>705500</nanos>
  <sequence>1524</sequence>
  <level>END</level>
  <class>com.kms.katalon.core.logging.XmlKeywordLogger</class>
  <method>endKeyword</method>
  <thread>1</thread>
  <message>End action : waitForElementPresent(iframe, 60)</message>
  <nestedLevel>1</nestedLevel>
  <escapedJava>false</escapedJava>
</record>
<record>
  <date>2026-05-26T21:09:04.936705500Z</date>
  <millis>1779829744936</millis>
  <nanos>705500</nanos>
  <sequence>1525</sequence>
  <level>START</level>
  <class>com.kms.katalon.core.logging.XmlKeywordLogger</class>
  <method>startKeyword</method>
  <thread>1</thread>
  <message>Start action : switchToFrame(iframe, 20)</message>
  <nestedLevel>1</nestedLevel>
  <escapedJava>false</escapedJava>
  <property name="startLine">46</property>
  <property name="stepIndex">10</property>
</record>
<record>
  <date>2026-05-26T21:09:25.991228500Z</date>
  <millis>1779829765991</millis>
  <nanos>228500</nanos>
  <sequence>1531</sequence>
  <level>INFO</level>
  <class>com.kms.katalon.core.logging.XmlKeywordLogger</class>
  <method>logMessage</method>
  <thread>1</thread>
  <message>Unable to find the element located by &amp;apos;By.xpath: //iframe[contains(@id,&amp;apos;esign&amp;apos;)]&amp;apos;. Please recheck the objects properties to make sure the desired element is located. </message>
  <nestedLevel>1</nestedLevel>
  <escapedJava>false</escapedJava>
</record>
<record>
  <date>2026-05-26T21:09:26.207599800Z</date>
  <millis>1779829766207</millis>
  <nanos>599800</nanos>
  <sequence>1535</sequence>
  <level>FAILED</level>
  <class>com.kms.katalon.core.logging.XmlKeywordLogger</class>
  <method>logMessage</method>
  <thread>1</thread>
  <message>Unable to verify image &amp;apos;&amp;apos; present (Root cause: com.kms.katalon.core.exception.StepFailedException: Unable to verify image &amp;apos;&amp;apos; present
	at com.kms.katalon.core.webui.keyword.internal.WebUIKeywordMain.stepFailed(WebUIKeywordMain.groovy:177)
	at com.kms.katalon.core.webui.keyword.internal.WebUIKeywordMain.runKeyword(WebUIKeywordMain.groovy:49)
	at com.kms.katalon.core.webui.keyword.builtin.SwitchToFrameKeyword.switchToFrame(SwitchToFrameKeyword.groovy:84)
	at com.kms.katalon.core.webui.keyword.builtin.SwitchToFrameKeyword.execute(SwitchToFrameKeyword.groovy:68)
	at com.kms.katalon.core.keyword.internal.KeywordExecutor.executeKeywordForPlatform(KeywordExecutor.groovy:99)
	at com.kms.katalon.core.webui.keyword.WebUiBuiltInKeywords.switchToFrame(WebUiBuiltInKeywords.groovy:3048)
	at Esign.run(Esign:46)
	at com.kms.katalon.core.main.ScriptEngine.run(ScriptEngine.java:203)
	at com.kms.katalon.core.main.ScriptEngine.runScriptAsRawText(ScriptEngine.java:115)
	at com.kms.katalon.core.main.TestCaseExecutor.runScript(TestCaseExecutor.java:504)
	at com.kms.katalon.core.main.TestCaseExecutor.doExecute(TestCaseExecutor.java:495)
	at com.kms.katalon.core.main.TestCaseExecutor.processExecutionPhase(TestCaseExecutor.java:474)
	at com.kms.katalon.core.main.TestCaseExecutor.accessMainPhase(TestCaseExecutor.java:466)
	at com.kms.katalon.core.main.TestCaseExecutor.execute(TestCaseExecutor.java:336)
	at com.kms.katalon.core.main.TestCaseExecutor.execute(TestCaseExecutor.java:424)
	at com.kms.katalon.core.main.TestCaseExecutor.execute(TestCaseExecutor.java:424)
	at com.kms.katalon.core.main.TestCaseExecutor.execute(TestCaseExecutor.java:424)
	at com.kms.katalon.core.common.CommonExecutor.accessTestCaseMainPhase(CommonExecutor.java:71)
	at com.kms.katalon.core.main.TestSuiteExecutor.accessTestSuiteMainPhase(TestSuiteExecutor.java:153)
	at com.kms.katalon.core.main.TestSuiteExecutor.execute(TestSuiteExecutor.java:110)
	at com.kms.katalon.core.main.TestCaseMain.startTestSuite(TestCaseMain.java:206)
	at S0526_51.run(S0526_51.groovy:40)
	at java.base/jdk.internal.reflect.DirectMethodHandleAccessor.invoke(DirectMethodHandleAccessor.java:103)
Caused by: com.kms.katalon.core.webui.exception.WebElementNotFoundException: Web element with id: &amp;apos;&amp;apos; located by &amp;apos;//iframe[contains(@id,&amp;apos;esign&amp;apos;)]&amp;apos; not found
	at com.kms.katalon.core.webui.common.WebUiCommonHelper.findWebElement(WebUiCommonHelper.java:1491)
	at com.kms.katalon.core.webui.keyword.builtin.SwitchToFrameKeyword$_switchToFrame_closure1.doCall(SwitchToFrameKeyword.groovy:77)
	at com.kms.katalon.core.webui.keyword.builtin.SwitchToFrameKeyword$_switchToFrame_closure1.call(SwitchToFrameKeyword.groovy)
	at com.kms.katalon.core.webui.keyword.internal.WebUIKeywordMain.runKeyword(WebUIKeywordMain.groovy:41)
	at com.kms.katalon.core.webui.keyword.builtin.SwitchToFrameKeyword.switchToFrame(SwitchToFrameKeyword.groovy:84)
	at com.kms.katalon.core.webui.keyword.builtin.SwitchToFrameKeyword.execute(SwitchToFrameKeyword.groovy:68)
	at com.kms.katalon.core.keyword.internal.KeywordExecutor.executeKeywordForPlatform(KeywordExecutor.groovy:99)
	at com.kms.katalon.core.webui.keyword.WebUiBuiltInKeywords.switchToFrame(WebUiBuiltInKeywords.groovy:3048)
	at Script1779706958324.run(Script1779706958324.groovy:46)
	... 16 more
)</message>
  <nestedLevel>1</nestedLevel>
  <escapedJava>false</escapedJava>
  <property name="failed.exception.class">com.kms.katalon.core.webui.exception.WebElementNotFoundException</property>
  <property name="attachment">1779829765993.png</property>
  <property name="failed.exception.stacktrace">com.kms.katalon.core.webui.exception.WebElementNotFoundException: Web element with id: &apos;&apos; located by &apos;//iframe[contains(@id,&apos;esign&apos;)]&apos; not found
	at com.kms.katalon.core.webui.common.WebUiCommonHelper.findWebElement(WebUiCommonHelper.java:1491)
	at com.kms.katalon.core.webui.keyword.builtin.SwitchToFrameKeyword$_switchToFrame_closure1.doCall(SwitchToFrameKeyword.groovy:77)
	at com.kms.katalon.core.webui.keyword.builtin.SwitchToFrameKeyword$_switchToFrame_closure1.call(SwitchToFrameKeyword.groovy)
	at com.kms.katalon.core.webui.keyword.internal.WebUIKeywordMain.runKeyword(WebUIKeywordMain.groovy:41)
	at com.kms.katalon.core.webui.keyword.builtin.SwitchToFrameKeyword.switchToFrame(SwitchToFrameKeyword.groovy:84)
	at com.kms.katalon.core.webui.keyword.builtin.SwitchToFrameKeyword.execute(SwitchToFrameKeyword.groovy:68)
	at com.kms.katalon.core.keyword.internal.KeywordExecutor.executeKeywordForPlatform(KeywordExecutor.groovy:99)
	at com.kms.katalon.core.webui.keyword.WebUiBuiltInKeywords.switchToFrame(WebUiBuiltInKeywords.groovy:3048)
	at Esign.run(Esign:46)
	at com.kms.katalon.core.main.ScriptEngine.run(ScriptEngine.java:203)
	at com.kms.katalon.core.main.ScriptEngine.runScriptAsRawText(ScriptEngine.java:115)
	at com.kms.katalon.core.main.TestCaseExecutor.runScript(TestCaseExecutor.java:504)
	at com.kms.katalon.core.main.TestCaseExecutor.doExecute(TestCaseExecutor.java:495)
	at com.kms.katalon.core.main.TestCaseExecutor.processExecutionPhase(TestCaseExecutor.java:474)
	at com.kms.katalon.core.main.TestCaseExecutor.accessMainPhase(TestCaseExecutor.java:466)
	at com.kms.katalon.core.main.TestCaseExecutor.execute(TestCaseExecutor.java:336)
	at com.kms.katalon.core.main.TestCaseExecutor.execute(TestCaseExecutor.java:424)
	at com.kms.katalon.core.main.TestCaseExecutor.execute(TestCaseExecutor.java:424)
	at com.kms.katalon.core.main.TestCaseExecutor.execute(TestCaseExecutor.java:424)
	at com.kms.katalon.core.common.CommonExecutor.accessTestCaseMainPhase(CommonExecutor.java:71)
	at com.kms.katalon.core.main.TestSuiteExecutor.accessTestSuiteMainPhase(TestSuiteExecutor.java:153)
	at com.kms.katalon.core.main.TestSuiteExecutor.execute(TestSuiteExecutor.java:110)
	at com.kms.katalon.core.main.TestCaseMain.startTestSuite(TestCaseMain.java:206)
	at S0526_51.run(S0526_51.groovy:40)
	at java.base/jdk.internal.reflect.DirectMethodHandleAccessor.invoke(DirectMethodHandleAccessor.java:103)
</property>
  <property name="failed.exception.message">Web element with id: &apos;&apos; located by &apos;//iframe[contains(@id,&apos;esign&apos;)]&apos; not found</property>
</record>
<record>
  <date>2026-05-26T21:09:26.210133Z</date>
  <millis>1779829766210</millis>
  <nanos>133000</nanos>
  <sequence>1538</sequence>
  <level>END</level>
  <class>com.kms.katalon.core.logging.XmlKeywordLogger</class>
  <method>endKeyword</method>
  <thread>1</thread>
  <message>End action : switchToFrame(iframe, 20)</message>
  <nestedLevel>1</nestedLevel>
  <escapedJava>false</escapedJava>
</record>
<record>
  <date>2026-05-26T21:09:26.211155300Z</date>
  <millis>1779829766211</millis>
  <nanos>155300</nanos>
  <sequence>1541</sequence>
  <level>FAILED</level>
  <class>com.kms.katalon.core.logging.XmlKeywordLogger</class>
  <method>logMessage</method>
  <thread>1</thread>
  <message>Test Cases/TaskActions/Table_Actions/Esign FAILED.
Reason:
com.kms.katalon.core.exception.StepFailedException: Unable to verify image &amp;apos;&amp;apos; present
	at com.kms.katalon.core.webui.keyword.internal.WebUIKeywordMain.stepFailed(WebUIKeywordMain.groovy:177)
	at com.kms.katalon.core.webui.keyword.internal.WebUIKeywordMain.runKeyword(WebUIKeywordMain.groovy:49)
	at com.kms.katalon.core.webui.keyword.builtin.SwitchToFrameKeyword.switchToFrame(SwitchToFrameKeyword.groovy:84)
	at com.kms.katalon.core.webui.keyword.builtin.SwitchToFrameKeyword.execute(SwitchToFrameKeyword.groovy:68)
	at com.kms.katalon.core.keyword.internal.KeywordExecutor.executeKeywordForPlatform(KeywordExecutor.groovy:99)
	at com.kms.katalon.core.webui.keyword.WebUiBuiltInKeywords.switchToFrame(WebUiBuiltInKeywords.groovy:3048)
	at Esign.run(Esign:46)
	at com.kms.katalon.core.main.ScriptEngine.run(ScriptEngine.java:203)
	at com.kms.katalon.core.main.ScriptEngine.runScriptAsRawText(ScriptEngine.java:115)
	at com.kms.katalon.core.main.TestCaseExecutor.runScript(TestCaseExecutor.java:504)
	at com.kms.katalon.core.main.TestCaseExecutor.doExecute(TestCaseExecutor.java:495)
	at com.kms.katalon.core.main.TestCaseExecutor.processExecutionPhase(TestCaseExecutor.java:474)
	at com.kms.katalon.core.main.TestCaseExecutor.accessMainPhase(TestCaseExecutor.java:466)
	at com.kms.katalon.core.main.TestCaseExecutor.execute(TestCaseExecutor.java:336)
	at com.kms.katalon.core.main.TestCaseExecutor.execute(TestCaseExecutor.java:424)
	at com.kms.katalon.core.main.TestCaseExecutor.execute(TestCaseExecutor.java:424)
	at com.kms.katalon.core.main.TestCaseExecutor.execute(TestCaseExecutor.java:424)
	at com.kms.katalon.core.common.CommonExecutor.accessTestCaseMainPhase(CommonExecutor.java:71)
	at com.kms.katalon.core.main.TestSuiteExecutor.accessTestSuiteMainPhase(TestSuiteExecutor.java:153)
	at com.kms.katalon.core.main.TestSuiteExecutor.execute(TestSuiteExecutor.java:110)
	at com.kms.katalon.core.main.TestCaseMain.startTestSuite(TestCaseMain.java:206)
	at S0526_51.run(S0526_51.groovy:40)
	at java.base/jdk.internal.reflect.DirectMethodHandleAccessor.invoke(DirectMethodHandleAccessor.java:103)
Caused by: com.kms.katalon.core.webui.exception.WebElementNotFoundException: Web element with id: &amp;apos;&amp;apos; located by &amp;apos;//iframe[contains(@id,&amp;apos;esign&amp;apos;)]&amp;apos; not found
	at com.kms.katalon.core.webui.common.WebUiCommonHelper.findWebElement(WebUiCommonHelper.java:1491)
	at com.kms.katalon.core.webui.keyword.builtin.SwitchToFrameKeyword$_switchToFrame_closure1.doCall(SwitchToFrameKeyword.groovy:77)
	at com.kms.katalon.core.webui.keyword.builtin.SwitchToFrameKeyword$_switchToFrame_closure1.call(SwitchToFrameKeyword.groovy)
	at com.kms.katalon.core.webui.keyword.internal.WebUIKeywordMain.runKeyword(WebUIKeywordMain.groovy:41)
	... 21 more
</message>
  <exception>
    <message>com.kms.katalon.core.exception.StepFailedException: Unable to verify image '' present</message>
    <frame>
      <class>com.kms.katalon.core.logging.XmlKeywordLogger</class>
      <method>logMessage</method>
      <line>518</line>
    </frame>
    <frame>
      <class>com.kms.katalon.core.logging.KeywordLogger</class>
      <method>logMessage</method>
      <line>475</line>
    </frame>
    <frame>
      <class>com.kms.katalon.core.main.TestCaseExecutor</class>
      <method>logError</method>
      <line>621</line>
    </frame>
    <frame>
      <class>com.kms.katalon.core.main.TestCaseExecutor</class>
      <method>onExecutionError</method>
      <line>199</line>
    </frame>
    <frame>
      <class>com.kms.katalon.core.main.TestCaseExecutor</class>
      <method>processExecutionPhase</method>
      <line>484</line>
    </frame>
    <frame>
      <class>com.kms.katalon.core.main.TestCaseExecutor</class>
      <method>accessMainPhase</method>
      <line>466</line>
    </frame>
    <frame>
      <class>com.kms.katalon.core.main.TestCaseExecutor</class>
      <method>execute</method>
      <line>336</line>
    </frame>
    <frame>
      <class>com.kms.katalon.core.main.TestCaseExecutor</class>
      <method>execute</method>
      <line>424</line>
    </frame>
    <frame>
      <class>com.kms.katalon.core.main.TestCaseExecutor</class>
      <method>execute</method>
      <line>424</line>
    </frame>
    <frame>
      <class>com.kms.katalon.core.main.TestCaseExecutor</class>
      <method>execute</method>
      <line>424</line>
    </frame>
    <frame>
      <class>com.kms.katalon.core.common.CommonExecutor</class>
      <method>accessTestCaseMainPhase</method>
      <line>71</line>
    </frame>
    <frame>
      <class>com.kms.katalon.core.main.TestSuiteExecutor</class>
      <method>accessTestSuiteMainPhase</method>
      <line>153</line>
    </frame>
    <frame>
      <class>com.kms.katalon.core.main.TestSuiteExecutor</class>
      <method>execute</method>
      <line>110</line>
    </frame>
    <frame>
      <class>com.kms.katalon.core.main.TestCaseMain</class>
      <method>startTestSuite</method>
      <line>206</line>
    </frame>
    <frame>
      <class>org.codehaus.groovy.vmplugin.v8.IndyInterface</class>
      <method>fromCache</method>
      <line>318</line>
    </frame>
    <frame>
      <class>S0526_51</class>
      <method>run</method>
      <line>40</line>
    </frame>
    <frame>
      <class>groovy.lang.GroovyShell</class>
      <method>runScriptOrMainOrTestOrRunnable</method>
      <line>254</line>
    </frame>
    <frame>
      <class>groovy.lang.GroovyShell</class>
      <method>run</method>
      <line>360</line>
    </frame>
    <frame>
      <class>groovy.lang.GroovyShell</class>
      <method>run</method>
      <line>349</line>
    </frame>
    <frame>
      <class>groovy.ui.GroovyMain</class>
      <method>processOnce</method>
      <line>652</line>
    </frame>
    <frame>
      <class>groovy.ui.GroovyMain</class>
      <method>run</method>
      <line>398</line>
    </frame>
    <frame>
      <class>groovy.ui.GroovyMain</class>
      <method>access$1400</method>
      <line>68</line>
    </frame>
    <frame>
      <class>groovy.ui.GroovyMain$GroovyCommand</class>
      <method>process</method>
      <line>322</line>
    </frame>
    <frame>
      <class>groovy.ui.GroovyMain</class>
      <method>processArgs</method>
      <line>142</line>
    </frame>
    <frame>
      <class>groovy.ui.GroovyMain</class>
      <method>main</method>
      <line>115</line>
    </frame>
    <frame>
      <class>jdk.internal.reflect.DirectMethodHandleAccessor</class>
      <method>invoke</method>
      <line>103</line>
    </frame>
    <frame>
      <class>java.lang.reflect.Method</class>
      <method>invoke</method>
      <line>580</line>
    </frame>
    <frame>
      <class>org.codehaus.groovy.tools.GroovyStarter</class>
      <method>rootLoader</method>
      <line>117</line>
    </frame>
    <frame>
      <class>org.codehaus.groovy.tools.GroovyStarter</class>
      <method>main</method>
      <line>39</line>
    </frame>
  </exception>
  <nestedLevel>0</nestedLevel>
  <escapedJava>false</escapedJava>
  <property name="failed.exception.stacktrace">com.kms.katalon.core.webui.exception.WebElementNotFoundException: Web element with id: &apos;&apos; located by &apos;//iframe[contains(@id,&apos;esign&apos;)]&apos; not found
	at com.kms.katalon.core.webui.common.WebUiCommonHelper.findWebElement(WebUiCommonHelper.java:1491)
	at com.kms.katalon.core.webui.keyword.builtin.SwitchToFrameKeyword$_switchToFrame_closure1.doCall(SwitchToFrameKeyword.groovy:77)
	at com.kms.katalon.core.webui.keyword.builtin.SwitchToFrameKeyword$_switchToFrame_closure1.call(SwitchToFrameKeyword.groovy)
	at com.kms.katalon.core.webui.keyword.internal.WebUIKeywordMain.runKeyword(WebUIKeywordMain.groovy:41)
	at com.kms.katalon.core.webui.keyword.builtin.SwitchToFrameKeyword.switchToFrame(SwitchToFrameKeyword.groovy:84)
	at com.kms.katalon.core.webui.keyword.builtin.SwitchToFrameKeyword.execute(SwitchToFrameKeyword.groovy:68)
	at com.kms.katalon.core.keyword.internal.KeywordExecutor.executeKeywordForPlatform(KeywordExecutor.groovy:99)
	at com.kms.katalon.core.webui.keyword.WebUiBuiltInKeywords.switchToFrame(WebUiBuiltInKeywords.groovy:3048)
	at Esign.run(Esign:46)
	at com.kms.katalon.core.main.ScriptEngine.run(ScriptEngine.java:203)
	at com.kms.katalon.core.main.ScriptEngine.runScriptAsRawText(ScriptEngine.java:115)
	at com.kms.katalon.core.main.TestCaseExecutor.runScript(TestCaseExecutor.java:504)
	at com.kms.katalon.core.main.TestCaseExecutor.doExecute(TestCaseExecutor.java:495)
	at com.kms.katalon.core.main.TestCaseExecutor.processExecutionPhase(TestCaseExecutor.java:474)
	at com.kms.katalon.core.main.TestCaseExecutor.accessMainPhase(TestCaseExecutor.java:466)
	at com.kms.katalon.core.main.TestCaseExecutor.execute(TestCaseExecutor.java:336)
	at com.kms.katalon.core.main.TestCaseExecutor.execute(TestCaseExecutor.java:424)
	at com.kms.katalon.core.main.TestCaseExecutor.execute(TestCaseExecutor.java:424)
	at com.kms.katalon.core.main.TestCaseExecutor.execute(TestCaseExecutor.java:424)
	at com.kms.katalon.core.common.CommonExecutor.accessTestCaseMainPhase(CommonExecutor.java:71)
	at com.kms.katalon.core.main.TestSuiteExecutor.accessTestSuiteMainPhase(TestSuiteExecutor.java:153)
	at com.kms.katalon.core.main.TestSuiteExecutor.execute(TestSuiteExecutor.java:110)
	at com.kms.katalon.core.main.TestCaseMain.startTestSuite(TestCaseMain.java:206)
	at S0526_51.run(S0526_51.groovy:40)
	at java.base/jdk.internal.reflect.DirectMethodHandleAccessor.invoke(DirectMethodHandleAccessor.java:103)
</property>
  <property name="failed.exception.class">com.kms.katalon.core.webui.exception.WebElementNotFoundException</property>
  <property name="failed.exception.message">Web element with id: &apos;&apos; located by &apos;//iframe[contains(@id,&apos;esign&apos;)]&apos; not found</property>
</record>
<record>
  <date>2026-05-26T21:09:26.214161700Z</date>
  <millis>1779829766214</millis>
  <nanos>161700</nanos>
  <sequence>1543</sequence>
  <level>END</level>
  <class>com.kms.katalon.core.logging.XmlKeywordLogger</class>
  <method>endTest</method>
  <thread>1</thread>
  <message>End Test Case : Test Cases/TaskActions/Table_Actions/Esign</message>
  <nestedLevel>0</nestedLevel>
  <escapedJava>false</escapedJava>
  <property name="executionBindingVariables">[]</property>
  <property name="applitools">false</property>
  <property name="remainingRetryCount">0</property>
  <property name="executedKeywords">{
  &quot;WebUI.switchToFrame&quot;: 1,
  &quot;WebUI.waitForElementPresent&quot;: 1,
  &quot;WebUI.click&quot;: 1,
  &quot;WebUI.waitForPageLoad&quot;: 1
}</property>
  <property name="currentRetryCount">3</property>
  <property name="keywordsUsage">{
  &quot;web_ui&quot;: true,
  &quot;web_service&quot;: false,
  &quot;cucumber&quot;: false,
  &quot;builtin&quot;: false,
  &quot;mobile&quot;: false,
  &quot;windows&quot;: false,
  &quot;testng&quot;: false
}</property>
</record>
<record>
  <date>2026-05-26T21:09:26.217168700Z</date>
  <millis>1779829766217</millis>
  <nanos>168700</nanos>
  <sequence>1544</sequence>
  <level>INFO</level>
  <class>com.kms.katalon.core.logging.XmlKeywordLogger</class>
  <method>logMessage</method>
  <thread>1</thread>
  <message></message>
  <nestedLevel>0</nestedLevel>
  <escapedJava>false</escapedJava>
</record>
<record>
  <date>2026-05-26T21:09:26.218155Z</date>
  <millis>1779829766218</millis>
  <nanos>155000</nanos>
  <sequence>1545</sequence>
  <level>INFO</level>
  <class>com.kms.katalon.core.logging.XmlKeywordLogger</class>
  <method>logMessage</method>
  <thread>1</thread>
  <message>===================== Self-healing Report ====================</message>
  <nestedLevel>0</nestedLevel>
  <escapedJava>false</escapedJava>
</record>
<record>
  <date>2026-05-26T21:09:26.220698700Z</date>
  <millis>1779829766220</millis>
  <nanos>698700</nanos>
  <sequence>1546</sequence>
  <level>INFO</level>
  <class>com.kms.katalon.core.logging.XmlKeywordLogger</class>
  <method>logMessage</method>
  <thread>1</thread>
  <message>One of the failed test object locators has been recovered by Self-healing. Please refer to the Self-healing Insights tab for more details.</message>
  <nestedLevel>0</nestedLevel>
  <escapedJava>false</escapedJava>
</record>
<record>
  <date>2026-05-26T21:09:26.221314700Z</date>
  <millis>1779829766221</millis>
  <nanos>314700</nanos>
  <sequence>1547</sequence>
  <level>INFO</level>
  <class>com.kms.katalon.core.logging.XmlKeywordLogger</class>
  <method>logMessage</method>
  <thread>1</thread>
  <message>To learn more about Self-healing, please read https://docs.katalon.com/katalon-studio/maintain-tests/self-healing-tests-in-katalon-studio</message>
  <nestedLevel>0</nestedLevel>
  <escapedJava>false</escapedJava>
</record>
<record>
  <date>2026-05-26T21:09:26.221314700Z</date>
  <millis>1779829766221</millis>
  <nanos>314700</nanos>
  <sequence>1548</sequence>
  <level>INFO</level>
  <class>com.kms.katalon.core.logging.XmlKeywordLogger</class>
  <method>logMessage</method>
  <thread>1</thread>
  <message>==============================================================</message>
  <nestedLevel>0</nestedLevel>
  <escapedJava>false</escapedJava>
</record>
<record>
  <date>2026-05-26T21:09:26.231197400Z</date>
  <millis>1779829766231</millis>
  <nanos>197400</nanos>
  <sequence>1549</sequence>
  <level>START</level>
  <class>com.kms.katalon.core.logging.XmlKeywordLogger</class>
  <method>startTest</method>
  <thread>1</thread>
  <message>Start Test Case : Test Cases/TaskActions/Comments/TC_Add_Comment</message>
  <nestedLevel>1</nestedLevel>
  <escapedJava>false</escapedJava>
  <property name="remainingRetryCount">3</property>
  <property name="origin"></property>
  <property name="name">Test Cases/TaskActions/Comments/TC_Add_Comment</property>
  <property name="description"></property>
  <property name="iteration"></property>
  <property name="id">Test Cases/TaskActions/Comments/TC_Add_Comment</property>
  <property name="source">C:\Users\CROWN-STAFF\git\convergence-qa-tests\Test Cases\TaskActions\Comments\TC_Add_Comment.tc</property>
  <property name="tag"></property>
  <property name="isOptional">false</property>
  <property name="uuid">cbad5c84-f3ae-4fa0-8db5-3cec74b2758a</property>
  <property name="currentRetryCount">0</property>
</record>
<record>
  <date>2026-05-26T21:09:26.265905100Z</date>
  <millis>1779829766265</millis>
  <nanos>905100</nanos>
  <sequence>1551</sequence>
  <level>RUN_DATA</level>
  <class>com.kms.katalon.core.logging.XmlKeywordLogger</class>
  <method>logMessage</method>
  <thread>1</thread>
  <message>executionBindingVariables = []</message>
  <nestedLevel>1</nestedLevel>
  <escapedJava>false</escapedJava>
  <property name="executionBindingVariables">[]</property>
</record>
<record>
  <date>2026-05-26T21:09:26.428584400Z</date>
  <millis>1779829766428</millis>
  <nanos>584400</nanos>
  <sequence>1552</sequence>
  <level>START</level>
  <class>com.kms.katalon.core.logging.XmlKeywordLogger</class>
  <method>startKeyword</method>
  <thread>1</thread>
  <message>Start action : waitForPageLoad(20)</message>
  <nestedLevel>1</nestedLevel>
  <escapedJava>false</escapedJava>
  <property name="startLine">21</property>
  <property name="stepIndex">1</property>
</record>
<record>
  <date>2026-05-26T21:09:26.465188700Z</date>
  <millis>1779829766465</millis>
  <nanos>188700</nanos>
  <sequence>1556</sequence>
  <level>PASSED</level>
  <class>com.kms.katalon.core.logging.XmlKeywordLogger</class>
  <method>logMessage</method>
  <thread>1</thread>
  <message>Wait for page load successfully</message>
  <nestedLevel>1</nestedLevel>
  <escapedJava>false</escapedJava>
  <property name="testops-method-name">com.kms.katalon.core.webui.keyword.internal.WebUIKeywordMain$runKeyword$0.call</property>
  <property name="testops-execution-stacktrace">com.kms.katalon.core.logging.KeywordLogger.logPassed(KeywordLogger.java:350)
com.kms.katalon.core.logging.KeywordLogger.logPassed(KeywordLogger.java:345)
com.kms.katalon.core.logging.KeywordLogger$logPassed$0.call(Unknown Source)
com.kms.katalon.core.webui.keyword.builtin.WaitForPageLoadKeyword$_waitForPageLoad_closure1.doCall(WaitForPageLoadKeyword.groovy:94)
com.kms.katalon.core.webui.keyword.builtin.WaitForPageLoadKeyword$_waitForPageLoad_closure1.doCall(WaitForPageLoadKeyword.groovy)
java.base/jdk.internal.reflect.DirectMethodHandleAccessor.invoke(DirectMethodHandleAccessor.java:103)
com.kms.katalon.core.webui.keyword.internal.WebUIKeywordMain.runKeyword(WebUIKeywordMain.groovy:41)
com.kms.katalon.core.webui.keyword.internal.WebUIKeywordMain$runKeyword$0.call(Unknown Source)
com.kms.katalon.core.webui.keyword.builtin.WaitForPageLoadKeyword.waitForPageLoad(WaitForPageLoadKeyword.groovy:95)
com.kms.katalon.core.webui.keyword.builtin.WaitForPageLoadKeyword.execute(WaitForPageLoadKeyword.groovy:68)
com.kms.katalon.core.keyword.internal.KeywordExecutor.executeKeywordForPlatform(KeywordExecutor.groovy:99)
com.kms.katalon.core.webui.keyword.WebUiBuiltInKeywords.waitForPageLoad(WebUiBuiltInKeywords.groovy:2559)
TC_Add_Comment.run(TC_Add_Comment:21)
</property>
</record>
<record>
  <date>2026-05-26T21:09:26.468191300Z</date>
  <millis>1779829766468</millis>
  <nanos>191300</nanos>
  <sequence>1557</sequence>
  <level>END</level>
  <class>com.kms.katalon.core.logging.XmlKeywordLogger</class>
  <method>endKeyword</method>
  <thread>1</thread>
  <message>End action : waitForPageLoad(20)</message>
  <nestedLevel>1</nestedLevel>
  <escapedJava>false</escapedJava>
</record>
<record>
  <date>2026-05-26T21:09:26.468191300Z</date>
  <millis>1779829766468</millis>
  <nanos>191300</nanos>
  <sequence>1558</sequence>
  <level>START</level>
  <class>com.kms.katalon.core.logging.XmlKeywordLogger</class>
  <method>startKeyword</method>
  <thread>1</thread>
  <message>Start action : waitForElementPresent(findTestObject(&amp;quot;Page_Work Order  Index- Workforce Manager/input_Search&amp;quot;), 20)</message>
  <nestedLevel>1</nestedLevel>
  <escapedJava>false</escapedJava>
  <property name="startLine">23</property>
  <property name="stepIndex">2</property>
</record>
<record>
  <date>2026-05-26T21:09:46.506976900Z</date>
  <millis>1779829786506</millis>
  <nanos>976900</nanos>
  <sequence>1564</sequence>
  <level>WARNING</level>
  <class>com.kms.katalon.core.logging.XmlKeywordLogger</class>
  <method>logMessage</method>
  <thread>1</thread>
  <message>Object &amp;apos;Object Repository/Page_Work Order  Index- Workforce Manager/input_Search&amp;apos; is not present after 20 second(s)</message>
  <nestedLevel>1</nestedLevel>
  <escapedJava>false</escapedJava>
  <property name="failed.exception.stacktrace">com.kms.katalon.core.webui.exception.WebElementNotFoundException: Web element with id: &apos;Object Repository/Page_Work Order  Index- Workforce Manager/input_Search&apos; located by &apos;By.xpath: //*[@id = &apos;created-by-me&apos;]//*[@id = &apos;search-table&apos;]&apos; not found
	at com.kms.katalon.core.webui.model.WebUiElementFinder.findElementByNormalMethods(WebUiElementFinder.java:201)
	at com.kms.katalon.core.webui.model.WebUiElementFinder.findElementsBySelectedMethod(WebUiElementFinder.java:99)
	at com.kms.katalon.core.webui.model.WebUiElementFinder.findElementsBySelectedMethod(WebUiElementFinder.java:82)
	at com.kms.katalon.core.webui.model.WebUiElementFinder.findElementsBySelectedMethod(WebUiElementFinder.java:77)
	at com.kms.katalon.core.webui.model.WebUiElementFinder.findElement(WebUiElementFinder.java:51)
	at com.kms.katalon.core.webui.model.WebUiElementFinderWithTimeout.basicFindElement(WebUiElementFinderWithTimeout.java:51)
	at com.kms.katalon.core.webui.model.WebUiElementFinderWithTimeout.lambda$0(WebUiElementFinderWithTimeout.java:29)
	at com.kms.katalon.core.webui.model.SeleniumActionRetryController.performAction(SeleniumActionRetryController.java:96)
	at com.kms.katalon.core.webui.model.SeleniumActionRetryController.performAction(SeleniumActionRetryController.java:83)
	at com.kms.katalon.core.webui.model.WebUiElementFinderWithTimeout.findElement(WebUiElementFinderWithTimeout.java:28)
	at com.kms.katalon.core.webui.keyword.internal.WebUIAbstractKeyword.lambda$1(WebUIAbstractKeyword.java:119)
	at com.kms.katalon.core.webui.model.SeleniumActionRetryController.performAction(SeleniumActionRetryController.java:96)
	at com.kms.katalon.core.webui.model.SeleniumActionRetryController.performAction(SeleniumActionRetryController.java:83)
	at com.kms.katalon.core.webui.model.SeleniumActionRetryController.retry(SeleniumActionRetryController.java:49)
	at com.kms.katalon.core.webui.model.SeleniumActionRetryController.retry(SeleniumActionRetryController.java:44)
	at com.kms.katalon.core.webui.keyword.internal.WebUIAbstractKeyword.findWebElement(WebUIAbstractKeyword.java:116)
	at com.kms.katalon.core.webui.keyword.builtin.WaitForElementPresentKeyword$_waitForElementPresent_closure1.doCall(WaitForElementPresentKeyword.groovy:54)
	at java.base/jdk.internal.reflect.DirectMethodHandleAccessor.invoke(DirectMethodHandleAccessor.java:103)
	at jdk.proxy2/jdk.proxy2.$Proxy56.execute(Unknown Source)
	at com.kms.katalon.core.webui.model.SeleniumActionRetryController.performAction(SeleniumActionRetryController.java:96)
	at com.kms.katalon.core.webui.model.SeleniumActionRetryController.performAction(SeleniumActionRetryController.java:83)
	at com.kms.katalon.core.webui.keyword.internal.WebUIKeywordMain$_runKeywordUntilTimeout_closure2.doCall(WebUIKeywordMain.groovy:155)
	at com.kms.katalon.core.webui.keyword.internal.WebUIKeywordMain$_runKeywordUntilTimeout_closure2.call(WebUIKeywordMain.groovy)
	at com.kms.katalon.core.webui.keyword.internal.WebUIKeywordMain.runKeyword(WebUIKeywordMain.groovy:41)
	at com.kms.katalon.core.webui.keyword.internal.WebUIKeywordMain.runKeywordUntilTimeout(WebUIKeywordMain.groovy:152)
	at com.kms.katalon.core.webui.keyword.builtin.WaitForElementPresentKeyword.waitForElementPresent(WaitForElementPresentKeyword.groovy:68)
	at com.kms.katalon.core.webui.keyword.builtin.WaitForElementPresentKeyword.execute(WaitForElementPresentKeyword.groovy:38)
	at com.kms.katalon.core.keyword.internal.KeywordExecutor.executeKeywordForPlatform(KeywordExecutor.groovy:99)
	at com.kms.katalon.core.webui.keyword.WebUiBuiltInKeywords.waitForElementPresent(WebUiBuiltInKeywords.groovy:424)
	at TC_Add_Comment.run(TC_Add_Comment:23)
	at com.kms.katalon.core.main.ScriptEngine.run(ScriptEngine.java:203)
	at com.kms.katalon.core.main.ScriptEngine.runScriptAsRawText(ScriptEngine.java:115)
	at com.kms.katalon.core.main.TestCaseExecutor.runScript(TestCaseExecutor.java:504)
	at com.kms.katalon.core.main.TestCaseExecutor.doExecute(TestCaseExecutor.java:495)
	at com.kms.katalon.core.main.TestCaseExecutor.processExecutionPhase(TestCaseExecutor.java:474)
	at com.kms.katalon.core.main.TestCaseExecutor.accessMainPhase(TestCaseExecutor.java:466)
	at com.kms.katalon.core.main.TestCaseExecutor.execute(TestCaseExecutor.java:336)
	at com.kms.katalon.core.common.CommonExecutor.accessTestCaseMainPhase(CommonExecutor.java:71)
	at com.kms.katalon.core.main.TestSuiteExecutor.accessTestSuiteMainPhase(TestSuiteExecutor.java:153)
	at com.kms.katalon.core.main.TestSuiteExecutor.execute(TestSuiteExecutor.java:110)
	at com.kms.katalon.core.main.TestCaseMain.startTestSuite(TestCaseMain.java:206)
	at S0526_51.run(S0526_51.groovy:40)
	at java.base/jdk.internal.reflect.DirectMethodHandleAccessor.invoke(DirectMethodHandleAccessor.java:103)
</property>
  <property name="failed.exception.class">com.kms.katalon.core.webui.exception.WebElementNotFoundException</property>
  <property name="failed.exception.message">Web element with id: &apos;Object Repository/Page_Work Order  Index- Workforce Manager/input_Search&apos; located by &apos;By.xpath: //*[@id = &apos;created-by-me&apos;]//*[@id = &apos;search-table&apos;]&apos; not found</property>
</record>
<record>
  <date>2026-05-26T21:09:46.516729900Z</date>
  <millis>1779829786516</millis>
  <nanos>729900</nanos>
  <sequence>1565</sequence>
  <level>END</level>
  <class>com.kms.katalon.core.logging.XmlKeywordLogger</class>
  <method>endKeyword</method>
  <thread>1</thread>
  <message>End action : waitForElementPresent(findTestObject(&amp;quot;Page_Work Order  Index- Workforce Manager/input_Search&amp;quot;), 20)</message>
  <nestedLevel>1</nestedLevel>
  <escapedJava>false</escapedJava>
</record>
<record>
  <date>2026-05-26T21:09:46.517729400Z</date>
  <millis>1779829786517</millis>
  <nanos>729400</nanos>
  <sequence>1566</sequence>
  <level>START</level>
  <class>com.kms.katalon.core.logging.XmlKeywordLogger</class>
  <method>startKeyword</method>
  <thread>1</thread>
  <message>Start action : waitForPageLoad(20)</message>
  <nestedLevel>1</nestedLevel>
  <escapedJava>false</escapedJava>
  <property name="startLine">26</property>
  <property name="stepIndex">3</property>
</record>
<record>
  <date>2026-05-26T21:09:46.539912200Z</date>
  <millis>1779829786539</millis>
  <nanos>912200</nanos>
  <sequence>1570</sequence>
  <level>PASSED</level>
  <class>com.kms.katalon.core.logging.XmlKeywordLogger</class>
  <method>logMessage</method>
  <thread>1</thread>
  <message>Wait for page load successfully</message>
  <nestedLevel>1</nestedLevel>
  <escapedJava>false</escapedJava>
  <property name="testops-method-name">com.kms.katalon.core.webui.keyword.internal.WebUIKeywordMain$runKeyword$0.call</property>
  <property name="testops-execution-stacktrace">com.kms.katalon.core.logging.KeywordLogger.logPassed(KeywordLogger.java:350)
com.kms.katalon.core.logging.KeywordLogger.logPassed(KeywordLogger.java:345)
com.kms.katalon.core.logging.KeywordLogger$logPassed$0.call(Unknown Source)
com.kms.katalon.core.webui.keyword.builtin.WaitForPageLoadKeyword$_waitForPageLoad_closure1.doCall(WaitForPageLoadKeyword.groovy:94)
com.kms.katalon.core.webui.keyword.builtin.WaitForPageLoadKeyword$_waitForPageLoad_closure1.doCall(WaitForPageLoadKeyword.groovy)
java.base/jdk.internal.reflect.DirectMethodHandleAccessor.invoke(DirectMethodHandleAccessor.java:103)
com.kms.katalon.core.webui.keyword.internal.WebUIKeywordMain.runKeyword(WebUIKeywordMain.groovy:41)
com.kms.katalon.core.webui.keyword.internal.WebUIKeywordMain$runKeyword$0.call(Unknown Source)
com.kms.katalon.core.webui.keyword.builtin.WaitForPageLoadKeyword.waitForPageLoad(WaitForPageLoadKeyword.groovy:95)
com.kms.katalon.core.webui.keyword.builtin.WaitForPageLoadKeyword.execute(WaitForPageLoadKeyword.groovy:68)
com.kms.katalon.core.keyword.internal.KeywordExecutor.executeKeywordForPlatform(KeywordExecutor.groovy:99)
com.kms.katalon.core.webui.keyword.WebUiBuiltInKeywords.waitForPageLoad(WebUiBuiltInKeywords.groovy:2559)
TC_Add_Comment.run(TC_Add_Comment:26)
</property>
</record>
<record>
  <date>2026-05-26T21:09:46.541943300Z</date>
  <millis>1779829786541</millis>
  <nanos>943300</nanos>
  <sequence>1571</sequence>
  <level>END</level>
  <class>com.kms.katalon.core.logging.XmlKeywordLogger</class>
  <method>endKeyword</method>
  <thread>1</thread>
  <message>End action : waitForPageLoad(20)</message>
  <nestedLevel>1</nestedLevel>
  <escapedJava>false</escapedJava>
</record>
<record>
  <date>2026-05-26T21:09:46.541943300Z</date>
  <millis>1779829786541</millis>
  <nanos>943300</nanos>
  <sequence>1572</sequence>
  <level>START</level>
  <class>com.kms.katalon.core.logging.XmlKeywordLogger</class>
  <method>startKeyword</method>
  <thread>1</thread>
  <message>Start action : waitForElementPresent(findTestObject(&amp;quot;Page_Work Order  Index- Workforce Manager/input_Search&amp;quot;), 20)</message>
  <nestedLevel>1</nestedLevel>
  <escapedJava>false</escapedJava>
  <property name="startLine">28</property>
  <property name="stepIndex">4</property>
</record>
<record>
  <date>2026-05-26T21:10:06.635255700Z</date>
  <millis>1779829806635</millis>
  <nanos>255700</nanos>
  <sequence>1578</sequence>
  <level>WARNING</level>
  <class>com.kms.katalon.core.logging.XmlKeywordLogger</class>
  <method>logMessage</method>
  <thread>1</thread>
  <message>Object &amp;apos;Object Repository/Page_Work Order  Index- Workforce Manager/input_Search&amp;apos; is not present after 20 second(s)</message>
  <nestedLevel>1</nestedLevel>
  <escapedJava>false</escapedJava>
  <property name="failed.exception.stacktrace">com.kms.katalon.core.webui.exception.WebElementNotFoundException: Web element with id: &apos;Object Repository/Page_Work Order  Index- Workforce Manager/input_Search&apos; located by &apos;By.xpath: //*[@id = &apos;created-by-me&apos;]//*[@id = &apos;search-table&apos;]&apos; not found
	at com.kms.katalon.core.webui.model.WebUiElementFinder.findElementByNormalMethods(WebUiElementFinder.java:201)
	at com.kms.katalon.core.webui.model.WebUiElementFinder.findElementsBySelectedMethod(WebUiElementFinder.java:99)
	at com.kms.katalon.core.webui.model.WebUiElementFinder.findElementsBySelectedMethod(WebUiElementFinder.java:82)
	at com.kms.katalon.core.webui.model.WebUiElementFinder.findElementsBySelectedMethod(WebUiElementFinder.java:77)
	at com.kms.katalon.core.webui.model.WebUiElementFinder.findElement(WebUiElementFinder.java:51)
	at com.kms.katalon.core.webui.model.WebUiElementFinderWithTimeout.basicFindElement(WebUiElementFinderWithTimeout.java:51)
	at com.kms.katalon.core.webui.model.WebUiElementFinderWithTimeout.lambda$0(WebUiElementFinderWithTimeout.java:29)
	at com.kms.katalon.core.webui.model.SeleniumActionRetryController.performAction(SeleniumActionRetryController.java:96)
	at com.kms.katalon.core.webui.model.SeleniumActionRetryController.performAction(SeleniumActionRetryController.java:83)
	at com.kms.katalon.core.webui.model.WebUiElementFinderWithTimeout.findElement(WebUiElementFinderWithTimeout.java:28)
	at com.kms.katalon.core.webui.keyword.internal.WebUIAbstractKeyword.lambda$1(WebUIAbstractKeyword.java:119)
	at com.kms.katalon.core.webui.model.SeleniumActionRetryController.performAction(SeleniumActionRetryController.java:96)
	at com.kms.katalon.core.webui.model.SeleniumActionRetryController.performAction(SeleniumActionRetryController.java:83)
	at com.kms.katalon.core.webui.model.SeleniumActionRetryController.retry(SeleniumActionRetryController.java:49)
	at com.kms.katalon.core.webui.model.SeleniumActionRetryController.retry(SeleniumActionRetryController.java:44)
	at com.kms.katalon.core.webui.keyword.internal.WebUIAbstractKeyword.findWebElement(WebUIAbstractKeyword.java:116)
	at com.kms.katalon.core.webui.keyword.builtin.WaitForElementPresentKeyword$_waitForElementPresent_closure1.doCall(WaitForElementPresentKeyword.groovy:54)
	at java.base/jdk.internal.reflect.DirectMethodHandleAccessor.invoke(DirectMethodHandleAccessor.java:103)
	at jdk.proxy2/jdk.proxy2.$Proxy56.execute(Unknown Source)
	at com.kms.katalon.core.webui.model.SeleniumActionRetryController.performAction(SeleniumActionRetryController.java:96)
	at com.kms.katalon.core.webui.model.SeleniumActionRetryController.performAction(SeleniumActionRetryController.java:83)
	at com.kms.katalon.core.webui.keyword.internal.WebUIKeywordMain$_runKeywordUntilTimeout_closure2.doCall(WebUIKeywordMain.groovy:155)
	at com.kms.katalon.core.webui.keyword.internal.WebUIKeywordMain$_runKeywordUntilTimeout_closure2.call(WebUIKeywordMain.groovy)
	at com.kms.katalon.core.webui.keyword.internal.WebUIKeywordMain.runKeyword(WebUIKeywordMain.groovy:41)
	at com.kms.katalon.core.webui.keyword.internal.WebUIKeywordMain.runKeywordUntilTimeout(WebUIKeywordMain.groovy:152)
	at com.kms.katalon.core.webui.keyword.builtin.WaitForElementPresentKeyword.waitForElementPresent(WaitForElementPresentKeyword.groovy:68)
	at com.kms.katalon.core.webui.keyword.builtin.WaitForElementPresentKeyword.execute(WaitForElementPresentKeyword.groovy:38)
	at com.kms.katalon.core.keyword.internal.KeywordExecutor.executeKeywordForPlatform(KeywordExecutor.groovy:99)
	at com.kms.katalon.core.webui.keyword.WebUiBuiltInKeywords.waitForElementPresent(WebUiBuiltInKeywords.groovy:424)
	at TC_Add_Comment.run(TC_Add_Comment:28)
	at com.kms.katalon.core.main.ScriptEngine.run(ScriptEngine.java:203)
	at com.kms.katalon.core.main.ScriptEngine.runScriptAsRawText(ScriptEngine.java:115)
	at com.kms.katalon.core.main.TestCaseExecutor.runScript(TestCaseExecutor.java:504)
	at com.kms.katalon.core.main.TestCaseExecutor.doExecute(TestCaseExecutor.java:495)
	at com.kms.katalon.core.main.TestCaseExecutor.processExecutionPhase(TestCaseExecutor.java:474)
	at com.kms.katalon.core.main.TestCaseExecutor.accessMainPhase(TestCaseExecutor.java:466)
	at com.kms.katalon.core.main.TestCaseExecutor.execute(TestCaseExecutor.java:336)
	at com.kms.katalon.core.common.CommonExecutor.accessTestCaseMainPhase(CommonExecutor.java:71)
	at com.kms.katalon.core.main.TestSuiteExecutor.accessTestSuiteMainPhase(TestSuiteExecutor.java:153)
	at com.kms.katalon.core.main.TestSuiteExecutor.execute(TestSuiteExecutor.java:110)
	at com.kms.katalon.core.main.TestCaseMain.startTestSuite(TestCaseMain.java:206)
	at S0526_51.run(S0526_51.groovy:40)
	at java.base/jdk.internal.reflect.DirectMethodHandleAccessor.invoke(DirectMethodHandleAccessor.java:103)
</property>
  <property name="failed.exception.class">com.kms.katalon.core.webui.exception.WebElementNotFoundException</property>
  <property name="failed.exception.message">Web element with id: &apos;Object Repository/Page_Work Order  Index- Workforce Manager/input_Search&apos; located by &apos;By.xpath: //*[@id = &apos;created-by-me&apos;]//*[@id = &apos;search-table&apos;]&apos; not found</property>
</record>
<record>
  <date>2026-05-26T21:10:06.643417400Z</date>
  <millis>1779829806643</millis>
  <nanos>417400</nanos>
  <sequence>1579</sequence>
  <level>END</level>
  <class>com.kms.katalon.core.logging.XmlKeywordLogger</class>
  <method>endKeyword</method>
  <thread>1</thread>
  <message>End action : waitForElementPresent(findTestObject(&amp;quot;Page_Work Order  Index- Workforce Manager/input_Search&amp;quot;), 20)</message>
  <nestedLevel>1</nestedLevel>
  <escapedJava>false</escapedJava>
</record>
<record>
  <date>2026-05-26T21:10:06.645613200Z</date>
  <millis>1779829806645</millis>
  <nanos>613200</nanos>
  <sequence>1580</sequence>
  <level>START</level>
  <class>com.kms.katalon.core.logging.XmlKeywordLogger</class>
  <method>startKeyword</method>
  <thread>1</thread>
  <message>Start action : click(findTestObject(&amp;quot;Page_Work Order  View- Workforce Manager/div_Hi there, For line manager escalation or app&amp;quot;))</message>
  <nestedLevel>1</nestedLevel>
  <escapedJava>false</escapedJava>
  <property name="startLine">30</property>
  <property name="stepIndex">5</property>
</record>
<record>
  <date>2026-05-26T21:10:16.748397400Z</date>
  <millis>1779829816748</millis>
  <nanos>397400</nanos>
  <sequence>1587</sequence>
  <level>INFO</level>
  <class>com.kms.katalon.core.logging.XmlKeywordLogger</class>
  <method>logMessage</method>
  <thread>1</thread>
  <message>[AI Self-Healing] Recovering element locator by using AI Self-Healing...</message>
  <nestedLevel>1</nestedLevel>
  <escapedJava>false</escapedJava>
  <property name="aiSelfHealingApplied">true</property>
  <property name="isDebugOnly">true</property>
</record>
<record>
  <date>2026-05-26T21:10:17.448772700Z</date>
  <millis>1779829817448</millis>
  <nanos>772700</nanos>
  <sequence>1592</sequence>
  <level>FAILED</level>
  <class>com.kms.katalon.core.logging.XmlKeywordLogger</class>
  <method>logMessage</method>
  <thread>1</thread>
  <message>Unable to click on object &amp;apos;Object Repository/Page_Work Order  View- Workforce Manager/div_Hi there, For line manager escalation or app&amp;apos; (Root cause: com.kms.katalon.core.exception.StepFailedException: Unable to click on object &amp;apos;Object Repository/Page_Work Order  View- Workforce Manager/div_Hi there, For line manager escalation or app&amp;apos;
	at com.kms.katalon.core.webui.keyword.internal.WebUIKeywordMain.stepFailed(WebUIKeywordMain.groovy:177)
	at com.kms.katalon.core.webui.keyword.internal.WebUIKeywordMain.runKeyword(WebUIKeywordMain.groovy:49)
	at com.kms.katalon.core.webui.keyword.internal.WebUIKeywordMain.runKeywordUntilTimeout(WebUIKeywordMain.groovy:133)
	at com.kms.katalon.core.webui.keyword.builtin.ClickKeyword.click(ClickKeyword.groovy:72)
	at com.kms.katalon.core.webui.keyword.builtin.ClickKeyword.execute(ClickKeyword.groovy:38)
	at com.kms.katalon.core.keyword.internal.KeywordExecutor.executeKeywordForPlatform(KeywordExecutor.groovy:99)
	at com.kms.katalon.core.webui.keyword.WebUiBuiltInKeywords.click(WebUiBuiltInKeywords.groovy:722)
	at TC_Add_Comment.run(TC_Add_Comment:30)
	at com.kms.katalon.core.main.ScriptEngine.run(ScriptEngine.java:203)
	at com.kms.katalon.core.main.ScriptEngine.runScriptAsRawText(ScriptEngine.java:115)
	at com.kms.katalon.core.main.TestCaseExecutor.runScript(TestCaseExecutor.java:504)
	at com.kms.katalon.core.main.TestCaseExecutor.doExecute(TestCaseExecutor.java:495)
	at com.kms.katalon.core.main.TestCaseExecutor.processExecutionPhase(TestCaseExecutor.java:474)
	at com.kms.katalon.core.main.TestCaseExecutor.accessMainPhase(TestCaseExecutor.java:466)
	at com.kms.katalon.core.main.TestCaseExecutor.execute(TestCaseExecutor.java:336)
	at com.kms.katalon.core.common.CommonExecutor.accessTestCaseMainPhase(CommonExecutor.java:71)
	at com.kms.katalon.core.main.TestSuiteExecutor.accessTestSuiteMainPhase(TestSuiteExecutor.java:153)
	at com.kms.katalon.core.main.TestSuiteExecutor.execute(TestSuiteExecutor.java:110)
	at com.kms.katalon.core.main.TestCaseMain.startTestSuite(TestCaseMain.java:206)
	at S0526_51.run(S0526_51.groovy:40)
	at java.base/jdk.internal.reflect.DirectMethodHandleAccessor.invoke(DirectMethodHandleAccessor.java:103)
Caused by: com.kms.katalon.network.core.model.exception.NetworkErrorException: java.net.UnknownHostException: No such host is known (katalon-api.katalon.com)
	at com.kms.katalon.ai.services.GenAiService.getChatCompletions(GenAiService.java:55)
	at com.katalon.selfhealing.execution.healers.LLMTestObjectHealer.heal(LLMTestObjectHealer.java:241)
	at com.katalon.selfhealing.execution.healers.SelfHealingPipeline.lambda$1(SelfHealingPipeline.java:211)
	at com.kms.katalon.core.executionpipeline.SubExecutionPipeline.execute(SubExecutionPipeline.java:31)
	at com.kms.katalon.core.executionpipeline.SubExecutionPipeline.execute(SubExecutionPipeline.java:25)
	at com.kms.katalon.core.executionpipeline.ExecutionPipeline.execute(ExecutionPipeline.java:16)
	at com.katalon.selfhealing.execution.healers.SelfHealingPipeline.execute(SelfHealingPipeline.java:248)
	at com.kms.katalon.core.webui.keyword.internal.WebUIAbstractKeyword.findElemnentsWithSelfHealing(WebUIAbstractKeyword.java:215)
	at com.kms.katalon.core.webui.keyword.internal.WebUIAbstractKeyword.lambda$1(WebUIAbstractKeyword.java:126)
	at com.kms.katalon.core.webui.model.SeleniumActionRetryController.performAction(SeleniumActionRetryController.java:96)
	at com.kms.katalon.core.webui.model.SeleniumActionRetryController.performAction(SeleniumActionRetryController.java:83)
	at com.kms.katalon.core.webui.model.SeleniumActionRetryController.retry(SeleniumActionRetryController.java:49)
	at com.kms.katalon.core.webui.model.SeleniumActionRetryController.retry(SeleniumActionRetryController.java:44)
	at com.kms.katalon.core.webui.keyword.internal.WebUIAbstractKeyword.findWebElement(WebUIAbstractKeyword.java:116)
	at com.kms.katalon.core.webui.keyword.builtin.ClickKeyword$_click_closure1.doCall(ClickKeyword.groovy:52)
	at java.base/jdk.internal.reflect.DirectMethodHandleAccessor.invoke(DirectMethodHandleAccessor.java:103)
	at jdk.proxy2/jdk.proxy2.$Proxy56.execute(Unknown Source)
	at com.kms.katalon.core.webui.model.SeleniumActionRetryController.performAction(SeleniumActionRetryController.java:96)
	at com.kms.katalon.core.webui.model.SeleniumActionRetryController.performAction(SeleniumActionRetryController.java:83)
	at com.kms.katalon.core.webui.keyword.internal.WebUIKeywordMain$_runKeywordUntilTimeout_closure1.doCall(WebUIKeywordMain.groovy:135)
	at com.kms.katalon.core.webui.keyword.internal.WebUIKeywordMain$_runKeywordUntilTimeout_closure1.call(WebUIKeywordMain.groovy)
	at com.kms.katalon.core.webui.keyword.internal.WebUIKeywordMain.runKeyword(WebUIKeywordMain.groovy:41)
	at com.kms.katalon.core.webui.keyword.internal.WebUIKeywordMain.runKeywordUntilTimeout(WebUIKeywordMain.groovy:133)
	at com.kms.katalon.core.webui.keyword.builtin.ClickKeyword.click(ClickKeyword.groovy:72)
	at com.kms.katalon.core.webui.keyword.builtin.ClickKeyword.execute(ClickKeyword.groovy:38)
	at com.kms.katalon.core.keyword.internal.KeywordExecutor.executeKeywordForPlatform(KeywordExecutor.groovy:99)
	at com.kms.katalon.core.webui.keyword.WebUiBuiltInKeywords.click(WebUiBuiltInKeywords.groovy:722)
	at Script1779529027086.run(Script1779529027086.groovy:30)
	... 13 more
)</message>
  <nestedLevel>1</nestedLevel>
  <escapedJava>false</escapedJava>
  <property name="failed.exception.class">com.kms.katalon.ai.core.model.exception.StudioAssistLlmApiRuntimeException</property>
  <property name="attachment">1779829817246.png</property>
  <property name="failed.exception.stacktrace">com.kms.katalon.network.core.model.exception.NetworkErrorException: java.net.UnknownHostException: No such host is known (katalon-api.katalon.com)
	at com.kms.katalon.ai.services.GenAiService.getChatCompletions(GenAiService.java:55)
	at com.katalon.selfhealing.execution.healers.LLMTestObjectHealer.heal(LLMTestObjectHealer.java:241)
	at com.katalon.selfhealing.execution.healers.SelfHealingPipeline.lambda$1(SelfHealingPipeline.java:211)
	at com.kms.katalon.core.executionpipeline.SubExecutionPipeline.execute(SubExecutionPipeline.java:31)
	at com.kms.katalon.core.executionpipeline.SubExecutionPipeline.execute(SubExecutionPipeline.java:25)
	at com.kms.katalon.core.executionpipeline.ExecutionPipeline.execute(ExecutionPipeline.java:16)
	at com.katalon.selfhealing.execution.healers.SelfHealingPipeline.execute(SelfHealingPipeline.java:248)
	at com.kms.katalon.core.webui.keyword.internal.WebUIAbstractKeyword.findElemnentsWithSelfHealing(WebUIAbstractKeyword.java:215)
	at com.kms.katalon.core.webui.keyword.internal.WebUIAbstractKeyword.lambda$1(WebUIAbstractKeyword.java:126)
	at com.kms.katalon.core.webui.model.SeleniumActionRetryController.performAction(SeleniumActionRetryController.java:96)
	at com.kms.katalon.core.webui.model.SeleniumActionRetryController.performAction(SeleniumActionRetryController.java:83)
	at com.kms.katalon.core.webui.model.SeleniumActionRetryController.retry(SeleniumActionRetryController.java:49)
	at com.kms.katalon.core.webui.model.SeleniumActionRetryController.retry(SeleniumActionRetryController.java:44)
	at com.kms.katalon.core.webui.keyword.internal.WebUIAbstractKeyword.findWebElement(WebUIAbstractKeyword.java:116)
	at com.kms.katalon.core.webui.keyword.builtin.ClickKeyword$_click_closure1.doCall(ClickKeyword.groovy:52)
	at java.base/jdk.internal.reflect.DirectMethodHandleAccessor.invoke(DirectMethodHandleAccessor.java:103)
	at jdk.proxy2/jdk.proxy2.$Proxy56.execute(Unknown Source)
	at com.kms.katalon.core.webui.model.SeleniumActionRetryController.performAction(SeleniumActionRetryController.java:96)
	at com.kms.katalon.core.webui.model.SeleniumActionRetryController.performAction(SeleniumActionRetryController.java:83)
	at com.kms.katalon.core.webui.keyword.internal.WebUIKeywordMain$_runKeywordUntilTimeout_closure1.doCall(WebUIKeywordMain.groovy:135)
	at com.kms.katalon.core.webui.keyword.internal.WebUIKeywordMain$_runKeywordUntilTimeout_closure1.call(WebUIKeywordMain.groovy)
	at com.kms.katalon.core.webui.keyword.internal.WebUIKeywordMain.runKeyword(WebUIKeywordMain.groovy:41)
	at com.kms.katalon.core.webui.keyword.internal.WebUIKeywordMain.runKeywordUntilTimeout(WebUIKeywordMain.groovy:133)
	at com.kms.katalon.core.webui.keyword.builtin.ClickKeyword.click(ClickKeyword.groovy:72)
	at com.kms.katalon.core.webui.keyword.builtin.ClickKeyword.execute(ClickKeyword.groovy:38)
	at com.kms.katalon.core.keyword.internal.KeywordExecutor.executeKeywordForPlatform(KeywordExecutor.groovy:99)
	at com.kms.katalon.core.webui.keyword.WebUiBuiltInKeywords.click(WebUiBuiltInKeywords.groovy:722)
	at TC_Add_Comment.run(TC_Add_Comment:30)
	at com.kms.katalon.core.main.ScriptEngine.run(ScriptEngine.java:203)
	at com.kms.katalon.core.main.ScriptEngine.runScriptAsRawText(ScriptEngine.java:115)
	at com.kms.katalon.core.main.TestCaseExecutor.runScript(TestCaseExecutor.java:504)
	at com.kms.katalon.core.main.TestCaseExecutor.doExecute(TestCaseExecutor.java:495)
	at com.kms.katalon.core.main.TestCaseExecutor.processExecutionPhase(TestCaseExecutor.java:474)
	at com.kms.katalon.core.main.TestCaseExecutor.accessMainPhase(TestCaseExecutor.java:466)
	at com.kms.katalon.core.main.TestCaseExecutor.execute(TestCaseExecutor.java:336)
	at com.kms.katalon.core.common.CommonExecutor.accessTestCaseMainPhase(CommonExecutor.java:71)
	at com.kms.katalon.core.main.TestSuiteExecutor.accessTestSuiteMainPhase(TestSuiteExecutor.java:153)
	at com.kms.katalon.core.main.TestSuiteExecutor.execute(TestSuiteExecutor.java:110)
	at com.kms.katalon.core.main.TestCaseMain.startTestSuite(TestCaseMain.java:206)
	at S0526_51.run(S0526_51.groovy:40)
	at java.base/jdk.internal.reflect.DirectMethodHandleAccessor.invoke(DirectMethodHandleAccessor.java:103)
</property>
  <property name="failed.exception.message">com.kms.katalon.network.core.model.exception.NetworkErrorException: java.net.UnknownHostException: No such host is known (katalon-api.katalon.com)</property>
</record>
<record>
  <date>2026-05-26T21:10:17.453326400Z</date>
  <millis>1779829817453</millis>
  <nanos>326400</nanos>
  <sequence>1595</sequence>
  <level>END</level>
  <class>com.kms.katalon.core.logging.XmlKeywordLogger</class>
  <method>endKeyword</method>
  <thread>1</thread>
  <message>End action : click(findTestObject(&amp;quot;Page_Work Order  View- Workforce Manager/div_Hi there, For line manager escalation or app&amp;quot;))</message>
  <nestedLevel>1</nestedLevel>
  <escapedJava>false</escapedJava>
</record>
<record>
  <date>2026-05-26T21:10:17.456322600Z</date>
  <millis>1779829817456</millis>
  <nanos>322600</nanos>
  <sequence>1598</sequence>
  <level>FAILED</level>
  <class>com.kms.katalon.core.logging.XmlKeywordLogger</class>
  <method>logMessage</method>
  <thread>1</thread>
  <message>Test Cases/TaskActions/Comments/TC_Add_Comment FAILED.
Reason:
com.kms.katalon.core.exception.StepFailedException: Unable to click on object &amp;apos;Object Repository/Page_Work Order  View- Workforce Manager/div_Hi there, For line manager escalation or app&amp;apos;
	at com.kms.katalon.core.webui.keyword.internal.WebUIKeywordMain.stepFailed(WebUIKeywordMain.groovy:177)
	at com.kms.katalon.core.webui.keyword.internal.WebUIKeywordMain.runKeyword(WebUIKeywordMain.groovy:49)
	at com.kms.katalon.core.webui.keyword.internal.WebUIKeywordMain.runKeywordUntilTimeout(WebUIKeywordMain.groovy:133)
	at com.kms.katalon.core.webui.keyword.builtin.ClickKeyword.click(ClickKeyword.groovy:72)
	at com.kms.katalon.core.webui.keyword.builtin.ClickKeyword.execute(ClickKeyword.groovy:38)
	at com.kms.katalon.core.keyword.internal.KeywordExecutor.executeKeywordForPlatform(KeywordExecutor.groovy:99)
	at com.kms.katalon.core.webui.keyword.WebUiBuiltInKeywords.click(WebUiBuiltInKeywords.groovy:722)
	at TC_Add_Comment.run(TC_Add_Comment:30)
	at com.kms.katalon.core.main.ScriptEngine.run(ScriptEngine.java:203)
	at com.kms.katalon.core.main.ScriptEngine.runScriptAsRawText(ScriptEngine.java:115)
	at com.kms.katalon.core.main.TestCaseExecutor.runScript(TestCaseExecutor.java:504)
	at com.kms.katalon.core.main.TestCaseExecutor.doExecute(TestCaseExecutor.java:495)
	at com.kms.katalon.core.main.TestCaseExecutor.processExecutionPhase(TestCaseExecutor.java:474)
	at com.kms.katalon.core.main.TestCaseExecutor.accessMainPhase(TestCaseExecutor.java:466)
	at com.kms.katalon.core.main.TestCaseExecutor.execute(TestCaseExecutor.java:336)
	at com.kms.katalon.core.common.CommonExecutor.accessTestCaseMainPhase(CommonExecutor.java:71)
	at com.kms.katalon.core.main.TestSuiteExecutor.accessTestSuiteMainPhase(TestSuiteExecutor.java:153)
	at com.kms.katalon.core.main.TestSuiteExecutor.execute(TestSuiteExecutor.java:110)
	at com.kms.katalon.core.main.TestCaseMain.startTestSuite(TestCaseMain.java:206)
	at S0526_51.run(S0526_51.groovy:40)
	at java.base/jdk.internal.reflect.DirectMethodHandleAccessor.invoke(DirectMethodHandleAccessor.java:103)
Caused by: com.kms.katalon.network.core.model.exception.NetworkErrorException: java.net.UnknownHostException: No such host is known (katalon-api.katalon.com)
	at com.kms.katalon.ai.services.GenAiService.getChatCompletions(GenAiService.java:55)
	at com.katalon.selfhealing.execution.healers.LLMTestObjectHealer.heal(LLMTestObjectHealer.java:241)
	at com.katalon.selfhealing.execution.healers.SelfHealingPipeline.lambda$1(SelfHealingPipeline.java:211)
	at com.kms.katalon.core.executionpipeline.SubExecutionPipeline.execute(SubExecutionPipeline.java:31)
	at com.kms.katalon.core.executionpipeline.SubExecutionPipeline.execute(SubExecutionPipeline.java:25)
	at com.kms.katalon.core.executionpipeline.ExecutionPipeline.execute(ExecutionPipeline.java:16)
	at com.katalon.selfhealing.execution.healers.SelfHealingPipeline.execute(SelfHealingPipeline.java:248)
	at com.kms.katalon.core.webui.keyword.internal.WebUIAbstractKeyword.findElemnentsWithSelfHealing(WebUIAbstractKeyword.java:215)
	at com.kms.katalon.core.webui.keyword.internal.WebUIAbstractKeyword.lambda$1(WebUIAbstractKeyword.java:126)
	at com.kms.katalon.core.webui.model.SeleniumActionRetryController.performAction(SeleniumActionRetryController.java:96)
	at com.kms.katalon.core.webui.model.SeleniumActionRetryController.performAction(SeleniumActionRetryController.java:83)
	at com.kms.katalon.core.webui.model.SeleniumActionRetryController.retry(SeleniumActionRetryController.java:49)
	at com.kms.katalon.core.webui.model.SeleniumActionRetryController.retry(SeleniumActionRetryController.java:44)
	at com.kms.katalon.core.webui.keyword.internal.WebUIAbstractKeyword.findWebElement(WebUIAbstractKeyword.java:116)
	at com.kms.katalon.core.webui.keyword.builtin.ClickKeyword$_click_closure1.doCall(ClickKeyword.groovy:52)
	at java.base/jdk.internal.reflect.DirectMethodHandleAccessor.invoke(DirectMethodHandleAccessor.java:103)
	at jdk.proxy2/jdk.proxy2.$Proxy56.execute(Unknown Source)
	at com.kms.katalon.core.webui.model.SeleniumActionRetryController.performAction(SeleniumActionRetryController.java:96)
	at com.kms.katalon.core.webui.model.SeleniumActionRetryController.performAction(SeleniumActionRetryController.java:83)
	at com.kms.katalon.core.webui.keyword.internal.WebUIKeywordMain$_runKeywordUntilTimeout_closure1.doCall(WebUIKeywordMain.groovy:135)
	at com.kms.katalon.core.webui.keyword.internal.WebUIKeywordMain$_runKeywordUntilTimeout_closure1.call(WebUIKeywordMain.groovy)
	at com.kms.katalon.core.webui.keyword.internal.WebUIKeywordMain.runKeyword(WebUIKeywordMain.groovy:41)
	... 19 more
</message>
  <exception>
    <message>com.kms.katalon.core.exception.StepFailedException: Unable to click on object 'Object Repository/Page_Work Order  View- Workforce Manager/div_Hi there, For line manager escalation or app'</message>
    <frame>
      <class>com.kms.katalon.core.logging.XmlKeywordLogger</class>
      <method>logMessage</method>
      <line>518</line>
    </frame>
    <frame>
      <class>com.kms.katalon.core.logging.KeywordLogger</class>
      <method>logMessage</method>
      <line>475</line>
    </frame>
    <frame>
      <class>com.kms.katalon.core.main.TestCaseExecutor</class>
      <method>logError</method>
      <line>621</line>
    </frame>
    <frame>
      <class>com.kms.katalon.core.main.TestCaseExecutor</class>
      <method>onExecutionError</method>
      <line>199</line>
    </frame>
    <frame>
      <class>com.kms.katalon.core.main.TestCaseExecutor</class>
      <method>processExecutionPhase</method>
      <line>484</line>
    </frame>
    <frame>
      <class>com.kms.katalon.core.main.TestCaseExecutor</class>
      <method>accessMainPhase</method>
      <line>466</line>
    </frame>
    <frame>
      <class>com.kms.katalon.core.main.TestCaseExecutor</class>
      <method>execute</method>
      <line>336</line>
    </frame>
    <frame>
      <class>com.kms.katalon.core.common.CommonExecutor</class>
      <method>accessTestCaseMainPhase</method>
      <line>71</line>
    </frame>
    <frame>
      <class>com.kms.katalon.core.main.TestSuiteExecutor</class>
      <method>accessTestSuiteMainPhase</method>
      <line>153</line>
    </frame>
    <frame>
      <class>com.kms.katalon.core.main.TestSuiteExecutor</class>
      <method>execute</method>
      <line>110</line>
    </frame>
    <frame>
      <class>com.kms.katalon.core.main.TestCaseMain</class>
      <method>startTestSuite</method>
      <line>206</line>
    </frame>
    <frame>
      <class>org.codehaus.groovy.vmplugin.v8.IndyInterface</class>
      <method>fromCache</method>
      <line>318</line>
    </frame>
    <frame>
      <class>S0526_51</class>
      <method>run</method>
      <line>40</line>
    </frame>
    <frame>
      <class>groovy.lang.GroovyShell</class>
      <method>runScriptOrMainOrTestOrRunnable</method>
      <line>254</line>
    </frame>
    <frame>
      <class>groovy.lang.GroovyShell</class>
      <method>run</method>
      <line>360</line>
    </frame>
    <frame>
      <class>groovy.lang.GroovyShell</class>
      <method>run</method>
      <line>349</line>
    </frame>
    <frame>
      <class>groovy.ui.GroovyMain</class>
      <method>processOnce</method>
      <line>652</line>
    </frame>
    <frame>
      <class>groovy.ui.GroovyMain</class>
      <method>run</method>
      <line>398</line>
    </frame>
    <frame>
      <class>groovy.ui.GroovyMain</class>
      <method>access$1400</method>
      <line>68</line>
    </frame>
    <frame>
      <class>groovy.ui.GroovyMain$GroovyCommand</class>
      <method>process</method>
      <line>322</line>
    </frame>
    <frame>
      <class>groovy.ui.GroovyMain</class>
      <method>processArgs</method>
      <line>142</line>
    </frame>
    <frame>
      <class>groovy.ui.GroovyMain</class>
      <method>main</method>
      <line>115</line>
    </frame>
    <frame>
      <class>jdk.internal.reflect.DirectMethodHandleAccessor</class>
      <method>invoke</method>
      <line>103</line>
    </frame>
    <frame>
      <class>java.lang.reflect.Method</class>
      <method>invoke</method>
      <line>580</line>
    </frame>
    <frame>
      <class>org.codehaus.groovy.tools.GroovyStarter</class>
      <method>rootLoader</method>
      <line>117</line>
    </frame>
    <frame>
      <class>org.codehaus.groovy.tools.GroovyStarter</class>
      <method>main</method>
      <line>39</line>
    </frame>
  </exception>
  <nestedLevel>0</nestedLevel>
  <escapedJava>false</escapedJava>
  <property name="failed.exception.stacktrace">com.kms.katalon.network.core.model.exception.NetworkErrorException: java.net.UnknownHostException: No such host is known (katalon-api.katalon.com)
	at com.kms.katalon.ai.services.GenAiService.getChatCompletions(GenAiService.java:55)
	at com.katalon.selfhealing.execution.healers.LLMTestObjectHealer.heal(LLMTestObjectHealer.java:241)
	at com.katalon.selfhealing.execution.healers.SelfHealingPipeline.lambda$1(SelfHealingPipeline.java:211)
	at com.kms.katalon.core.executionpipeline.SubExecutionPipeline.execute(SubExecutionPipeline.java:31)
	at com.kms.katalon.core.executionpipeline.SubExecutionPipeline.execute(SubExecutionPipeline.java:25)
	at com.kms.katalon.core.executionpipeline.ExecutionPipeline.execute(ExecutionPipeline.java:16)
	at com.katalon.selfhealing.execution.healers.SelfHealingPipeline.execute(SelfHealingPipeline.java:248)
	at com.kms.katalon.core.webui.keyword.internal.WebUIAbstractKeyword.findElemnentsWithSelfHealing(WebUIAbstractKeyword.java:215)
	at com.kms.katalon.core.webui.keyword.internal.WebUIAbstractKeyword.lambda$1(WebUIAbstractKeyword.java:126)
	at com.kms.katalon.core.webui.model.SeleniumActionRetryController.performAction(SeleniumActionRetryController.java:96)
	at com.kms.katalon.core.webui.model.SeleniumActionRetryController.performAction(SeleniumActionRetryController.java:83)
	at com.kms.katalon.core.webui.model.SeleniumActionRetryController.retry(SeleniumActionRetryController.java:49)
	at com.kms.katalon.core.webui.model.SeleniumActionRetryController.retry(SeleniumActionRetryController.java:44)
	at com.kms.katalon.core.webui.keyword.internal.WebUIAbstractKeyword.findWebElement(WebUIAbstractKeyword.java:116)
	at com.kms.katalon.core.webui.keyword.builtin.ClickKeyword$_click_closure1.doCall(ClickKeyword.groovy:52)
	at java.base/jdk.internal.reflect.DirectMethodHandleAccessor.invoke(DirectMethodHandleAccessor.java:103)
	at jdk.proxy2/jdk.proxy2.$Proxy56.execute(Unknown Source)
	at com.kms.katalon.core.webui.model.SeleniumActionRetryController.performAction(SeleniumActionRetryController.java:96)
	at com.kms.katalon.core.webui.model.SeleniumActionRetryController.performAction(SeleniumActionRetryController.java:83)
	at com.kms.katalon.core.webui.keyword.internal.WebUIKeywordMain$_runKeywordUntilTimeout_closure1.doCall(WebUIKeywordMain.groovy:135)
	at com.kms.katalon.core.webui.keyword.internal.WebUIKeywordMain$_runKeywordUntilTimeout_closure1.call(WebUIKeywordMain.groovy)
	at com.kms.katalon.core.webui.keyword.internal.WebUIKeywordMain.runKeyword(WebUIKeywordMain.groovy:41)
	at com.kms.katalon.core.webui.keyword.internal.WebUIKeywordMain.runKeywordUntilTimeout(WebUIKeywordMain.groovy:133)
	at com.kms.katalon.core.webui.keyword.builtin.ClickKeyword.click(ClickKeyword.groovy:72)
	at com.kms.katalon.core.webui.keyword.builtin.ClickKeyword.execute(ClickKeyword.groovy:38)
	at com.kms.katalon.core.keyword.internal.KeywordExecutor.executeKeywordForPlatform(KeywordExecutor.groovy:99)
	at com.kms.katalon.core.webui.keyword.WebUiBuiltInKeywords.click(WebUiBuiltInKeywords.groovy:722)
	at TC_Add_Comment.run(TC_Add_Comment:30)
	at com.kms.katalon.core.main.ScriptEngine.run(ScriptEngine.java:203)
	at com.kms.katalon.core.main.ScriptEngine.runScriptAsRawText(ScriptEngine.java:115)
	at com.kms.katalon.core.main.TestCaseExecutor.runScript(TestCaseExecutor.java:504)
	at com.kms.katalon.core.main.TestCaseExecutor.doExecute(TestCaseExecutor.java:495)
	at com.kms.katalon.core.main.TestCaseExecutor.processExecutionPhase(TestCaseExecutor.java:474)
	at com.kms.katalon.core.main.TestCaseExecutor.accessMainPhase(TestCaseExecutor.java:466)
	at com.kms.katalon.core.main.TestCaseExecutor.execute(TestCaseExecutor.java:336)
	at com.kms.katalon.core.common.CommonExecutor.accessTestCaseMainPhase(CommonExecutor.java:71)
	at com.kms.katalon.core.main.TestSuiteExecutor.accessTestSuiteMainPhase(TestSuiteExecutor.java:153)
	at com.kms.katalon.core.main.TestSuiteExecutor.execute(TestSuiteExecutor.java:110)
	at com.kms.katalon.core.main.TestCaseMain.startTestSuite(TestCaseMain.java:206)
	at S0526_51.run(S0526_51.groovy:40)
	at java.base/jdk.internal.reflect.DirectMethodHandleAccessor.invoke(DirectMethodHandleAccessor.java:103)
</property>
  <property name="failed.exception.class">com.kms.katalon.ai.core.model.exception.StudioAssistLlmApiRuntimeException</property>
  <property name="failed.exception.message">com.kms.katalon.network.core.model.exception.NetworkErrorException: java.net.UnknownHostException: No such host is known (katalon-api.katalon.com)</property>
</record>
<record>
  <date>2026-05-26T21:10:17.459768900Z</date>
  <millis>1779829817459</millis>
  <nanos>768900</nanos>
  <sequence>1600</sequence>
  <level>END</level>
  <class>com.kms.katalon.core.logging.XmlKeywordLogger</class>
  <method>endTest</method>
  <thread>1</thread>
  <message>End Test Case : Test Cases/TaskActions/Comments/TC_Add_Comment</message>
  <nestedLevel>0</nestedLevel>
  <escapedJava>false</escapedJava>
  <property name="executionBindingVariables">[]</property>
  <property name="applitools">false</property>
  <property name="remainingRetryCount">3</property>
  <property name="executedKeywords">{
  &quot;WebUI.click&quot;: 1,
  &quot;WebUI.waitForPageLoad&quot;: 2,
  &quot;WebUI.waitForElementPresent&quot;: 2
}</property>
  <property name="currentRetryCount">0</property>
  <property name="keywordsUsage">{
  &quot;web_ui&quot;: true,
  &quot;web_service&quot;: false,
  &quot;cucumber&quot;: false,
  &quot;builtin&quot;: false,
  &quot;mobile&quot;: false,
  &quot;windows&quot;: false,
  &quot;testng&quot;: false
}</property>
</record>
<record>
  <date>2026-05-26T21:10:17.466027800Z</date>
  <millis>1779829817466</millis>
  <nanos>27800</nanos>
  <sequence>1601</sequence>
  <level>START</level>
  <class>com.kms.katalon.core.logging.XmlKeywordLogger</class>
  <method>startTest</method>
  <thread>1</thread>
  <message>Start Test Case : Test Cases/TaskActions/Comments/TC_Add_Comment</message>
  <nestedLevel>1</nestedLevel>
  <escapedJava>false</escapedJava>
  <property name="remainingRetryCount">2</property>
  <property name="origin"></property>
  <property name="name">Test Cases/TaskActions/Comments/TC_Add_Comment</property>
  <property name="description"></property>
  <property name="iteration"></property>
  <property name="id">Test Cases/TaskActions/Comments/TC_Add_Comment</property>
  <property name="source">C:\Users\CROWN-STAFF\git\convergence-qa-tests\Test Cases\TaskActions\Comments\TC_Add_Comment.tc</property>
  <property name="tag"></property>
  <property name="isOptional">false</property>
  <property name="uuid">cbad5c84-f3ae-4fa0-8db5-3cec74b2758a</property>
  <property name="currentRetryCount">1</property>
</record>
<record>
  <date>2026-05-26T21:10:17.506227100Z</date>
  <millis>1779829817506</millis>
  <nanos>227100</nanos>
  <sequence>1603</sequence>
  <level>RUN_DATA</level>
  <class>com.kms.katalon.core.logging.XmlKeywordLogger</class>
  <method>logMessage</method>
  <thread>1</thread>
  <message>executionBindingVariables = []</message>
  <nestedLevel>1</nestedLevel>
  <escapedJava>false</escapedJava>
  <property name="executionBindingVariables">[]</property>
</record>
<record>
  <date>2026-05-26T21:10:17.510744200Z</date>
  <millis>1779829817510</millis>
  <nanos>744200</nanos>
  <sequence>1604</sequence>
  <level>START</level>
  <class>com.kms.katalon.core.logging.XmlKeywordLogger</class>
  <method>startKeyword</method>
  <thread>1</thread>
  <message>Start action : waitForPageLoad(20)</message>
  <nestedLevel>1</nestedLevel>
  <escapedJava>false</escapedJava>
  <property name="startLine">21</property>
  <property name="stepIndex">1</property>
</record>
<record>
  <date>2026-05-26T21:10:17.537906600Z</date>
  <millis>1779829817537</millis>
  <nanos>906600</nanos>
  <sequence>1608</sequence>
  <level>PASSED</level>
  <class>com.kms.katalon.core.logging.XmlKeywordLogger</class>
  <method>logMessage</method>
  <thread>1</thread>
  <message>Wait for page load successfully</message>
  <nestedLevel>1</nestedLevel>
  <escapedJava>false</escapedJava>
  <property name="testops-method-name">com.kms.katalon.core.webui.keyword.internal.WebUIKeywordMain$runKeyword$0.call</property>
  <property name="testops-execution-stacktrace">com.kms.katalon.core.logging.KeywordLogger.logPassed(KeywordLogger.java:350)
com.kms.katalon.core.logging.KeywordLogger.logPassed(KeywordLogger.java:345)
com.kms.katalon.core.logging.KeywordLogger$logPassed$0.call(Unknown Source)
com.kms.katalon.core.webui.keyword.builtin.WaitForPageLoadKeyword$_waitForPageLoad_closure1.doCall(WaitForPageLoadKeyword.groovy:94)
com.kms.katalon.core.webui.keyword.builtin.WaitForPageLoadKeyword$_waitForPageLoad_closure1.doCall(WaitForPageLoadKeyword.groovy)
java.base/jdk.internal.reflect.DirectMethodHandleAccessor.invoke(DirectMethodHandleAccessor.java:103)
com.kms.katalon.core.webui.keyword.internal.WebUIKeywordMain.runKeyword(WebUIKeywordMain.groovy:41)
com.kms.katalon.core.webui.keyword.internal.WebUIKeywordMain$runKeyword$0.call(Unknown Source)
com.kms.katalon.core.webui.keyword.builtin.WaitForPageLoadKeyword.waitForPageLoad(WaitForPageLoadKeyword.groovy:95)
com.kms.katalon.core.webui.keyword.builtin.WaitForPageLoadKeyword.execute(WaitForPageLoadKeyword.groovy:68)
com.kms.katalon.core.keyword.internal.KeywordExecutor.executeKeywordForPlatform(KeywordExecutor.groovy:99)
com.kms.katalon.core.webui.keyword.WebUiBuiltInKeywords.waitForPageLoad(WebUiBuiltInKeywords.groovy:2559)
TC_Add_Comment.run(TC_Add_Comment:21)
</property>
</record>
<record>
  <date>2026-05-26T21:10:17.539974Z</date>
  <millis>1779829817539</millis>
  <nanos>974000</nanos>
  <sequence>1609</sequence>
  <level>END</level>
  <class>com.kms.katalon.core.logging.XmlKeywordLogger</class>
  <method>endKeyword</method>
  <thread>1</thread>
  <message>End action : waitForPageLoad(20)</message>
  <nestedLevel>1</nestedLevel>
  <escapedJava>false</escapedJava>
</record>
<record>
  <date>2026-05-26T21:10:17.539974Z</date>
  <millis>1779829817539</millis>
  <nanos>974000</nanos>
  <sequence>1610</sequence>
  <level>START</level>
  <class>com.kms.katalon.core.logging.XmlKeywordLogger</class>
  <method>startKeyword</method>
  <thread>1</thread>
  <message>Start action : waitForElementPresent(findTestObject(&amp;quot;Page_Work Order  Index- Workforce Manager/input_Search&amp;quot;), 20)</message>
  <nestedLevel>1</nestedLevel>
  <escapedJava>false</escapedJava>
  <property name="startLine">23</property>
  <property name="stepIndex">2</property>
</record>
<record>
  <date>2026-05-26T21:10:37.605136300Z</date>
  <millis>1779829837605</millis>
  <nanos>136300</nanos>
  <sequence>1616</sequence>
  <level>WARNING</level>
  <class>com.kms.katalon.core.logging.XmlKeywordLogger</class>
  <method>logMessage</method>
  <thread>1</thread>
  <message>Object &amp;apos;Object Repository/Page_Work Order  Index- Workforce Manager/input_Search&amp;apos; is not present after 20 second(s)</message>
  <nestedLevel>1</nestedLevel>
  <escapedJava>false</escapedJava>
  <property name="failed.exception.stacktrace">com.kms.katalon.core.webui.exception.WebElementNotFoundException: Web element with id: &apos;Object Repository/Page_Work Order  Index- Workforce Manager/input_Search&apos; located by &apos;By.xpath: //*[@id = &apos;created-by-me&apos;]//*[@id = &apos;search-table&apos;]&apos; not found
	at com.kms.katalon.core.webui.model.WebUiElementFinder.findElementByNormalMethods(WebUiElementFinder.java:201)
	at com.kms.katalon.core.webui.model.WebUiElementFinder.findElementsBySelectedMethod(WebUiElementFinder.java:99)
	at com.kms.katalon.core.webui.model.WebUiElementFinder.findElementsBySelectedMethod(WebUiElementFinder.java:82)
	at com.kms.katalon.core.webui.model.WebUiElementFinder.findElementsBySelectedMethod(WebUiElementFinder.java:77)
	at com.kms.katalon.core.webui.model.WebUiElementFinder.findElement(WebUiElementFinder.java:51)
	at com.kms.katalon.core.webui.model.WebUiElementFinderWithTimeout.basicFindElement(WebUiElementFinderWithTimeout.java:51)
	at com.kms.katalon.core.webui.model.WebUiElementFinderWithTimeout.lambda$0(WebUiElementFinderWithTimeout.java:29)
	at com.kms.katalon.core.webui.model.SeleniumActionRetryController.performAction(SeleniumActionRetryController.java:96)
	at com.kms.katalon.core.webui.model.SeleniumActionRetryController.performAction(SeleniumActionRetryController.java:83)
	at com.kms.katalon.core.webui.model.WebUiElementFinderWithTimeout.findElement(WebUiElementFinderWithTimeout.java:28)
	at com.kms.katalon.core.webui.keyword.internal.WebUIAbstractKeyword.lambda$1(WebUIAbstractKeyword.java:119)
	at com.kms.katalon.core.webui.model.SeleniumActionRetryController.performAction(SeleniumActionRetryController.java:96)
	at com.kms.katalon.core.webui.model.SeleniumActionRetryController.performAction(SeleniumActionRetryController.java:83)
	at com.kms.katalon.core.webui.model.SeleniumActionRetryController.retry(SeleniumActionRetryController.java:49)
	at com.kms.katalon.core.webui.model.SeleniumActionRetryController.retry(SeleniumActionRetryController.java:44)
	at com.kms.katalon.core.webui.keyword.internal.WebUIAbstractKeyword.findWebElement(WebUIAbstractKeyword.java:116)
	at com.kms.katalon.core.webui.keyword.builtin.WaitForElementPresentKeyword$_waitForElementPresent_closure1.doCall(WaitForElementPresentKeyword.groovy:54)
	at java.base/jdk.internal.reflect.DirectMethodHandleAccessor.invoke(DirectMethodHandleAccessor.java:103)
	at jdk.proxy2/jdk.proxy2.$Proxy56.execute(Unknown Source)
	at com.kms.katalon.core.webui.model.SeleniumActionRetryController.performAction(SeleniumActionRetryController.java:96)
	at com.kms.katalon.core.webui.model.SeleniumActionRetryController.performAction(SeleniumActionRetryController.java:83)
	at com.kms.katalon.core.webui.keyword.internal.WebUIKeywordMain$_runKeywordUntilTimeout_closure2.doCall(WebUIKeywordMain.groovy:155)
	at com.kms.katalon.core.webui.keyword.internal.WebUIKeywordMain$_runKeywordUntilTimeout_closure2.call(WebUIKeywordMain.groovy)
	at com.kms.katalon.core.webui.keyword.internal.WebUIKeywordMain.runKeyword(WebUIKeywordMain.groovy:41)
	at com.kms.katalon.core.webui.keyword.internal.WebUIKeywordMain.runKeywordUntilTimeout(WebUIKeywordMain.groovy:152)
	at com.kms.katalon.core.webui.keyword.builtin.WaitForElementPresentKeyword.waitForElementPresent(WaitForElementPresentKeyword.groovy:68)
	at com.kms.katalon.core.webui.keyword.builtin.WaitForElementPresentKeyword.execute(WaitForElementPresentKeyword.groovy:38)
	at com.kms.katalon.core.keyword.internal.KeywordExecutor.executeKeywordForPlatform(KeywordExecutor.groovy:99)
	at com.kms.katalon.core.webui.keyword.WebUiBuiltInKeywords.waitForElementPresent(WebUiBuiltInKeywords.groovy:424)
	at TC_Add_Comment.run(TC_Add_Comment:23)
	at com.kms.katalon.core.main.ScriptEngine.run(ScriptEngine.java:203)
	at com.kms.katalon.core.main.ScriptEngine.runScriptAsRawText(ScriptEngine.java:115)
	at com.kms.katalon.core.main.TestCaseExecutor.runScript(TestCaseExecutor.java:504)
	at com.kms.katalon.core.main.TestCaseExecutor.doExecute(TestCaseExecutor.java:495)
	at com.kms.katalon.core.main.TestCaseExecutor.processExecutionPhase(TestCaseExecutor.java:474)
	at com.kms.katalon.core.main.TestCaseExecutor.accessMainPhase(TestCaseExecutor.java:466)
	at com.kms.katalon.core.main.TestCaseExecutor.execute(TestCaseExecutor.java:336)
	at com.kms.katalon.core.main.TestCaseExecutor.execute(TestCaseExecutor.java:424)
	at com.kms.katalon.core.common.CommonExecutor.accessTestCaseMainPhase(CommonExecutor.java:71)
	at com.kms.katalon.core.main.TestSuiteExecutor.accessTestSuiteMainPhase(TestSuiteExecutor.java:153)
	at com.kms.katalon.core.main.TestSuiteExecutor.execute(TestSuiteExecutor.java:110)
	at com.kms.katalon.core.main.TestCaseMain.startTestSuite(TestCaseMain.java:206)
	at S0526_51.run(S0526_51.groovy:40)
	at java.base/jdk.internal.reflect.DirectMethodHandleAccessor.invoke(DirectMethodHandleAccessor.java:103)
</property>
  <property name="failed.exception.class">com.kms.katalon.core.webui.exception.WebElementNotFoundException</property>
  <property name="failed.exception.message">Web element with id: &apos;Object Repository/Page_Work Order  Index- Workforce Manager/input_Search&apos; located by &apos;By.xpath: //*[@id = &apos;created-by-me&apos;]//*[@id = &apos;search-table&apos;]&apos; not found</property>
</record>
<record>
  <date>2026-05-26T21:10:37.608656900Z</date>
  <millis>1779829837608</millis>
  <nanos>656900</nanos>
  <sequence>1617</sequence>
  <level>END</level>
  <class>com.kms.katalon.core.logging.XmlKeywordLogger</class>
  <method>endKeyword</method>
  <thread>1</thread>
  <message>End action : waitForElementPresent(findTestObject(&amp;quot;Page_Work Order  Index- Workforce Manager/input_Search&amp;quot;), 20)</message>
  <nestedLevel>1</nestedLevel>
  <escapedJava>false</escapedJava>
</record>
<record>
  <date>2026-05-26T21:10:37.614368300Z</date>
  <millis>1779829837614</millis>
  <nanos>368300</nanos>
  <sequence>1618</sequence>
  <level>START</level>
  <class>com.kms.katalon.core.logging.XmlKeywordLogger</class>
  <method>startKeyword</method>
  <thread>1</thread>
  <message>Start action : waitForPageLoad(20)</message>
  <nestedLevel>1</nestedLevel>
  <escapedJava>false</escapedJava>
  <property name="startLine">26</property>
  <property name="stepIndex">3</property>
</record>
<record>
  <date>2026-05-26T21:10:37.639703Z</date>
  <millis>1779829837639</millis>
  <nanos>703000</nanos>
  <sequence>1622</sequence>
  <level>PASSED</level>
  <class>com.kms.katalon.core.logging.XmlKeywordLogger</class>
  <method>logMessage</method>
  <thread>1</thread>
  <message>Wait for page load successfully</message>
  <nestedLevel>1</nestedLevel>
  <escapedJava>false</escapedJava>
  <property name="testops-method-name">com.kms.katalon.core.webui.keyword.internal.WebUIKeywordMain$runKeyword$0.call</property>
  <property name="testops-execution-stacktrace">com.kms.katalon.core.logging.KeywordLogger.logPassed(KeywordLogger.java:350)
com.kms.katalon.core.logging.KeywordLogger.logPassed(KeywordLogger.java:345)
com.kms.katalon.core.logging.KeywordLogger$logPassed$0.call(Unknown Source)
com.kms.katalon.core.webui.keyword.builtin.WaitForPageLoadKeyword$_waitForPageLoad_closure1.doCall(WaitForPageLoadKeyword.groovy:94)
com.kms.katalon.core.webui.keyword.builtin.WaitForPageLoadKeyword$_waitForPageLoad_closure1.doCall(WaitForPageLoadKeyword.groovy)
java.base/jdk.internal.reflect.DirectMethodHandleAccessor.invoke(DirectMethodHandleAccessor.java:103)
com.kms.katalon.core.webui.keyword.internal.WebUIKeywordMain.runKeyword(WebUIKeywordMain.groovy:41)
com.kms.katalon.core.webui.keyword.internal.WebUIKeywordMain$runKeyword$0.call(Unknown Source)
com.kms.katalon.core.webui.keyword.builtin.WaitForPageLoadKeyword.waitForPageLoad(WaitForPageLoadKeyword.groovy:95)
com.kms.katalon.core.webui.keyword.builtin.WaitForPageLoadKeyword.execute(WaitForPageLoadKeyword.groovy:68)
com.kms.katalon.core.keyword.internal.KeywordExecutor.executeKeywordForPlatform(KeywordExecutor.groovy:99)
com.kms.katalon.core.webui.keyword.WebUiBuiltInKeywords.waitForPageLoad(WebUiBuiltInKeywords.groovy:2559)
TC_Add_Comment.run(TC_Add_Comment:26)
</property>
</record>
<record>
  <date>2026-05-26T21:10:37.641236300Z</date>
  <millis>1779829837641</millis>
  <nanos>236300</nanos>
  <sequence>1623</sequence>
  <level>END</level>
  <class>com.kms.katalon.core.logging.XmlKeywordLogger</class>
  <method>endKeyword</method>
  <thread>1</thread>
  <message>End action : waitForPageLoad(20)</message>
  <nestedLevel>1</nestedLevel>
  <escapedJava>false</escapedJava>
</record>
<record>
  <date>2026-05-26T21:10:37.642234700Z</date>
  <millis>1779829837642</millis>
  <nanos>234700</nanos>
  <sequence>1624</sequence>
  <level>START</level>
  <class>com.kms.katalon.core.logging.XmlKeywordLogger</class>
  <method>startKeyword</method>
  <thread>1</thread>
  <message>Start action : waitForElementPresent(findTestObject(&amp;quot;Page_Work Order  Index- Workforce Manager/input_Search&amp;quot;), 20)</message>
  <nestedLevel>1</nestedLevel>
  <escapedJava>false</escapedJava>
  <property name="startLine">28</property>
  <property name="stepIndex">4</property>
</record>
<record>
  <date>2026-05-26T21:10:57.664394600Z</date>
  <millis>1779829857664</millis>
  <nanos>394600</nanos>
  <sequence>1630</sequence>
  <level>WARNING</level>
  <class>com.kms.katalon.core.logging.XmlKeywordLogger</class>
  <method>logMessage</method>
  <thread>1</thread>
  <message>Object &amp;apos;Object Repository/Page_Work Order  Index- Workforce Manager/input_Search&amp;apos; is not present after 20 second(s)</message>
  <nestedLevel>1</nestedLevel>
  <escapedJava>false</escapedJava>
  <property name="failed.exception.stacktrace">com.kms.katalon.core.webui.exception.WebElementNotFoundException: Web element with id: &apos;Object Repository/Page_Work Order  Index- Workforce Manager/input_Search&apos; located by &apos;By.xpath: //*[@id = &apos;created-by-me&apos;]//*[@id = &apos;search-table&apos;]&apos; not found
	at com.kms.katalon.core.webui.model.WebUiElementFinder.findElementByNormalMethods(WebUiElementFinder.java:201)
	at com.kms.katalon.core.webui.model.WebUiElementFinder.findElementsBySelectedMethod(WebUiElementFinder.java:99)
	at com.kms.katalon.core.webui.model.WebUiElementFinder.findElementsBySelectedMethod(WebUiElementFinder.java:82)
	at com.kms.katalon.core.webui.model.WebUiElementFinder.findElementsBySelectedMethod(WebUiElementFinder.java:77)
	at com.kms.katalon.core.webui.model.WebUiElementFinder.findElement(WebUiElementFinder.java:51)
	at com.kms.katalon.core.webui.model.WebUiElementFinderWithTimeout.basicFindElement(WebUiElementFinderWithTimeout.java:51)
	at com.kms.katalon.core.webui.model.WebUiElementFinderWithTimeout.lambda$0(WebUiElementFinderWithTimeout.java:29)
	at com.kms.katalon.core.webui.model.SeleniumActionRetryController.performAction(SeleniumActionRetryController.java:96)
	at com.kms.katalon.core.webui.model.SeleniumActionRetryController.performAction(SeleniumActionRetryController.java:83)
	at com.kms.katalon.core.webui.model.WebUiElementFinderWithTimeout.findElement(WebUiElementFinderWithTimeout.java:28)
	at com.kms.katalon.core.webui.keyword.internal.WebUIAbstractKeyword.lambda$1(WebUIAbstractKeyword.java:119)
	at com.kms.katalon.core.webui.model.SeleniumActionRetryController.performAction(SeleniumActionRetryController.java:96)
	at com.kms.katalon.core.webui.model.SeleniumActionRetryController.performAction(SeleniumActionRetryController.java:83)
	at com.kms.katalon.core.webui.model.SeleniumActionRetryController.retry(SeleniumActionRetryController.java:49)
	at com.kms.katalon.core.webui.model.SeleniumActionRetryController.retry(SeleniumActionRetryController.java:44)
	at com.kms.katalon.core.webui.keyword.internal.WebUIAbstractKeyword.findWebElement(WebUIAbstractKeyword.java:116)
	at com.kms.katalon.core.webui.keyword.builtin.WaitForElementPresentKeyword$_waitForElementPresent_closure1.doCall(WaitForElementPresentKeyword.groovy:54)
	at java.base/jdk.internal.reflect.DirectMethodHandleAccessor.invoke(DirectMethodHandleAccessor.java:103)
	at jdk.proxy2/jdk.proxy2.$Proxy56.execute(Unknown Source)
	at com.kms.katalon.core.webui.model.SeleniumActionRetryController.performAction(SeleniumActionRetryController.java:96)
	at com.kms.katalon.core.webui.model.SeleniumActionRetryController.performAction(SeleniumActionRetryController.java:83)
	at com.kms.katalon.core.webui.keyword.internal.WebUIKeywordMain$_runKeywordUntilTimeout_closure2.doCall(WebUIKeywordMain.groovy:155)
	at com.kms.katalon.core.webui.keyword.internal.WebUIKeywordMain$_runKeywordUntilTimeout_closure2.call(WebUIKeywordMain.groovy)
	at com.kms.katalon.core.webui.keyword.internal.WebUIKeywordMain.runKeyword(WebUIKeywordMain.groovy:41)
	at com.kms.katalon.core.webui.keyword.internal.WebUIKeywordMain.runKeywordUntilTimeout(WebUIKeywordMain.groovy:152)
	at com.kms.katalon.core.webui.keyword.builtin.WaitForElementPresentKeyword.waitForElementPresent(WaitForElementPresentKeyword.groovy:68)
	at com.kms.katalon.core.webui.keyword.builtin.WaitForElementPresentKeyword.execute(WaitForElementPresentKeyword.groovy:38)
	at com.kms.katalon.core.keyword.internal.KeywordExecutor.executeKeywordForPlatform(KeywordExecutor.groovy:99)
	at com.kms.katalon.core.webui.keyword.WebUiBuiltInKeywords.waitForElementPresent(WebUiBuiltInKeywords.groovy:424)
	at TC_Add_Comment.run(TC_Add_Comment:28)
	at com.kms.katalon.core.main.ScriptEngine.run(ScriptEngine.java:203)
	at com.kms.katalon.core.main.ScriptEngine.runScriptAsRawText(ScriptEngine.java:115)
	at com.kms.katalon.core.main.TestCaseExecutor.runScript(TestCaseExecutor.java:504)
	at com.kms.katalon.core.main.TestCaseExecutor.doExecute(TestCaseExecutor.java:495)
	at com.kms.katalon.core.main.TestCaseExecutor.processExecutionPhase(TestCaseExecutor.java:474)
	at com.kms.katalon.core.main.TestCaseExecutor.accessMainPhase(TestCaseExecutor.java:466)
	at com.kms.katalon.core.main.TestCaseExecutor.execute(TestCaseExecutor.java:336)
	at com.kms.katalon.core.main.TestCaseExecutor.execute(TestCaseExecutor.java:424)
	at com.kms.katalon.core.common.CommonExecutor.accessTestCaseMainPhase(CommonExecutor.java:71)
	at com.kms.katalon.core.main.TestSuiteExecutor.accessTestSuiteMainPhase(TestSuiteExecutor.java:153)
	at com.kms.katalon.core.main.TestSuiteExecutor.execute(TestSuiteExecutor.java:110)
	at com.kms.katalon.core.main.TestCaseMain.startTestSuite(TestCaseMain.java:206)
	at S0526_51.run(S0526_51.groovy:40)
	at java.base/jdk.internal.reflect.DirectMethodHandleAccessor.invoke(DirectMethodHandleAccessor.java:103)
</property>
  <property name="failed.exception.class">com.kms.katalon.core.webui.exception.WebElementNotFoundException</property>
  <property name="failed.exception.message">Web element with id: &apos;Object Repository/Page_Work Order  Index- Workforce Manager/input_Search&apos; located by &apos;By.xpath: //*[@id = &apos;created-by-me&apos;]//*[@id = &apos;search-table&apos;]&apos; not found</property>
</record>
<record>
  <date>2026-05-26T21:10:57.666394100Z</date>
  <millis>1779829857666</millis>
  <nanos>394100</nanos>
  <sequence>1631</sequence>
  <level>END</level>
  <class>com.kms.katalon.core.logging.XmlKeywordLogger</class>
  <method>endKeyword</method>
  <thread>1</thread>
  <message>End action : waitForElementPresent(findTestObject(&amp;quot;Page_Work Order  Index- Workforce Manager/input_Search&amp;quot;), 20)</message>
  <nestedLevel>1</nestedLevel>
  <escapedJava>false</escapedJava>
</record>
<record>
  <date>2026-05-26T21:10:57.667383400Z</date>
  <millis>1779829857667</millis>
  <nanos>383400</nanos>
  <sequence>1632</sequence>
  <level>START</level>
  <class>com.kms.katalon.core.logging.XmlKeywordLogger</class>
  <method>startKeyword</method>
  <thread>1</thread>
  <message>Start action : click(findTestObject(&amp;quot;Page_Work Order  View- Workforce Manager/div_Hi there, For line manager escalation or app&amp;quot;))</message>
  <nestedLevel>1</nestedLevel>
  <escapedJava>false</escapedJava>
  <property name="startLine">30</property>
  <property name="stepIndex">5</property>
</record>
<record>
  <date>2026-05-26T21:11:07.728214800Z</date>
  <millis>1779829867728</millis>
  <nanos>214800</nanos>
  <sequence>1639</sequence>
  <level>INFO</level>
  <class>com.kms.katalon.core.logging.XmlKeywordLogger</class>
  <method>logMessage</method>
  <thread>1</thread>
  <message>[AI Self-Healing] Recovering element locator by using AI Self-Healing...</message>
  <nestedLevel>1</nestedLevel>
  <escapedJava>false</escapedJava>
  <property name="aiSelfHealingApplied">true</property>
  <property name="isDebugOnly">true</property>
</record>
<record>
  <date>2026-05-26T21:11:08.380409900Z</date>
  <millis>1779829868380</millis>
  <nanos>409900</nanos>
  <sequence>1644</sequence>
  <level>FAILED</level>
  <class>com.kms.katalon.core.logging.XmlKeywordLogger</class>
  <method>logMessage</method>
  <thread>1</thread>
  <message>Unable to click on object &amp;apos;Object Repository/Page_Work Order  View- Workforce Manager/div_Hi there, For line manager escalation or app&amp;apos; (Root cause: com.kms.katalon.core.exception.StepFailedException: Unable to click on object &amp;apos;Object Repository/Page_Work Order  View- Workforce Manager/div_Hi there, For line manager escalation or app&amp;apos;
	at com.kms.katalon.core.webui.keyword.internal.WebUIKeywordMain.stepFailed(WebUIKeywordMain.groovy:177)
	at com.kms.katalon.core.webui.keyword.internal.WebUIKeywordMain.runKeyword(WebUIKeywordMain.groovy:49)
	at com.kms.katalon.core.webui.keyword.internal.WebUIKeywordMain.runKeywordUntilTimeout(WebUIKeywordMain.groovy:133)
	at com.kms.katalon.core.webui.keyword.builtin.ClickKeyword.click(ClickKeyword.groovy:72)
	at com.kms.katalon.core.webui.keyword.builtin.ClickKeyword.execute(ClickKeyword.groovy:38)
	at com.kms.katalon.core.keyword.internal.KeywordExecutor.executeKeywordForPlatform(KeywordExecutor.groovy:99)
	at com.kms.katalon.core.webui.keyword.WebUiBuiltInKeywords.click(WebUiBuiltInKeywords.groovy:722)
	at TC_Add_Comment.run(TC_Add_Comment:30)
	at com.kms.katalon.core.main.ScriptEngine.run(ScriptEngine.java:203)
	at com.kms.katalon.core.main.ScriptEngine.runScriptAsRawText(ScriptEngine.java:115)
	at com.kms.katalon.core.main.TestCaseExecutor.runScript(TestCaseExecutor.java:504)
	at com.kms.katalon.core.main.TestCaseExecutor.doExecute(TestCaseExecutor.java:495)
	at com.kms.katalon.core.main.TestCaseExecutor.processExecutionPhase(TestCaseExecutor.java:474)
	at com.kms.katalon.core.main.TestCaseExecutor.accessMainPhase(TestCaseExecutor.java:466)
	at com.kms.katalon.core.main.TestCaseExecutor.execute(TestCaseExecutor.java:336)
	at com.kms.katalon.core.main.TestCaseExecutor.execute(TestCaseExecutor.java:424)
	at com.kms.katalon.core.common.CommonExecutor.accessTestCaseMainPhase(CommonExecutor.java:71)
	at com.kms.katalon.core.main.TestSuiteExecutor.accessTestSuiteMainPhase(TestSuiteExecutor.java:153)
	at com.kms.katalon.core.main.TestSuiteExecutor.execute(TestSuiteExecutor.java:110)
	at com.kms.katalon.core.main.TestCaseMain.startTestSuite(TestCaseMain.java:206)
	at S0526_51.run(S0526_51.groovy:40)
	at java.base/jdk.internal.reflect.DirectMethodHandleAccessor.invoke(DirectMethodHandleAccessor.java:103)
Caused by: com.kms.katalon.network.core.model.exception.NetworkErrorException: java.net.UnknownHostException: No such host is known (katalon-api.katalon.com)
	at com.kms.katalon.ai.services.GenAiService.getChatCompletions(GenAiService.java:55)
	at com.katalon.selfhealing.execution.healers.LLMTestObjectHealer.heal(LLMTestObjectHealer.java:241)
	at com.katalon.selfhealing.execution.healers.SelfHealingPipeline.lambda$1(SelfHealingPipeline.java:211)
	at com.kms.katalon.core.executionpipeline.SubExecutionPipeline.execute(SubExecutionPipeline.java:31)
	at com.kms.katalon.core.executionpipeline.SubExecutionPipeline.execute(SubExecutionPipeline.java:25)
	at com.kms.katalon.core.executionpipeline.ExecutionPipeline.execute(ExecutionPipeline.java:16)
	at com.katalon.selfhealing.execution.healers.SelfHealingPipeline.execute(SelfHealingPipeline.java:248)
	at com.kms.katalon.core.webui.keyword.internal.WebUIAbstractKeyword.findElemnentsWithSelfHealing(WebUIAbstractKeyword.java:215)
	at com.kms.katalon.core.webui.keyword.internal.WebUIAbstractKeyword.lambda$1(WebUIAbstractKeyword.java:126)
	at com.kms.katalon.core.webui.model.SeleniumActionRetryController.performAction(SeleniumActionRetryController.java:96)
	at com.kms.katalon.core.webui.model.SeleniumActionRetryController.performAction(SeleniumActionRetryController.java:83)
	at com.kms.katalon.core.webui.model.SeleniumActionRetryController.retry(SeleniumActionRetryController.java:49)
	at com.kms.katalon.core.webui.model.SeleniumActionRetryController.retry(SeleniumActionRetryController.java:44)
	at com.kms.katalon.core.webui.keyword.internal.WebUIAbstractKeyword.findWebElement(WebUIAbstractKeyword.java:116)
	at com.kms.katalon.core.webui.keyword.builtin.ClickKeyword$_click_closure1.doCall(ClickKeyword.groovy:52)
	at java.base/jdk.internal.reflect.DirectMethodHandleAccessor.invoke(DirectMethodHandleAccessor.java:103)
	at jdk.proxy2/jdk.proxy2.$Proxy56.execute(Unknown Source)
	at com.kms.katalon.core.webui.model.SeleniumActionRetryController.performAction(SeleniumActionRetryController.java:96)
	at com.kms.katalon.core.webui.model.SeleniumActionRetryController.performAction(SeleniumActionRetryController.java:83)
	at com.kms.katalon.core.webui.keyword.internal.WebUIKeywordMain$_runKeywordUntilTimeout_closure1.doCall(WebUIKeywordMain.groovy:135)
	at com.kms.katalon.core.webui.keyword.internal.WebUIKeywordMain$_runKeywordUntilTimeout_closure1.call(WebUIKeywordMain.groovy)
	at com.kms.katalon.core.webui.keyword.internal.WebUIKeywordMain.runKeyword(WebUIKeywordMain.groovy:41)
	at com.kms.katalon.core.webui.keyword.internal.WebUIKeywordMain.runKeywordUntilTimeout(WebUIKeywordMain.groovy:133)
	at com.kms.katalon.core.webui.keyword.builtin.ClickKeyword.click(ClickKeyword.groovy:72)
	at com.kms.katalon.core.webui.keyword.builtin.ClickKeyword.execute(ClickKeyword.groovy:38)
	at com.kms.katalon.core.keyword.internal.KeywordExecutor.executeKeywordForPlatform(KeywordExecutor.groovy:99)
	at com.kms.katalon.core.webui.keyword.WebUiBuiltInKeywords.click(WebUiBuiltInKeywords.groovy:722)
	at Script1779529027086.run(Script1779529027086.groovy:30)
	... 14 more
)</message>
  <nestedLevel>1</nestedLevel>
  <escapedJava>false</escapedJava>
  <property name="failed.exception.class">com.kms.katalon.ai.core.model.exception.StudioAssistLlmApiRuntimeException</property>
  <property name="attachment">1779829868157.png</property>
  <property name="failed.exception.stacktrace">com.kms.katalon.network.core.model.exception.NetworkErrorException: java.net.UnknownHostException: No such host is known (katalon-api.katalon.com)
	at com.kms.katalon.ai.services.GenAiService.getChatCompletions(GenAiService.java:55)
	at com.katalon.selfhealing.execution.healers.LLMTestObjectHealer.heal(LLMTestObjectHealer.java:241)
	at com.katalon.selfhealing.execution.healers.SelfHealingPipeline.lambda$1(SelfHealingPipeline.java:211)
	at com.kms.katalon.core.executionpipeline.SubExecutionPipeline.execute(SubExecutionPipeline.java:31)
	at com.kms.katalon.core.executionpipeline.SubExecutionPipeline.execute(SubExecutionPipeline.java:25)
	at com.kms.katalon.core.executionpipeline.ExecutionPipeline.execute(ExecutionPipeline.java:16)
	at com.katalon.selfhealing.execution.healers.SelfHealingPipeline.execute(SelfHealingPipeline.java:248)
	at com.kms.katalon.core.webui.keyword.internal.WebUIAbstractKeyword.findElemnentsWithSelfHealing(WebUIAbstractKeyword.java:215)
	at com.kms.katalon.core.webui.keyword.internal.WebUIAbstractKeyword.lambda$1(WebUIAbstractKeyword.java:126)
	at com.kms.katalon.core.webui.model.SeleniumActionRetryController.performAction(SeleniumActionRetryController.java:96)
	at com.kms.katalon.core.webui.model.SeleniumActionRetryController.performAction(SeleniumActionRetryController.java:83)
	at com.kms.katalon.core.webui.model.SeleniumActionRetryController.retry(SeleniumActionRetryController.java:49)
	at com.kms.katalon.core.webui.model.SeleniumActionRetryController.retry(SeleniumActionRetryController.java:44)
	at com.kms.katalon.core.webui.keyword.internal.WebUIAbstractKeyword.findWebElement(WebUIAbstractKeyword.java:116)
	at com.kms.katalon.core.webui.keyword.builtin.ClickKeyword$_click_closure1.doCall(ClickKeyword.groovy:52)
	at java.base/jdk.internal.reflect.DirectMethodHandleAccessor.invoke(DirectMethodHandleAccessor.java:103)
	at jdk.proxy2/jdk.proxy2.$Proxy56.execute(Unknown Source)
	at com.kms.katalon.core.webui.model.SeleniumActionRetryController.performAction(SeleniumActionRetryController.java:96)
	at com.kms.katalon.core.webui.model.SeleniumActionRetryController.performAction(SeleniumActionRetryController.java:83)
	at com.kms.katalon.core.webui.keyword.internal.WebUIKeywordMain$_runKeywordUntilTimeout_closure1.doCall(WebUIKeywordMain.groovy:135)
	at com.kms.katalon.core.webui.keyword.internal.WebUIKeywordMain$_runKeywordUntilTimeout_closure1.call(WebUIKeywordMain.groovy)
	at com.kms.katalon.core.webui.keyword.internal.WebUIKeywordMain.runKeyword(WebUIKeywordMain.groovy:41)
	at com.kms.katalon.core.webui.keyword.internal.WebUIKeywordMain.runKeywordUntilTimeout(WebUIKeywordMain.groovy:133)
	at com.kms.katalon.core.webui.keyword.builtin.ClickKeyword.click(ClickKeyword.groovy:72)
	at com.kms.katalon.core.webui.keyword.builtin.ClickKeyword.execute(ClickKeyword.groovy:38)
	at com.kms.katalon.core.keyword.internal.KeywordExecutor.executeKeywordForPlatform(KeywordExecutor.groovy:99)
	at com.kms.katalon.core.webui.keyword.WebUiBuiltInKeywords.click(WebUiBuiltInKeywords.groovy:722)
	at TC_Add_Comment.run(TC_Add_Comment:30)
	at com.kms.katalon.core.main.ScriptEngine.run(ScriptEngine.java:203)
	at com.kms.katalon.core.main.ScriptEngine.runScriptAsRawText(ScriptEngine.java:115)
	at com.kms.katalon.core.main.TestCaseExecutor.runScript(TestCaseExecutor.java:504)
	at com.kms.katalon.core.main.TestCaseExecutor.doExecute(TestCaseExecutor.java:495)
	at com.kms.katalon.core.main.TestCaseExecutor.processExecutionPhase(TestCaseExecutor.java:474)
	at com.kms.katalon.core.main.TestCaseExecutor.accessMainPhase(TestCaseExecutor.java:466)
	at com.kms.katalon.core.main.TestCaseExecutor.execute(TestCaseExecutor.java:336)
	at com.kms.katalon.core.main.TestCaseExecutor.execute(TestCaseExecutor.java:424)
	at com.kms.katalon.core.common.CommonExecutor.accessTestCaseMainPhase(CommonExecutor.java:71)
	at com.kms.katalon.core.main.TestSuiteExecutor.accessTestSuiteMainPhase(TestSuiteExecutor.java:153)
	at com.kms.katalon.core.main.TestSuiteExecutor.execute(TestSuiteExecutor.java:110)
	at com.kms.katalon.core.main.TestCaseMain.startTestSuite(TestCaseMain.java:206)
	at S0526_51.run(S0526_51.groovy:40)
	at java.base/jdk.internal.reflect.DirectMethodHandleAccessor.invoke(DirectMethodHandleAccessor.java:103)
</property>
  <property name="failed.exception.message">com.kms.katalon.network.core.model.exception.NetworkErrorException: java.net.UnknownHostException: No such host is known (katalon-api.katalon.com)</property>
</record>
<record>
  <date>2026-05-26T21:11:08.384441800Z</date>
  <millis>1779829868384</millis>
  <nanos>441800</nanos>
  <sequence>1647</sequence>
  <level>END</level>
  <class>com.kms.katalon.core.logging.XmlKeywordLogger</class>
  <method>endKeyword</method>
  <thread>1</thread>
  <message>End action : click(findTestObject(&amp;quot;Page_Work Order  View- Workforce Manager/div_Hi there, For line manager escalation or app&amp;quot;))</message>
  <nestedLevel>1</nestedLevel>
  <escapedJava>false</escapedJava>
</record>
<record>
  <date>2026-05-26T21:11:08.387453Z</date>
  <millis>1779829868387</millis>
  <nanos>453000</nanos>
  <sequence>1650</sequence>
  <level>FAILED</level>
  <class>com.kms.katalon.core.logging.XmlKeywordLogger</class>
  <method>logMessage</method>
  <thread>1</thread>
  <message>Test Cases/TaskActions/Comments/TC_Add_Comment FAILED.
Reason:
com.kms.katalon.core.exception.StepFailedException: Unable to click on object &amp;apos;Object Repository/Page_Work Order  View- Workforce Manager/div_Hi there, For line manager escalation or app&amp;apos;
	at com.kms.katalon.core.webui.keyword.internal.WebUIKeywordMain.stepFailed(WebUIKeywordMain.groovy:177)
	at com.kms.katalon.core.webui.keyword.internal.WebUIKeywordMain.runKeyword(WebUIKeywordMain.groovy:49)
	at com.kms.katalon.core.webui.keyword.internal.WebUIKeywordMain.runKeywordUntilTimeout(WebUIKeywordMain.groovy:133)
	at com.kms.katalon.core.webui.keyword.builtin.ClickKeyword.click(ClickKeyword.groovy:72)
	at com.kms.katalon.core.webui.keyword.builtin.ClickKeyword.execute(ClickKeyword.groovy:38)
	at com.kms.katalon.core.keyword.internal.KeywordExecutor.executeKeywordForPlatform(KeywordExecutor.groovy:99)
	at com.kms.katalon.core.webui.keyword.WebUiBuiltInKeywords.click(WebUiBuiltInKeywords.groovy:722)
	at TC_Add_Comment.run(TC_Add_Comment:30)
	at com.kms.katalon.core.main.ScriptEngine.run(ScriptEngine.java:203)
	at com.kms.katalon.core.main.ScriptEngine.runScriptAsRawText(ScriptEngine.java:115)
	at com.kms.katalon.core.main.TestCaseExecutor.runScript(TestCaseExecutor.java:504)
	at com.kms.katalon.core.main.TestCaseExecutor.doExecute(TestCaseExecutor.java:495)
	at com.kms.katalon.core.main.TestCaseExecutor.processExecutionPhase(TestCaseExecutor.java:474)
	at com.kms.katalon.core.main.TestCaseExecutor.accessMainPhase(TestCaseExecutor.java:466)
	at com.kms.katalon.core.main.TestCaseExecutor.execute(TestCaseExecutor.java:336)
	at com.kms.katalon.core.main.TestCaseExecutor.execute(TestCaseExecutor.java:424)
	at com.kms.katalon.core.common.CommonExecutor.accessTestCaseMainPhase(CommonExecutor.java:71)
	at com.kms.katalon.core.main.TestSuiteExecutor.accessTestSuiteMainPhase(TestSuiteExecutor.java:153)
	at com.kms.katalon.core.main.TestSuiteExecutor.execute(TestSuiteExecutor.java:110)
	at com.kms.katalon.core.main.TestCaseMain.startTestSuite(TestCaseMain.java:206)
	at S0526_51.run(S0526_51.groovy:40)
	at java.base/jdk.internal.reflect.DirectMethodHandleAccessor.invoke(DirectMethodHandleAccessor.java:103)
Caused by: com.kms.katalon.network.core.model.exception.NetworkErrorException: java.net.UnknownHostException: No such host is known (katalon-api.katalon.com)
	at com.kms.katalon.ai.services.GenAiService.getChatCompletions(GenAiService.java:55)
	at com.katalon.selfhealing.execution.healers.LLMTestObjectHealer.heal(LLMTestObjectHealer.java:241)
	at com.katalon.selfhealing.execution.healers.SelfHealingPipeline.lambda$1(SelfHealingPipeline.java:211)
	at com.kms.katalon.core.executionpipeline.SubExecutionPipeline.execute(SubExecutionPipeline.java:31)
	at com.kms.katalon.core.executionpipeline.SubExecutionPipeline.execute(SubExecutionPipeline.java:25)
	at com.kms.katalon.core.executionpipeline.ExecutionPipeline.execute(ExecutionPipeline.java:16)
	at com.katalon.selfhealing.execution.healers.SelfHealingPipeline.execute(SelfHealingPipeline.java:248)
	at com.kms.katalon.core.webui.keyword.internal.WebUIAbstractKeyword.findElemnentsWithSelfHealing(WebUIAbstractKeyword.java:215)
	at com.kms.katalon.core.webui.keyword.internal.WebUIAbstractKeyword.lambda$1(WebUIAbstractKeyword.java:126)
	at com.kms.katalon.core.webui.model.SeleniumActionRetryController.performAction(SeleniumActionRetryController.java:96)
	at com.kms.katalon.core.webui.model.SeleniumActionRetryController.performAction(SeleniumActionRetryController.java:83)
	at com.kms.katalon.core.webui.model.SeleniumActionRetryController.retry(SeleniumActionRetryController.java:49)
	at com.kms.katalon.core.webui.model.SeleniumActionRetryController.retry(SeleniumActionRetryController.java:44)
	at com.kms.katalon.core.webui.keyword.internal.WebUIAbstractKeyword.findWebElement(WebUIAbstractKeyword.java:116)
	at com.kms.katalon.core.webui.keyword.builtin.ClickKeyword$_click_closure1.doCall(ClickKeyword.groovy:52)
	at java.base/jdk.internal.reflect.DirectMethodHandleAccessor.invoke(DirectMethodHandleAccessor.java:103)
	at jdk.proxy2/jdk.proxy2.$Proxy56.execute(Unknown Source)
	at com.kms.katalon.core.webui.model.SeleniumActionRetryController.performAction(SeleniumActionRetryController.java:96)
	at com.kms.katalon.core.webui.model.SeleniumActionRetryController.performAction(SeleniumActionRetryController.java:83)
	at com.kms.katalon.core.webui.keyword.internal.WebUIKeywordMain$_runKeywordUntilTimeout_closure1.doCall(WebUIKeywordMain.groovy:135)
	at com.kms.katalon.core.webui.keyword.internal.WebUIKeywordMain$_runKeywordUntilTimeout_closure1.call(WebUIKeywordMain.groovy)
	at com.kms.katalon.core.webui.keyword.internal.WebUIKeywordMain.runKeyword(WebUIKeywordMain.groovy:41)
	... 20 more
</message>
  <exception>
    <message>com.kms.katalon.core.exception.StepFailedException: Unable to click on object 'Object Repository/Page_Work Order  View- Workforce Manager/div_Hi there, For line manager escalation or app'</message>
    <frame>
      <class>com.kms.katalon.core.logging.XmlKeywordLogger</class>
      <method>logMessage</method>
      <line>518</line>
    </frame>
    <frame>
      <class>com.kms.katalon.core.logging.KeywordLogger</class>
      <method>logMessage</method>
      <line>475</line>
    </frame>
    <frame>
      <class>com.kms.katalon.core.main.TestCaseExecutor</class>
      <method>logError</method>
      <line>621</line>
    </frame>
    <frame>
      <class>com.kms.katalon.core.main.TestCaseExecutor</class>
      <method>onExecutionError</method>
      <line>199</line>
    </frame>
    <frame>
      <class>com.kms.katalon.core.main.TestCaseExecutor</class>
      <method>processExecutionPhase</method>
      <line>484</line>
    </frame>
    <frame>
      <class>com.kms.katalon.core.main.TestCaseExecutor</class>
      <method>accessMainPhase</method>
      <line>466</line>
    </frame>
    <frame>
      <class>com.kms.katalon.core.main.TestCaseExecutor</class>
      <method>execute</method>
      <line>336</line>
    </frame>
    <frame>
      <class>com.kms.katalon.core.main.TestCaseExecutor</class>
      <method>execute</method>
      <line>424</line>
    </frame>
    <frame>
      <class>com.kms.katalon.core.common.CommonExecutor</class>
      <method>accessTestCaseMainPhase</method>
      <line>71</line>
    </frame>
    <frame>
      <class>com.kms.katalon.core.main.TestSuiteExecutor</class>
      <method>accessTestSuiteMainPhase</method>
      <line>153</line>
    </frame>
    <frame>
      <class>com.kms.katalon.core.main.TestSuiteExecutor</class>
      <method>execute</method>
      <line>110</line>
    </frame>
    <frame>
      <class>com.kms.katalon.core.main.TestCaseMain</class>
      <method>startTestSuite</method>
      <line>206</line>
    </frame>
    <frame>
      <class>org.codehaus.groovy.vmplugin.v8.IndyInterface</class>
      <method>fromCache</method>
      <line>318</line>
    </frame>
    <frame>
      <class>S0526_51</class>
      <method>run</method>
      <line>40</line>
    </frame>
    <frame>
      <class>groovy.lang.GroovyShell</class>
      <method>runScriptOrMainOrTestOrRunnable</method>
      <line>254</line>
    </frame>
    <frame>
      <class>groovy.lang.GroovyShell</class>
      <method>run</method>
      <line>360</line>
    </frame>
    <frame>
      <class>groovy.lang.GroovyShell</class>
      <method>run</method>
      <line>349</line>
    </frame>
    <frame>
      <class>groovy.ui.GroovyMain</class>
      <method>processOnce</method>
      <line>652</line>
    </frame>
    <frame>
      <class>groovy.ui.GroovyMain</class>
      <method>run</method>
      <line>398</line>
    </frame>
    <frame>
      <class>groovy.ui.GroovyMain</class>
      <method>access$1400</method>
      <line>68</line>
    </frame>
    <frame>
      <class>groovy.ui.GroovyMain$GroovyCommand</class>
      <method>process</method>
      <line>322</line>
    </frame>
    <frame>
      <class>groovy.ui.GroovyMain</class>
      <method>processArgs</method>
      <line>142</line>
    </frame>
    <frame>
      <class>groovy.ui.GroovyMain</class>
      <method>main</method>
      <line>115</line>
    </frame>
    <frame>
      <class>jdk.internal.reflect.DirectMethodHandleAccessor</class>
      <method>invoke</method>
      <line>103</line>
    </frame>
    <frame>
      <class>java.lang.reflect.Method</class>
      <method>invoke</method>
      <line>580</line>
    </frame>
    <frame>
      <class>org.codehaus.groovy.tools.GroovyStarter</class>
      <method>rootLoader</method>
      <line>117</line>
    </frame>
    <frame>
      <class>org.codehaus.groovy.tools.GroovyStarter</class>
      <method>main</method>
      <line>39</line>
    </frame>
  </exception>
  <nestedLevel>0</nestedLevel>
  <escapedJava>false</escapedJava>
  <property name="failed.exception.stacktrace">com.kms.katalon.network.core.model.exception.NetworkErrorException: java.net.UnknownHostException: No such host is known (katalon-api.katalon.com)
	at com.kms.katalon.ai.services.GenAiService.getChatCompletions(GenAiService.java:55)
	at com.katalon.selfhealing.execution.healers.LLMTestObjectHealer.heal(LLMTestObjectHealer.java:241)
	at com.katalon.selfhealing.execution.healers.SelfHealingPipeline.lambda$1(SelfHealingPipeline.java:211)
	at com.kms.katalon.core.executionpipeline.SubExecutionPipeline.execute(SubExecutionPipeline.java:31)
	at com.kms.katalon.core.executionpipeline.SubExecutionPipeline.execute(SubExecutionPipeline.java:25)
	at com.kms.katalon.core.executionpipeline.ExecutionPipeline.execute(ExecutionPipeline.java:16)
	at com.katalon.selfhealing.execution.healers.SelfHealingPipeline.execute(SelfHealingPipeline.java:248)
	at com.kms.katalon.core.webui.keyword.internal.WebUIAbstractKeyword.findElemnentsWithSelfHealing(WebUIAbstractKeyword.java:215)
	at com.kms.katalon.core.webui.keyword.internal.WebUIAbstractKeyword.lambda$1(WebUIAbstractKeyword.java:126)
	at com.kms.katalon.core.webui.model.SeleniumActionRetryController.performAction(SeleniumActionRetryController.java:96)
	at com.kms.katalon.core.webui.model.SeleniumActionRetryController.performAction(SeleniumActionRetryController.java:83)
	at com.kms.katalon.core.webui.model.SeleniumActionRetryController.retry(SeleniumActionRetryController.java:49)
	at com.kms.katalon.core.webui.model.SeleniumActionRetryController.retry(SeleniumActionRetryController.java:44)
	at com.kms.katalon.core.webui.keyword.internal.WebUIAbstractKeyword.findWebElement(WebUIAbstractKeyword.java:116)
	at com.kms.katalon.core.webui.keyword.builtin.ClickKeyword$_click_closure1.doCall(ClickKeyword.groovy:52)
	at java.base/jdk.internal.reflect.DirectMethodHandleAccessor.invoke(DirectMethodHandleAccessor.java:103)
	at jdk.proxy2/jdk.proxy2.$Proxy56.execute(Unknown Source)
	at com.kms.katalon.core.webui.model.SeleniumActionRetryController.performAction(SeleniumActionRetryController.java:96)
	at com.kms.katalon.core.webui.model.SeleniumActionRetryController.performAction(SeleniumActionRetryController.java:83)
	at com.kms.katalon.core.webui.keyword.internal.WebUIKeywordMain$_runKeywordUntilTimeout_closure1.doCall(WebUIKeywordMain.groovy:135)
	at com.kms.katalon.core.webui.keyword.internal.WebUIKeywordMain$_runKeywordUntilTimeout_closure1.call(WebUIKeywordMain.groovy)
	at com.kms.katalon.core.webui.keyword.internal.WebUIKeywordMain.runKeyword(WebUIKeywordMain.groovy:41)
	at com.kms.katalon.core.webui.keyword.internal.WebUIKeywordMain.runKeywordUntilTimeout(WebUIKeywordMain.groovy:133)
	at com.kms.katalon.core.webui.keyword.builtin.ClickKeyword.click(ClickKeyword.groovy:72)
	at com.kms.katalon.core.webui.keyword.builtin.ClickKeyword.execute(ClickKeyword.groovy:38)
	at com.kms.katalon.core.keyword.internal.KeywordExecutor.executeKeywordForPlatform(KeywordExecutor.groovy:99)
	at com.kms.katalon.core.webui.keyword.WebUiBuiltInKeywords.click(WebUiBuiltInKeywords.groovy:722)
	at TC_Add_Comment.run(TC_Add_Comment:30)
	at com.kms.katalon.core.main.ScriptEngine.run(ScriptEngine.java:203)
	at com.kms.katalon.core.main.ScriptEngine.runScriptAsRawText(ScriptEngine.java:115)
	at com.kms.katalon.core.main.TestCaseExecutor.runScript(TestCaseExecutor.java:504)
	at com.kms.katalon.core.main.TestCaseExecutor.doExecute(TestCaseExecutor.java:495)
	at com.kms.katalon.core.main.TestCaseExecutor.processExecutionPhase(TestCaseExecutor.java:474)
	at com.kms.katalon.core.main.TestCaseExecutor.accessMainPhase(TestCaseExecutor.java:466)
	at com.kms.katalon.core.main.TestCaseExecutor.execute(TestCaseExecutor.java:336)
	at com.kms.katalon.core.main.TestCaseExecutor.execute(TestCaseExecutor.java:424)
	at com.kms.katalon.core.common.CommonExecutor.accessTestCaseMainPhase(CommonExecutor.java:71)
	at com.kms.katalon.core.main.TestSuiteExecutor.accessTestSuiteMainPhase(TestSuiteExecutor.java:153)
	at com.kms.katalon.core.main.TestSuiteExecutor.execute(TestSuiteExecutor.java:110)
	at com.kms.katalon.core.main.TestCaseMain.startTestSuite(TestCaseMain.java:206)
	at S0526_51.run(S0526_51.groovy:40)
	at java.base/jdk.internal.reflect.DirectMethodHandleAccessor.invoke(DirectMethodHandleAccessor.java:103)
</property>
  <property name="failed.exception.class">com.kms.katalon.ai.core.model.exception.StudioAssistLlmApiRuntimeException</property>
  <property name="failed.exception.message">com.kms.katalon.network.core.model.exception.NetworkErrorException: java.net.UnknownHostException: No such host is known (katalon-api.katalon.com)</property>
</record>
<record>
  <date>2026-05-26T21:11:08.393859500Z</date>
  <millis>1779829868393</millis>
  <nanos>859500</nanos>
  <sequence>1652</sequence>
  <level>END</level>
  <class>com.kms.katalon.core.logging.XmlKeywordLogger</class>
  <method>endTest</method>
  <thread>1</thread>
  <message>End Test Case : Test Cases/TaskActions/Comments/TC_Add_Comment</message>
  <nestedLevel>0</nestedLevel>
  <escapedJava>false</escapedJava>
  <property name="executionBindingVariables">[]</property>
  <property name="applitools">false</property>
  <property name="remainingRetryCount">2</property>
  <property name="executedKeywords">{
  &quot;WebUI.click&quot;: 1,
  &quot;WebUI.waitForPageLoad&quot;: 2,
  &quot;WebUI.waitForElementPresent&quot;: 2
}</property>
  <property name="currentRetryCount">1</property>
  <property name="keywordsUsage">{
  &quot;web_ui&quot;: true,
  &quot;web_service&quot;: false,
  &quot;cucumber&quot;: false,
  &quot;builtin&quot;: false,
  &quot;mobile&quot;: false,
  &quot;windows&quot;: false,
  &quot;testng&quot;: false
}</property>
</record>
<record>
  <date>2026-05-26T21:11:08.413942100Z</date>
  <millis>1779829868413</millis>
  <nanos>942100</nanos>
  <sequence>1653</sequence>
  <level>START</level>
  <class>com.kms.katalon.core.logging.XmlKeywordLogger</class>
  <method>startTest</method>
  <thread>1</thread>
  <message>Start Test Case : Test Cases/TaskActions/Comments/TC_Add_Comment</message>
  <nestedLevel>1</nestedLevel>
  <escapedJava>false</escapedJava>
  <property name="remainingRetryCount">1</property>
  <property name="origin"></property>
  <property name="name">Test Cases/TaskActions/Comments/TC_Add_Comment</property>
  <property name="description"></property>
  <property name="iteration"></property>
  <property name="id">Test Cases/TaskActions/Comments/TC_Add_Comment</property>
  <property name="source">C:\Users\CROWN-STAFF\git\convergence-qa-tests\Test Cases\TaskActions\Comments\TC_Add_Comment.tc</property>
  <property name="tag"></property>
  <property name="isOptional">false</property>
  <property name="uuid">cbad5c84-f3ae-4fa0-8db5-3cec74b2758a</property>
  <property name="currentRetryCount">2</property>
</record>
<record>
  <date>2026-05-26T21:11:08.463646400Z</date>
  <millis>1779829868463</millis>
  <nanos>646400</nanos>
  <sequence>1655</sequence>
  <level>RUN_DATA</level>
  <class>com.kms.katalon.core.logging.XmlKeywordLogger</class>
  <method>logMessage</method>
  <thread>1</thread>
  <message>executionBindingVariables = []</message>
  <nestedLevel>1</nestedLevel>
  <escapedJava>false</escapedJava>
  <property name="executionBindingVariables">[]</property>
</record>
<record>
  <date>2026-05-26T21:11:08.475472300Z</date>
  <millis>1779829868475</millis>
  <nanos>472300</nanos>
  <sequence>1656</sequence>
  <level>START</level>
  <class>com.kms.katalon.core.logging.XmlKeywordLogger</class>
  <method>startKeyword</method>
  <thread>1</thread>
  <message>Start action : waitForPageLoad(20)</message>
  <nestedLevel>1</nestedLevel>
  <escapedJava>false</escapedJava>
  <property name="startLine">21</property>
  <property name="stepIndex">1</property>
</record>
<record>
  <date>2026-05-26T21:11:08.501117100Z</date>
  <millis>1779829868501</millis>
  <nanos>117100</nanos>
  <sequence>1660</sequence>
  <level>PASSED</level>
  <class>com.kms.katalon.core.logging.XmlKeywordLogger</class>
  <method>logMessage</method>
  <thread>1</thread>
  <message>Wait for page load successfully</message>
  <nestedLevel>1</nestedLevel>
  <escapedJava>false</escapedJava>
  <property name="testops-method-name">com.kms.katalon.core.webui.keyword.internal.WebUIKeywordMain$runKeyword$0.call</property>
  <property name="testops-execution-stacktrace">com.kms.katalon.core.logging.KeywordLogger.logPassed(KeywordLogger.java:350)
com.kms.katalon.core.logging.KeywordLogger.logPassed(KeywordLogger.java:345)
com.kms.katalon.core.logging.KeywordLogger$logPassed$0.call(Unknown Source)
com.kms.katalon.core.webui.keyword.builtin.WaitForPageLoadKeyword$_waitForPageLoad_closure1.doCall(WaitForPageLoadKeyword.groovy:94)
com.kms.katalon.core.webui.keyword.builtin.WaitForPageLoadKeyword$_waitForPageLoad_closure1.doCall(WaitForPageLoadKeyword.groovy)
java.base/jdk.internal.reflect.DirectMethodHandleAccessor.invoke(DirectMethodHandleAccessor.java:103)
com.kms.katalon.core.webui.keyword.internal.WebUIKeywordMain.runKeyword(WebUIKeywordMain.groovy:41)
com.kms.katalon.core.webui.keyword.internal.WebUIKeywordMain$runKeyword$0.call(Unknown Source)
com.kms.katalon.core.webui.keyword.builtin.WaitForPageLoadKeyword.waitForPageLoad(WaitForPageLoadKeyword.groovy:95)
com.kms.katalon.core.webui.keyword.builtin.WaitForPageLoadKeyword.execute(WaitForPageLoadKeyword.groovy:68)
com.kms.katalon.core.keyword.internal.KeywordExecutor.executeKeywordForPlatform(KeywordExecutor.groovy:99)
com.kms.katalon.core.webui.keyword.WebUiBuiltInKeywords.waitForPageLoad(WebUiBuiltInKeywords.groovy:2559)
TC_Add_Comment.run(TC_Add_Comment:21)
</property>
</record>
<record>
  <date>2026-05-26T21:11:08.505187300Z</date>
  <millis>1779829868505</millis>
  <nanos>187300</nanos>
  <sequence>1661</sequence>
  <level>END</level>
  <class>com.kms.katalon.core.logging.XmlKeywordLogger</class>
  <method>endKeyword</method>
  <thread>1</thread>
  <message>End action : waitForPageLoad(20)</message>
  <nestedLevel>1</nestedLevel>
  <escapedJava>false</escapedJava>
</record>
<record>
  <date>2026-05-26T21:11:08.505715900Z</date>
  <millis>1779829868505</millis>
  <nanos>715900</nanos>
  <sequence>1662</sequence>
  <level>START</level>
  <class>com.kms.katalon.core.logging.XmlKeywordLogger</class>
  <method>startKeyword</method>
  <thread>1</thread>
  <message>Start action : waitForElementPresent(findTestObject(&amp;quot;Page_Work Order  Index- Workforce Manager/input_Search&amp;quot;), 20)</message>
  <nestedLevel>1</nestedLevel>
  <escapedJava>false</escapedJava>
  <property name="startLine">23</property>
  <property name="stepIndex">2</property>
</record>
<record>
  <date>2026-05-26T21:11:28.528390700Z</date>
  <millis>1779829888528</millis>
  <nanos>390700</nanos>
  <sequence>1668</sequence>
  <level>WARNING</level>
  <class>com.kms.katalon.core.logging.XmlKeywordLogger</class>
  <method>logMessage</method>
  <thread>1</thread>
  <message>Object &amp;apos;Object Repository/Page_Work Order  Index- Workforce Manager/input_Search&amp;apos; is not present after 20 second(s)</message>
  <nestedLevel>1</nestedLevel>
  <escapedJava>false</escapedJava>
  <property name="failed.exception.stacktrace">com.kms.katalon.core.webui.exception.WebElementNotFoundException: Web element with id: &apos;Object Repository/Page_Work Order  Index- Workforce Manager/input_Search&apos; located by &apos;By.xpath: //*[@id = &apos;created-by-me&apos;]//*[@id = &apos;search-table&apos;]&apos; not found
	at com.kms.katalon.core.webui.model.WebUiElementFinder.findElementByNormalMethods(WebUiElementFinder.java:201)
	at com.kms.katalon.core.webui.model.WebUiElementFinder.findElementsBySelectedMethod(WebUiElementFinder.java:99)
	at com.kms.katalon.core.webui.model.WebUiElementFinder.findElementsBySelectedMethod(WebUiElementFinder.java:82)
	at com.kms.katalon.core.webui.model.WebUiElementFinder.findElementsBySelectedMethod(WebUiElementFinder.java:77)
	at com.kms.katalon.core.webui.model.WebUiElementFinder.findElement(WebUiElementFinder.java:51)
	at com.kms.katalon.core.webui.model.WebUiElementFinderWithTimeout.basicFindElement(WebUiElementFinderWithTimeout.java:51)
	at com.kms.katalon.core.webui.model.WebUiElementFinderWithTimeout.lambda$0(WebUiElementFinderWithTimeout.java:29)
	at com.kms.katalon.core.webui.model.SeleniumActionRetryController.performAction(SeleniumActionRetryController.java:96)
	at com.kms.katalon.core.webui.model.SeleniumActionRetryController.performAction(SeleniumActionRetryController.java:83)
	at com.kms.katalon.core.webui.model.WebUiElementFinderWithTimeout.findElement(WebUiElementFinderWithTimeout.java:28)
	at com.kms.katalon.core.webui.keyword.internal.WebUIAbstractKeyword.lambda$1(WebUIAbstractKeyword.java:119)
	at com.kms.katalon.core.webui.model.SeleniumActionRetryController.performAction(SeleniumActionRetryController.java:96)
	at com.kms.katalon.core.webui.model.SeleniumActionRetryController.performAction(SeleniumActionRetryController.java:83)
	at com.kms.katalon.core.webui.model.SeleniumActionRetryController.retry(SeleniumActionRetryController.java:49)
	at com.kms.katalon.core.webui.model.SeleniumActionRetryController.retry(SeleniumActionRetryController.java:44)
	at com.kms.katalon.core.webui.keyword.internal.WebUIAbstractKeyword.findWebElement(WebUIAbstractKeyword.java:116)
	at com.kms.katalon.core.webui.keyword.builtin.WaitForElementPresentKeyword$_waitForElementPresent_closure1.doCall(WaitForElementPresentKeyword.groovy:54)
	at java.base/jdk.internal.reflect.DirectMethodHandleAccessor.invoke(DirectMethodHandleAccessor.java:103)
	at jdk.proxy2/jdk.proxy2.$Proxy56.execute(Unknown Source)
	at com.kms.katalon.core.webui.model.SeleniumActionRetryController.performAction(SeleniumActionRetryController.java:96)
	at com.kms.katalon.core.webui.model.SeleniumActionRetryController.performAction(SeleniumActionRetryController.java:83)
	at com.kms.katalon.core.webui.keyword.internal.WebUIKeywordMain$_runKeywordUntilTimeout_closure2.doCall(WebUIKeywordMain.groovy:155)
	at com.kms.katalon.core.webui.keyword.internal.WebUIKeywordMain$_runKeywordUntilTimeout_closure2.call(WebUIKeywordMain.groovy)
	at com.kms.katalon.core.webui.keyword.internal.WebUIKeywordMain.runKeyword(WebUIKeywordMain.groovy:41)
	at com.kms.katalon.core.webui.keyword.internal.WebUIKeywordMain.runKeywordUntilTimeout(WebUIKeywordMain.groovy:152)
	at com.kms.katalon.core.webui.keyword.builtin.WaitForElementPresentKeyword.waitForElementPresent(WaitForElementPresentKeyword.groovy:68)
	at com.kms.katalon.core.webui.keyword.builtin.WaitForElementPresentKeyword.execute(WaitForElementPresentKeyword.groovy:38)
	at com.kms.katalon.core.keyword.internal.KeywordExecutor.executeKeywordForPlatform(KeywordExecutor.groovy:99)
	at com.kms.katalon.core.webui.keyword.WebUiBuiltInKeywords.waitForElementPresent(WebUiBuiltInKeywords.groovy:424)
	at TC_Add_Comment.run(TC_Add_Comment:23)
	at com.kms.katalon.core.main.ScriptEngine.run(ScriptEngine.java:203)
	at com.kms.katalon.core.main.ScriptEngine.runScriptAsRawText(ScriptEngine.java:115)
	at com.kms.katalon.core.main.TestCaseExecutor.runScript(TestCaseExecutor.java:504)
	at com.kms.katalon.core.main.TestCaseExecutor.doExecute(TestCaseExecutor.java:495)
	at com.kms.katalon.core.main.TestCaseExecutor.processExecutionPhase(TestCaseExecutor.java:474)
	at com.kms.katalon.core.main.TestCaseExecutor.accessMainPhase(TestCaseExecutor.java:466)
	at com.kms.katalon.core.main.TestCaseExecutor.execute(TestCaseExecutor.java:336)
	at com.kms.katalon.core.main.TestCaseExecutor.execute(TestCaseExecutor.java:424)
	at com.kms.katalon.core.main.TestCaseExecutor.execute(TestCaseExecutor.java:424)
	at com.kms.katalon.core.common.CommonExecutor.accessTestCaseMainPhase(CommonExecutor.java:71)
	at com.kms.katalon.core.main.TestSuiteExecutor.accessTestSuiteMainPhase(TestSuiteExecutor.java:153)
	at com.kms.katalon.core.main.TestSuiteExecutor.execute(TestSuiteExecutor.java:110)
	at com.kms.katalon.core.main.TestCaseMain.startTestSuite(TestCaseMain.java:206)
	at S0526_51.run(S0526_51.groovy:40)
	at java.base/jdk.internal.reflect.DirectMethodHandleAccessor.invoke(DirectMethodHandleAccessor.java:103)
</property>
  <property name="failed.exception.class">com.kms.katalon.core.webui.exception.WebElementNotFoundException</property>
  <property name="failed.exception.message">Web element with id: &apos;Object Repository/Page_Work Order  Index- Workforce Manager/input_Search&apos; located by &apos;By.xpath: //*[@id = &apos;created-by-me&apos;]//*[@id = &apos;search-table&apos;]&apos; not found</property>
</record>
<record>
  <date>2026-05-26T21:11:28.534964200Z</date>
  <millis>1779829888534</millis>
  <nanos>964200</nanos>
  <sequence>1669</sequence>
  <level>END</level>
  <class>com.kms.katalon.core.logging.XmlKeywordLogger</class>
  <method>endKeyword</method>
  <thread>1</thread>
  <message>End action : waitForElementPresent(findTestObject(&amp;quot;Page_Work Order  Index- Workforce Manager/input_Search&amp;quot;), 20)</message>
  <nestedLevel>1</nestedLevel>
  <escapedJava>false</escapedJava>
</record>
<record>
  <date>2026-05-26T21:11:28.534964200Z</date>
  <millis>1779829888534</millis>
  <nanos>964200</nanos>
  <sequence>1670</sequence>
  <level>START</level>
  <class>com.kms.katalon.core.logging.XmlKeywordLogger</class>
  <method>startKeyword</method>
  <thread>1</thread>
  <message>Start action : waitForPageLoad(20)</message>
  <nestedLevel>1</nestedLevel>
  <escapedJava>false</escapedJava>
  <property name="startLine">26</property>
  <property name="stepIndex">3</property>
</record>
<record>
  <date>2026-05-26T21:11:28.554276300Z</date>
  <millis>1779829888554</millis>
  <nanos>276300</nanos>
  <sequence>1674</sequence>
  <level>PASSED</level>
  <class>com.kms.katalon.core.logging.XmlKeywordLogger</class>
  <method>logMessage</method>
  <thread>1</thread>
  <message>Wait for page load successfully</message>
  <nestedLevel>1</nestedLevel>
  <escapedJava>false</escapedJava>
  <property name="testops-method-name">com.kms.katalon.core.webui.keyword.internal.WebUIKeywordMain$runKeyword$0.call</property>
  <property name="testops-execution-stacktrace">com.kms.katalon.core.logging.KeywordLogger.logPassed(KeywordLogger.java:350)
com.kms.katalon.core.logging.KeywordLogger.logPassed(KeywordLogger.java:345)
com.kms.katalon.core.logging.KeywordLogger$logPassed$0.call(Unknown Source)
com.kms.katalon.core.webui.keyword.builtin.WaitForPageLoadKeyword$_waitForPageLoad_closure1.doCall(WaitForPageLoadKeyword.groovy:94)
com.kms.katalon.core.webui.keyword.builtin.WaitForPageLoadKeyword$_waitForPageLoad_closure1.doCall(WaitForPageLoadKeyword.groovy)
java.base/jdk.internal.reflect.DirectMethodHandleAccessor.invoke(DirectMethodHandleAccessor.java:103)
com.kms.katalon.core.webui.keyword.internal.WebUIKeywordMain.runKeyword(WebUIKeywordMain.groovy:41)
com.kms.katalon.core.webui.keyword.internal.WebUIKeywordMain$runKeyword$0.call(Unknown Source)
com.kms.katalon.core.webui.keyword.builtin.WaitForPageLoadKeyword.waitForPageLoad(WaitForPageLoadKeyword.groovy:95)
com.kms.katalon.core.webui.keyword.builtin.WaitForPageLoadKeyword.execute(WaitForPageLoadKeyword.groovy:68)
com.kms.katalon.core.keyword.internal.KeywordExecutor.executeKeywordForPlatform(KeywordExecutor.groovy:99)
com.kms.katalon.core.webui.keyword.WebUiBuiltInKeywords.waitForPageLoad(WebUiBuiltInKeywords.groovy:2559)
TC_Add_Comment.run(TC_Add_Comment:26)
</property>
</record>
<record>
  <date>2026-05-26T21:11:28.555275500Z</date>
  <millis>1779829888555</millis>
  <nanos>275500</nanos>
  <sequence>1675</sequence>
  <level>END</level>
  <class>com.kms.katalon.core.logging.XmlKeywordLogger</class>
  <method>endKeyword</method>
  <thread>1</thread>
  <message>End action : waitForPageLoad(20)</message>
  <nestedLevel>1</nestedLevel>
  <escapedJava>false</escapedJava>
</record>
<record>
  <date>2026-05-26T21:11:28.556260400Z</date>
  <millis>1779829888556</millis>
  <nanos>260400</nanos>
  <sequence>1676</sequence>
  <level>START</level>
  <class>com.kms.katalon.core.logging.XmlKeywordLogger</class>
  <method>startKeyword</method>
  <thread>1</thread>
  <message>Start action : waitForElementPresent(findTestObject(&amp;quot;Page_Work Order  Index- Workforce Manager/input_Search&amp;quot;), 20)</message>
  <nestedLevel>1</nestedLevel>
  <escapedJava>false</escapedJava>
  <property name="startLine">28</property>
  <property name="stepIndex">4</property>
</record>
<record>
  <date>2026-05-26T21:11:49.417089700Z</date>
  <millis>1779829909417</millis>
  <nanos>89700</nanos>
  <sequence>1682</sequence>
  <level>WARNING</level>
  <class>com.kms.katalon.core.logging.XmlKeywordLogger</class>
  <method>logMessage</method>
  <thread>1</thread>
  <message>Object &amp;apos;Object Repository/Page_Work Order  Index- Workforce Manager/input_Search&amp;apos; is not present after 20 second(s)</message>
  <nestedLevel>1</nestedLevel>
  <escapedJava>false</escapedJava>
  <property name="failed.exception.stacktrace">com.kms.katalon.core.webui.exception.WebElementNotFoundException: Web element with id: &apos;Object Repository/Page_Work Order  Index- Workforce Manager/input_Search&apos; located by &apos;By.xpath: //*[@id = &apos;created-by-me&apos;]//*[@id = &apos;search-table&apos;]&apos; not found
	at com.kms.katalon.core.webui.model.WebUiElementFinder.findElementByNormalMethods(WebUiElementFinder.java:201)
	at com.kms.katalon.core.webui.model.WebUiElementFinder.findElementsBySelectedMethod(WebUiElementFinder.java:99)
	at com.kms.katalon.core.webui.model.WebUiElementFinder.findElementsBySelectedMethod(WebUiElementFinder.java:82)
	at com.kms.katalon.core.webui.model.WebUiElementFinder.findElementsBySelectedMethod(WebUiElementFinder.java:77)
	at com.kms.katalon.core.webui.model.WebUiElementFinder.findElement(WebUiElementFinder.java:51)
	at com.kms.katalon.core.webui.model.WebUiElementFinderWithTimeout.basicFindElement(WebUiElementFinderWithTimeout.java:51)
	at com.kms.katalon.core.webui.model.WebUiElementFinderWithTimeout.lambda$0(WebUiElementFinderWithTimeout.java:29)
	at com.kms.katalon.core.webui.model.SeleniumActionRetryController.performAction(SeleniumActionRetryController.java:96)
	at com.kms.katalon.core.webui.model.SeleniumActionRetryController.performAction(SeleniumActionRetryController.java:83)
	at com.kms.katalon.core.webui.model.WebUiElementFinderWithTimeout.findElement(WebUiElementFinderWithTimeout.java:28)
	at com.kms.katalon.core.webui.keyword.internal.WebUIAbstractKeyword.lambda$1(WebUIAbstractKeyword.java:119)
	at com.kms.katalon.core.webui.model.SeleniumActionRetryController.performAction(SeleniumActionRetryController.java:96)
	at com.kms.katalon.core.webui.model.SeleniumActionRetryController.performAction(SeleniumActionRetryController.java:83)
	at com.kms.katalon.core.webui.model.SeleniumActionRetryController.retry(SeleniumActionRetryController.java:49)
	at com.kms.katalon.core.webui.model.SeleniumActionRetryController.retry(SeleniumActionRetryController.java:44)
	at com.kms.katalon.core.webui.keyword.internal.WebUIAbstractKeyword.findWebElement(WebUIAbstractKeyword.java:116)
	at com.kms.katalon.core.webui.keyword.builtin.WaitForElementPresentKeyword$_waitForElementPresent_closure1.doCall(WaitForElementPresentKeyword.groovy:54)
	at java.base/jdk.internal.reflect.DirectMethodHandleAccessor.invoke(DirectMethodHandleAccessor.java:103)
	at jdk.proxy2/jdk.proxy2.$Proxy56.execute(Unknown Source)
	at com.kms.katalon.core.webui.model.SeleniumActionRetryController.performAction(SeleniumActionRetryController.java:96)
	at com.kms.katalon.core.webui.model.SeleniumActionRetryController.performAction(SeleniumActionRetryController.java:83)
	at com.kms.katalon.core.webui.keyword.internal.WebUIKeywordMain$_runKeywordUntilTimeout_closure2.doCall(WebUIKeywordMain.groovy:155)
	at com.kms.katalon.core.webui.keyword.internal.WebUIKeywordMain$_runKeywordUntilTimeout_closure2.call(WebUIKeywordMain.groovy)
	at com.kms.katalon.core.webui.keyword.internal.WebUIKeywordMain.runKeyword(WebUIKeywordMain.groovy:41)
	at com.kms.katalon.core.webui.keyword.internal.WebUIKeywordMain.runKeywordUntilTimeout(WebUIKeywordMain.groovy:152)
	at com.kms.katalon.core.webui.keyword.builtin.WaitForElementPresentKeyword.waitForElementPresent(WaitForElementPresentKeyword.groovy:68)
	at com.kms.katalon.core.webui.keyword.builtin.WaitForElementPresentKeyword.execute(WaitForElementPresentKeyword.groovy:38)
	at com.kms.katalon.core.keyword.internal.KeywordExecutor.executeKeywordForPlatform(KeywordExecutor.groovy:99)
	at com.kms.katalon.core.webui.keyword.WebUiBuiltInKeywords.waitForElementPresent(WebUiBuiltInKeywords.groovy:424)
	at TC_Add_Comment.run(TC_Add_Comment:28)
	at com.kms.katalon.core.main.ScriptEngine.run(ScriptEngine.java:203)
	at com.kms.katalon.core.main.ScriptEngine.runScriptAsRawText(ScriptEngine.java:115)
	at com.kms.katalon.core.main.TestCaseExecutor.runScript(TestCaseExecutor.java:504)
	at com.kms.katalon.core.main.TestCaseExecutor.doExecute(TestCaseExecutor.java:495)
	at com.kms.katalon.core.main.TestCaseExecutor.processExecutionPhase(TestCaseExecutor.java:474)
	at com.kms.katalon.core.main.TestCaseExecutor.accessMainPhase(TestCaseExecutor.java:466)
	at com.kms.katalon.core.main.TestCaseExecutor.execute(TestCaseExecutor.java:336)
	at com.kms.katalon.core.main.TestCaseExecutor.execute(TestCaseExecutor.java:424)
	at com.kms.katalon.core.main.TestCaseExecutor.execute(TestCaseExecutor.java:424)
	at com.kms.katalon.core.common.CommonExecutor.accessTestCaseMainPhase(CommonExecutor.java:71)
	at com.kms.katalon.core.main.TestSuiteExecutor.accessTestSuiteMainPhase(TestSuiteExecutor.java:153)
	at com.kms.katalon.core.main.TestSuiteExecutor.execute(TestSuiteExecutor.java:110)
	at com.kms.katalon.core.main.TestCaseMain.startTestSuite(TestCaseMain.java:206)
	at S0526_51.run(S0526_51.groovy:40)
	at java.base/jdk.internal.reflect.DirectMethodHandleAccessor.invoke(DirectMethodHandleAccessor.java:103)
</property>
  <property name="failed.exception.class">com.kms.katalon.core.webui.exception.WebElementNotFoundException</property>
  <property name="failed.exception.message">Web element with id: &apos;Object Repository/Page_Work Order  Index- Workforce Manager/input_Search&apos; located by &apos;By.xpath: //*[@id = &apos;created-by-me&apos;]//*[@id = &apos;search-table&apos;]&apos; not found</property>
</record>
<record>
  <date>2026-05-26T21:11:49.430540300Z</date>
  <millis>1779829909430</millis>
  <nanos>540300</nanos>
  <sequence>1683</sequence>
  <level>END</level>
  <class>com.kms.katalon.core.logging.XmlKeywordLogger</class>
  <method>endKeyword</method>
  <thread>1</thread>
  <message>End action : waitForElementPresent(findTestObject(&amp;quot;Page_Work Order  Index- Workforce Manager/input_Search&amp;quot;), 20)</message>
  <nestedLevel>1</nestedLevel>
  <escapedJava>false</escapedJava>
</record>
<record>
  <date>2026-05-26T21:11:49.431560900Z</date>
  <millis>1779829909431</millis>
  <nanos>560900</nanos>
  <sequence>1684</sequence>
  <level>START</level>
  <class>com.kms.katalon.core.logging.XmlKeywordLogger</class>
  <method>startKeyword</method>
  <thread>1</thread>
  <message>Start action : click(findTestObject(&amp;quot;Page_Work Order  View- Workforce Manager/div_Hi there, For line manager escalation or app&amp;quot;))</message>
  <nestedLevel>1</nestedLevel>
  <escapedJava>false</escapedJava>
  <property name="startLine">30</property>
  <property name="stepIndex">5</property>
</record>
<record>
  <date>2026-05-26T21:12:02.045186500Z</date>
  <millis>1779829922045</millis>
  <nanos>186500</nanos>
  <sequence>1691</sequence>
  <level>INFO</level>
  <class>com.kms.katalon.core.logging.XmlKeywordLogger</class>
  <method>logMessage</method>
  <thread>1</thread>
  <message>[AI Self-Healing] Recovering element locator by using AI Self-Healing...</message>
  <nestedLevel>1</nestedLevel>
  <escapedJava>false</escapedJava>
  <property name="aiSelfHealingApplied">true</property>
  <property name="isDebugOnly">true</property>
</record>
<record>
  <date>2026-05-26T21:12:11.094308800Z</date>
  <millis>1779829931094</millis>
  <nanos>308800</nanos>
  <sequence>1693</sequence>
  <level>INFO</level>
  <class>com.kms.katalon.core.logging.XmlKeywordLogger</class>
  <method>logMessage</method>
  <thread>1</thread>
  <message>[AI Self-Healing] No possible locators found</message>
  <nestedLevel>1</nestedLevel>
  <escapedJava>false</escapedJava>
  <property name="aiSelfHealingApplied">true</property>
  <property name="isDebugOnly">true</property>
</record>
<record>
  <date>2026-05-26T21:12:11.688113300Z</date>
  <millis>1779829931688</millis>
  <nanos>113300</nanos>
  <sequence>1697</sequence>
  <level>FAILED</level>
  <class>com.kms.katalon.core.logging.XmlKeywordLogger</class>
  <method>logMessage</method>
  <thread>1</thread>
  <message>Unable to click on object &amp;apos;Object Repository/Page_Work Order  View- Workforce Manager/div_Hi there, For line manager escalation or app&amp;apos; (Root cause: com.kms.katalon.core.exception.StepFailedException: Unable to click on object &amp;apos;Object Repository/Page_Work Order  View- Workforce Manager/div_Hi there, For line manager escalation or app&amp;apos;
	at com.kms.katalon.core.webui.keyword.internal.WebUIKeywordMain.stepFailed(WebUIKeywordMain.groovy:177)
	at com.kms.katalon.core.webui.keyword.internal.WebUIKeywordMain.runKeyword(WebUIKeywordMain.groovy:49)
	at com.kms.katalon.core.webui.keyword.internal.WebUIKeywordMain.runKeywordUntilTimeout(WebUIKeywordMain.groovy:133)
	at com.kms.katalon.core.webui.keyword.builtin.ClickKeyword.click(ClickKeyword.groovy:72)
	at com.kms.katalon.core.webui.keyword.builtin.ClickKeyword.execute(ClickKeyword.groovy:38)
	at com.kms.katalon.core.keyword.internal.KeywordExecutor.executeKeywordForPlatform(KeywordExecutor.groovy:99)
	at com.kms.katalon.core.webui.keyword.WebUiBuiltInKeywords.click(WebUiBuiltInKeywords.groovy:722)
	at TC_Add_Comment.run(TC_Add_Comment:30)
	at com.kms.katalon.core.main.ScriptEngine.run(ScriptEngine.java:203)
	at com.kms.katalon.core.main.ScriptEngine.runScriptAsRawText(ScriptEngine.java:115)
	at com.kms.katalon.core.main.TestCaseExecutor.runScript(TestCaseExecutor.java:504)
	at com.kms.katalon.core.main.TestCaseExecutor.doExecute(TestCaseExecutor.java:495)
	at com.kms.katalon.core.main.TestCaseExecutor.processExecutionPhase(TestCaseExecutor.java:474)
	at com.kms.katalon.core.main.TestCaseExecutor.accessMainPhase(TestCaseExecutor.java:466)
	at com.kms.katalon.core.main.TestCaseExecutor.execute(TestCaseExecutor.java:336)
	at com.kms.katalon.core.main.TestCaseExecutor.execute(TestCaseExecutor.java:424)
	at com.kms.katalon.core.main.TestCaseExecutor.execute(TestCaseExecutor.java:424)
	at com.kms.katalon.core.common.CommonExecutor.accessTestCaseMainPhase(CommonExecutor.java:71)
	at com.kms.katalon.core.main.TestSuiteExecutor.accessTestSuiteMainPhase(TestSuiteExecutor.java:153)
	at com.kms.katalon.core.main.TestSuiteExecutor.execute(TestSuiteExecutor.java:110)
	at com.kms.katalon.core.main.TestCaseMain.startTestSuite(TestCaseMain.java:206)
	at S0526_51.run(S0526_51.groovy:40)
	at java.base/jdk.internal.reflect.DirectMethodHandleAccessor.invoke(DirectMethodHandleAccessor.java:103)
Caused by: com.kms.katalon.core.webui.exception.WebElementNotFoundException: Web element with id: &amp;apos;Object Repository/Page_Work Order  View- Workforce Manager/div_Hi there, For line manager escalation or app&amp;apos; located by &amp;apos;By.xpath: //*[@class and contains(concat(&amp;apos; &amp;apos;, normalize-space(@class), &amp;apos; &amp;apos;), &amp;apos; assign-modal-alert &amp;apos;)]&amp;apos; not found
	at com.kms.katalon.core.webui.model.WebUiElementFinder.findElementByNormalMethods(WebUiElementFinder.java:201)
	at com.kms.katalon.core.webui.model.WebUiElementFinder.findElementsBySelectedMethod(WebUiElementFinder.java:99)
	at com.kms.katalon.core.webui.model.WebUiElementFinder.findElementsBySelectedMethod(WebUiElementFinder.java:82)
	at com.kms.katalon.core.webui.model.WebUiElementFinder.findElementsBySelectedMethod(WebUiElementFinder.java:77)
	at com.kms.katalon.core.webui.model.WebUiElementFinder.findElement(WebUiElementFinder.java:51)
	at com.kms.katalon.core.webui.model.WebUiElementFinderWithTimeout.basicFindElement(WebUiElementFinderWithTimeout.java:51)
	at com.kms.katalon.core.webui.model.WebUiElementFinderWithTimeout.lambda$0(WebUiElementFinderWithTimeout.java:29)
	at com.kms.katalon.core.webui.model.SeleniumActionRetryController.performAction(SeleniumActionRetryController.java:96)
	at com.kms.katalon.core.webui.model.SeleniumActionRetryController.performAction(SeleniumActionRetryController.java:83)
	at com.kms.katalon.core.webui.model.WebUiElementFinderWithTimeout.findElement(WebUiElementFinderWithTimeout.java:28)
	at com.kms.katalon.core.webui.keyword.internal.WebUIAbstractKeyword.lambda$1(WebUIAbstractKeyword.java:119)
	at com.kms.katalon.core.webui.model.SeleniumActionRetryController.performAction(SeleniumActionRetryController.java:96)
	at com.kms.katalon.core.webui.model.SeleniumActionRetryController.performAction(SeleniumActionRetryController.java:83)
	at com.kms.katalon.core.webui.model.SeleniumActionRetryController.retry(SeleniumActionRetryController.java:49)
	at com.kms.katalon.core.webui.model.SeleniumActionRetryController.retry(SeleniumActionRetryController.java:44)
	at com.kms.katalon.core.webui.keyword.internal.WebUIAbstractKeyword.findWebElement(WebUIAbstractKeyword.java:116)
	at com.kms.katalon.core.webui.keyword.builtin.ClickKeyword$_click_closure1.doCall(ClickKeyword.groovy:52)
	at java.base/jdk.internal.reflect.DirectMethodHandleAccessor.invoke(DirectMethodHandleAccessor.java:103)
	at jdk.proxy2/jdk.proxy2.$Proxy56.execute(Unknown Source)
	at com.kms.katalon.core.webui.model.SeleniumActionRetryController.performAction(SeleniumActionRetryController.java:96)
	at com.kms.katalon.core.webui.model.SeleniumActionRetryController.performAction(SeleniumActionRetryController.java:83)
	at com.kms.katalon.core.webui.keyword.internal.WebUIKeywordMain$_runKeywordUntilTimeout_closure1.doCall(WebUIKeywordMain.groovy:135)
	at com.kms.katalon.core.webui.keyword.internal.WebUIKeywordMain$_runKeywordUntilTimeout_closure1.call(WebUIKeywordMain.groovy)
	at com.kms.katalon.core.webui.keyword.internal.WebUIKeywordMain.runKeyword(WebUIKeywordMain.groovy:41)
	at com.kms.katalon.core.webui.keyword.internal.WebUIKeywordMain.runKeywordUntilTimeout(WebUIKeywordMain.groovy:133)
	at com.kms.katalon.core.webui.keyword.builtin.ClickKeyword.click(ClickKeyword.groovy:72)
	at com.kms.katalon.core.webui.keyword.builtin.ClickKeyword.execute(ClickKeyword.groovy:38)
	at com.kms.katalon.core.keyword.internal.KeywordExecutor.executeKeywordForPlatform(KeywordExecutor.groovy:99)
	at com.kms.katalon.core.webui.keyword.WebUiBuiltInKeywords.click(WebUiBuiltInKeywords.groovy:722)
	at Script1779529027086.run(Script1779529027086.groovy:30)
	... 15 more
)</message>
  <nestedLevel>1</nestedLevel>
  <escapedJava>false</escapedJava>
  <property name="failed.exception.class">com.kms.katalon.core.webui.exception.WebElementNotFoundException</property>
  <property name="attachment">1779829931103.png</property>
  <property name="failed.exception.stacktrace">com.kms.katalon.core.webui.exception.WebElementNotFoundException: Web element with id: &apos;Object Repository/Page_Work Order  View- Workforce Manager/div_Hi there, For line manager escalation or app&apos; located by &apos;By.xpath: //*[@class and contains(concat(&apos; &apos;, normalize-space(@class), &apos; &apos;), &apos; assign-modal-alert &apos;)]&apos; not found
	at com.kms.katalon.core.webui.model.WebUiElementFinder.findElementByNormalMethods(WebUiElementFinder.java:201)
	at com.kms.katalon.core.webui.model.WebUiElementFinder.findElementsBySelectedMethod(WebUiElementFinder.java:99)
	at com.kms.katalon.core.webui.model.WebUiElementFinder.findElementsBySelectedMethod(WebUiElementFinder.java:82)
	at com.kms.katalon.core.webui.model.WebUiElementFinder.findElementsBySelectedMethod(WebUiElementFinder.java:77)
	at com.kms.katalon.core.webui.model.WebUiElementFinder.findElement(WebUiElementFinder.java:51)
	at com.kms.katalon.core.webui.model.WebUiElementFinderWithTimeout.basicFindElement(WebUiElementFinderWithTimeout.java:51)
	at com.kms.katalon.core.webui.model.WebUiElementFinderWithTimeout.lambda$0(WebUiElementFinderWithTimeout.java:29)
	at com.kms.katalon.core.webui.model.SeleniumActionRetryController.performAction(SeleniumActionRetryController.java:96)
	at com.kms.katalon.core.webui.model.SeleniumActionRetryController.performAction(SeleniumActionRetryController.java:83)
	at com.kms.katalon.core.webui.model.WebUiElementFinderWithTimeout.findElement(WebUiElementFinderWithTimeout.java:28)
	at com.kms.katalon.core.webui.keyword.internal.WebUIAbstractKeyword.lambda$1(WebUIAbstractKeyword.java:119)
	at com.kms.katalon.core.webui.model.SeleniumActionRetryController.performAction(SeleniumActionRetryController.java:96)
	at com.kms.katalon.core.webui.model.SeleniumActionRetryController.performAction(SeleniumActionRetryController.java:83)
	at com.kms.katalon.core.webui.model.SeleniumActionRetryController.retry(SeleniumActionRetryController.java:49)
	at com.kms.katalon.core.webui.model.SeleniumActionRetryController.retry(SeleniumActionRetryController.java:44)
	at com.kms.katalon.core.webui.keyword.internal.WebUIAbstractKeyword.findWebElement(WebUIAbstractKeyword.java:116)
	at com.kms.katalon.core.webui.keyword.builtin.ClickKeyword$_click_closure1.doCall(ClickKeyword.groovy:52)
	at java.base/jdk.internal.reflect.DirectMethodHandleAccessor.invoke(DirectMethodHandleAccessor.java:103)
	at jdk.proxy2/jdk.proxy2.$Proxy56.execute(Unknown Source)
	at com.kms.katalon.core.webui.model.SeleniumActionRetryController.performAction(SeleniumActionRetryController.java:96)
	at com.kms.katalon.core.webui.model.SeleniumActionRetryController.performAction(SeleniumActionRetryController.java:83)
	at com.kms.katalon.core.webui.keyword.internal.WebUIKeywordMain$_runKeywordUntilTimeout_closure1.doCall(WebUIKeywordMain.groovy:135)
	at com.kms.katalon.core.webui.keyword.internal.WebUIKeywordMain$_runKeywordUntilTimeout_closure1.call(WebUIKeywordMain.groovy)
	at com.kms.katalon.core.webui.keyword.internal.WebUIKeywordMain.runKeyword(WebUIKeywordMain.groovy:41)
	at com.kms.katalon.core.webui.keyword.internal.WebUIKeywordMain.runKeywordUntilTimeout(WebUIKeywordMain.groovy:133)
	at com.kms.katalon.core.webui.keyword.builtin.ClickKeyword.click(ClickKeyword.groovy:72)
	at com.kms.katalon.core.webui.keyword.builtin.ClickKeyword.execute(ClickKeyword.groovy:38)
	at com.kms.katalon.core.keyword.internal.KeywordExecutor.executeKeywordForPlatform(KeywordExecutor.groovy:99)
	at com.kms.katalon.core.webui.keyword.WebUiBuiltInKeywords.click(WebUiBuiltInKeywords.groovy:722)
	at TC_Add_Comment.run(TC_Add_Comment:30)
	at com.kms.katalon.core.main.ScriptEngine.run(ScriptEngine.java:203)
	at com.kms.katalon.core.main.ScriptEngine.runScriptAsRawText(ScriptEngine.java:115)
	at com.kms.katalon.core.main.TestCaseExecutor.runScript(TestCaseExecutor.java:504)
	at com.kms.katalon.core.main.TestCaseExecutor.doExecute(TestCaseExecutor.java:495)
	at com.kms.katalon.core.main.TestCaseExecutor.processExecutionPhase(TestCaseExecutor.java:474)
	at com.kms.katalon.core.main.TestCaseExecutor.accessMainPhase(TestCaseExecutor.java:466)
	at com.kms.katalon.core.main.TestCaseExecutor.execute(TestCaseExecutor.java:336)
	at com.kms.katalon.core.main.TestCaseExecutor.execute(TestCaseExecutor.java:424)
	at com.kms.katalon.core.main.TestCaseExecutor.execute(TestCaseExecutor.java:424)
	at com.kms.katalon.core.common.CommonExecutor.accessTestCaseMainPhase(CommonExecutor.java:71)
	at com.kms.katalon.core.main.TestSuiteExecutor.accessTestSuiteMainPhase(TestSuiteExecutor.java:153)
	at com.kms.katalon.core.main.TestSuiteExecutor.execute(TestSuiteExecutor.java:110)
	at com.kms.katalon.core.main.TestCaseMain.startTestSuite(TestCaseMain.java:206)
	at S0526_51.run(S0526_51.groovy:40)
	at java.base/jdk.internal.reflect.DirectMethodHandleAccessor.invoke(DirectMethodHandleAccessor.java:103)
</property>
  <property name="failed.exception.message">Web element with id: &apos;Object Repository/Page_Work Order  View- Workforce Manager/div_Hi there, For line manager escalation or app&apos; located by &apos;By.xpath: //*[@class and contains(concat(&apos; &apos;, normalize-space(@class), &apos; &apos;), &apos; assign-modal-alert &apos;)]&apos; not found</property>
</record>
<record>
  <date>2026-05-26T21:12:11.707729300Z</date>
  <millis>1779829931707</millis>
  <nanos>729300</nanos>
  <sequence>1700</sequence>
  <level>END</level>
  <class>com.kms.katalon.core.logging.XmlKeywordLogger</class>
  <method>endKeyword</method>
  <thread>1</thread>
  <message>End action : click(findTestObject(&amp;quot;Page_Work Order  View- Workforce Manager/div_Hi there, For line manager escalation or app&amp;quot;))</message>
  <nestedLevel>1</nestedLevel>
  <escapedJava>false</escapedJava>
</record>
<record>
  <date>2026-05-26T21:12:15.566591300Z</date>
  <millis>1779829935566</millis>
  <nanos>591300</nanos>
  <sequence>1703</sequence>
  <level>FAILED</level>
  <class>com.kms.katalon.core.logging.XmlKeywordLogger</class>
  <method>logMessage</method>
  <thread>1</thread>
  <message>Test Cases/TaskActions/Comments/TC_Add_Comment FAILED.
Reason:
com.kms.katalon.core.exception.StepFailedException: Unable to click on object &amp;apos;Object Repository/Page_Work Order  View- Workforce Manager/div_Hi there, For line manager escalation or app&amp;apos;
	at com.kms.katalon.core.webui.keyword.internal.WebUIKeywordMain.stepFailed(WebUIKeywordMain.groovy:177)
	at com.kms.katalon.core.webui.keyword.internal.WebUIKeywordMain.runKeyword(WebUIKeywordMain.groovy:49)
	at com.kms.katalon.core.webui.keyword.internal.WebUIKeywordMain.runKeywordUntilTimeout(WebUIKeywordMain.groovy:133)
	at com.kms.katalon.core.webui.keyword.builtin.ClickKeyword.click(ClickKeyword.groovy:72)
	at com.kms.katalon.core.webui.keyword.builtin.ClickKeyword.execute(ClickKeyword.groovy:38)
	at com.kms.katalon.core.keyword.internal.KeywordExecutor.executeKeywordForPlatform(KeywordExecutor.groovy:99)
	at com.kms.katalon.core.webui.keyword.WebUiBuiltInKeywords.click(WebUiBuiltInKeywords.groovy:722)
	at TC_Add_Comment.run(TC_Add_Comment:30)
	at com.kms.katalon.core.main.ScriptEngine.run(ScriptEngine.java:203)
	at com.kms.katalon.core.main.ScriptEngine.runScriptAsRawText(ScriptEngine.java:115)
	at com.kms.katalon.core.main.TestCaseExecutor.runScript(TestCaseExecutor.java:504)
	at com.kms.katalon.core.main.TestCaseExecutor.doExecute(TestCaseExecutor.java:495)
	at com.kms.katalon.core.main.TestCaseExecutor.processExecutionPhase(TestCaseExecutor.java:474)
	at com.kms.katalon.core.main.TestCaseExecutor.accessMainPhase(TestCaseExecutor.java:466)
	at com.kms.katalon.core.main.TestCaseExecutor.execute(TestCaseExecutor.java:336)
	at com.kms.katalon.core.main.TestCaseExecutor.execute(TestCaseExecutor.java:424)
	at com.kms.katalon.core.main.TestCaseExecutor.execute(TestCaseExecutor.java:424)
	at com.kms.katalon.core.common.CommonExecutor.accessTestCaseMainPhase(CommonExecutor.java:71)
	at com.kms.katalon.core.main.TestSuiteExecutor.accessTestSuiteMainPhase(TestSuiteExecutor.java:153)
	at com.kms.katalon.core.main.TestSuiteExecutor.execute(TestSuiteExecutor.java:110)
	at com.kms.katalon.core.main.TestCaseMain.startTestSuite(TestCaseMain.java:206)
	at S0526_51.run(S0526_51.groovy:40)
	at java.base/jdk.internal.reflect.DirectMethodHandleAccessor.invoke(DirectMethodHandleAccessor.java:103)
Caused by: com.kms.katalon.core.webui.exception.WebElementNotFoundException: Web element with id: &amp;apos;Object Repository/Page_Work Order  View- Workforce Manager/div_Hi there, For line manager escalation or app&amp;apos; located by &amp;apos;By.xpath: //*[@class and contains(concat(&amp;apos; &amp;apos;, normalize-space(@class), &amp;apos; &amp;apos;), &amp;apos; assign-modal-alert &amp;apos;)]&amp;apos; not found
	at com.kms.katalon.core.webui.model.WebUiElementFinder.findElementByNormalMethods(WebUiElementFinder.java:201)
	at com.kms.katalon.core.webui.model.WebUiElementFinder.findElementsBySelectedMethod(WebUiElementFinder.java:99)
	at com.kms.katalon.core.webui.model.WebUiElementFinder.findElementsBySelectedMethod(WebUiElementFinder.java:82)
	at com.kms.katalon.core.webui.model.WebUiElementFinder.findElementsBySelectedMethod(WebUiElementFinder.java:77)
	at com.kms.katalon.core.webui.model.WebUiElementFinder.findElement(WebUiElementFinder.java:51)
	at com.kms.katalon.core.webui.model.WebUiElementFinderWithTimeout.basicFindElement(WebUiElementFinderWithTimeout.java:51)
	at com.kms.katalon.core.webui.model.WebUiElementFinderWithTimeout.lambda$0(WebUiElementFinderWithTimeout.java:29)
	at com.kms.katalon.core.webui.model.SeleniumActionRetryController.performAction(SeleniumActionRetryController.java:96)
	at com.kms.katalon.core.webui.model.SeleniumActionRetryController.performAction(SeleniumActionRetryController.java:83)
	at com.kms.katalon.core.webui.model.WebUiElementFinderWithTimeout.findElement(WebUiElementFinderWithTimeout.java:28)
	at com.kms.katalon.core.webui.keyword.internal.WebUIAbstractKeyword.lambda$1(WebUIAbstractKeyword.java:119)
	at com.kms.katalon.core.webui.model.SeleniumActionRetryController.performAction(SeleniumActionRetryController.java:96)
	at com.kms.katalon.core.webui.model.SeleniumActionRetryController.performAction(SeleniumActionRetryController.java:83)
	at com.kms.katalon.core.webui.model.SeleniumActionRetryController.retry(SeleniumActionRetryController.java:49)
	at com.kms.katalon.core.webui.model.SeleniumActionRetryController.retry(SeleniumActionRetryController.java:44)
	at com.kms.katalon.core.webui.keyword.internal.WebUIAbstractKeyword.findWebElement(WebUIAbstractKeyword.java:116)
	at com.kms.katalon.core.webui.keyword.builtin.ClickKeyword$_click_closure1.doCall(ClickKeyword.groovy:52)
	at java.base/jdk.internal.reflect.DirectMethodHandleAccessor.invoke(DirectMethodHandleAccessor.java:103)
	at jdk.proxy2/jdk.proxy2.$Proxy56.execute(Unknown Source)
	at com.kms.katalon.core.webui.model.SeleniumActionRetryController.performAction(SeleniumActionRetryController.java:96)
	at com.kms.katalon.core.webui.model.SeleniumActionRetryController.performAction(SeleniumActionRetryController.java:83)
	at com.kms.katalon.core.webui.keyword.internal.WebUIKeywordMain$_runKeywordUntilTimeout_closure1.doCall(WebUIKeywordMain.groovy:135)
	at com.kms.katalon.core.webui.keyword.internal.WebUIKeywordMain$_runKeywordUntilTimeout_closure1.call(WebUIKeywordMain.groovy)
	at com.kms.katalon.core.webui.keyword.internal.WebUIKeywordMain.runKeyword(WebUIKeywordMain.groovy:41)
	... 21 more
</message>
  <exception>
    <message>com.kms.katalon.core.exception.StepFailedException: Unable to click on object 'Object Repository/Page_Work Order  View- Workforce Manager/div_Hi there, For line manager escalation or app'</message>
    <frame>
      <class>com.kms.katalon.core.logging.XmlKeywordLogger</class>
      <method>logMessage</method>
      <line>518</line>
    </frame>
    <frame>
      <class>com.kms.katalon.core.logging.KeywordLogger</class>
      <method>logMessage</method>
      <line>475</line>
    </frame>
    <frame>
      <class>com.kms.katalon.core.main.TestCaseExecutor</class>
      <method>logError</method>
      <line>621</line>
    </frame>
    <frame>
      <class>com.kms.katalon.core.main.TestCaseExecutor</class>
      <method>onExecutionError</method>
      <line>199</line>
    </frame>
    <frame>
      <class>com.kms.katalon.core.main.TestCaseExecutor</class>
      <method>processExecutionPhase</method>
      <line>484</line>
    </frame>
    <frame>
      <class>com.kms.katalon.core.main.TestCaseExecutor</class>
      <method>accessMainPhase</method>
      <line>466</line>
    </frame>
    <frame>
      <class>com.kms.katalon.core.main.TestCaseExecutor</class>
      <method>execute</method>
      <line>336</line>
    </frame>
    <frame>
      <class>com.kms.katalon.core.main.TestCaseExecutor</class>
      <method>execute</method>
      <line>424</line>
    </frame>
    <frame>
      <class>com.kms.katalon.core.main.TestCaseExecutor</class>
      <method>execute</method>
      <line>424</line>
    </frame>
    <frame>
      <class>com.kms.katalon.core.common.CommonExecutor</class>
      <method>accessTestCaseMainPhase</method>
      <line>71</line>
    </frame>
    <frame>
      <class>com.kms.katalon.core.main.TestSuiteExecutor</class>
      <method>accessTestSuiteMainPhase</method>
      <line>153</line>
    </frame>
    <frame>
      <class>com.kms.katalon.core.main.TestSuiteExecutor</class>
      <method>execute</method>
      <line>110</line>
    </frame>
    <frame>
      <class>com.kms.katalon.core.main.TestCaseMain</class>
      <method>startTestSuite</method>
      <line>206</line>
    </frame>
    <frame>
      <class>org.codehaus.groovy.vmplugin.v8.IndyInterface</class>
      <method>fromCache</method>
      <line>318</line>
    </frame>
    <frame>
      <class>S0526_51</class>
      <method>run</method>
      <line>40</line>
    </frame>
    <frame>
      <class>groovy.lang.GroovyShell</class>
      <method>runScriptOrMainOrTestOrRunnable</method>
      <line>254</line>
    </frame>
    <frame>
      <class>groovy.lang.GroovyShell</class>
      <method>run</method>
      <line>360</line>
    </frame>
    <frame>
      <class>groovy.lang.GroovyShell</class>
      <method>run</method>
      <line>349</line>
    </frame>
    <frame>
      <class>groovy.ui.GroovyMain</class>
      <method>processOnce</method>
      <line>652</line>
    </frame>
    <frame>
      <class>groovy.ui.GroovyMain</class>
      <method>run</method>
      <line>398</line>
    </frame>
    <frame>
      <class>groovy.ui.GroovyMain</class>
      <method>access$1400</method>
      <line>68</line>
    </frame>
    <frame>
      <class>groovy.ui.GroovyMain$GroovyCommand</class>
      <method>process</method>
      <line>322</line>
    </frame>
    <frame>
      <class>groovy.ui.GroovyMain</class>
      <method>processArgs</method>
      <line>142</line>
    </frame>
    <frame>
      <class>groovy.ui.GroovyMain</class>
      <method>main</method>
      <line>115</line>
    </frame>
    <frame>
      <class>jdk.internal.reflect.DirectMethodHandleAccessor</class>
      <method>invoke</method>
      <line>103</line>
    </frame>
    <frame>
      <class>java.lang.reflect.Method</class>
      <method>invoke</method>
      <line>580</line>
    </frame>
    <frame>
      <class>org.codehaus.groovy.tools.GroovyStarter</class>
      <method>rootLoader</method>
      <line>117</line>
    </frame>
    <frame>
      <class>org.codehaus.groovy.tools.GroovyStarter</class>
      <method>main</method>
      <line>39</line>
    </frame>
  </exception>
  <nestedLevel>0</nestedLevel>
  <escapedJava>false</escapedJava>
  <property name="failed.exception.stacktrace">com.kms.katalon.core.webui.exception.WebElementNotFoundException: Web element with id: &apos;Object Repository/Page_Work Order  View- Workforce Manager/div_Hi there, For line manager escalation or app&apos; located by &apos;By.xpath: //*[@class and contains(concat(&apos; &apos;, normalize-space(@class), &apos; &apos;), &apos; assign-modal-alert &apos;)]&apos; not found
	at com.kms.katalon.core.webui.model.WebUiElementFinder.findElementByNormalMethods(WebUiElementFinder.java:201)
	at com.kms.katalon.core.webui.model.WebUiElementFinder.findElementsBySelectedMethod(WebUiElementFinder.java:99)
	at com.kms.katalon.core.webui.model.WebUiElementFinder.findElementsBySelectedMethod(WebUiElementFinder.java:82)
	at com.kms.katalon.core.webui.model.WebUiElementFinder.findElementsBySelectedMethod(WebUiElementFinder.java:77)
	at com.kms.katalon.core.webui.model.WebUiElementFinder.findElement(WebUiElementFinder.java:51)
	at com.kms.katalon.core.webui.model.WebUiElementFinderWithTimeout.basicFindElement(WebUiElementFinderWithTimeout.java:51)
	at com.kms.katalon.core.webui.model.WebUiElementFinderWithTimeout.lambda$0(WebUiElementFinderWithTimeout.java:29)
	at com.kms.katalon.core.webui.model.SeleniumActionRetryController.performAction(SeleniumActionRetryController.java:96)
	at com.kms.katalon.core.webui.model.SeleniumActionRetryController.performAction(SeleniumActionRetryController.java:83)
	at com.kms.katalon.core.webui.model.WebUiElementFinderWithTimeout.findElement(WebUiElementFinderWithTimeout.java:28)
	at com.kms.katalon.core.webui.keyword.internal.WebUIAbstractKeyword.lambda$1(WebUIAbstractKeyword.java:119)
	at com.kms.katalon.core.webui.model.SeleniumActionRetryController.performAction(SeleniumActionRetryController.java:96)
	at com.kms.katalon.core.webui.model.SeleniumActionRetryController.performAction(SeleniumActionRetryController.java:83)
	at com.kms.katalon.core.webui.model.SeleniumActionRetryController.retry(SeleniumActionRetryController.java:49)
	at com.kms.katalon.core.webui.model.SeleniumActionRetryController.retry(SeleniumActionRetryController.java:44)
	at com.kms.katalon.core.webui.keyword.internal.WebUIAbstractKeyword.findWebElement(WebUIAbstractKeyword.java:116)
	at com.kms.katalon.core.webui.keyword.builtin.ClickKeyword$_click_closure1.doCall(ClickKeyword.groovy:52)
	at java.base/jdk.internal.reflect.DirectMethodHandleAccessor.invoke(DirectMethodHandleAccessor.java:103)
	at jdk.proxy2/jdk.proxy2.$Proxy56.execute(Unknown Source)
	at com.kms.katalon.core.webui.model.SeleniumActionRetryController.performAction(SeleniumActionRetryController.java:96)
	at com.kms.katalon.core.webui.model.SeleniumActionRetryController.performAction(SeleniumActionRetryController.java:83)
	at com.kms.katalon.core.webui.keyword.internal.WebUIKeywordMain$_runKeywordUntilTimeout_closure1.doCall(WebUIKeywordMain.groovy:135)
	at com.kms.katalon.core.webui.keyword.internal.WebUIKeywordMain$_runKeywordUntilTimeout_closure1.call(WebUIKeywordMain.groovy)
	at com.kms.katalon.core.webui.keyword.internal.WebUIKeywordMain.runKeyword(WebUIKeywordMain.groovy:41)
	at com.kms.katalon.core.webui.keyword.internal.WebUIKeywordMain.runKeywordUntilTimeout(WebUIKeywordMain.groovy:133)
	at com.kms.katalon.core.webui.keyword.builtin.ClickKeyword.click(ClickKeyword.groovy:72)
	at com.kms.katalon.core.webui.keyword.builtin.ClickKeyword.execute(ClickKeyword.groovy:38)
	at com.kms.katalon.core.keyword.internal.KeywordExecutor.executeKeywordForPlatform(KeywordExecutor.groovy:99)
	at com.kms.katalon.core.webui.keyword.WebUiBuiltInKeywords.click(WebUiBuiltInKeywords.groovy:722)
	at TC_Add_Comment.run(TC_Add_Comment:30)
	at com.kms.katalon.core.main.ScriptEngine.run(ScriptEngine.java:203)
	at com.kms.katalon.core.main.ScriptEngine.runScriptAsRawText(ScriptEngine.java:115)
	at com.kms.katalon.core.main.TestCaseExecutor.runScript(TestCaseExecutor.java:504)
	at com.kms.katalon.core.main.TestCaseExecutor.doExecute(TestCaseExecutor.java:495)
	at com.kms.katalon.core.main.TestCaseExecutor.processExecutionPhase(TestCaseExecutor.java:474)
	at com.kms.katalon.core.main.TestCaseExecutor.accessMainPhase(TestCaseExecutor.java:466)
	at com.kms.katalon.core.main.TestCaseExecutor.execute(TestCaseExecutor.java:336)
	at com.kms.katalon.core.main.TestCaseExecutor.execute(TestCaseExecutor.java:424)
	at com.kms.katalon.core.main.TestCaseExecutor.execute(TestCaseExecutor.java:424)
	at com.kms.katalon.core.common.CommonExecutor.accessTestCaseMainPhase(CommonExecutor.java:71)
	at com.kms.katalon.core.main.TestSuiteExecutor.accessTestSuiteMainPhase(TestSuiteExecutor.java:153)
	at com.kms.katalon.core.main.TestSuiteExecutor.execute(TestSuiteExecutor.java:110)
	at com.kms.katalon.core.main.TestCaseMain.startTestSuite(TestCaseMain.java:206)
	at S0526_51.run(S0526_51.groovy:40)
	at java.base/jdk.internal.reflect.DirectMethodHandleAccessor.invoke(DirectMethodHandleAccessor.java:103)
</property>
  <property name="failed.exception.class">com.kms.katalon.core.webui.exception.WebElementNotFoundException</property>
  <property name="failed.exception.message">Web element with id: &apos;Object Repository/Page_Work Order  View- Workforce Manager/div_Hi there, For line manager escalation or app&apos; located by &apos;By.xpath: //*[@class and contains(concat(&apos; &apos;, normalize-space(@class), &apos; &apos;), &apos; assign-modal-alert &apos;)]&apos; not found</property>
</record>
<record>
  <date>2026-05-26T21:12:15.573099900Z</date>
  <millis>1779829935573</millis>
  <nanos>99900</nanos>
  <sequence>1705</sequence>
  <level>END</level>
  <class>com.kms.katalon.core.logging.XmlKeywordLogger</class>
  <method>endTest</method>
  <thread>1</thread>
  <message>End Test Case : Test Cases/TaskActions/Comments/TC_Add_Comment</message>
  <nestedLevel>0</nestedLevel>
  <escapedJava>false</escapedJava>
  <property name="executionBindingVariables">[]</property>
  <property name="applitools">false</property>
  <property name="remainingRetryCount">1</property>
  <property name="executedKeywords">{
  &quot;WebUI.click&quot;: 1,
  &quot;WebUI.waitForPageLoad&quot;: 2,
  &quot;WebUI.waitForElementPresent&quot;: 2
}</property>
  <property name="currentRetryCount">2</property>
  <property name="keywordsUsage">{
  &quot;web_ui&quot;: true,
  &quot;web_service&quot;: false,
  &quot;cucumber&quot;: false,
  &quot;builtin&quot;: false,
  &quot;mobile&quot;: false,
  &quot;windows&quot;: false,
  &quot;testng&quot;: false
}</property>
</record>
<record>
  <date>2026-05-26T21:12:15.584483500Z</date>
  <millis>1779829935584</millis>
  <nanos>483500</nanos>
  <sequence>1706</sequence>
  <level>START</level>
  <class>com.kms.katalon.core.logging.XmlKeywordLogger</class>
  <method>startTest</method>
  <thread>1</thread>
  <message>Start Test Case : Test Cases/TaskActions/Comments/TC_Add_Comment</message>
  <nestedLevel>1</nestedLevel>
  <escapedJava>false</escapedJava>
  <property name="remainingRetryCount">0</property>
  <property name="origin"></property>
  <property name="name">Test Cases/TaskActions/Comments/TC_Add_Comment</property>
  <property name="description"></property>
  <property name="iteration"></property>
  <property name="id">Test Cases/TaskActions/Comments/TC_Add_Comment</property>
  <property name="source">C:\Users\CROWN-STAFF\git\convergence-qa-tests\Test Cases\TaskActions\Comments\TC_Add_Comment.tc</property>
  <property name="tag"></property>
  <property name="isOptional">false</property>
  <property name="uuid">cbad5c84-f3ae-4fa0-8db5-3cec74b2758a</property>
  <property name="currentRetryCount">3</property>
</record>
<record>
  <date>2026-05-26T21:12:15.668055900Z</date>
  <millis>1779829935668</millis>
  <nanos>55900</nanos>
  <sequence>1708</sequence>
  <level>RUN_DATA</level>
  <class>com.kms.katalon.core.logging.XmlKeywordLogger</class>
  <method>logMessage</method>
  <thread>1</thread>
  <message>executionBindingVariables = []</message>
  <nestedLevel>1</nestedLevel>
  <escapedJava>false</escapedJava>
  <property name="executionBindingVariables">[]</property>
</record>
<record>
  <date>2026-05-26T21:12:15.675670200Z</date>
  <millis>1779829935675</millis>
  <nanos>670200</nanos>
  <sequence>1709</sequence>
  <level>START</level>
  <class>com.kms.katalon.core.logging.XmlKeywordLogger</class>
  <method>startKeyword</method>
  <thread>1</thread>
  <message>Start action : waitForPageLoad(20)</message>
  <nestedLevel>1</nestedLevel>
  <escapedJava>false</escapedJava>
  <property name="startLine">21</property>
  <property name="stepIndex">1</property>
</record>
<record>
  <date>2026-05-26T21:12:15.778718700Z</date>
  <millis>1779829935778</millis>
  <nanos>718700</nanos>
  <sequence>1713</sequence>
  <level>PASSED</level>
  <class>com.kms.katalon.core.logging.XmlKeywordLogger</class>
  <method>logMessage</method>
  <thread>1</thread>
  <message>Wait for page load successfully</message>
  <nestedLevel>1</nestedLevel>
  <escapedJava>false</escapedJava>
  <property name="testops-method-name">com.kms.katalon.core.webui.keyword.internal.WebUIKeywordMain$runKeyword$0.call</property>
  <property name="testops-execution-stacktrace">com.kms.katalon.core.logging.KeywordLogger.logPassed(KeywordLogger.java:350)
com.kms.katalon.core.logging.KeywordLogger.logPassed(KeywordLogger.java:345)
com.kms.katalon.core.logging.KeywordLogger$logPassed$0.call(Unknown Source)
com.kms.katalon.core.webui.keyword.builtin.WaitForPageLoadKeyword$_waitForPageLoad_closure1.doCall(WaitForPageLoadKeyword.groovy:94)
com.kms.katalon.core.webui.keyword.builtin.WaitForPageLoadKeyword$_waitForPageLoad_closure1.doCall(WaitForPageLoadKeyword.groovy)
java.base/jdk.internal.reflect.DirectMethodHandleAccessor.invoke(DirectMethodHandleAccessor.java:103)
com.kms.katalon.core.webui.keyword.internal.WebUIKeywordMain.runKeyword(WebUIKeywordMain.groovy:41)
com.kms.katalon.core.webui.keyword.internal.WebUIKeywordMain$runKeyword$0.call(Unknown Source)
com.kms.katalon.core.webui.keyword.builtin.WaitForPageLoadKeyword.waitForPageLoad(WaitForPageLoadKeyword.groovy:95)
com.kms.katalon.core.webui.keyword.builtin.WaitForPageLoadKeyword.execute(WaitForPageLoadKeyword.groovy:68)
com.kms.katalon.core.keyword.internal.KeywordExecutor.executeKeywordForPlatform(KeywordExecutor.groovy:99)
com.kms.katalon.core.webui.keyword.WebUiBuiltInKeywords.waitForPageLoad(WebUiBuiltInKeywords.groovy:2559)
TC_Add_Comment.run(TC_Add_Comment:21)
</property>
</record>
<record>
  <date>2026-05-26T21:12:15.783287800Z</date>
  <millis>1779829935783</millis>
  <nanos>287800</nanos>
  <sequence>1714</sequence>
  <level>END</level>
  <class>com.kms.katalon.core.logging.XmlKeywordLogger</class>
  <method>endKeyword</method>
  <thread>1</thread>
  <message>End action : waitForPageLoad(20)</message>
  <nestedLevel>1</nestedLevel>
  <escapedJava>false</escapedJava>
</record>
<record>
  <date>2026-05-26T21:12:15.784288400Z</date>
  <millis>1779829935784</millis>
  <nanos>288400</nanos>
  <sequence>1715</sequence>
  <level>START</level>
  <class>com.kms.katalon.core.logging.XmlKeywordLogger</class>
  <method>startKeyword</method>
  <thread>1</thread>
  <message>Start action : waitForElementPresent(findTestObject(&amp;quot;Page_Work Order  Index- Workforce Manager/input_Search&amp;quot;), 20)</message>
  <nestedLevel>1</nestedLevel>
  <escapedJava>false</escapedJava>
  <property name="startLine">23</property>
  <property name="stepIndex">2</property>
</record>
<record>
  <date>2026-05-26T21:12:35.851805Z</date>
  <millis>1779829955851</millis>
  <nanos>805000</nanos>
  <sequence>1721</sequence>
  <level>WARNING</level>
  <class>com.kms.katalon.core.logging.XmlKeywordLogger</class>
  <method>logMessage</method>
  <thread>1</thread>
  <message>Object &amp;apos;Object Repository/Page_Work Order  Index- Workforce Manager/input_Search&amp;apos; is not present after 20 second(s)</message>
  <nestedLevel>1</nestedLevel>
  <escapedJava>false</escapedJava>
  <property name="failed.exception.stacktrace">com.kms.katalon.core.webui.exception.WebElementNotFoundException: Web element with id: &apos;Object Repository/Page_Work Order  Index- Workforce Manager/input_Search&apos; located by &apos;By.xpath: //*[@id = &apos;created-by-me&apos;]//*[@id = &apos;search-table&apos;]&apos; not found
	at com.kms.katalon.core.webui.model.WebUiElementFinder.findElementByNormalMethods(WebUiElementFinder.java:201)
	at com.kms.katalon.core.webui.model.WebUiElementFinder.findElementsBySelectedMethod(WebUiElementFinder.java:99)
	at com.kms.katalon.core.webui.model.WebUiElementFinder.findElementsBySelectedMethod(WebUiElementFinder.java:82)
	at com.kms.katalon.core.webui.model.WebUiElementFinder.findElementsBySelectedMethod(WebUiElementFinder.java:77)
	at com.kms.katalon.core.webui.model.WebUiElementFinder.findElement(WebUiElementFinder.java:51)
	at com.kms.katalon.core.webui.model.WebUiElementFinderWithTimeout.basicFindElement(WebUiElementFinderWithTimeout.java:51)
	at com.kms.katalon.core.webui.model.WebUiElementFinderWithTimeout.lambda$0(WebUiElementFinderWithTimeout.java:29)
	at com.kms.katalon.core.webui.model.SeleniumActionRetryController.performAction(SeleniumActionRetryController.java:96)
	at com.kms.katalon.core.webui.model.SeleniumActionRetryController.performAction(SeleniumActionRetryController.java:83)
	at com.kms.katalon.core.webui.model.WebUiElementFinderWithTimeout.findElement(WebUiElementFinderWithTimeout.java:28)
	at com.kms.katalon.core.webui.keyword.internal.WebUIAbstractKeyword.lambda$1(WebUIAbstractKeyword.java:119)
	at com.kms.katalon.core.webui.model.SeleniumActionRetryController.performAction(SeleniumActionRetryController.java:96)
	at com.kms.katalon.core.webui.model.SeleniumActionRetryController.performAction(SeleniumActionRetryController.java:83)
	at com.kms.katalon.core.webui.model.SeleniumActionRetryController.retry(SeleniumActionRetryController.java:49)
	at com.kms.katalon.core.webui.model.SeleniumActionRetryController.retry(SeleniumActionRetryController.java:44)
	at com.kms.katalon.core.webui.keyword.internal.WebUIAbstractKeyword.findWebElement(WebUIAbstractKeyword.java:116)
	at com.kms.katalon.core.webui.keyword.builtin.WaitForElementPresentKeyword$_waitForElementPresent_closure1.doCall(WaitForElementPresentKeyword.groovy:54)
	at java.base/jdk.internal.reflect.DirectMethodHandleAccessor.invoke(DirectMethodHandleAccessor.java:103)
	at jdk.proxy2/jdk.proxy2.$Proxy56.execute(Unknown Source)
	at com.kms.katalon.core.webui.model.SeleniumActionRetryController.performAction(SeleniumActionRetryController.java:96)
	at com.kms.katalon.core.webui.model.SeleniumActionRetryController.performAction(SeleniumActionRetryController.java:83)
	at com.kms.katalon.core.webui.keyword.internal.WebUIKeywordMain$_runKeywordUntilTimeout_closure2.doCall(WebUIKeywordMain.groovy:155)
	at com.kms.katalon.core.webui.keyword.internal.WebUIKeywordMain$_runKeywordUntilTimeout_closure2.call(WebUIKeywordMain.groovy)
	at com.kms.katalon.core.webui.keyword.internal.WebUIKeywordMain.runKeyword(WebUIKeywordMain.groovy:41)
	at com.kms.katalon.core.webui.keyword.internal.WebUIKeywordMain.runKeywordUntilTimeout(WebUIKeywordMain.groovy:152)
	at com.kms.katalon.core.webui.keyword.builtin.WaitForElementPresentKeyword.waitForElementPresent(WaitForElementPresentKeyword.groovy:68)
	at com.kms.katalon.core.webui.keyword.builtin.WaitForElementPresentKeyword.execute(WaitForElementPresentKeyword.groovy:38)
	at com.kms.katalon.core.keyword.internal.KeywordExecutor.executeKeywordForPlatform(KeywordExecutor.groovy:99)
	at com.kms.katalon.core.webui.keyword.WebUiBuiltInKeywords.waitForElementPresent(WebUiBuiltInKeywords.groovy:424)
	at TC_Add_Comment.run(TC_Add_Comment:23)
	at com.kms.katalon.core.main.ScriptEngine.run(ScriptEngine.java:203)
	at com.kms.katalon.core.main.ScriptEngine.runScriptAsRawText(ScriptEngine.java:115)
	at com.kms.katalon.core.main.TestCaseExecutor.runScript(TestCaseExecutor.java:504)
	at com.kms.katalon.core.main.TestCaseExecutor.doExecute(TestCaseExecutor.java:495)
	at com.kms.katalon.core.main.TestCaseExecutor.processExecutionPhase(TestCaseExecutor.java:474)
	at com.kms.katalon.core.main.TestCaseExecutor.accessMainPhase(TestCaseExecutor.java:466)
	at com.kms.katalon.core.main.TestCaseExecutor.execute(TestCaseExecutor.java:336)
	at com.kms.katalon.core.main.TestCaseExecutor.execute(TestCaseExecutor.java:424)
	at com.kms.katalon.core.main.TestCaseExecutor.execute(TestCaseExecutor.java:424)
	at com.kms.katalon.core.main.TestCaseExecutor.execute(TestCaseExecutor.java:424)
	at com.kms.katalon.core.common.CommonExecutor.accessTestCaseMainPhase(CommonExecutor.java:71)
	at com.kms.katalon.core.main.TestSuiteExecutor.accessTestSuiteMainPhase(TestSuiteExecutor.java:153)
	at com.kms.katalon.core.main.TestSuiteExecutor.execute(TestSuiteExecutor.java:110)
	at com.kms.katalon.core.main.TestCaseMain.startTestSuite(TestCaseMain.java:206)
	at S0526_51.run(S0526_51.groovy:40)
	at java.base/jdk.internal.reflect.DirectMethodHandleAccessor.invoke(DirectMethodHandleAccessor.java:103)
</property>
  <property name="failed.exception.class">com.kms.katalon.core.webui.exception.WebElementNotFoundException</property>
  <property name="failed.exception.message">Web element with id: &apos;Object Repository/Page_Work Order  Index- Workforce Manager/input_Search&apos; located by &apos;By.xpath: //*[@id = &apos;created-by-me&apos;]//*[@id = &apos;search-table&apos;]&apos; not found</property>
</record>
<record>
  <date>2026-05-26T21:12:35.861883100Z</date>
  <millis>1779829955861</millis>
  <nanos>883100</nanos>
  <sequence>1722</sequence>
  <level>END</level>
  <class>com.kms.katalon.core.logging.XmlKeywordLogger</class>
  <method>endKeyword</method>
  <thread>1</thread>
  <message>End action : waitForElementPresent(findTestObject(&amp;quot;Page_Work Order  Index- Workforce Manager/input_Search&amp;quot;), 20)</message>
  <nestedLevel>1</nestedLevel>
  <escapedJava>false</escapedJava>
</record>
<record>
  <date>2026-05-26T21:12:35.863903300Z</date>
  <millis>1779829955863</millis>
  <nanos>903300</nanos>
  <sequence>1723</sequence>
  <level>START</level>
  <class>com.kms.katalon.core.logging.XmlKeywordLogger</class>
  <method>startKeyword</method>
  <thread>1</thread>
  <message>Start action : waitForPageLoad(20)</message>
  <nestedLevel>1</nestedLevel>
  <escapedJava>false</escapedJava>
  <property name="startLine">26</property>
  <property name="stepIndex">3</property>
</record>
<record>
  <date>2026-05-26T21:12:35.895099900Z</date>
  <millis>1779829955895</millis>
  <nanos>99900</nanos>
  <sequence>1727</sequence>
  <level>PASSED</level>
  <class>com.kms.katalon.core.logging.XmlKeywordLogger</class>
  <method>logMessage</method>
  <thread>1</thread>
  <message>Wait for page load successfully</message>
  <nestedLevel>1</nestedLevel>
  <escapedJava>false</escapedJava>
  <property name="testops-method-name">com.kms.katalon.core.webui.keyword.internal.WebUIKeywordMain$runKeyword$0.call</property>
  <property name="testops-execution-stacktrace">com.kms.katalon.core.logging.KeywordLogger.logPassed(KeywordLogger.java:350)
com.kms.katalon.core.logging.KeywordLogger.logPassed(KeywordLogger.java:345)
com.kms.katalon.core.logging.KeywordLogger$logPassed$0.call(Unknown Source)
com.kms.katalon.core.webui.keyword.builtin.WaitForPageLoadKeyword$_waitForPageLoad_closure1.doCall(WaitForPageLoadKeyword.groovy:94)
com.kms.katalon.core.webui.keyword.builtin.WaitForPageLoadKeyword$_waitForPageLoad_closure1.doCall(WaitForPageLoadKeyword.groovy)
java.base/jdk.internal.reflect.DirectMethodHandleAccessor.invoke(DirectMethodHandleAccessor.java:103)
com.kms.katalon.core.webui.keyword.internal.WebUIKeywordMain.runKeyword(WebUIKeywordMain.groovy:41)
com.kms.katalon.core.webui.keyword.internal.WebUIKeywordMain$runKeyword$0.call(Unknown Source)
com.kms.katalon.core.webui.keyword.builtin.WaitForPageLoadKeyword.waitForPageLoad(WaitForPageLoadKeyword.groovy:95)
com.kms.katalon.core.webui.keyword.builtin.WaitForPageLoadKeyword.execute(WaitForPageLoadKeyword.groovy:68)
com.kms.katalon.core.keyword.internal.KeywordExecutor.executeKeywordForPlatform(KeywordExecutor.groovy:99)
com.kms.katalon.core.webui.keyword.WebUiBuiltInKeywords.waitForPageLoad(WebUiBuiltInKeywords.groovy:2559)
TC_Add_Comment.run(TC_Add_Comment:26)
</property>
</record>
<record>
  <date>2026-05-26T21:12:35.897122500Z</date>
  <millis>1779829955897</millis>
  <nanos>122500</nanos>
  <sequence>1728</sequence>
  <level>END</level>
  <class>com.kms.katalon.core.logging.XmlKeywordLogger</class>
  <method>endKeyword</method>
  <thread>1</thread>
  <message>End action : waitForPageLoad(20)</message>
  <nestedLevel>1</nestedLevel>
  <escapedJava>false</escapedJava>
</record>
<record>
  <date>2026-05-26T21:12:35.899664200Z</date>
  <millis>1779829955899</millis>
  <nanos>664200</nanos>
  <sequence>1729</sequence>
  <level>START</level>
  <class>com.kms.katalon.core.logging.XmlKeywordLogger</class>
  <method>startKeyword</method>
  <thread>1</thread>
  <message>Start action : waitForElementPresent(findTestObject(&amp;quot;Page_Work Order  Index- Workforce Manager/input_Search&amp;quot;), 20)</message>
  <nestedLevel>1</nestedLevel>
  <escapedJava>false</escapedJava>
  <property name="startLine">28</property>
  <property name="stepIndex">4</property>
</record>
<record>
  <date>2026-05-26T21:12:55.999074400Z</date>
  <millis>1779829975999</millis>
  <nanos>74400</nanos>
  <sequence>1735</sequence>
  <level>WARNING</level>
  <class>com.kms.katalon.core.logging.XmlKeywordLogger</class>
  <method>logMessage</method>
  <thread>1</thread>
  <message>Object &amp;apos;Object Repository/Page_Work Order  Index- Workforce Manager/input_Search&amp;apos; is not present after 20 second(s)</message>
  <nestedLevel>1</nestedLevel>
  <escapedJava>false</escapedJava>
  <property name="failed.exception.stacktrace">com.kms.katalon.core.webui.exception.WebElementNotFoundException: Web element with id: &apos;Object Repository/Page_Work Order  Index- Workforce Manager/input_Search&apos; located by &apos;By.xpath: //*[@id = &apos;created-by-me&apos;]//*[@id = &apos;search-table&apos;]&apos; not found
	at com.kms.katalon.core.webui.model.WebUiElementFinder.findElementByNormalMethods(WebUiElementFinder.java:201)
	at com.kms.katalon.core.webui.model.WebUiElementFinder.findElementsBySelectedMethod(WebUiElementFinder.java:99)
	at com.kms.katalon.core.webui.model.WebUiElementFinder.findElementsBySelectedMethod(WebUiElementFinder.java:82)
	at com.kms.katalon.core.webui.model.WebUiElementFinder.findElementsBySelectedMethod(WebUiElementFinder.java:77)
	at com.kms.katalon.core.webui.model.WebUiElementFinder.findElement(WebUiElementFinder.java:51)
	at com.kms.katalon.core.webui.model.WebUiElementFinderWithTimeout.basicFindElement(WebUiElementFinderWithTimeout.java:51)
	at com.kms.katalon.core.webui.model.WebUiElementFinderWithTimeout.lambda$0(WebUiElementFinderWithTimeout.java:29)
	at com.kms.katalon.core.webui.model.SeleniumActionRetryController.performAction(SeleniumActionRetryController.java:96)
	at com.kms.katalon.core.webui.model.SeleniumActionRetryController.performAction(SeleniumActionRetryController.java:83)
	at com.kms.katalon.core.webui.model.WebUiElementFinderWithTimeout.findElement(WebUiElementFinderWithTimeout.java:28)
	at com.kms.katalon.core.webui.keyword.internal.WebUIAbstractKeyword.lambda$1(WebUIAbstractKeyword.java:119)
	at com.kms.katalon.core.webui.model.SeleniumActionRetryController.performAction(SeleniumActionRetryController.java:96)
	at com.kms.katalon.core.webui.model.SeleniumActionRetryController.performAction(SeleniumActionRetryController.java:83)
	at com.kms.katalon.core.webui.model.SeleniumActionRetryController.retry(SeleniumActionRetryController.java:49)
	at com.kms.katalon.core.webui.model.SeleniumActionRetryController.retry(SeleniumActionRetryController.java:44)
	at com.kms.katalon.core.webui.keyword.internal.WebUIAbstractKeyword.findWebElement(WebUIAbstractKeyword.java:116)
	at com.kms.katalon.core.webui.keyword.builtin.WaitForElementPresentKeyword$_waitForElementPresent_closure1.doCall(WaitForElementPresentKeyword.groovy:54)
	at java.base/jdk.internal.reflect.DirectMethodHandleAccessor.invoke(DirectMethodHandleAccessor.java:103)
	at jdk.proxy2/jdk.proxy2.$Proxy56.execute(Unknown Source)
	at com.kms.katalon.core.webui.model.SeleniumActionRetryController.performAction(SeleniumActionRetryController.java:96)
	at com.kms.katalon.core.webui.model.SeleniumActionRetryController.performAction(SeleniumActionRetryController.java:83)
	at com.kms.katalon.core.webui.keyword.internal.WebUIKeywordMain$_runKeywordUntilTimeout_closure2.doCall(WebUIKeywordMain.groovy:155)
	at com.kms.katalon.core.webui.keyword.internal.WebUIKeywordMain$_runKeywordUntilTimeout_closure2.call(WebUIKeywordMain.groovy)
	at com.kms.katalon.core.webui.keyword.internal.WebUIKeywordMain.runKeyword(WebUIKeywordMain.groovy:41)
	at com.kms.katalon.core.webui.keyword.internal.WebUIKeywordMain.runKeywordUntilTimeout(WebUIKeywordMain.groovy:152)
	at com.kms.katalon.core.webui.keyword.builtin.WaitForElementPresentKeyword.waitForElementPresent(WaitForElementPresentKeyword.groovy:68)
	at com.kms.katalon.core.webui.keyword.builtin.WaitForElementPresentKeyword.execute(WaitForElementPresentKeyword.groovy:38)
	at com.kms.katalon.core.keyword.internal.KeywordExecutor.executeKeywordForPlatform(KeywordExecutor.groovy:99)
	at com.kms.katalon.core.webui.keyword.WebUiBuiltInKeywords.waitForElementPresent(WebUiBuiltInKeywords.groovy:424)
	at TC_Add_Comment.run(TC_Add_Comment:28)
	at com.kms.katalon.core.main.ScriptEngine.run(ScriptEngine.java:203)
	at com.kms.katalon.core.main.ScriptEngine.runScriptAsRawText(ScriptEngine.java:115)
	at com.kms.katalon.core.main.TestCaseExecutor.runScript(TestCaseExecutor.java:504)
	at com.kms.katalon.core.main.TestCaseExecutor.doExecute(TestCaseExecutor.java:495)
	at com.kms.katalon.core.main.TestCaseExecutor.processExecutionPhase(TestCaseExecutor.java:474)
	at com.kms.katalon.core.main.TestCaseExecutor.accessMainPhase(TestCaseExecutor.java:466)
	at com.kms.katalon.core.main.TestCaseExecutor.execute(TestCaseExecutor.java:336)
	at com.kms.katalon.core.main.TestCaseExecutor.execute(TestCaseExecutor.java:424)
	at com.kms.katalon.core.main.TestCaseExecutor.execute(TestCaseExecutor.java:424)
	at com.kms.katalon.core.main.TestCaseExecutor.execute(TestCaseExecutor.java:424)
	at com.kms.katalon.core.common.CommonExecutor.accessTestCaseMainPhase(CommonExecutor.java:71)
	at com.kms.katalon.core.main.TestSuiteExecutor.accessTestSuiteMainPhase(TestSuiteExecutor.java:153)
	at com.kms.katalon.core.main.TestSuiteExecutor.execute(TestSuiteExecutor.java:110)
	at com.kms.katalon.core.main.TestCaseMain.startTestSuite(TestCaseMain.java:206)
	at S0526_51.run(S0526_51.groovy:40)
	at java.base/jdk.internal.reflect.DirectMethodHandleAccessor.invoke(DirectMethodHandleAccessor.java:103)
</property>
  <property name="failed.exception.class">com.kms.katalon.core.webui.exception.WebElementNotFoundException</property>
  <property name="failed.exception.message">Web element with id: &apos;Object Repository/Page_Work Order  Index- Workforce Manager/input_Search&apos; located by &apos;By.xpath: //*[@id = &apos;created-by-me&apos;]//*[@id = &apos;search-table&apos;]&apos; not found</property>
</record>
<record>
  <date>2026-05-26T21:12:56.002714Z</date>
  <millis>1779829976002</millis>
  <nanos>714000</nanos>
  <sequence>1736</sequence>
  <level>END</level>
  <class>com.kms.katalon.core.logging.XmlKeywordLogger</class>
  <method>endKeyword</method>
  <thread>1</thread>
  <message>End action : waitForElementPresent(findTestObject(&amp;quot;Page_Work Order  Index- Workforce Manager/input_Search&amp;quot;), 20)</message>
  <nestedLevel>1</nestedLevel>
  <escapedJava>false</escapedJava>
</record>
<record>
  <date>2026-05-26T21:12:56.002714Z</date>
  <millis>1779829976002</millis>
  <nanos>714000</nanos>
  <sequence>1737</sequence>
  <level>START</level>
  <class>com.kms.katalon.core.logging.XmlKeywordLogger</class>
  <method>startKeyword</method>
  <thread>1</thread>
  <message>Start action : click(findTestObject(&amp;quot;Page_Work Order  View- Workforce Manager/div_Hi there, For line manager escalation or app&amp;quot;))</message>
  <nestedLevel>1</nestedLevel>
  <escapedJava>false</escapedJava>
  <property name="startLine">30</property>
  <property name="stepIndex">5</property>
</record>
<record>
  <date>2026-05-26T21:13:06.119779500Z</date>
  <millis>1779829986119</millis>
  <nanos>779500</nanos>
  <sequence>1744</sequence>
  <level>INFO</level>
  <class>com.kms.katalon.core.logging.XmlKeywordLogger</class>
  <method>logMessage</method>
  <thread>1</thread>
  <message>[AI Self-Healing] Recovering element locator by using AI Self-Healing...</message>
  <nestedLevel>1</nestedLevel>
  <escapedJava>false</escapedJava>
  <property name="aiSelfHealingApplied">true</property>
  <property name="isDebugOnly">true</property>
</record>
<record>
  <date>2026-05-26T21:13:11.634481300Z</date>
  <millis>1779829991634</millis>
  <nanos>481300</nanos>
  <sequence>1746</sequence>
  <level>INFO</level>
  <class>com.kms.katalon.core.logging.XmlKeywordLogger</class>
  <method>logMessage</method>
  <thread>1</thread>
  <message>[AI Self-Healing] No possible locators found</message>
  <nestedLevel>1</nestedLevel>
  <escapedJava>false</escapedJava>
  <property name="aiSelfHealingApplied">true</property>
  <property name="isDebugOnly">true</property>
</record>
<record>
  <date>2026-05-26T21:13:11.799923300Z</date>
  <millis>1779829991799</millis>
  <nanos>923300</nanos>
  <sequence>1750</sequence>
  <level>FAILED</level>
  <class>com.kms.katalon.core.logging.XmlKeywordLogger</class>
  <method>logMessage</method>
  <thread>1</thread>
  <message>Unable to click on object &amp;apos;Object Repository/Page_Work Order  View- Workforce Manager/div_Hi there, For line manager escalation or app&amp;apos; (Root cause: com.kms.katalon.core.exception.StepFailedException: Unable to click on object &amp;apos;Object Repository/Page_Work Order  View- Workforce Manager/div_Hi there, For line manager escalation or app&amp;apos;
	at com.kms.katalon.core.webui.keyword.internal.WebUIKeywordMain.stepFailed(WebUIKeywordMain.groovy:177)
	at com.kms.katalon.core.webui.keyword.internal.WebUIKeywordMain.runKeyword(WebUIKeywordMain.groovy:49)
	at com.kms.katalon.core.webui.keyword.internal.WebUIKeywordMain.runKeywordUntilTimeout(WebUIKeywordMain.groovy:133)
	at com.kms.katalon.core.webui.keyword.builtin.ClickKeyword.click(ClickKeyword.groovy:72)
	at com.kms.katalon.core.webui.keyword.builtin.ClickKeyword.execute(ClickKeyword.groovy:38)
	at com.kms.katalon.core.keyword.internal.KeywordExecutor.executeKeywordForPlatform(KeywordExecutor.groovy:99)
	at com.kms.katalon.core.webui.keyword.WebUiBuiltInKeywords.click(WebUiBuiltInKeywords.groovy:722)
	at TC_Add_Comment.run(TC_Add_Comment:30)
	at com.kms.katalon.core.main.ScriptEngine.run(ScriptEngine.java:203)
	at com.kms.katalon.core.main.ScriptEngine.runScriptAsRawText(ScriptEngine.java:115)
	at com.kms.katalon.core.main.TestCaseExecutor.runScript(TestCaseExecutor.java:504)
	at com.kms.katalon.core.main.TestCaseExecutor.doExecute(TestCaseExecutor.java:495)
	at com.kms.katalon.core.main.TestCaseExecutor.processExecutionPhase(TestCaseExecutor.java:474)
	at com.kms.katalon.core.main.TestCaseExecutor.accessMainPhase(TestCaseExecutor.java:466)
	at com.kms.katalon.core.main.TestCaseExecutor.execute(TestCaseExecutor.java:336)
	at com.kms.katalon.core.main.TestCaseExecutor.execute(TestCaseExecutor.java:424)
	at com.kms.katalon.core.main.TestCaseExecutor.execute(TestCaseExecutor.java:424)
	at com.kms.katalon.core.main.TestCaseExecutor.execute(TestCaseExecutor.java:424)
	at com.kms.katalon.core.common.CommonExecutor.accessTestCaseMainPhase(CommonExecutor.java:71)
	at com.kms.katalon.core.main.TestSuiteExecutor.accessTestSuiteMainPhase(TestSuiteExecutor.java:153)
	at com.kms.katalon.core.main.TestSuiteExecutor.execute(TestSuiteExecutor.java:110)
	at com.kms.katalon.core.main.TestCaseMain.startTestSuite(TestCaseMain.java:206)
	at S0526_51.run(S0526_51.groovy:40)
	at java.base/jdk.internal.reflect.DirectMethodHandleAccessor.invoke(DirectMethodHandleAccessor.java:103)
Caused by: com.kms.katalon.core.webui.exception.WebElementNotFoundException: Web element with id: &amp;apos;Object Repository/Page_Work Order  View- Workforce Manager/div_Hi there, For line manager escalation or app&amp;apos; located by &amp;apos;By.xpath: //*[@class and contains(concat(&amp;apos; &amp;apos;, normalize-space(@class), &amp;apos; &amp;apos;), &amp;apos; assign-modal-alert &amp;apos;)]&amp;apos; not found
	at com.kms.katalon.core.webui.model.WebUiElementFinder.findElementByNormalMethods(WebUiElementFinder.java:201)
	at com.kms.katalon.core.webui.model.WebUiElementFinder.findElementsBySelectedMethod(WebUiElementFinder.java:99)
	at com.kms.katalon.core.webui.model.WebUiElementFinder.findElementsBySelectedMethod(WebUiElementFinder.java:82)
	at com.kms.katalon.core.webui.model.WebUiElementFinder.findElementsBySelectedMethod(WebUiElementFinder.java:77)
	at com.kms.katalon.core.webui.model.WebUiElementFinder.findElement(WebUiElementFinder.java:51)
	at com.kms.katalon.core.webui.model.WebUiElementFinderWithTimeout.basicFindElement(WebUiElementFinderWithTimeout.java:51)
	at com.kms.katalon.core.webui.model.WebUiElementFinderWithTimeout.lambda$0(WebUiElementFinderWithTimeout.java:29)
	at com.kms.katalon.core.webui.model.SeleniumActionRetryController.performAction(SeleniumActionRetryController.java:96)
	at com.kms.katalon.core.webui.model.SeleniumActionRetryController.performAction(SeleniumActionRetryController.java:83)
	at com.kms.katalon.core.webui.model.WebUiElementFinderWithTimeout.findElement(WebUiElementFinderWithTimeout.java:28)
	at com.kms.katalon.core.webui.keyword.internal.WebUIAbstractKeyword.lambda$1(WebUIAbstractKeyword.java:119)
	at com.kms.katalon.core.webui.model.SeleniumActionRetryController.performAction(SeleniumActionRetryController.java:96)
	at com.kms.katalon.core.webui.model.SeleniumActionRetryController.performAction(SeleniumActionRetryController.java:83)
	at com.kms.katalon.core.webui.model.SeleniumActionRetryController.retry(SeleniumActionRetryController.java:49)
	at com.kms.katalon.core.webui.model.SeleniumActionRetryController.retry(SeleniumActionRetryController.java:44)
	at com.kms.katalon.core.webui.keyword.internal.WebUIAbstractKeyword.findWebElement(WebUIAbstractKeyword.java:116)
	at com.kms.katalon.core.webui.keyword.builtin.ClickKeyword$_click_closure1.doCall(ClickKeyword.groovy:52)
	at java.base/jdk.internal.reflect.DirectMethodHandleAccessor.invoke(DirectMethodHandleAccessor.java:103)
	at jdk.proxy2/jdk.proxy2.$Proxy56.execute(Unknown Source)
	at com.kms.katalon.core.webui.model.SeleniumActionRetryController.performAction(SeleniumActionRetryController.java:96)
	at com.kms.katalon.core.webui.model.SeleniumActionRetryController.performAction(SeleniumActionRetryController.java:83)
	at com.kms.katalon.core.webui.keyword.internal.WebUIKeywordMain$_runKeywordUntilTimeout_closure1.doCall(WebUIKeywordMain.groovy:135)
	at com.kms.katalon.core.webui.keyword.internal.WebUIKeywordMain$_runKeywordUntilTimeout_closure1.call(WebUIKeywordMain.groovy)
	at com.kms.katalon.core.webui.keyword.internal.WebUIKeywordMain.runKeyword(WebUIKeywordMain.groovy:41)
	at com.kms.katalon.core.webui.keyword.internal.WebUIKeywordMain.runKeywordUntilTimeout(WebUIKeywordMain.groovy:133)
	at com.kms.katalon.core.webui.keyword.builtin.ClickKeyword.click(ClickKeyword.groovy:72)
	at com.kms.katalon.core.webui.keyword.builtin.ClickKeyword.execute(ClickKeyword.groovy:38)
	at com.kms.katalon.core.keyword.internal.KeywordExecutor.executeKeywordForPlatform(KeywordExecutor.groovy:99)
	at com.kms.katalon.core.webui.keyword.WebUiBuiltInKeywords.click(WebUiBuiltInKeywords.groovy:722)
	at Script1779529027086.run(Script1779529027086.groovy:30)
	... 16 more
)</message>
  <nestedLevel>1</nestedLevel>
  <escapedJava>false</escapedJava>
  <property name="failed.exception.class">com.kms.katalon.core.webui.exception.WebElementNotFoundException</property>
  <property name="attachment">1779829991635.png</property>
  <property name="failed.exception.stacktrace">com.kms.katalon.core.webui.exception.WebElementNotFoundException: Web element with id: &apos;Object Repository/Page_Work Order  View- Workforce Manager/div_Hi there, For line manager escalation or app&apos; located by &apos;By.xpath: //*[@class and contains(concat(&apos; &apos;, normalize-space(@class), &apos; &apos;), &apos; assign-modal-alert &apos;)]&apos; not found
	at com.kms.katalon.core.webui.model.WebUiElementFinder.findElementByNormalMethods(WebUiElementFinder.java:201)
	at com.kms.katalon.core.webui.model.WebUiElementFinder.findElementsBySelectedMethod(WebUiElementFinder.java:99)
	at com.kms.katalon.core.webui.model.WebUiElementFinder.findElementsBySelectedMethod(WebUiElementFinder.java:82)
	at com.kms.katalon.core.webui.model.WebUiElementFinder.findElementsBySelectedMethod(WebUiElementFinder.java:77)
	at com.kms.katalon.core.webui.model.WebUiElementFinder.findElement(WebUiElementFinder.java:51)
	at com.kms.katalon.core.webui.model.WebUiElementFinderWithTimeout.basicFindElement(WebUiElementFinderWithTimeout.java:51)
	at com.kms.katalon.core.webui.model.WebUiElementFinderWithTimeout.lambda$0(WebUiElementFinderWithTimeout.java:29)
	at com.kms.katalon.core.webui.model.SeleniumActionRetryController.performAction(SeleniumActionRetryController.java:96)
	at com.kms.katalon.core.webui.model.SeleniumActionRetryController.performAction(SeleniumActionRetryController.java:83)
	at com.kms.katalon.core.webui.model.WebUiElementFinderWithTimeout.findElement(WebUiElementFinderWithTimeout.java:28)
	at com.kms.katalon.core.webui.keyword.internal.WebUIAbstractKeyword.lambda$1(WebUIAbstractKeyword.java:119)
	at com.kms.katalon.core.webui.model.SeleniumActionRetryController.performAction(SeleniumActionRetryController.java:96)
	at com.kms.katalon.core.webui.model.SeleniumActionRetryController.performAction(SeleniumActionRetryController.java:83)
	at com.kms.katalon.core.webui.model.SeleniumActionRetryController.retry(SeleniumActionRetryController.java:49)
	at com.kms.katalon.core.webui.model.SeleniumActionRetryController.retry(SeleniumActionRetryController.java:44)
	at com.kms.katalon.core.webui.keyword.internal.WebUIAbstractKeyword.findWebElement(WebUIAbstractKeyword.java:116)
	at com.kms.katalon.core.webui.keyword.builtin.ClickKeyword$_click_closure1.doCall(ClickKeyword.groovy:52)
	at java.base/jdk.internal.reflect.DirectMethodHandleAccessor.invoke(DirectMethodHandleAccessor.java:103)
	at jdk.proxy2/jdk.proxy2.$Proxy56.execute(Unknown Source)
	at com.kms.katalon.core.webui.model.SeleniumActionRetryController.performAction(SeleniumActionRetryController.java:96)
	at com.kms.katalon.core.webui.model.SeleniumActionRetryController.performAction(SeleniumActionRetryController.java:83)
	at com.kms.katalon.core.webui.keyword.internal.WebUIKeywordMain$_runKeywordUntilTimeout_closure1.doCall(WebUIKeywordMain.groovy:135)
	at com.kms.katalon.core.webui.keyword.internal.WebUIKeywordMain$_runKeywordUntilTimeout_closure1.call(WebUIKeywordMain.groovy)
	at com.kms.katalon.core.webui.keyword.internal.WebUIKeywordMain.runKeyword(WebUIKeywordMain.groovy:41)
	at com.kms.katalon.core.webui.keyword.internal.WebUIKeywordMain.runKeywordUntilTimeout(WebUIKeywordMain.groovy:133)
	at com.kms.katalon.core.webui.keyword.builtin.ClickKeyword.click(ClickKeyword.groovy:72)
	at com.kms.katalon.core.webui.keyword.builtin.ClickKeyword.execute(ClickKeyword.groovy:38)
	at com.kms.katalon.core.keyword.internal.KeywordExecutor.executeKeywordForPlatform(KeywordExecutor.groovy:99)
	at com.kms.katalon.core.webui.keyword.WebUiBuiltInKeywords.click(WebUiBuiltInKeywords.groovy:722)
	at TC_Add_Comment.run(TC_Add_Comment:30)
	at com.kms.katalon.core.main.ScriptEngine.run(ScriptEngine.java:203)
	at com.kms.katalon.core.main.ScriptEngine.runScriptAsRawText(ScriptEngine.java:115)
	at com.kms.katalon.core.main.TestCaseExecutor.runScript(TestCaseExecutor.java:504)
	at com.kms.katalon.core.main.TestCaseExecutor.doExecute(TestCaseExecutor.java:495)
	at com.kms.katalon.core.main.TestCaseExecutor.processExecutionPhase(TestCaseExecutor.java:474)
	at com.kms.katalon.core.main.TestCaseExecutor.accessMainPhase(TestCaseExecutor.java:466)
	at com.kms.katalon.core.main.TestCaseExecutor.execute(TestCaseExecutor.java:336)
	at com.kms.katalon.core.main.TestCaseExecutor.execute(TestCaseExecutor.java:424)
	at com.kms.katalon.core.main.TestCaseExecutor.execute(TestCaseExecutor.java:424)
	at com.kms.katalon.core.main.TestCaseExecutor.execute(TestCaseExecutor.java:424)
	at com.kms.katalon.core.common.CommonExecutor.accessTestCaseMainPhase(CommonExecutor.java:71)
	at com.kms.katalon.core.main.TestSuiteExecutor.accessTestSuiteMainPhase(TestSuiteExecutor.java:153)
	at com.kms.katalon.core.main.TestSuiteExecutor.execute(TestSuiteExecutor.java:110)
	at com.kms.katalon.core.main.TestCaseMain.startTestSuite(TestCaseMain.java:206)
	at S0526_51.run(S0526_51.groovy:40)
	at java.base/jdk.internal.reflect.DirectMethodHandleAccessor.invoke(DirectMethodHandleAccessor.java:103)
</property>
  <property name="failed.exception.message">Web element with id: &apos;Object Repository/Page_Work Order  View- Workforce Manager/div_Hi there, For line manager escalation or app&apos; located by &apos;By.xpath: //*[@class and contains(concat(&apos; &apos;, normalize-space(@class), &apos; &apos;), &apos; assign-modal-alert &apos;)]&apos; not found</property>
</record>
<record>
  <date>2026-05-26T21:13:11.803221700Z</date>
  <millis>1779829991803</millis>
  <nanos>221700</nanos>
  <sequence>1753</sequence>
  <level>END</level>
  <class>com.kms.katalon.core.logging.XmlKeywordLogger</class>
  <method>endKeyword</method>
  <thread>1</thread>
  <message>End action : click(findTestObject(&amp;quot;Page_Work Order  View- Workforce Manager/div_Hi there, For line manager escalation or app&amp;quot;))</message>
  <nestedLevel>1</nestedLevel>
  <escapedJava>false</escapedJava>
</record>
<record>
  <date>2026-05-26T21:13:11.803221700Z</date>
  <millis>1779829991803</millis>
  <nanos>221700</nanos>
  <sequence>1756</sequence>
  <level>FAILED</level>
  <class>com.kms.katalon.core.logging.XmlKeywordLogger</class>
  <method>logMessage</method>
  <thread>1</thread>
  <message>Test Cases/TaskActions/Comments/TC_Add_Comment FAILED.
Reason:
com.kms.katalon.core.exception.StepFailedException: Unable to click on object &amp;apos;Object Repository/Page_Work Order  View- Workforce Manager/div_Hi there, For line manager escalation or app&amp;apos;
	at com.kms.katalon.core.webui.keyword.internal.WebUIKeywordMain.stepFailed(WebUIKeywordMain.groovy:177)
	at com.kms.katalon.core.webui.keyword.internal.WebUIKeywordMain.runKeyword(WebUIKeywordMain.groovy:49)
	at com.kms.katalon.core.webui.keyword.internal.WebUIKeywordMain.runKeywordUntilTimeout(WebUIKeywordMain.groovy:133)
	at com.kms.katalon.core.webui.keyword.builtin.ClickKeyword.click(ClickKeyword.groovy:72)
	at com.kms.katalon.core.webui.keyword.builtin.ClickKeyword.execute(ClickKeyword.groovy:38)
	at com.kms.katalon.core.keyword.internal.KeywordExecutor.executeKeywordForPlatform(KeywordExecutor.groovy:99)
	at com.kms.katalon.core.webui.keyword.WebUiBuiltInKeywords.click(WebUiBuiltInKeywords.groovy:722)
	at TC_Add_Comment.run(TC_Add_Comment:30)
	at com.kms.katalon.core.main.ScriptEngine.run(ScriptEngine.java:203)
	at com.kms.katalon.core.main.ScriptEngine.runScriptAsRawText(ScriptEngine.java:115)
	at com.kms.katalon.core.main.TestCaseExecutor.runScript(TestCaseExecutor.java:504)
	at com.kms.katalon.core.main.TestCaseExecutor.doExecute(TestCaseExecutor.java:495)
	at com.kms.katalon.core.main.TestCaseExecutor.processExecutionPhase(TestCaseExecutor.java:474)
	at com.kms.katalon.core.main.TestCaseExecutor.accessMainPhase(TestCaseExecutor.java:466)
	at com.kms.katalon.core.main.TestCaseExecutor.execute(TestCaseExecutor.java:336)
	at com.kms.katalon.core.main.TestCaseExecutor.execute(TestCaseExecutor.java:424)
	at com.kms.katalon.core.main.TestCaseExecutor.execute(TestCaseExecutor.java:424)
	at com.kms.katalon.core.main.TestCaseExecutor.execute(TestCaseExecutor.java:424)
	at com.kms.katalon.core.common.CommonExecutor.accessTestCaseMainPhase(CommonExecutor.java:71)
	at com.kms.katalon.core.main.TestSuiteExecutor.accessTestSuiteMainPhase(TestSuiteExecutor.java:153)
	at com.kms.katalon.core.main.TestSuiteExecutor.execute(TestSuiteExecutor.java:110)
	at com.kms.katalon.core.main.TestCaseMain.startTestSuite(TestCaseMain.java:206)
	at S0526_51.run(S0526_51.groovy:40)
	at java.base/jdk.internal.reflect.DirectMethodHandleAccessor.invoke(DirectMethodHandleAccessor.java:103)
Caused by: com.kms.katalon.core.webui.exception.WebElementNotFoundException: Web element with id: &amp;apos;Object Repository/Page_Work Order  View- Workforce Manager/div_Hi there, For line manager escalation or app&amp;apos; located by &amp;apos;By.xpath: //*[@class and contains(concat(&amp;apos; &amp;apos;, normalize-space(@class), &amp;apos; &amp;apos;), &amp;apos; assign-modal-alert &amp;apos;)]&amp;apos; not found
	at com.kms.katalon.core.webui.model.WebUiElementFinder.findElementByNormalMethods(WebUiElementFinder.java:201)
	at com.kms.katalon.core.webui.model.WebUiElementFinder.findElementsBySelectedMethod(WebUiElementFinder.java:99)
	at com.kms.katalon.core.webui.model.WebUiElementFinder.findElementsBySelectedMethod(WebUiElementFinder.java:82)
	at com.kms.katalon.core.webui.model.WebUiElementFinder.findElementsBySelectedMethod(WebUiElementFinder.java:77)
	at com.kms.katalon.core.webui.model.WebUiElementFinder.findElement(WebUiElementFinder.java:51)
	at com.kms.katalon.core.webui.model.WebUiElementFinderWithTimeout.basicFindElement(WebUiElementFinderWithTimeout.java:51)
	at com.kms.katalon.core.webui.model.WebUiElementFinderWithTimeout.lambda$0(WebUiElementFinderWithTimeout.java:29)
	at com.kms.katalon.core.webui.model.SeleniumActionRetryController.performAction(SeleniumActionRetryController.java:96)
	at com.kms.katalon.core.webui.model.SeleniumActionRetryController.performAction(SeleniumActionRetryController.java:83)
	at com.kms.katalon.core.webui.model.WebUiElementFinderWithTimeout.findElement(WebUiElementFinderWithTimeout.java:28)
	at com.kms.katalon.core.webui.keyword.internal.WebUIAbstractKeyword.lambda$1(WebUIAbstractKeyword.java:119)
	at com.kms.katalon.core.webui.model.SeleniumActionRetryController.performAction(SeleniumActionRetryController.java:96)
	at com.kms.katalon.core.webui.model.SeleniumActionRetryController.performAction(SeleniumActionRetryController.java:83)
	at com.kms.katalon.core.webui.model.SeleniumActionRetryController.retry(SeleniumActionRetryController.java:49)
	at com.kms.katalon.core.webui.model.SeleniumActionRetryController.retry(SeleniumActionRetryController.java:44)
	at com.kms.katalon.core.webui.keyword.internal.WebUIAbstractKeyword.findWebElement(WebUIAbstractKeyword.java:116)
	at com.kms.katalon.core.webui.keyword.builtin.ClickKeyword$_click_closure1.doCall(ClickKeyword.groovy:52)
	at java.base/jdk.internal.reflect.DirectMethodHandleAccessor.invoke(DirectMethodHandleAccessor.java:103)
	at jdk.proxy2/jdk.proxy2.$Proxy56.execute(Unknown Source)
	at com.kms.katalon.core.webui.model.SeleniumActionRetryController.performAction(SeleniumActionRetryController.java:96)
	at com.kms.katalon.core.webui.model.SeleniumActionRetryController.performAction(SeleniumActionRetryController.java:83)
	at com.kms.katalon.core.webui.keyword.internal.WebUIKeywordMain$_runKeywordUntilTimeout_closure1.doCall(WebUIKeywordMain.groovy:135)
	at com.kms.katalon.core.webui.keyword.internal.WebUIKeywordMain$_runKeywordUntilTimeout_closure1.call(WebUIKeywordMain.groovy)
	at com.kms.katalon.core.webui.keyword.internal.WebUIKeywordMain.runKeyword(WebUIKeywordMain.groovy:41)
	... 22 more
</message>
  <exception>
    <message>com.kms.katalon.core.exception.StepFailedException: Unable to click on object 'Object Repository/Page_Work Order  View- Workforce Manager/div_Hi there, For line manager escalation or app'</message>
    <frame>
      <class>com.kms.katalon.core.logging.XmlKeywordLogger</class>
      <method>logMessage</method>
      <line>518</line>
    </frame>
    <frame>
      <class>com.kms.katalon.core.logging.KeywordLogger</class>
      <method>logMessage</method>
      <line>475</line>
    </frame>
    <frame>
      <class>com.kms.katalon.core.main.TestCaseExecutor</class>
      <method>logError</method>
      <line>621</line>
    </frame>
    <frame>
      <class>com.kms.katalon.core.main.TestCaseExecutor</class>
      <method>onExecutionError</method>
      <line>199</line>
    </frame>
    <frame>
      <class>com.kms.katalon.core.main.TestCaseExecutor</class>
      <method>processExecutionPhase</method>
      <line>484</line>
    </frame>
    <frame>
      <class>com.kms.katalon.core.main.TestCaseExecutor</class>
      <method>accessMainPhase</method>
      <line>466</line>
    </frame>
    <frame>
      <class>com.kms.katalon.core.main.TestCaseExecutor</class>
      <method>execute</method>
      <line>336</line>
    </frame>
    <frame>
      <class>com.kms.katalon.core.main.TestCaseExecutor</class>
      <method>execute</method>
      <line>424</line>
    </frame>
    <frame>
      <class>com.kms.katalon.core.main.TestCaseExecutor</class>
      <method>execute</method>
      <line>424</line>
    </frame>
    <frame>
      <class>com.kms.katalon.core.main.TestCaseExecutor</class>
      <method>execute</method>
      <line>424</line>
    </frame>
    <frame>
      <class>com.kms.katalon.core.common.CommonExecutor</class>
      <method>accessTestCaseMainPhase</method>
      <line>71</line>
    </frame>
    <frame>
      <class>com.kms.katalon.core.main.TestSuiteExecutor</class>
      <method>accessTestSuiteMainPhase</method>
      <line>153</line>
    </frame>
    <frame>
      <class>com.kms.katalon.core.main.TestSuiteExecutor</class>
      <method>execute</method>
      <line>110</line>
    </frame>
    <frame>
      <class>com.kms.katalon.core.main.TestCaseMain</class>
      <method>startTestSuite</method>
      <line>206</line>
    </frame>
    <frame>
      <class>org.codehaus.groovy.vmplugin.v8.IndyInterface</class>
      <method>fromCache</method>
      <line>318</line>
    </frame>
    <frame>
      <class>S0526_51</class>
      <method>run</method>
      <line>40</line>
    </frame>
    <frame>
      <class>groovy.lang.GroovyShell</class>
      <method>runScriptOrMainOrTestOrRunnable</method>
      <line>254</line>
    </frame>
    <frame>
      <class>groovy.lang.GroovyShell</class>
      <method>run</method>
      <line>360</line>
    </frame>
    <frame>
      <class>groovy.lang.GroovyShell</class>
      <method>run</method>
      <line>349</line>
    </frame>
    <frame>
      <class>groovy.ui.GroovyMain</class>
      <method>processOnce</method>
      <line>652</line>
    </frame>
    <frame>
      <class>groovy.ui.GroovyMain</class>
      <method>run</method>
      <line>398</line>
    </frame>
    <frame>
      <class>groovy.ui.GroovyMain</class>
      <method>access$1400</method>
      <line>68</line>
    </frame>
    <frame>
      <class>groovy.ui.GroovyMain$GroovyCommand</class>
      <method>process</method>
      <line>322</line>
    </frame>
    <frame>
      <class>groovy.ui.GroovyMain</class>
      <method>processArgs</method>
      <line>142</line>
    </frame>
    <frame>
      <class>groovy.ui.GroovyMain</class>
      <method>main</method>
      <line>115</line>
    </frame>
    <frame>
      <class>jdk.internal.reflect.DirectMethodHandleAccessor</class>
      <method>invoke</method>
      <line>103</line>
    </frame>
    <frame>
      <class>java.lang.reflect.Method</class>
      <method>invoke</method>
      <line>580</line>
    </frame>
    <frame>
      <class>org.codehaus.groovy.tools.GroovyStarter</class>
      <method>rootLoader</method>
      <line>117</line>
    </frame>
    <frame>
      <class>org.codehaus.groovy.tools.GroovyStarter</class>
      <method>main</method>
      <line>39</line>
    </frame>
  </exception>
  <nestedLevel>0</nestedLevel>
  <escapedJava>false</escapedJava>
  <property name="failed.exception.stacktrace">com.kms.katalon.core.webui.exception.WebElementNotFoundException: Web element with id: &apos;Object Repository/Page_Work Order  View- Workforce Manager/div_Hi there, For line manager escalation or app&apos; located by &apos;By.xpath: //*[@class and contains(concat(&apos; &apos;, normalize-space(@class), &apos; &apos;), &apos; assign-modal-alert &apos;)]&apos; not found
	at com.kms.katalon.core.webui.model.WebUiElementFinder.findElementByNormalMethods(WebUiElementFinder.java:201)
	at com.kms.katalon.core.webui.model.WebUiElementFinder.findElementsBySelectedMethod(WebUiElementFinder.java:99)
	at com.kms.katalon.core.webui.model.WebUiElementFinder.findElementsBySelectedMethod(WebUiElementFinder.java:82)
	at com.kms.katalon.core.webui.model.WebUiElementFinder.findElementsBySelectedMethod(WebUiElementFinder.java:77)
	at com.kms.katalon.core.webui.model.WebUiElementFinder.findElement(WebUiElementFinder.java:51)
	at com.kms.katalon.core.webui.model.WebUiElementFinderWithTimeout.basicFindElement(WebUiElementFinderWithTimeout.java:51)
	at com.kms.katalon.core.webui.model.WebUiElementFinderWithTimeout.lambda$0(WebUiElementFinderWithTimeout.java:29)
	at com.kms.katalon.core.webui.model.SeleniumActionRetryController.performAction(SeleniumActionRetryController.java:96)
	at com.kms.katalon.core.webui.model.SeleniumActionRetryController.performAction(SeleniumActionRetryController.java:83)
	at com.kms.katalon.core.webui.model.WebUiElementFinderWithTimeout.findElement(WebUiElementFinderWithTimeout.java:28)
	at com.kms.katalon.core.webui.keyword.internal.WebUIAbstractKeyword.lambda$1(WebUIAbstractKeyword.java:119)
	at com.kms.katalon.core.webui.model.SeleniumActionRetryController.performAction(SeleniumActionRetryController.java:96)
	at com.kms.katalon.core.webui.model.SeleniumActionRetryController.performAction(SeleniumActionRetryController.java:83)
	at com.kms.katalon.core.webui.model.SeleniumActionRetryController.retry(SeleniumActionRetryController.java:49)
	at com.kms.katalon.core.webui.model.SeleniumActionRetryController.retry(SeleniumActionRetryController.java:44)
	at com.kms.katalon.core.webui.keyword.internal.WebUIAbstractKeyword.findWebElement(WebUIAbstractKeyword.java:116)
	at com.kms.katalon.core.webui.keyword.builtin.ClickKeyword$_click_closure1.doCall(ClickKeyword.groovy:52)
	at java.base/jdk.internal.reflect.DirectMethodHandleAccessor.invoke(DirectMethodHandleAccessor.java:103)
	at jdk.proxy2/jdk.proxy2.$Proxy56.execute(Unknown Source)
	at com.kms.katalon.core.webui.model.SeleniumActionRetryController.performAction(SeleniumActionRetryController.java:96)
	at com.kms.katalon.core.webui.model.SeleniumActionRetryController.performAction(SeleniumActionRetryController.java:83)
	at com.kms.katalon.core.webui.keyword.internal.WebUIKeywordMain$_runKeywordUntilTimeout_closure1.doCall(WebUIKeywordMain.groovy:135)
	at com.kms.katalon.core.webui.keyword.internal.WebUIKeywordMain$_runKeywordUntilTimeout_closure1.call(WebUIKeywordMain.groovy)
	at com.kms.katalon.core.webui.keyword.internal.WebUIKeywordMain.runKeyword(WebUIKeywordMain.groovy:41)
	at com.kms.katalon.core.webui.keyword.internal.WebUIKeywordMain.runKeywordUntilTimeout(WebUIKeywordMain.groovy:133)
	at com.kms.katalon.core.webui.keyword.builtin.ClickKeyword.click(ClickKeyword.groovy:72)
	at com.kms.katalon.core.webui.keyword.builtin.ClickKeyword.execute(ClickKeyword.groovy:38)
	at com.kms.katalon.core.keyword.internal.KeywordExecutor.executeKeywordForPlatform(KeywordExecutor.groovy:99)
	at com.kms.katalon.core.webui.keyword.WebUiBuiltInKeywords.click(WebUiBuiltInKeywords.groovy:722)
	at TC_Add_Comment.run(TC_Add_Comment:30)
	at com.kms.katalon.core.main.ScriptEngine.run(ScriptEngine.java:203)
	at com.kms.katalon.core.main.ScriptEngine.runScriptAsRawText(ScriptEngine.java:115)
	at com.kms.katalon.core.main.TestCaseExecutor.runScript(TestCaseExecutor.java:504)
	at com.kms.katalon.core.main.TestCaseExecutor.doExecute(TestCaseExecutor.java:495)
	at com.kms.katalon.core.main.TestCaseExecutor.processExecutionPhase(TestCaseExecutor.java:474)
	at com.kms.katalon.core.main.TestCaseExecutor.accessMainPhase(TestCaseExecutor.java:466)
	at com.kms.katalon.core.main.TestCaseExecutor.execute(TestCaseExecutor.java:336)
	at com.kms.katalon.core.main.TestCaseExecutor.execute(TestCaseExecutor.java:424)
	at com.kms.katalon.core.main.TestCaseExecutor.execute(TestCaseExecutor.java:424)
	at com.kms.katalon.core.main.TestCaseExecutor.execute(TestCaseExecutor.java:424)
	at com.kms.katalon.core.common.CommonExecutor.accessTestCaseMainPhase(CommonExecutor.java:71)
	at com.kms.katalon.core.main.TestSuiteExecutor.accessTestSuiteMainPhase(TestSuiteExecutor.java:153)
	at com.kms.katalon.core.main.TestSuiteExecutor.execute(TestSuiteExecutor.java:110)
	at com.kms.katalon.core.main.TestCaseMain.startTestSuite(TestCaseMain.java:206)
	at S0526_51.run(S0526_51.groovy:40)
	at java.base/jdk.internal.reflect.DirectMethodHandleAccessor.invoke(DirectMethodHandleAccessor.java:103)
</property>
  <property name="failed.exception.class">com.kms.katalon.core.webui.exception.WebElementNotFoundException</property>
  <property name="failed.exception.message">Web element with id: &apos;Object Repository/Page_Work Order  View- Workforce Manager/div_Hi there, For line manager escalation or app&apos; located by &apos;By.xpath: //*[@class and contains(concat(&apos; &apos;, normalize-space(@class), &apos; &apos;), &apos; assign-modal-alert &apos;)]&apos; not found</property>
</record>
<record>
  <date>2026-05-26T21:13:11.817565Z</date>
  <millis>1779829991817</millis>
  <nanos>565000</nanos>
  <sequence>1758</sequence>
  <level>END</level>
  <class>com.kms.katalon.core.logging.XmlKeywordLogger</class>
  <method>endTest</method>
  <thread>1</thread>
  <message>End Test Case : Test Cases/TaskActions/Comments/TC_Add_Comment</message>
  <nestedLevel>0</nestedLevel>
  <escapedJava>false</escapedJava>
  <property name="executionBindingVariables">[]</property>
  <property name="applitools">false</property>
  <property name="remainingRetryCount">0</property>
  <property name="executedKeywords">{
  &quot;WebUI.click&quot;: 1,
  &quot;WebUI.waitForPageLoad&quot;: 2,
  &quot;WebUI.waitForElementPresent&quot;: 2
}</property>
  <property name="currentRetryCount">3</property>
  <property name="keywordsUsage">{
  &quot;web_ui&quot;: true,
  &quot;web_service&quot;: false,
  &quot;cucumber&quot;: false,
  &quot;builtin&quot;: false,
  &quot;mobile&quot;: false,
  &quot;windows&quot;: false,
  &quot;testng&quot;: false
}</property>
</record>
<record>
  <date>2026-05-26T21:13:15.636487Z</date>
  <millis>1779829995636</millis>
  <nanos>487000</nanos>
  <sequence>1759</sequence>
  <level>END</level>
  <class>com.kms.katalon.core.logging.XmlKeywordLogger</class>
  <method>endSuite</method>
  <thread>1</thread>
  <message>End Test Suite : Test Suites/Survey_suite_model</message>
  <nestedLevel>0</nestedLevel>
  <escapedJava>false</escapedJava>
</record>
</log>
