<?xml version="1.0" encoding="UTF-8" standalone="no"?>
<!DOCTYPE log SYSTEM "logger.dtd">
<log>
<record>
  <date>2026-05-26T21:32:51.469188300Z</date>
  <millis>1779831171469</millis>
  <nanos>188300</nanos>
  <sequence>0</sequence>
  <level>START</level>
  <class>com.kms.katalon.core.logging.XmlKeywordLogger</class>
  <method>startSuite</method>
  <thread>1</thread>
  <message>Start Test Suite : Test Suites/Survey_suite_model</message>
  <nestedLevel>0</nestedLevel>
  <escapedJava>false</escapedJava>
  <property name="rerunTestFailImmediately">true</property>
  <property name="retryCount">3</property>
  <property name="name">Survey_suite_model</property>
  <property name="description"></property>
  <property name="id">Test Suites/Survey_suite_model</property>
</record>
<record>
  <date>2026-05-26T21:32:51.600036300Z</date>
  <millis>1779831171600</millis>
  <nanos>36300</nanos>
  <sequence>1</sequence>
  <level>RUN_DATA</level>
  <class>com.kms.katalon.core.logging.XmlKeywordLogger</class>
  <method>logMessage</method>
  <thread>1</thread>
  <message>userFullName = Chinwuba Okafor</message>
  <nestedLevel>0</nestedLevel>
  <escapedJava>false</escapedJava>
  <property name="userFullName">Chinwuba Okafor</property>
</record>
<record>
  <date>2026-05-26T21:32:51.608108400Z</date>
  <millis>1779831171608</millis>
  <nanos>108400</nanos>
  <sequence>2</sequence>
  <level>RUN_DATA</level>
  <class>com.kms.katalon.core.logging.XmlKeywordLogger</class>
  <method>logMessage</method>
  <thread>1</thread>
  <message>projectName = convergence-qa-tests</message>
  <nestedLevel>0</nestedLevel>
  <escapedJava>false</escapedJava>
  <property name="projectName">convergence-qa-tests</property>
</record>
<record>
  <date>2026-05-26T21:32:51.613347900Z</date>
  <millis>1779831171613</millis>
  <nanos>347900</nanos>
  <sequence>3</sequence>
  <level>RUN_DATA</level>
  <class>com.kms.katalon.core.logging.XmlKeywordLogger</class>
  <method>logMessage</method>
  <thread>1</thread>
  <message>hostName = CROWN-STAFF - DESKTOP-4SI0S1N</message>
  <nestedLevel>0</nestedLevel>
  <escapedJava>false</escapedJava>
  <property name="hostName">CROWN-STAFF - DESKTOP-4SI0S1N</property>
</record>
<record>
  <date>2026-05-26T21:32:51.616399200Z</date>
  <millis>1779831171616</millis>
  <nanos>399200</nanos>
  <sequence>4</sequence>
  <level>RUN_DATA</level>
  <class>com.kms.katalon.core.logging.XmlKeywordLogger</class>
  <method>logMessage</method>
  <thread>1</thread>
  <message>os = Windows 11 64bit</message>
  <nestedLevel>0</nestedLevel>
  <escapedJava>false</escapedJava>
  <property name="os">Windows 11 64bit</property>
</record>
<record>
  <date>2026-05-26T21:32:51.616399200Z</date>
  <millis>1779831171616</millis>
  <nanos>399200</nanos>
  <sequence>5</sequence>
  <level>RUN_DATA</level>
  <class>com.kms.katalon.core.logging.XmlKeywordLogger</class>
  <method>logMessage</method>
  <thread>1</thread>
  <message>hostAddress = 10.68.235.63</message>
  <nestedLevel>0</nestedLevel>
  <escapedJava>false</escapedJava>
  <property name="hostAddress">10.68.235.63</property>
</record>
<record>
  <date>2026-05-26T21:32:51.616399200Z</date>
  <millis>1779831171616</millis>
  <nanos>399200</nanos>
  <sequence>6</sequence>
  <level>RUN_DATA</level>
  <class>com.kms.katalon.core.logging.XmlKeywordLogger</class>
  <method>logMessage</method>
  <thread>1</thread>
  <message>katalonVersion = 11.1.3.0</message>
  <nestedLevel>0</nestedLevel>
  <escapedJava>false</escapedJava>
  <property name="katalonVersion">11.1.3.0</property>
</record>
<record>
  <date>2026-05-26T21:32:52.353589900Z</date>
  <millis>1779831172353</millis>
  <nanos>589900</nanos>
  <sequence>7</sequence>
  <level>START</level>
  <class>com.kms.katalon.core.logging.XmlKeywordLogger</class>
  <method>startTest</method>
  <thread>1</thread>
  <message>Start Test Case : Test Cases/Authentication/TC_Login</message>
  <nestedLevel>1</nestedLevel>
  <escapedJava>false</escapedJava>
  <property name="remainingRetryCount">3</property>
  <property name="origin"></property>
  <property name="name">Test Cases/Authentication/TC_Login</property>
  <property name="description"></property>
  <property name="iteration"></property>
  <property name="id">Test Cases/Authentication/TC_Login</property>
  <property name="source">C:\Users\CROWN-STAFF\git\convergence-qa-tests\Test Cases\Authentication\TC_Login.tc</property>
  <property name="tag"></property>
  <property name="isOptional">false</property>
  <property name="uuid">c8d3a56c-0cf6-480f-9ac6-165db881e636</property>
  <property name="currentRetryCount">0</property>
</record>
<record>
  <date>2026-05-26T21:32:52.552748100Z</date>
  <millis>1779831172552</millis>
  <nanos>748100</nanos>
  <sequence>9</sequence>
  <level>RUN_DATA</level>
  <class>com.kms.katalon.core.logging.XmlKeywordLogger</class>
  <method>logMessage</method>
  <thread>1</thread>
  <message>executionBindingVariables = []</message>
  <nestedLevel>1</nestedLevel>
  <escapedJava>false</escapedJava>
  <property name="executionBindingVariables">[]</property>
</record>
<record>
  <date>2026-05-26T21:32:54.149076600Z</date>
  <millis>1779831174149</millis>
  <nanos>76600</nanos>
  <sequence>10</sequence>
  <level>START</level>
  <class>com.kms.katalon.core.logging.XmlKeywordLogger</class>
  <method>startKeyword</method>
  <thread>1</thread>
  <message>Start action : openBrowser(&amp;quot;&amp;quot;)</message>
  <nestedLevel>1</nestedLevel>
  <escapedJava>false</escapedJava>
  <property name="startLine">20</property>
  <property name="stepIndex">1</property>
</record>
<record>
  <date>2026-05-26T21:32:55.764779Z</date>
  <millis>1779831175764</millis>
  <nanos>779000</nanos>
  <sequence>13</sequence>
  <level>INFO</level>
  <class>com.kms.katalon.core.logging.XmlKeywordLogger</class>
  <method>logMessage</method>
  <thread>1</thread>
  <message>Starting &amp;apos;Chrome&amp;apos; driver</message>
  <nestedLevel>1</nestedLevel>
  <escapedJava>false</escapedJava>
</record>
<record>
  <date>2026-05-26T21:32:56.150234400Z</date>
  <millis>1779831176150</millis>
  <nanos>234400</nanos>
  <sequence>14</sequence>
  <level>INFO</level>
  <class>com.kms.katalon.core.logging.XmlKeywordLogger</class>
  <method>logMessage</method>
  <thread>1</thread>
  <message>Action delay is set to 0 milliseconds</message>
  <nestedLevel>1</nestedLevel>
  <escapedJava>false</escapedJava>
</record>
<record>
  <date>2026-05-26T21:33:08.491436300Z</date>
  <millis>1779831188491</millis>
  <nanos>436300</nanos>
  <sequence>17</sequence>
  <level>RUN_DATA</level>
  <class>com.kms.katalon.core.logging.XmlKeywordLogger</class>
  <method>logMessage</method>
  <thread>1</thread>
  <message>sessionId = feee1791966b3f5b5643eea19541f7fb</message>
  <nestedLevel>1</nestedLevel>
  <escapedJava>false</escapedJava>
  <property name="sessionId">feee1791966b3f5b5643eea19541f7fb</property>
</record>
<record>
  <date>2026-05-26T21:33:08.494986Z</date>
  <millis>1779831188494</millis>
  <nanos>986000</nanos>
  <sequence>18</sequence>
  <level>RUN_DATA</level>
  <class>com.kms.katalon.core.logging.XmlKeywordLogger</class>
  <method>logMessage</method>
  <thread>1</thread>
  <message>browser = Chrome 148.0.7778.179</message>
  <nestedLevel>1</nestedLevel>
  <escapedJava>false</escapedJava>
  <property name="browser">Chrome 148.0.7778.179</property>
</record>
<record>
  <date>2026-05-26T21:33:08.501146200Z</date>
  <millis>1779831188501</millis>
  <nanos>146200</nanos>
  <sequence>19</sequence>
  <level>RUN_DATA</level>
  <class>com.kms.katalon.core.logging.XmlKeywordLogger</class>
  <method>logMessage</method>
  <thread>1</thread>
  <message>platform = Windows 11</message>
  <nestedLevel>1</nestedLevel>
  <escapedJava>false</escapedJava>
  <property name="platform">Windows 11</property>
</record>
<record>
  <date>2026-05-26T21:33:08.509164700Z</date>
  <millis>1779831188509</millis>
  <nanos>164700</nanos>
  <sequence>20</sequence>
  <level>RUN_DATA</level>
  <class>com.kms.katalon.core.logging.XmlKeywordLogger</class>
  <method>logMessage</method>
  <thread>1</thread>
  <message>seleniumVersion = 4.39.0</message>
  <nestedLevel>1</nestedLevel>
  <escapedJava>false</escapedJava>
  <property name="seleniumVersion">4.39.0</property>
</record>
<record>
  <date>2026-05-26T21:33:08.554594400Z</date>
  <millis>1779831188554</millis>
  <nanos>594400</nanos>
  <sequence>21</sequence>
  <level>RUN_DATA</level>
  <class>com.kms.katalon.core.logging.XmlKeywordLogger</class>
  <method>logMessage</method>
  <thread>1</thread>
  <message>proxyInformation = ProxyInformation { proxyOption=NO_PROXY, proxyServerType=HTTP, username=, password=********, proxyServerAddress=, proxyServerPort=0, executionList=&amp;quot;&amp;quot;, isApplyToDesiredCapabilities=true }</message>
  <nestedLevel>1</nestedLevel>
  <escapedJava>false</escapedJava>
  <property name="proxyInformation">ProxyInformation { proxyOption=NO_PROXY, proxyServerType=HTTP, username=, password=********, proxyServerAddress=, proxyServerPort=0, executionList=&quot;&quot;, isApplyToDesiredCapabilities=true }</property>
</record>
<record>
  <date>2026-05-26T21:33:08.809888300Z</date>
  <millis>1779831188809</millis>
  <nanos>888300</nanos>
  <sequence>22</sequence>
  <level>PASSED</level>
  <class>com.kms.katalon.core.logging.XmlKeywordLogger</class>
  <method>logMessage</method>
  <thread>1</thread>
  <message>Browser is opened with url: &amp;apos;&amp;apos;</message>
  <nestedLevel>1</nestedLevel>
  <escapedJava>false</escapedJava>
  <property name="testops-method-name">com.kms.katalon.core.webui.keyword.builtin.OpenBrowserKeyword.openBrowser</property>
  <property name="testops-execution-stacktrace"></property>
</record>
<record>
  <date>2026-05-26T21:33:08.837932200Z</date>
  <millis>1779831188837</millis>
  <nanos>932200</nanos>
  <sequence>23</sequence>
  <level>END</level>
  <class>com.kms.katalon.core.logging.XmlKeywordLogger</class>
  <method>endKeyword</method>
  <thread>1</thread>
  <message>End action : openBrowser(&amp;quot;&amp;quot;)</message>
  <nestedLevel>1</nestedLevel>
  <escapedJava>false</escapedJava>
</record>
<record>
  <date>2026-05-26T21:33:08.842930200Z</date>
  <millis>1779831188842</millis>
  <nanos>930200</nanos>
  <sequence>24</sequence>
  <level>START</level>
  <class>com.kms.katalon.core.logging.XmlKeywordLogger</class>
  <method>startKeyword</method>
  <thread>1</thread>
  <message>Start action : navigateToUrl(&amp;quot;https://convergenceondemand.com/login&amp;quot;)</message>
  <nestedLevel>1</nestedLevel>
  <escapedJava>false</escapedJava>
  <property name="startLine">22</property>
  <property name="stepIndex">2</property>
</record>
<record>
  <date>2026-05-26T21:33:10.545309800Z</date>
  <millis>1779831190545</millis>
  <nanos>309800</nanos>
  <sequence>28</sequence>
  <level>PASSED</level>
  <class>com.kms.katalon.core.logging.XmlKeywordLogger</class>
  <method>logMessage</method>
  <thread>1</thread>
  <message>Navigate to &amp;apos;https://convergenceondemand.com/login&amp;apos; successfully</message>
  <nestedLevel>1</nestedLevel>
  <escapedJava>false</escapedJava>
  <property name="testops-method-name">com.kms.katalon.core.webui.keyword.builtin.NavigateToUrlKeyword.navigateToUrl</property>
  <property name="testops-execution-stacktrace"></property>
</record>
<record>
  <date>2026-05-26T21:33:10.562418900Z</date>
  <millis>1779831190562</millis>
  <nanos>418900</nanos>
  <sequence>29</sequence>
  <level>END</level>
  <class>com.kms.katalon.core.logging.XmlKeywordLogger</class>
  <method>endKeyword</method>
  <thread>1</thread>
  <message>End action : navigateToUrl(&amp;quot;https://convergenceondemand.com/login&amp;quot;)</message>
  <nestedLevel>1</nestedLevel>
  <escapedJava>false</escapedJava>
</record>
<record>
  <date>2026-05-26T21:33:10.564432100Z</date>
  <millis>1779831190564</millis>
  <nanos>432100</nanos>
  <sequence>30</sequence>
  <level>START</level>
  <class>com.kms.katalon.core.logging.XmlKeywordLogger</class>
  <method>startKeyword</method>
  <thread>1</thread>
  <message>Start action : setText(findTestObject(&amp;quot;Page_1Government Login/input_Enter your MDA&amp;quot;), &amp;quot;govtest&amp;quot;)</message>
  <nestedLevel>1</nestedLevel>
  <escapedJava>false</escapedJava>
  <property name="startLine">24</property>
  <property name="stepIndex">3</property>
</record>
<record>
  <date>2026-05-26T21:33:13.393342600Z</date>
  <millis>1779831193393</millis>
  <nanos>342600</nanos>
  <sequence>44</sequence>
  <level>PASSED</level>
  <class>com.kms.katalon.core.logging.XmlKeywordLogger</class>
  <method>logMessage</method>
  <thread>1</thread>
  <message>Text &amp;apos;govtest&amp;apos; is set on object &amp;apos;Object Repository/Page_1Government Login/input_Enter your MDA&amp;apos;</message>
  <nestedLevel>1</nestedLevel>
  <escapedJava>false</escapedJava>
  <property name="testops-method-name">com.kms.katalon.core.webui.keyword.internal.WebUIKeywordMain.runKeywordUntilTimeout</property>
  <property name="testops-execution-stacktrace">com.kms.katalon.core.logging.KeywordLogger.logPassed(KeywordLogger.java:350)
com.kms.katalon.core.logging.KeywordLogger.logPassed(KeywordLogger.java:345)
com.kms.katalon.core.webui.keyword.builtin.SetTextKeyword$_setText_closure1.doCall(SetTextKeyword.groovy:99)
java.base/jdk.internal.reflect.DirectMethodHandleAccessor.invoke(DirectMethodHandleAccessor.java:103)
jdk.proxy2/jdk.proxy2.$Proxy56.execute(Unknown Source)
com.kms.katalon.core.webui.model.SeleniumActionRetryController.performAction(SeleniumActionRetryController.java:96)
com.kms.katalon.core.webui.model.SeleniumActionRetryController.performAction(SeleniumActionRetryController.java:83)
com.kms.katalon.core.webui.keyword.internal.WebUIKeywordMain$_runKeywordUntilTimeout_closure1.doCall(WebUIKeywordMain.groovy:135)
com.kms.katalon.core.webui.keyword.internal.WebUIKeywordMain$_runKeywordUntilTimeout_closure1.call(WebUIKeywordMain.groovy)
com.kms.katalon.core.webui.keyword.internal.WebUIKeywordMain.runKeyword(WebUIKeywordMain.groovy:41)
com.kms.katalon.core.webui.keyword.internal.WebUIKeywordMain.runKeywordUntilTimeout(WebUIKeywordMain.groovy:133)
com.kms.katalon.core.webui.keyword.builtin.SetTextKeyword.setText(SetTextKeyword.groovy:106)
com.kms.katalon.core.webui.keyword.builtin.SetTextKeyword.execute(SetTextKeyword.groovy:49)
com.kms.katalon.core.keyword.internal.KeywordExecutor.executeKeywordForPlatform(KeywordExecutor.groovy:99)
com.kms.katalon.core.webui.keyword.WebUiBuiltInKeywords.setText(WebUiBuiltInKeywords.groovy:1082)
TC_Login.run(TC_Login:24)
</property>
</record>
<record>
  <date>2026-05-26T21:33:13.402244500Z</date>
  <millis>1779831193402</millis>
  <nanos>244500</nanos>
  <sequence>45</sequence>
  <level>END</level>
  <class>com.kms.katalon.core.logging.XmlKeywordLogger</class>
  <method>endKeyword</method>
  <thread>1</thread>
  <message>End action : setText(findTestObject(&amp;quot;Page_1Government Login/input_Enter your MDA&amp;quot;), &amp;quot;govtest&amp;quot;)</message>
  <nestedLevel>1</nestedLevel>
  <escapedJava>false</escapedJava>
</record>
<record>
  <date>2026-05-26T21:33:13.407436300Z</date>
  <millis>1779831193407</millis>
  <nanos>436300</nanos>
  <sequence>46</sequence>
  <level>START</level>
  <class>com.kms.katalon.core.logging.XmlKeywordLogger</class>
  <method>startKeyword</method>
  <thread>1</thread>
  <message>Start action : setText(findTestObject(&amp;quot;Page_1Government Login/input_Enter Email&amp;quot;), &amp;quot;apisupport@cicod.com&amp;quot;)</message>
  <nestedLevel>1</nestedLevel>
  <escapedJava>false</escapedJava>
  <property name="startLine">26</property>
  <property name="stepIndex">4</property>
</record>
<record>
  <date>2026-05-26T21:33:15.029790900Z</date>
  <millis>1779831195029</millis>
  <nanos>790900</nanos>
  <sequence>60</sequence>
  <level>PASSED</level>
  <class>com.kms.katalon.core.logging.XmlKeywordLogger</class>
  <method>logMessage</method>
  <thread>1</thread>
  <message>Text &amp;apos;apisupport@cicod.com&amp;apos; is set on object &amp;apos;Object Repository/Page_1Government Login/input_Enter Email&amp;apos;</message>
  <nestedLevel>1</nestedLevel>
  <escapedJava>false</escapedJava>
  <property name="testops-method-name">com.kms.katalon.core.webui.keyword.internal.WebUIKeywordMain.runKeywordUntilTimeout</property>
  <property name="testops-execution-stacktrace">com.kms.katalon.core.logging.KeywordLogger.logPassed(KeywordLogger.java:350)
com.kms.katalon.core.logging.KeywordLogger.logPassed(KeywordLogger.java:345)
com.kms.katalon.core.webui.keyword.builtin.SetTextKeyword$_setText_closure1.doCall(SetTextKeyword.groovy:99)
java.base/jdk.internal.reflect.DirectMethodHandleAccessor.invoke(DirectMethodHandleAccessor.java:103)
jdk.proxy2/jdk.proxy2.$Proxy56.execute(Unknown Source)
com.kms.katalon.core.webui.model.SeleniumActionRetryController.performAction(SeleniumActionRetryController.java:96)
com.kms.katalon.core.webui.model.SeleniumActionRetryController.performAction(SeleniumActionRetryController.java:83)
com.kms.katalon.core.webui.keyword.internal.WebUIKeywordMain$_runKeywordUntilTimeout_closure1.doCall(WebUIKeywordMain.groovy:135)
com.kms.katalon.core.webui.keyword.internal.WebUIKeywordMain$_runKeywordUntilTimeout_closure1.call(WebUIKeywordMain.groovy)
com.kms.katalon.core.webui.keyword.internal.WebUIKeywordMain.runKeyword(WebUIKeywordMain.groovy:41)
com.kms.katalon.core.webui.keyword.internal.WebUIKeywordMain.runKeywordUntilTimeout(WebUIKeywordMain.groovy:133)
com.kms.katalon.core.webui.keyword.builtin.SetTextKeyword.setText(SetTextKeyword.groovy:106)
com.kms.katalon.core.webui.keyword.builtin.SetTextKeyword.execute(SetTextKeyword.groovy:49)
com.kms.katalon.core.keyword.internal.KeywordExecutor.executeKeywordForPlatform(KeywordExecutor.groovy:99)
com.kms.katalon.core.webui.keyword.WebUiBuiltInKeywords.setText(WebUiBuiltInKeywords.groovy:1082)
TC_Login.run(TC_Login:26)
</property>
</record>
<record>
  <date>2026-05-26T21:33:15.040176100Z</date>
  <millis>1779831195040</millis>
  <nanos>176100</nanos>
  <sequence>61</sequence>
  <level>END</level>
  <class>com.kms.katalon.core.logging.XmlKeywordLogger</class>
  <method>endKeyword</method>
  <thread>1</thread>
  <message>End action : setText(findTestObject(&amp;quot;Page_1Government Login/input_Enter Email&amp;quot;), &amp;quot;apisupport@cicod.com&amp;quot;)</message>
  <nestedLevel>1</nestedLevel>
  <escapedJava>false</escapedJava>
</record>
<record>
  <date>2026-05-26T21:33:15.040176100Z</date>
  <millis>1779831195040</millis>
  <nanos>176100</nanos>
  <sequence>62</sequence>
  <level>START</level>
  <class>com.kms.katalon.core.logging.XmlKeywordLogger</class>
  <method>startKeyword</method>
  <thread>1</thread>
  <message>Start action : setEncryptedText(findTestObject(&amp;quot;Page_1Government Login/input_Enter password&amp;quot;), &amp;quot;9zJdpvfgkgtFa8MQRHGI0w==&amp;quot;)</message>
  <nestedLevel>1</nestedLevel>
  <escapedJava>false</escapedJava>
  <property name="startLine">28</property>
  <property name="stepIndex">5</property>
</record>
<record>
  <date>2026-05-26T21:33:15.989425900Z</date>
  <millis>1779831195989</millis>
  <nanos>425900</nanos>
  <sequence>75</sequence>
  <level>PASSED</level>
  <class>com.kms.katalon.core.logging.XmlKeywordLogger</class>
  <method>logMessage</method>
  <thread>1</thread>
  <message>Text ****** has been set on object &amp;apos;Object Repository/Page_1Government Login/input_Enter password&amp;apos;</message>
  <nestedLevel>1</nestedLevel>
  <escapedJava>false</escapedJava>
  <property name="testops-method-name">com.kms.katalon.core.webui.keyword.internal.WebUIKeywordMain.runKeywordUntilTimeout</property>
  <property name="testops-execution-stacktrace">com.kms.katalon.core.logging.KeywordLogger.logPassed(KeywordLogger.java:350)
com.kms.katalon.core.logging.KeywordLogger.logPassed(KeywordLogger.java:345)
com.kms.katalon.core.webui.keyword.builtin.SetEncryptedTextKeyword$_setEncryptedText_closure1.doCall(SetEncryptedTextKeyword.groovy:82)
java.base/jdk.internal.reflect.DirectMethodHandleAccessor.invoke(DirectMethodHandleAccessor.java:103)
jdk.proxy2/jdk.proxy2.$Proxy56.execute(Unknown Source)
com.kms.katalon.core.webui.model.SeleniumActionRetryController.performAction(SeleniumActionRetryController.java:96)
com.kms.katalon.core.webui.model.SeleniumActionRetryController.performAction(SeleniumActionRetryController.java:83)
com.kms.katalon.core.webui.keyword.internal.WebUIKeywordMain$_runKeywordUntilTimeout_closure1.doCall(WebUIKeywordMain.groovy:135)
com.kms.katalon.core.webui.keyword.internal.WebUIKeywordMain$_runKeywordUntilTimeout_closure1.call(WebUIKeywordMain.groovy)
com.kms.katalon.core.webui.keyword.internal.WebUIKeywordMain.runKeyword(WebUIKeywordMain.groovy:41)
com.kms.katalon.core.webui.keyword.internal.WebUIKeywordMain.runKeywordUntilTimeout(WebUIKeywordMain.groovy:133)
com.kms.katalon.core.webui.keyword.builtin.SetEncryptedTextKeyword.setEncryptedText(SetEncryptedTextKeyword.groovy:88)
com.kms.katalon.core.webui.keyword.builtin.SetEncryptedTextKeyword.execute(SetEncryptedTextKeyword.groovy:48)
com.kms.katalon.core.keyword.internal.KeywordExecutor.executeKeywordForPlatform(KeywordExecutor.groovy:99)
com.kms.katalon.core.webui.keyword.WebUiBuiltInKeywords.setEncryptedText(WebUiBuiltInKeywords.groovy:1113)
TC_Login.run(TC_Login:28)
</property>
</record>
<record>
  <date>2026-05-26T21:33:15.998583200Z</date>
  <millis>1779831195998</millis>
  <nanos>583200</nanos>
  <sequence>76</sequence>
  <level>END</level>
  <class>com.kms.katalon.core.logging.XmlKeywordLogger</class>
  <method>endKeyword</method>
  <thread>1</thread>
  <message>End action : setEncryptedText(findTestObject(&amp;quot;Page_1Government Login/input_Enter password&amp;quot;), &amp;quot;9zJdpvfgkgtFa8MQRHGI0w==&amp;quot;)</message>
  <nestedLevel>1</nestedLevel>
  <escapedJava>false</escapedJava>
</record>
<record>
  <date>2026-05-26T21:33:16.000605200Z</date>
  <millis>1779831196000</millis>
  <nanos>605200</nanos>
  <sequence>77</sequence>
  <level>START</level>
  <class>com.kms.katalon.core.logging.XmlKeywordLogger</class>
  <method>startKeyword</method>
  <thread>1</thread>
  <message>Start action : click(findTestObject(&amp;quot;Page_1Government Login/button_Login&amp;quot;))</message>
  <nestedLevel>1</nestedLevel>
  <escapedJava>false</escapedJava>
  <property name="startLine">30</property>
  <property name="stepIndex">6</property>
</record>
<record>
  <date>2026-05-26T21:33:16.812763800Z</date>
  <millis>1779831196812</millis>
  <nanos>763800</nanos>
  <sequence>88</sequence>
  <level>PASSED</level>
  <class>com.kms.katalon.core.logging.XmlKeywordLogger</class>
  <method>logMessage</method>
  <thread>1</thread>
  <message>Object: &amp;apos;Object Repository/Page_1Government Login/button_Login&amp;apos; is clicked on</message>
  <nestedLevel>1</nestedLevel>
  <escapedJava>false</escapedJava>
  <property name="testops-method-name">com.kms.katalon.core.webui.keyword.internal.WebUIKeywordMain.runKeywordUntilTimeout</property>
  <property name="testops-execution-stacktrace">com.kms.katalon.core.logging.KeywordLogger.logPassed(KeywordLogger.java:350)
com.kms.katalon.core.logging.KeywordLogger.logPassed(KeywordLogger.java:345)
com.kms.katalon.core.webui.keyword.builtin.ClickKeyword$_click_closure1.doCall(ClickKeyword.groovy:66)
java.base/jdk.internal.reflect.DirectMethodHandleAccessor.invoke(DirectMethodHandleAccessor.java:103)
jdk.proxy2/jdk.proxy2.$Proxy56.execute(Unknown Source)
com.kms.katalon.core.webui.model.SeleniumActionRetryController.performAction(SeleniumActionRetryController.java:96)
com.kms.katalon.core.webui.model.SeleniumActionRetryController.performAction(SeleniumActionRetryController.java:83)
com.kms.katalon.core.webui.keyword.internal.WebUIKeywordMain$_runKeywordUntilTimeout_closure1.doCall(WebUIKeywordMain.groovy:135)
com.kms.katalon.core.webui.keyword.internal.WebUIKeywordMain$_runKeywordUntilTimeout_closure1.call(WebUIKeywordMain.groovy)
com.kms.katalon.core.webui.keyword.internal.WebUIKeywordMain.runKeyword(WebUIKeywordMain.groovy:41)
com.kms.katalon.core.webui.keyword.internal.WebUIKeywordMain.runKeywordUntilTimeout(WebUIKeywordMain.groovy:133)
com.kms.katalon.core.webui.keyword.builtin.ClickKeyword.click(ClickKeyword.groovy:72)
com.kms.katalon.core.webui.keyword.builtin.ClickKeyword.execute(ClickKeyword.groovy:38)
com.kms.katalon.core.keyword.internal.KeywordExecutor.executeKeywordForPlatform(KeywordExecutor.groovy:99)
com.kms.katalon.core.webui.keyword.WebUiBuiltInKeywords.click(WebUiBuiltInKeywords.groovy:722)
TC_Login.run(TC_Login:30)
</property>
</record>
<record>
  <date>2026-05-26T21:33:16.822853900Z</date>
  <millis>1779831196822</millis>
  <nanos>853900</nanos>
  <sequence>89</sequence>
  <level>END</level>
  <class>com.kms.katalon.core.logging.XmlKeywordLogger</class>
  <method>endKeyword</method>
  <thread>1</thread>
  <message>End action : click(findTestObject(&amp;quot;Page_1Government Login/button_Login&amp;quot;))</message>
  <nestedLevel>1</nestedLevel>
  <escapedJava>false</escapedJava>
</record>
<record>
  <date>2026-05-26T21:33:16.824870500Z</date>
  <millis>1779831196824</millis>
  <nanos>870500</nanos>
  <sequence>90</sequence>
  <level>PASSED</level>
  <class>com.kms.katalon.core.logging.XmlKeywordLogger</class>
  <method>logMessage</method>
  <thread>1</thread>
  <message>Test Cases/Authentication/TC_Login</message>
  <nestedLevel>1</nestedLevel>
  <escapedJava>false</escapedJava>
</record>
<record>
  <date>2026-05-26T21:33:16.831286500Z</date>
  <millis>1779831196831</millis>
  <nanos>286500</nanos>
  <sequence>91</sequence>
  <level>END</level>
  <class>com.kms.katalon.core.logging.XmlKeywordLogger</class>
  <method>endTest</method>
  <thread>1</thread>
  <message>End Test Case : Test Cases/Authentication/TC_Login</message>
  <nestedLevel>0</nestedLevel>
  <escapedJava>false</escapedJava>
  <property name="executionBindingVariables">[]</property>
  <property name="applitools">false</property>
  <property name="remainingRetryCount">3</property>
  <property name="executedKeywords">{
  &quot;WebUI.setEncryptedText&quot;: 1,
  &quot;WebUI.navigateToUrl&quot;: 1,
  &quot;WebUI.click&quot;: 1,
  &quot;WebUI.openBrowser&quot;: 1,
  &quot;WebUI.setText&quot;: 2
}</property>
  <property name="currentRetryCount">0</property>
  <property name="keywordsUsage">{
  &quot;web_ui&quot;: true,
  &quot;web_service&quot;: false,
  &quot;cucumber&quot;: false,
  &quot;builtin&quot;: false,
  &quot;mobile&quot;: false,
  &quot;windows&quot;: false,
  &quot;testng&quot;: false
}</property>
</record>
<record>
  <date>2026-05-26T21:33:16.858806600Z</date>
  <millis>1779831196858</millis>
  <nanos>806600</nanos>
  <sequence>92</sequence>
  <level>START</level>
  <class>com.kms.katalon.core.logging.XmlKeywordLogger</class>
  <method>startTest</method>
  <thread>1</thread>
  <message>Start Test Case : Test Cases/Navigation/TC_Open_Task_Module</message>
  <nestedLevel>1</nestedLevel>
  <escapedJava>false</escapedJava>
  <property name="remainingRetryCount">3</property>
  <property name="origin">WEB_RECORDER</property>
  <property name="name">Test Cases/Navigation/TC_Open_Task_Module</property>
  <property name="description"></property>
  <property name="iteration"></property>
  <property name="id">Test Cases/Navigation/TC_Open_Task_Module</property>
  <property name="source">C:\Users\CROWN-STAFF\git\convergence-qa-tests\Test Cases\Navigation\TC_Open_Task_Module.tc</property>
  <property name="tag"></property>
  <property name="isOptional">false</property>
  <property name="uuid">96adfdcf-7187-431e-99f5-597a33b2ebad</property>
  <property name="currentRetryCount">0</property>
</record>
<record>
  <date>2026-05-26T21:33:16.914770500Z</date>
  <millis>1779831196914</millis>
  <nanos>770500</nanos>
  <sequence>94</sequence>
  <level>RUN_DATA</level>
  <class>com.kms.katalon.core.logging.XmlKeywordLogger</class>
  <method>logMessage</method>
  <thread>1</thread>
  <message>executionBindingVariables = []</message>
  <nestedLevel>1</nestedLevel>
  <escapedJava>false</escapedJava>
  <property name="executionBindingVariables">[]</property>
</record>
<record>
  <date>2026-05-26T21:33:17.208915600Z</date>
  <millis>1779831197208</millis>
  <nanos>915600</nanos>
  <sequence>95</sequence>
  <level>START</level>
  <class>com.kms.katalon.core.logging.XmlKeywordLogger</class>
  <method>startKeyword</method>
  <thread>1</thread>
  <message>Start action : click(findTestObject(&amp;quot;Page_1Gov/p_Automate Government MDAs critical operations,&amp;quot;))</message>
  <nestedLevel>1</nestedLevel>
  <escapedJava>false</escapedJava>
  <property name="startLine">20</property>
  <property name="stepIndex">1</property>
</record>
<record>
  <date>2026-05-26T21:33:39.043228500Z</date>
  <millis>1779831219043</millis>
  <nanos>228500</nanos>
  <sequence>106</sequence>
  <level>PASSED</level>
  <class>com.kms.katalon.core.logging.XmlKeywordLogger</class>
  <method>logMessage</method>
  <thread>1</thread>
  <message>Object: &amp;apos;Object Repository/Page_1Gov/p_Automate Government MDAs critical operations,&amp;apos; is clicked on</message>
  <nestedLevel>1</nestedLevel>
  <escapedJava>false</escapedJava>
  <property name="testops-method-name">com.kms.katalon.core.webui.keyword.internal.WebUIKeywordMain.runKeywordUntilTimeout</property>
  <property name="testops-execution-stacktrace">com.kms.katalon.core.logging.KeywordLogger.logPassed(KeywordLogger.java:350)
com.kms.katalon.core.logging.KeywordLogger.logPassed(KeywordLogger.java:345)
com.kms.katalon.core.webui.keyword.builtin.ClickKeyword$_click_closure1.doCall(ClickKeyword.groovy:66)
java.base/jdk.internal.reflect.DirectMethodHandleAccessor.invoke(DirectMethodHandleAccessor.java:103)
jdk.proxy2/jdk.proxy2.$Proxy56.execute(Unknown Source)
com.kms.katalon.core.webui.model.SeleniumActionRetryController.performAction(SeleniumActionRetryController.java:96)
com.kms.katalon.core.webui.model.SeleniumActionRetryController.performAction(SeleniumActionRetryController.java:83)
com.kms.katalon.core.webui.keyword.internal.WebUIKeywordMain$_runKeywordUntilTimeout_closure1.doCall(WebUIKeywordMain.groovy:135)
com.kms.katalon.core.webui.keyword.internal.WebUIKeywordMain$_runKeywordUntilTimeout_closure1.call(WebUIKeywordMain.groovy)
com.kms.katalon.core.webui.keyword.internal.WebUIKeywordMain.runKeyword(WebUIKeywordMain.groovy:41)
com.kms.katalon.core.webui.keyword.internal.WebUIKeywordMain.runKeywordUntilTimeout(WebUIKeywordMain.groovy:133)
com.kms.katalon.core.webui.keyword.builtin.ClickKeyword.click(ClickKeyword.groovy:72)
com.kms.katalon.core.webui.keyword.builtin.ClickKeyword.execute(ClickKeyword.groovy:38)
com.kms.katalon.core.keyword.internal.KeywordExecutor.executeKeywordForPlatform(KeywordExecutor.groovy:99)
com.kms.katalon.core.webui.keyword.WebUiBuiltInKeywords.click(WebUiBuiltInKeywords.groovy:722)
TC_Open_Task_Module.run(TC_Open_Task_Module:20)
</property>
</record>
<record>
  <date>2026-05-26T21:33:39.058007200Z</date>
  <millis>1779831219058</millis>
  <nanos>7200</nanos>
  <sequence>107</sequence>
  <level>END</level>
  <class>com.kms.katalon.core.logging.XmlKeywordLogger</class>
  <method>endKeyword</method>
  <thread>1</thread>
  <message>End action : click(findTestObject(&amp;quot;Page_1Gov/p_Automate Government MDAs critical operations,&amp;quot;))</message>
  <nestedLevel>1</nestedLevel>
  <escapedJava>false</escapedJava>
</record>
<record>
  <date>2026-05-26T21:33:39.067372800Z</date>
  <millis>1779831219067</millis>
  <nanos>372800</nanos>
  <sequence>108</sequence>
  <level>PASSED</level>
  <class>com.kms.katalon.core.logging.XmlKeywordLogger</class>
  <method>logMessage</method>
  <thread>1</thread>
  <message>Test Cases/Navigation/TC_Open_Task_Module</message>
  <nestedLevel>1</nestedLevel>
  <escapedJava>false</escapedJava>
</record>
<record>
  <date>2026-05-26T21:33:39.071606800Z</date>
  <millis>1779831219071</millis>
  <nanos>606800</nanos>
  <sequence>109</sequence>
  <level>END</level>
  <class>com.kms.katalon.core.logging.XmlKeywordLogger</class>
  <method>endTest</method>
  <thread>1</thread>
  <message>End Test Case : Test Cases/Navigation/TC_Open_Task_Module</message>
  <nestedLevel>0</nestedLevel>
  <escapedJava>false</escapedJava>
  <property name="executionBindingVariables">[]</property>
  <property name="applitools">false</property>
  <property name="remainingRetryCount">3</property>
  <property name="executedKeywords">{
  &quot;WebUI.click&quot;: 1
}</property>
  <property name="currentRetryCount">0</property>
  <property name="keywordsUsage">{
  &quot;web_ui&quot;: true,
  &quot;web_service&quot;: false,
  &quot;cucumber&quot;: false,
  &quot;builtin&quot;: false,
  &quot;mobile&quot;: false,
  &quot;windows&quot;: false,
  &quot;testng&quot;: false
}</property>
</record>
<record>
  <date>2026-05-26T21:33:39.098237400Z</date>
  <millis>1779831219098</millis>
  <nanos>237400</nanos>
  <sequence>110</sequence>
  <level>START</level>
  <class>com.kms.katalon.core.logging.XmlKeywordLogger</class>
  <method>startTest</method>
  <thread>1</thread>
  <message>Start Test Case : Test Cases/Setup/TC_Create_Task</message>
  <nestedLevel>1</nestedLevel>
  <escapedJava>false</escapedJava>
  <property name="remainingRetryCount">3</property>
  <property name="origin"></property>
  <property name="name">Test Cases/Setup/TC_Create_Task</property>
  <property name="description"></property>
  <property name="iteration"></property>
  <property name="id">Test Cases/Setup/TC_Create_Task</property>
  <property name="source">C:\Users\CROWN-STAFF\git\convergence-qa-tests\Test Cases\Setup\TC_Create_Task.tc</property>
  <property name="tag"></property>
  <property name="isOptional">false</property>
  <property name="uuid">116f7243-e79d-493f-bc75-12de75b643d2</property>
  <property name="currentRetryCount">0</property>
</record>
<record>
  <date>2026-05-26T21:33:39.583768300Z</date>
  <millis>1779831219583</millis>
  <nanos>768300</nanos>
  <sequence>112</sequence>
  <level>RUN_DATA</level>
  <class>com.kms.katalon.core.logging.XmlKeywordLogger</class>
  <method>logMessage</method>
  <thread>1</thread>
  <message>executionBindingVariables = []</message>
  <nestedLevel>1</nestedLevel>
  <escapedJava>false</escapedJava>
  <property name="executionBindingVariables">[]</property>
</record>
<record>
  <date>2026-05-26T21:33:40.469227700Z</date>
  <millis>1779831220469</millis>
  <nanos>227700</nanos>
  <sequence>113</sequence>
  <level>START</level>
  <class>com.kms.katalon.core.logging.XmlKeywordLogger</class>
  <method>startKeyword</method>
  <thread>1</thread>
  <message>Start action : navigateToUrl(&amp;quot;https://govtest.convergenceondemand.com/wfm/index.php?r=workOrder#active-tickets&amp;quot;)</message>
  <nestedLevel>1</nestedLevel>
  <escapedJava>false</escapedJava>
  <property name="startLine">23</property>
  <property name="stepIndex">1</property>
</record>
<record>
  <date>2026-05-26T21:33:40.536181Z</date>
  <millis>1779831220536</millis>
  <nanos>181000</nanos>
  <sequence>117</sequence>
  <level>PASSED</level>
  <class>com.kms.katalon.core.logging.XmlKeywordLogger</class>
  <method>logMessage</method>
  <thread>1</thread>
  <message>Navigate to &amp;apos;https://govtest.convergenceondemand.com/wfm/index.php?r=workOrder#active-tickets&amp;apos; successfully</message>
  <nestedLevel>1</nestedLevel>
  <escapedJava>false</escapedJava>
  <property name="testops-method-name">com.kms.katalon.core.webui.keyword.builtin.NavigateToUrlKeyword.navigateToUrl</property>
  <property name="testops-execution-stacktrace"></property>
</record>
<record>
  <date>2026-05-26T21:33:40.539325900Z</date>
  <millis>1779831220539</millis>
  <nanos>325900</nanos>
  <sequence>118</sequence>
  <level>END</level>
  <class>com.kms.katalon.core.logging.XmlKeywordLogger</class>
  <method>endKeyword</method>
  <thread>1</thread>
  <message>End action : navigateToUrl(&amp;quot;https://govtest.convergenceondemand.com/wfm/index.php?r=workOrder#active-tickets&amp;quot;)</message>
  <nestedLevel>1</nestedLevel>
  <escapedJava>false</escapedJava>
</record>
<record>
  <date>2026-05-26T21:33:40.544291900Z</date>
  <millis>1779831220544</millis>
  <nanos>291900</nanos>
  <sequence>119</sequence>
  <level>START</level>
  <class>com.kms.katalon.core.logging.XmlKeywordLogger</class>
  <method>startKeyword</method>
  <thread>1</thread>
  <message>Start action : delay(5)</message>
  <nestedLevel>1</nestedLevel>
  <escapedJava>false</escapedJava>
  <property name="startLine">26</property>
  <property name="stepIndex">2</property>
</record>
<record>
  <date>2026-05-26T21:33:45.808978200Z</date>
  <millis>1779831225808</millis>
  <nanos>978200</nanos>
  <sequence>122</sequence>
  <level>PASSED</level>
  <class>com.kms.katalon.core.logging.XmlKeywordLogger</class>
  <method>logMessage</method>
  <thread>1</thread>
  <message>Delayed 5 second(s)</message>
  <nestedLevel>1</nestedLevel>
  <escapedJava>false</escapedJava>
  <property name="testops-method-name">com.kms.katalon.core.keyword.builtin.DelayKeyword.delay</property>
  <property name="testops-execution-stacktrace"></property>
</record>
<record>
  <date>2026-05-26T21:33:45.818826400Z</date>
  <millis>1779831225818</millis>
  <nanos>826400</nanos>
  <sequence>123</sequence>
  <level>END</level>
  <class>com.kms.katalon.core.logging.XmlKeywordLogger</class>
  <method>endKeyword</method>
  <thread>1</thread>
  <message>End action : delay(5)</message>
  <nestedLevel>1</nestedLevel>
  <escapedJava>false</escapedJava>
</record>
<record>
  <date>2026-05-26T21:33:45.823605300Z</date>
  <millis>1779831225823</millis>
  <nanos>605300</nanos>
  <sequence>124</sequence>
  <level>START</level>
  <class>com.kms.katalon.core.logging.XmlKeywordLogger</class>
  <method>startKeyword</method>
  <thread>1</thread>
  <message>Start action : maximizeWindow()</message>
  <nestedLevel>1</nestedLevel>
  <escapedJava>false</escapedJava>
  <property name="startLine">30</property>
  <property name="stepIndex">3</property>
  <property name="description">// Maximize Browser</property>
</record>
<record>
  <date>2026-05-26T21:33:46.737794200Z</date>
  <millis>1779831226737</millis>
  <nanos>794200</nanos>
  <sequence>127</sequence>
  <level>PASSED</level>
  <class>com.kms.katalon.core.logging.XmlKeywordLogger</class>
  <method>logMessage</method>
  <thread>1</thread>
  <message>Current window maximized</message>
  <nestedLevel>1</nestedLevel>
  <escapedJava>false</escapedJava>
  <property name="testops-method-name">com.kms.katalon.core.webui.keyword.builtin.MaximizeWindowKeyword.maximizeWindow</property>
  <property name="testops-execution-stacktrace"></property>
</record>
<record>
  <date>2026-05-26T21:33:46.749722500Z</date>
  <millis>1779831226749</millis>
  <nanos>722500</nanos>
  <sequence>128</sequence>
  <level>END</level>
  <class>com.kms.katalon.core.logging.XmlKeywordLogger</class>
  <method>endKeyword</method>
  <thread>1</thread>
  <message>End action : maximizeWindow()</message>
  <nestedLevel>1</nestedLevel>
  <escapedJava>false</escapedJava>
</record>
<record>
  <date>2026-05-26T21:33:46.751744500Z</date>
  <millis>1779831226751</millis>
  <nanos>744500</nanos>
  <sequence>129</sequence>
  <level>START</level>
  <class>com.kms.katalon.core.logging.XmlKeywordLogger</class>
  <method>startKeyword</method>
  <thread>1</thread>
  <message>Start action : click(findTestObject(&amp;quot;Page_Work Order  Index- Workforce Manager/a_Create Task&amp;quot;))</message>
  <nestedLevel>1</nestedLevel>
  <escapedJava>false</escapedJava>
  <property name="startLine">32</property>
  <property name="stepIndex">4</property>
</record>
<record>
  <date>2026-05-26T21:33:50.884225700Z</date>
  <millis>1779831230884</millis>
  <nanos>225700</nanos>
  <sequence>140</sequence>
  <level>PASSED</level>
  <class>com.kms.katalon.core.logging.XmlKeywordLogger</class>
  <method>logMessage</method>
  <thread>1</thread>
  <message>Object: &amp;apos;Object Repository/Page_Work Order  Index- Workforce Manager/a_Create Task&amp;apos; is clicked on</message>
  <nestedLevel>1</nestedLevel>
  <escapedJava>false</escapedJava>
  <property name="testops-method-name">com.kms.katalon.core.webui.keyword.internal.WebUIKeywordMain.runKeywordUntilTimeout</property>
  <property name="testops-execution-stacktrace">com.kms.katalon.core.logging.KeywordLogger.logPassed(KeywordLogger.java:350)
com.kms.katalon.core.logging.KeywordLogger.logPassed(KeywordLogger.java:345)
com.kms.katalon.core.webui.keyword.builtin.ClickKeyword$_click_closure1.doCall(ClickKeyword.groovy:66)
java.base/jdk.internal.reflect.DirectMethodHandleAccessor.invoke(DirectMethodHandleAccessor.java:103)
jdk.proxy2/jdk.proxy2.$Proxy56.execute(Unknown Source)
com.kms.katalon.core.webui.model.SeleniumActionRetryController.performAction(SeleniumActionRetryController.java:96)
com.kms.katalon.core.webui.model.SeleniumActionRetryController.performAction(SeleniumActionRetryController.java:83)
com.kms.katalon.core.webui.keyword.internal.WebUIKeywordMain$_runKeywordUntilTimeout_closure1.doCall(WebUIKeywordMain.groovy:135)
com.kms.katalon.core.webui.keyword.internal.WebUIKeywordMain$_runKeywordUntilTimeout_closure1.call(WebUIKeywordMain.groovy)
com.kms.katalon.core.webui.keyword.internal.WebUIKeywordMain.runKeyword(WebUIKeywordMain.groovy:41)
com.kms.katalon.core.webui.keyword.internal.WebUIKeywordMain.runKeywordUntilTimeout(WebUIKeywordMain.groovy:133)
com.kms.katalon.core.webui.keyword.builtin.ClickKeyword.click(ClickKeyword.groovy:72)
com.kms.katalon.core.webui.keyword.builtin.ClickKeyword.execute(ClickKeyword.groovy:38)
com.kms.katalon.core.keyword.internal.KeywordExecutor.executeKeywordForPlatform(KeywordExecutor.groovy:99)
com.kms.katalon.core.webui.keyword.WebUiBuiltInKeywords.click(WebUiBuiltInKeywords.groovy:722)
TC_Create_Task.run(TC_Create_Task:32)
</property>
</record>
<record>
  <date>2026-05-26T21:33:50.897365300Z</date>
  <millis>1779831230897</millis>
  <nanos>365300</nanos>
  <sequence>141</sequence>
  <level>END</level>
  <class>com.kms.katalon.core.logging.XmlKeywordLogger</class>
  <method>endKeyword</method>
  <thread>1</thread>
  <message>End action : click(findTestObject(&amp;quot;Page_Work Order  Index- Workforce Manager/a_Create Task&amp;quot;))</message>
  <nestedLevel>1</nestedLevel>
  <escapedJava>false</escapedJava>
</record>
<record>
  <date>2026-05-26T21:33:50.899806500Z</date>
  <millis>1779831230899</millis>
  <nanos>806500</nanos>
  <sequence>142</sequence>
  <level>START</level>
  <class>com.kms.katalon.core.logging.XmlKeywordLogger</class>
  <method>startKeyword</method>
  <thread>1</thread>
  <message>Start action : click(findTestObject(&amp;quot;Page_Work Order  Create- Workforce Manager/span_Select Queue&amp;quot;))</message>
  <nestedLevel>1</nestedLevel>
  <escapedJava>false</escapedJava>
  <property name="startLine">34</property>
  <property name="stepIndex">5</property>
</record>
<record>
  <date>2026-05-26T21:33:56.582902700Z</date>
  <millis>1779831236582</millis>
  <nanos>902700</nanos>
  <sequence>153</sequence>
  <level>PASSED</level>
  <class>com.kms.katalon.core.logging.XmlKeywordLogger</class>
  <method>logMessage</method>
  <thread>1</thread>
  <message>Object: &amp;apos;Object Repository/Page_Work Order  Create- Workforce Manager/span_Select Queue&amp;apos; is clicked on</message>
  <nestedLevel>1</nestedLevel>
  <escapedJava>false</escapedJava>
  <property name="testops-method-name">com.kms.katalon.core.webui.keyword.internal.WebUIKeywordMain.runKeywordUntilTimeout</property>
  <property name="testops-execution-stacktrace">com.kms.katalon.core.logging.KeywordLogger.logPassed(KeywordLogger.java:350)
com.kms.katalon.core.logging.KeywordLogger.logPassed(KeywordLogger.java:345)
com.kms.katalon.core.webui.keyword.builtin.ClickKeyword$_click_closure1.doCall(ClickKeyword.groovy:66)
java.base/jdk.internal.reflect.DirectMethodHandleAccessor.invoke(DirectMethodHandleAccessor.java:103)
jdk.proxy2/jdk.proxy2.$Proxy56.execute(Unknown Source)
com.kms.katalon.core.webui.model.SeleniumActionRetryController.performAction(SeleniumActionRetryController.java:96)
com.kms.katalon.core.webui.model.SeleniumActionRetryController.performAction(SeleniumActionRetryController.java:83)
com.kms.katalon.core.webui.keyword.internal.WebUIKeywordMain$_runKeywordUntilTimeout_closure1.doCall(WebUIKeywordMain.groovy:135)
com.kms.katalon.core.webui.keyword.internal.WebUIKeywordMain$_runKeywordUntilTimeout_closure1.call(WebUIKeywordMain.groovy)
com.kms.katalon.core.webui.keyword.internal.WebUIKeywordMain.runKeyword(WebUIKeywordMain.groovy:41)
com.kms.katalon.core.webui.keyword.internal.WebUIKeywordMain.runKeywordUntilTimeout(WebUIKeywordMain.groovy:133)
com.kms.katalon.core.webui.keyword.builtin.ClickKeyword.click(ClickKeyword.groovy:72)
com.kms.katalon.core.webui.keyword.builtin.ClickKeyword.execute(ClickKeyword.groovy:38)
com.kms.katalon.core.keyword.internal.KeywordExecutor.executeKeywordForPlatform(KeywordExecutor.groovy:99)
com.kms.katalon.core.webui.keyword.WebUiBuiltInKeywords.click(WebUiBuiltInKeywords.groovy:722)
TC_Create_Task.run(TC_Create_Task:34)
</property>
</record>
<record>
  <date>2026-05-26T21:33:56.601582400Z</date>
  <millis>1779831236601</millis>
  <nanos>582400</nanos>
  <sequence>154</sequence>
  <level>END</level>
  <class>com.kms.katalon.core.logging.XmlKeywordLogger</class>
  <method>endKeyword</method>
  <thread>1</thread>
  <message>End action : click(findTestObject(&amp;quot;Page_Work Order  Create- Workforce Manager/span_Select Queue&amp;quot;))</message>
  <nestedLevel>1</nestedLevel>
  <escapedJava>false</escapedJava>
</record>
<record>
  <date>2026-05-26T21:33:56.609850800Z</date>
  <millis>1779831236609</millis>
  <nanos>850800</nanos>
  <sequence>155</sequence>
  <level>START</level>
  <class>com.kms.katalon.core.logging.XmlKeywordLogger</class>
  <method>startKeyword</method>
  <thread>1</thread>
  <message>Start action : setText(findTestObject(&amp;quot;Page_Work Order  Create- Workforce Manager/input_Search&amp;quot;), &amp;quot;aut&amp;quot;)</message>
  <nestedLevel>1</nestedLevel>
  <escapedJava>false</escapedJava>
  <property name="startLine">36</property>
  <property name="stepIndex">6</property>
</record>
<record>
  <date>2026-05-26T21:33:58.878784200Z</date>
  <millis>1779831238878</millis>
  <nanos>784200</nanos>
  <sequence>169</sequence>
  <level>PASSED</level>
  <class>com.kms.katalon.core.logging.XmlKeywordLogger</class>
  <method>logMessage</method>
  <thread>1</thread>
  <message>Text &amp;apos;aut&amp;apos; is set on object &amp;apos;Object Repository/Page_Work Order  Create- Workforce Manager/input_Search&amp;apos;</message>
  <nestedLevel>1</nestedLevel>
  <escapedJava>false</escapedJava>
  <property name="testops-method-name">com.kms.katalon.core.webui.keyword.internal.WebUIKeywordMain.runKeywordUntilTimeout</property>
  <property name="testops-execution-stacktrace">com.kms.katalon.core.logging.KeywordLogger.logPassed(KeywordLogger.java:350)
com.kms.katalon.core.logging.KeywordLogger.logPassed(KeywordLogger.java:345)
com.kms.katalon.core.webui.keyword.builtin.SetTextKeyword$_setText_closure1.doCall(SetTextKeyword.groovy:99)
java.base/jdk.internal.reflect.DirectMethodHandleAccessor.invoke(DirectMethodHandleAccessor.java:103)
jdk.proxy2/jdk.proxy2.$Proxy56.execute(Unknown Source)
com.kms.katalon.core.webui.model.SeleniumActionRetryController.performAction(SeleniumActionRetryController.java:96)
com.kms.katalon.core.webui.model.SeleniumActionRetryController.performAction(SeleniumActionRetryController.java:83)
com.kms.katalon.core.webui.keyword.internal.WebUIKeywordMain$_runKeywordUntilTimeout_closure1.doCall(WebUIKeywordMain.groovy:135)
com.kms.katalon.core.webui.keyword.internal.WebUIKeywordMain$_runKeywordUntilTimeout_closure1.call(WebUIKeywordMain.groovy)
com.kms.katalon.core.webui.keyword.internal.WebUIKeywordMain.runKeyword(WebUIKeywordMain.groovy:41)
com.kms.katalon.core.webui.keyword.internal.WebUIKeywordMain.runKeywordUntilTimeout(WebUIKeywordMain.groovy:133)
com.kms.katalon.core.webui.keyword.builtin.SetTextKeyword.setText(SetTextKeyword.groovy:106)
com.kms.katalon.core.webui.keyword.builtin.SetTextKeyword.execute(SetTextKeyword.groovy:49)
com.kms.katalon.core.keyword.internal.KeywordExecutor.executeKeywordForPlatform(KeywordExecutor.groovy:99)
com.kms.katalon.core.webui.keyword.WebUiBuiltInKeywords.setText(WebUiBuiltInKeywords.groovy:1082)
TC_Create_Task.run(TC_Create_Task:36)
</property>
</record>
<record>
  <date>2026-05-26T21:33:58.894184700Z</date>
  <millis>1779831238894</millis>
  <nanos>184700</nanos>
  <sequence>170</sequence>
  <level>END</level>
  <class>com.kms.katalon.core.logging.XmlKeywordLogger</class>
  <method>endKeyword</method>
  <thread>1</thread>
  <message>End action : setText(findTestObject(&amp;quot;Page_Work Order  Create- Workforce Manager/input_Search&amp;quot;), &amp;quot;aut&amp;quot;)</message>
  <nestedLevel>1</nestedLevel>
  <escapedJava>false</escapedJava>
</record>
<record>
  <date>2026-05-26T21:33:58.896717300Z</date>
  <millis>1779831238896</millis>
  <nanos>717300</nanos>
  <sequence>171</sequence>
  <level>START</level>
  <class>com.kms.katalon.core.logging.XmlKeywordLogger</class>
  <method>startKeyword</method>
  <thread>1</thread>
  <message>Start action : click(findTestObject(&amp;quot;Page_Work Order  Create- Workforce Manager/a_TEST AUTOMATION&amp;quot;))</message>
  <nestedLevel>1</nestedLevel>
  <escapedJava>false</escapedJava>
  <property name="startLine">38</property>
  <property name="stepIndex">7</property>
</record>
<record>
  <date>2026-05-26T21:33:59.859185700Z</date>
  <millis>1779831239859</millis>
  <nanos>185700</nanos>
  <sequence>182</sequence>
  <level>PASSED</level>
  <class>com.kms.katalon.core.logging.XmlKeywordLogger</class>
  <method>logMessage</method>
  <thread>1</thread>
  <message>Object: &amp;apos;Object Repository/Page_Work Order  Create- Workforce Manager/a_TEST AUTOMATION&amp;apos; is clicked on</message>
  <nestedLevel>1</nestedLevel>
  <escapedJava>false</escapedJava>
  <property name="testops-method-name">com.kms.katalon.core.webui.keyword.internal.WebUIKeywordMain.runKeywordUntilTimeout</property>
  <property name="testops-execution-stacktrace">com.kms.katalon.core.logging.KeywordLogger.logPassed(KeywordLogger.java:350)
com.kms.katalon.core.logging.KeywordLogger.logPassed(KeywordLogger.java:345)
com.kms.katalon.core.webui.keyword.builtin.ClickKeyword$_click_closure1.doCall(ClickKeyword.groovy:66)
java.base/jdk.internal.reflect.DirectMethodHandleAccessor.invoke(DirectMethodHandleAccessor.java:103)
jdk.proxy2/jdk.proxy2.$Proxy56.execute(Unknown Source)
com.kms.katalon.core.webui.model.SeleniumActionRetryController.performAction(SeleniumActionRetryController.java:96)
com.kms.katalon.core.webui.model.SeleniumActionRetryController.performAction(SeleniumActionRetryController.java:83)
com.kms.katalon.core.webui.keyword.internal.WebUIKeywordMain$_runKeywordUntilTimeout_closure1.doCall(WebUIKeywordMain.groovy:135)
com.kms.katalon.core.webui.keyword.internal.WebUIKeywordMain$_runKeywordUntilTimeout_closure1.call(WebUIKeywordMain.groovy)
com.kms.katalon.core.webui.keyword.internal.WebUIKeywordMain.runKeyword(WebUIKeywordMain.groovy:41)
com.kms.katalon.core.webui.keyword.internal.WebUIKeywordMain.runKeywordUntilTimeout(WebUIKeywordMain.groovy:133)
com.kms.katalon.core.webui.keyword.builtin.ClickKeyword.click(ClickKeyword.groovy:72)
com.kms.katalon.core.webui.keyword.builtin.ClickKeyword.execute(ClickKeyword.groovy:38)
com.kms.katalon.core.keyword.internal.KeywordExecutor.executeKeywordForPlatform(KeywordExecutor.groovy:99)
com.kms.katalon.core.webui.keyword.WebUiBuiltInKeywords.click(WebUiBuiltInKeywords.groovy:722)
TC_Create_Task.run(TC_Create_Task:38)
</property>
</record>
<record>
  <date>2026-05-26T21:33:59.863232Z</date>
  <millis>1779831239863</millis>
  <nanos>232000</nanos>
  <sequence>183</sequence>
  <level>END</level>
  <class>com.kms.katalon.core.logging.XmlKeywordLogger</class>
  <method>endKeyword</method>
  <thread>1</thread>
  <message>End action : click(findTestObject(&amp;quot;Page_Work Order  Create- Workforce Manager/a_TEST AUTOMATION&amp;quot;))</message>
  <nestedLevel>1</nestedLevel>
  <escapedJava>false</escapedJava>
</record>
<record>
  <date>2026-05-26T21:33:59.865247Z</date>
  <millis>1779831239865</millis>
  <nanos>247000</nanos>
  <sequence>184</sequence>
  <level>START</level>
  <class>com.kms.katalon.core.logging.XmlKeywordLogger</class>
  <method>startKeyword</method>
  <thread>1</thread>
  <message>Start action : click(findTestObject(&amp;quot;Page_Work Order  Create- Workforce Manager/span_Select Queue Type&amp;quot;))</message>
  <nestedLevel>1</nestedLevel>
  <escapedJava>false</escapedJava>
  <property name="startLine">40</property>
  <property name="stepIndex">8</property>
</record>
<record>
  <date>2026-05-26T21:34:03.949662600Z</date>
  <millis>1779831243949</millis>
  <nanos>662600</nanos>
  <sequence>195</sequence>
  <level>PASSED</level>
  <class>com.kms.katalon.core.logging.XmlKeywordLogger</class>
  <method>logMessage</method>
  <thread>1</thread>
  <message>Object: &amp;apos;Object Repository/Page_Work Order  Create- Workforce Manager/span_Select Queue Type&amp;apos; is clicked on</message>
  <nestedLevel>1</nestedLevel>
  <escapedJava>false</escapedJava>
  <property name="testops-method-name">com.kms.katalon.core.webui.keyword.internal.WebUIKeywordMain.runKeywordUntilTimeout</property>
  <property name="testops-execution-stacktrace">com.kms.katalon.core.logging.KeywordLogger.logPassed(KeywordLogger.java:350)
com.kms.katalon.core.logging.KeywordLogger.logPassed(KeywordLogger.java:345)
com.kms.katalon.core.webui.keyword.builtin.ClickKeyword$_click_closure1.doCall(ClickKeyword.groovy:66)
java.base/jdk.internal.reflect.DirectMethodHandleAccessor.invoke(DirectMethodHandleAccessor.java:103)
jdk.proxy2/jdk.proxy2.$Proxy56.execute(Unknown Source)
com.kms.katalon.core.webui.model.SeleniumActionRetryController.performAction(SeleniumActionRetryController.java:96)
com.kms.katalon.core.webui.model.SeleniumActionRetryController.performAction(SeleniumActionRetryController.java:83)
com.kms.katalon.core.webui.keyword.internal.WebUIKeywordMain$_runKeywordUntilTimeout_closure1.doCall(WebUIKeywordMain.groovy:135)
com.kms.katalon.core.webui.keyword.internal.WebUIKeywordMain$_runKeywordUntilTimeout_closure1.call(WebUIKeywordMain.groovy)
com.kms.katalon.core.webui.keyword.internal.WebUIKeywordMain.runKeyword(WebUIKeywordMain.groovy:41)
com.kms.katalon.core.webui.keyword.internal.WebUIKeywordMain.runKeywordUntilTimeout(WebUIKeywordMain.groovy:133)
com.kms.katalon.core.webui.keyword.builtin.ClickKeyword.click(ClickKeyword.groovy:72)
com.kms.katalon.core.webui.keyword.builtin.ClickKeyword.execute(ClickKeyword.groovy:38)
com.kms.katalon.core.keyword.internal.KeywordExecutor.executeKeywordForPlatform(KeywordExecutor.groovy:99)
com.kms.katalon.core.webui.keyword.WebUiBuiltInKeywords.click(WebUiBuiltInKeywords.groovy:722)
TC_Create_Task.run(TC_Create_Task:40)
</property>
</record>
<record>
  <date>2026-05-26T21:34:03.963787900Z</date>
  <millis>1779831243963</millis>
  <nanos>787900</nanos>
  <sequence>196</sequence>
  <level>END</level>
  <class>com.kms.katalon.core.logging.XmlKeywordLogger</class>
  <method>endKeyword</method>
  <thread>1</thread>
  <message>End action : click(findTestObject(&amp;quot;Page_Work Order  Create- Workforce Manager/span_Select Queue Type&amp;quot;))</message>
  <nestedLevel>1</nestedLevel>
  <escapedJava>false</escapedJava>
</record>
<record>
  <date>2026-05-26T21:34:03.966951900Z</date>
  <millis>1779831243966</millis>
  <nanos>951900</nanos>
  <sequence>197</sequence>
  <level>START</level>
  <class>com.kms.katalon.core.logging.XmlKeywordLogger</class>
  <method>startKeyword</method>
  <thread>1</thread>
  <message>Start action : click(findTestObject(&amp;quot;Page_Work Order  Create- Workforce Manager/span_Automated Testing&amp;quot;))</message>
  <nestedLevel>1</nestedLevel>
  <escapedJava>false</escapedJava>
  <property name="startLine">42</property>
  <property name="stepIndex">9</property>
</record>
<record>
  <date>2026-05-26T21:34:05.010539500Z</date>
  <millis>1779831245010</millis>
  <nanos>539500</nanos>
  <sequence>208</sequence>
  <level>PASSED</level>
  <class>com.kms.katalon.core.logging.XmlKeywordLogger</class>
  <method>logMessage</method>
  <thread>1</thread>
  <message>Object: &amp;apos;Object Repository/Page_Work Order  Create- Workforce Manager/span_Automated Testing&amp;apos; is clicked on</message>
  <nestedLevel>1</nestedLevel>
  <escapedJava>false</escapedJava>
  <property name="testops-method-name">com.kms.katalon.core.webui.keyword.internal.WebUIKeywordMain.runKeywordUntilTimeout</property>
  <property name="testops-execution-stacktrace">com.kms.katalon.core.logging.KeywordLogger.logPassed(KeywordLogger.java:350)
com.kms.katalon.core.logging.KeywordLogger.logPassed(KeywordLogger.java:345)
com.kms.katalon.core.webui.keyword.builtin.ClickKeyword$_click_closure1.doCall(ClickKeyword.groovy:66)
java.base/jdk.internal.reflect.DirectMethodHandleAccessor.invoke(DirectMethodHandleAccessor.java:103)
jdk.proxy2/jdk.proxy2.$Proxy56.execute(Unknown Source)
com.kms.katalon.core.webui.model.SeleniumActionRetryController.performAction(SeleniumActionRetryController.java:96)
com.kms.katalon.core.webui.model.SeleniumActionRetryController.performAction(SeleniumActionRetryController.java:83)
com.kms.katalon.core.webui.keyword.internal.WebUIKeywordMain$_runKeywordUntilTimeout_closure1.doCall(WebUIKeywordMain.groovy:135)
com.kms.katalon.core.webui.keyword.internal.WebUIKeywordMain$_runKeywordUntilTimeout_closure1.call(WebUIKeywordMain.groovy)
com.kms.katalon.core.webui.keyword.internal.WebUIKeywordMain.runKeyword(WebUIKeywordMain.groovy:41)
com.kms.katalon.core.webui.keyword.internal.WebUIKeywordMain.runKeywordUntilTimeout(WebUIKeywordMain.groovy:133)
com.kms.katalon.core.webui.keyword.builtin.ClickKeyword.click(ClickKeyword.groovy:72)
com.kms.katalon.core.webui.keyword.builtin.ClickKeyword.execute(ClickKeyword.groovy:38)
com.kms.katalon.core.keyword.internal.KeywordExecutor.executeKeywordForPlatform(KeywordExecutor.groovy:99)
com.kms.katalon.core.webui.keyword.WebUiBuiltInKeywords.click(WebUiBuiltInKeywords.groovy:722)
TC_Create_Task.run(TC_Create_Task:42)
</property>
</record>
<record>
  <date>2026-05-26T21:34:05.015462100Z</date>
  <millis>1779831245015</millis>
  <nanos>462100</nanos>
  <sequence>209</sequence>
  <level>END</level>
  <class>com.kms.katalon.core.logging.XmlKeywordLogger</class>
  <method>endKeyword</method>
  <thread>1</thread>
  <message>End action : click(findTestObject(&amp;quot;Page_Work Order  Create- Workforce Manager/span_Automated Testing&amp;quot;))</message>
  <nestedLevel>1</nestedLevel>
  <escapedJava>false</escapedJava>
</record>
<record>
  <date>2026-05-26T21:34:05.020628100Z</date>
  <millis>1779831245020</millis>
  <nanos>628100</nanos>
  <sequence>210</sequence>
  <level>START</level>
  <class>com.kms.katalon.core.logging.XmlKeywordLogger</class>
  <method>startKeyword</method>
  <thread>1</thread>
  <message>Start action : setText(findTestObject(&amp;quot;Page_Work Order  Create- Workforce Manager/input_Task Title _&amp;quot;), &amp;quot;TEST AUTOMATION 10028791&amp;quot;)</message>
  <nestedLevel>1</nestedLevel>
  <escapedJava>false</escapedJava>
  <property name="startLine">44</property>
  <property name="stepIndex">10</property>
</record>
<record>
  <date>2026-05-26T21:34:09.609879700Z</date>
  <millis>1779831249609</millis>
  <nanos>879700</nanos>
  <sequence>224</sequence>
  <level>PASSED</level>
  <class>com.kms.katalon.core.logging.XmlKeywordLogger</class>
  <method>logMessage</method>
  <thread>1</thread>
  <message>Text &amp;apos;TEST AUTOMATION 10028791&amp;apos; is set on object &amp;apos;Object Repository/Page_Work Order  Create- Workforce Manager/input_Task Title _&amp;apos;</message>
  <nestedLevel>1</nestedLevel>
  <escapedJava>false</escapedJava>
  <property name="testops-method-name">com.kms.katalon.core.webui.keyword.internal.WebUIKeywordMain.runKeywordUntilTimeout</property>
  <property name="testops-execution-stacktrace">com.kms.katalon.core.logging.KeywordLogger.logPassed(KeywordLogger.java:350)
com.kms.katalon.core.logging.KeywordLogger.logPassed(KeywordLogger.java:345)
com.kms.katalon.core.webui.keyword.builtin.SetTextKeyword$_setText_closure1.doCall(SetTextKeyword.groovy:99)
java.base/jdk.internal.reflect.DirectMethodHandleAccessor.invoke(DirectMethodHandleAccessor.java:103)
jdk.proxy2/jdk.proxy2.$Proxy56.execute(Unknown Source)
com.kms.katalon.core.webui.model.SeleniumActionRetryController.performAction(SeleniumActionRetryController.java:96)
com.kms.katalon.core.webui.model.SeleniumActionRetryController.performAction(SeleniumActionRetryController.java:83)
com.kms.katalon.core.webui.keyword.internal.WebUIKeywordMain$_runKeywordUntilTimeout_closure1.doCall(WebUIKeywordMain.groovy:135)
com.kms.katalon.core.webui.keyword.internal.WebUIKeywordMain$_runKeywordUntilTimeout_closure1.call(WebUIKeywordMain.groovy)
com.kms.katalon.core.webui.keyword.internal.WebUIKeywordMain.runKeyword(WebUIKeywordMain.groovy:41)
com.kms.katalon.core.webui.keyword.internal.WebUIKeywordMain.runKeywordUntilTimeout(WebUIKeywordMain.groovy:133)
com.kms.katalon.core.webui.keyword.builtin.SetTextKeyword.setText(SetTextKeyword.groovy:106)
com.kms.katalon.core.webui.keyword.builtin.SetTextKeyword.execute(SetTextKeyword.groovy:49)
com.kms.katalon.core.keyword.internal.KeywordExecutor.executeKeywordForPlatform(KeywordExecutor.groovy:99)
com.kms.katalon.core.webui.keyword.WebUiBuiltInKeywords.setText(WebUiBuiltInKeywords.groovy:1082)
TC_Create_Task.run(TC_Create_Task:44)
</property>
</record>
<record>
  <date>2026-05-26T21:34:09.625070900Z</date>
  <millis>1779831249625</millis>
  <nanos>70900</nanos>
  <sequence>225</sequence>
  <level>END</level>
  <class>com.kms.katalon.core.logging.XmlKeywordLogger</class>
  <method>endKeyword</method>
  <thread>1</thread>
  <message>End action : setText(findTestObject(&amp;quot;Page_Work Order  Create- Workforce Manager/input_Task Title _&amp;quot;), &amp;quot;TEST AUTOMATION 10028791&amp;quot;)</message>
  <nestedLevel>1</nestedLevel>
  <escapedJava>false</escapedJava>
</record>
<record>
  <date>2026-05-26T21:34:09.626400500Z</date>
  <millis>1779831249626</millis>
  <nanos>400500</nanos>
  <sequence>226</sequence>
  <level>START</level>
  <class>com.kms.katalon.core.logging.XmlKeywordLogger</class>
  <method>startKeyword</method>
  <thread>1</thread>
  <message>Start action : setText(findTestObject(&amp;quot;Page_Work Order  Create- Workforce Manager/textarea_Description&amp;quot;), &amp;quot;Smoke Test&amp;quot;)</message>
  <nestedLevel>1</nestedLevel>
  <escapedJava>false</escapedJava>
  <property name="startLine">46</property>
  <property name="stepIndex">11</property>
</record>
<record>
  <date>2026-05-26T21:34:11.176228Z</date>
  <millis>1779831251176</millis>
  <nanos>228000</nanos>
  <sequence>240</sequence>
  <level>PASSED</level>
  <class>com.kms.katalon.core.logging.XmlKeywordLogger</class>
  <method>logMessage</method>
  <thread>1</thread>
  <message>Text &amp;apos;Smoke Test&amp;apos; is set on object &amp;apos;Object Repository/Page_Work Order  Create- Workforce Manager/textarea_Description&amp;apos;</message>
  <nestedLevel>1</nestedLevel>
  <escapedJava>false</escapedJava>
  <property name="testops-method-name">com.kms.katalon.core.webui.keyword.internal.WebUIKeywordMain.runKeywordUntilTimeout</property>
  <property name="testops-execution-stacktrace">com.kms.katalon.core.logging.KeywordLogger.logPassed(KeywordLogger.java:350)
com.kms.katalon.core.logging.KeywordLogger.logPassed(KeywordLogger.java:345)
com.kms.katalon.core.webui.keyword.builtin.SetTextKeyword$_setText_closure1.doCall(SetTextKeyword.groovy:99)
java.base/jdk.internal.reflect.DirectMethodHandleAccessor.invoke(DirectMethodHandleAccessor.java:103)
jdk.proxy2/jdk.proxy2.$Proxy56.execute(Unknown Source)
com.kms.katalon.core.webui.model.SeleniumActionRetryController.performAction(SeleniumActionRetryController.java:96)
com.kms.katalon.core.webui.model.SeleniumActionRetryController.performAction(SeleniumActionRetryController.java:83)
com.kms.katalon.core.webui.keyword.internal.WebUIKeywordMain$_runKeywordUntilTimeout_closure1.doCall(WebUIKeywordMain.groovy:135)
com.kms.katalon.core.webui.keyword.internal.WebUIKeywordMain$_runKeywordUntilTimeout_closure1.call(WebUIKeywordMain.groovy)
com.kms.katalon.core.webui.keyword.internal.WebUIKeywordMain.runKeyword(WebUIKeywordMain.groovy:41)
com.kms.katalon.core.webui.keyword.internal.WebUIKeywordMain.runKeywordUntilTimeout(WebUIKeywordMain.groovy:133)
com.kms.katalon.core.webui.keyword.builtin.SetTextKeyword.setText(SetTextKeyword.groovy:106)
com.kms.katalon.core.webui.keyword.builtin.SetTextKeyword.execute(SetTextKeyword.groovy:49)
com.kms.katalon.core.keyword.internal.KeywordExecutor.executeKeywordForPlatform(KeywordExecutor.groovy:99)
com.kms.katalon.core.webui.keyword.WebUiBuiltInKeywords.setText(WebUiBuiltInKeywords.groovy:1082)
TC_Create_Task.run(TC_Create_Task:46)
</property>
</record>
<record>
  <date>2026-05-26T21:34:11.182285300Z</date>
  <millis>1779831251182</millis>
  <nanos>285300</nanos>
  <sequence>241</sequence>
  <level>END</level>
  <class>com.kms.katalon.core.logging.XmlKeywordLogger</class>
  <method>endKeyword</method>
  <thread>1</thread>
  <message>End action : setText(findTestObject(&amp;quot;Page_Work Order  Create- Workforce Manager/textarea_Description&amp;quot;), &amp;quot;Smoke Test&amp;quot;)</message>
  <nestedLevel>1</nestedLevel>
  <escapedJava>false</escapedJava>
</record>
<record>
  <date>2026-05-26T21:34:11.199684700Z</date>
  <millis>1779831251199</millis>
  <nanos>684700</nanos>
  <sequence>242</sequence>
  <level>START</level>
  <class>com.kms.katalon.core.logging.XmlKeywordLogger</class>
  <method>startKeyword</method>
  <thread>1</thread>
  <message>Start action : setText(findTestObject(&amp;quot;Page_Work Order  Create- Workforce Manager/input_Input First Name&amp;quot;), &amp;quot;Mr&amp;quot;)</message>
  <nestedLevel>1</nestedLevel>
  <escapedJava>false</escapedJava>
  <property name="startLine">48</property>
  <property name="stepIndex">12</property>
</record>
<record>
  <date>2026-05-26T21:34:12.707923Z</date>
  <millis>1779831252707</millis>
  <nanos>923000</nanos>
  <sequence>256</sequence>
  <level>PASSED</level>
  <class>com.kms.katalon.core.logging.XmlKeywordLogger</class>
  <method>logMessage</method>
  <thread>1</thread>
  <message>Text &amp;apos;Mr&amp;apos; is set on object &amp;apos;Object Repository/Page_Work Order  Create- Workforce Manager/input_Input First Name&amp;apos;</message>
  <nestedLevel>1</nestedLevel>
  <escapedJava>false</escapedJava>
  <property name="testops-method-name">com.kms.katalon.core.webui.keyword.internal.WebUIKeywordMain.runKeywordUntilTimeout</property>
  <property name="testops-execution-stacktrace">com.kms.katalon.core.logging.KeywordLogger.logPassed(KeywordLogger.java:350)
com.kms.katalon.core.logging.KeywordLogger.logPassed(KeywordLogger.java:345)
com.kms.katalon.core.webui.keyword.builtin.SetTextKeyword$_setText_closure1.doCall(SetTextKeyword.groovy:99)
java.base/jdk.internal.reflect.DirectMethodHandleAccessor.invoke(DirectMethodHandleAccessor.java:103)
jdk.proxy2/jdk.proxy2.$Proxy56.execute(Unknown Source)
com.kms.katalon.core.webui.model.SeleniumActionRetryController.performAction(SeleniumActionRetryController.java:96)
com.kms.katalon.core.webui.model.SeleniumActionRetryController.performAction(SeleniumActionRetryController.java:83)
com.kms.katalon.core.webui.keyword.internal.WebUIKeywordMain$_runKeywordUntilTimeout_closure1.doCall(WebUIKeywordMain.groovy:135)
com.kms.katalon.core.webui.keyword.internal.WebUIKeywordMain$_runKeywordUntilTimeout_closure1.call(WebUIKeywordMain.groovy)
com.kms.katalon.core.webui.keyword.internal.WebUIKeywordMain.runKeyword(WebUIKeywordMain.groovy:41)
com.kms.katalon.core.webui.keyword.internal.WebUIKeywordMain.runKeywordUntilTimeout(WebUIKeywordMain.groovy:133)
com.kms.katalon.core.webui.keyword.builtin.SetTextKeyword.setText(SetTextKeyword.groovy:106)
com.kms.katalon.core.webui.keyword.builtin.SetTextKeyword.execute(SetTextKeyword.groovy:49)
com.kms.katalon.core.keyword.internal.KeywordExecutor.executeKeywordForPlatform(KeywordExecutor.groovy:99)
com.kms.katalon.core.webui.keyword.WebUiBuiltInKeywords.setText(WebUiBuiltInKeywords.groovy:1082)
TC_Create_Task.run(TC_Create_Task:48)
</property>
</record>
<record>
  <date>2026-05-26T21:34:12.723504300Z</date>
  <millis>1779831252723</millis>
  <nanos>504300</nanos>
  <sequence>257</sequence>
  <level>END</level>
  <class>com.kms.katalon.core.logging.XmlKeywordLogger</class>
  <method>endKeyword</method>
  <thread>1</thread>
  <message>End action : setText(findTestObject(&amp;quot;Page_Work Order  Create- Workforce Manager/input_Input First Name&amp;quot;), &amp;quot;Mr&amp;quot;)</message>
  <nestedLevel>1</nestedLevel>
  <escapedJava>false</escapedJava>
</record>
<record>
  <date>2026-05-26T21:34:12.726372700Z</date>
  <millis>1779831252726</millis>
  <nanos>372700</nanos>
  <sequence>258</sequence>
  <level>START</level>
  <class>com.kms.katalon.core.logging.XmlKeywordLogger</class>
  <method>startKeyword</method>
  <thread>1</thread>
  <message>Start action : setText(findTestObject(&amp;quot;Page_Work Order  Create- Workforce Manager/input_Input Last Name&amp;quot;), &amp;quot;Adekola&amp;quot;)</message>
  <nestedLevel>1</nestedLevel>
  <escapedJava>false</escapedJava>
  <property name="startLine">50</property>
  <property name="stepIndex">13</property>
</record>
<record>
  <date>2026-05-26T21:34:14.363560200Z</date>
  <millis>1779831254363</millis>
  <nanos>560200</nanos>
  <sequence>272</sequence>
  <level>PASSED</level>
  <class>com.kms.katalon.core.logging.XmlKeywordLogger</class>
  <method>logMessage</method>
  <thread>1</thread>
  <message>Text &amp;apos;Adekola&amp;apos; is set on object &amp;apos;Object Repository/Page_Work Order  Create- Workforce Manager/input_Input Last Name&amp;apos;</message>
  <nestedLevel>1</nestedLevel>
  <escapedJava>false</escapedJava>
  <property name="testops-method-name">com.kms.katalon.core.webui.keyword.internal.WebUIKeywordMain.runKeywordUntilTimeout</property>
  <property name="testops-execution-stacktrace">com.kms.katalon.core.logging.KeywordLogger.logPassed(KeywordLogger.java:350)
com.kms.katalon.core.logging.KeywordLogger.logPassed(KeywordLogger.java:345)
com.kms.katalon.core.webui.keyword.builtin.SetTextKeyword$_setText_closure1.doCall(SetTextKeyword.groovy:99)
java.base/jdk.internal.reflect.DirectMethodHandleAccessor.invoke(DirectMethodHandleAccessor.java:103)
jdk.proxy2/jdk.proxy2.$Proxy56.execute(Unknown Source)
com.kms.katalon.core.webui.model.SeleniumActionRetryController.performAction(SeleniumActionRetryController.java:96)
com.kms.katalon.core.webui.model.SeleniumActionRetryController.performAction(SeleniumActionRetryController.java:83)
com.kms.katalon.core.webui.keyword.internal.WebUIKeywordMain$_runKeywordUntilTimeout_closure1.doCall(WebUIKeywordMain.groovy:135)
com.kms.katalon.core.webui.keyword.internal.WebUIKeywordMain$_runKeywordUntilTimeout_closure1.call(WebUIKeywordMain.groovy)
com.kms.katalon.core.webui.keyword.internal.WebUIKeywordMain.runKeyword(WebUIKeywordMain.groovy:41)
com.kms.katalon.core.webui.keyword.internal.WebUIKeywordMain.runKeywordUntilTimeout(WebUIKeywordMain.groovy:133)
com.kms.katalon.core.webui.keyword.builtin.SetTextKeyword.setText(SetTextKeyword.groovy:106)
com.kms.katalon.core.webui.keyword.builtin.SetTextKeyword.execute(SetTextKeyword.groovy:49)
com.kms.katalon.core.keyword.internal.KeywordExecutor.executeKeywordForPlatform(KeywordExecutor.groovy:99)
com.kms.katalon.core.webui.keyword.WebUiBuiltInKeywords.setText(WebUiBuiltInKeywords.groovy:1082)
TC_Create_Task.run(TC_Create_Task:50)
</property>
</record>
<record>
  <date>2026-05-26T21:34:14.380187100Z</date>
  <millis>1779831254380</millis>
  <nanos>187100</nanos>
  <sequence>273</sequence>
  <level>END</level>
  <class>com.kms.katalon.core.logging.XmlKeywordLogger</class>
  <method>endKeyword</method>
  <thread>1</thread>
  <message>End action : setText(findTestObject(&amp;quot;Page_Work Order  Create- Workforce Manager/input_Input Last Name&amp;quot;), &amp;quot;Adekola&amp;quot;)</message>
  <nestedLevel>1</nestedLevel>
  <escapedJava>false</escapedJava>
</record>
<record>
  <date>2026-05-26T21:34:14.388289500Z</date>
  <millis>1779831254388</millis>
  <nanos>289500</nanos>
  <sequence>274</sequence>
  <level>START</level>
  <class>com.kms.katalon.core.logging.XmlKeywordLogger</class>
  <method>startKeyword</method>
  <thread>1</thread>
  <message>Start action : setText(findTestObject(&amp;quot;Page_Work Order  Create- Workforce Manager/input_Input Phone Number&amp;quot;), &amp;quot;Cole&amp;quot;)</message>
  <nestedLevel>1</nestedLevel>
  <escapedJava>false</escapedJava>
  <property name="startLine">52</property>
  <property name="stepIndex">14</property>
</record>
<record>
  <date>2026-05-26T21:34:15.855656400Z</date>
  <millis>1779831255855</millis>
  <nanos>656400</nanos>
  <sequence>288</sequence>
  <level>PASSED</level>
  <class>com.kms.katalon.core.logging.XmlKeywordLogger</class>
  <method>logMessage</method>
  <thread>1</thread>
  <message>Text &amp;apos;Cole&amp;apos; is set on object &amp;apos;Object Repository/Page_Work Order  Create- Workforce Manager/input_Input Phone Number&amp;apos;</message>
  <nestedLevel>1</nestedLevel>
  <escapedJava>false</escapedJava>
  <property name="testops-method-name">com.kms.katalon.core.webui.keyword.internal.WebUIKeywordMain.runKeywordUntilTimeout</property>
  <property name="testops-execution-stacktrace">com.kms.katalon.core.logging.KeywordLogger.logPassed(KeywordLogger.java:350)
com.kms.katalon.core.logging.KeywordLogger.logPassed(KeywordLogger.java:345)
com.kms.katalon.core.webui.keyword.builtin.SetTextKeyword$_setText_closure1.doCall(SetTextKeyword.groovy:99)
java.base/jdk.internal.reflect.DirectMethodHandleAccessor.invoke(DirectMethodHandleAccessor.java:103)
jdk.proxy2/jdk.proxy2.$Proxy56.execute(Unknown Source)
com.kms.katalon.core.webui.model.SeleniumActionRetryController.performAction(SeleniumActionRetryController.java:96)
com.kms.katalon.core.webui.model.SeleniumActionRetryController.performAction(SeleniumActionRetryController.java:83)
com.kms.katalon.core.webui.keyword.internal.WebUIKeywordMain$_runKeywordUntilTimeout_closure1.doCall(WebUIKeywordMain.groovy:135)
com.kms.katalon.core.webui.keyword.internal.WebUIKeywordMain$_runKeywordUntilTimeout_closure1.call(WebUIKeywordMain.groovy)
com.kms.katalon.core.webui.keyword.internal.WebUIKeywordMain.runKeyword(WebUIKeywordMain.groovy:41)
com.kms.katalon.core.webui.keyword.internal.WebUIKeywordMain.runKeywordUntilTimeout(WebUIKeywordMain.groovy:133)
com.kms.katalon.core.webui.keyword.builtin.SetTextKeyword.setText(SetTextKeyword.groovy:106)
com.kms.katalon.core.webui.keyword.builtin.SetTextKeyword.execute(SetTextKeyword.groovy:49)
com.kms.katalon.core.keyword.internal.KeywordExecutor.executeKeywordForPlatform(KeywordExecutor.groovy:99)
com.kms.katalon.core.webui.keyword.WebUiBuiltInKeywords.setText(WebUiBuiltInKeywords.groovy:1082)
TC_Create_Task.run(TC_Create_Task:52)
</property>
</record>
<record>
  <date>2026-05-26T21:34:15.864192800Z</date>
  <millis>1779831255864</millis>
  <nanos>192800</nanos>
  <sequence>289</sequence>
  <level>END</level>
  <class>com.kms.katalon.core.logging.XmlKeywordLogger</class>
  <method>endKeyword</method>
  <thread>1</thread>
  <message>End action : setText(findTestObject(&amp;quot;Page_Work Order  Create- Workforce Manager/input_Input Phone Number&amp;quot;), &amp;quot;Cole&amp;quot;)</message>
  <nestedLevel>1</nestedLevel>
  <escapedJava>false</escapedJava>
</record>
<record>
  <date>2026-05-26T21:34:15.871068700Z</date>
  <millis>1779831255871</millis>
  <nanos>68700</nanos>
  <sequence>290</sequence>
  <level>START</level>
  <class>com.kms.katalon.core.logging.XmlKeywordLogger</class>
  <method>startKeyword</method>
  <thread>1</thread>
  <message>Start action : setText(findTestObject(&amp;quot;Page_Work Order  Create- Workforce Manager/input_Input Email Address&amp;quot;), &amp;quot;testautomation@cicod.com&amp;quot;)</message>
  <nestedLevel>1</nestedLevel>
  <escapedJava>false</escapedJava>
  <property name="startLine">54</property>
  <property name="stepIndex">15</property>
</record>
<record>
  <date>2026-05-26T21:34:17.441179400Z</date>
  <millis>1779831257441</millis>
  <nanos>179400</nanos>
  <sequence>304</sequence>
  <level>PASSED</level>
  <class>com.kms.katalon.core.logging.XmlKeywordLogger</class>
  <method>logMessage</method>
  <thread>1</thread>
  <message>Text &amp;apos;testautomation@cicod.com&amp;apos; is set on object &amp;apos;Object Repository/Page_Work Order  Create- Workforce Manager/input_Input Email Address&amp;apos;</message>
  <nestedLevel>1</nestedLevel>
  <escapedJava>false</escapedJava>
  <property name="testops-method-name">com.kms.katalon.core.webui.keyword.internal.WebUIKeywordMain.runKeywordUntilTimeout</property>
  <property name="testops-execution-stacktrace">com.kms.katalon.core.logging.KeywordLogger.logPassed(KeywordLogger.java:350)
com.kms.katalon.core.logging.KeywordLogger.logPassed(KeywordLogger.java:345)
com.kms.katalon.core.webui.keyword.builtin.SetTextKeyword$_setText_closure1.doCall(SetTextKeyword.groovy:99)
java.base/jdk.internal.reflect.DirectMethodHandleAccessor.invoke(DirectMethodHandleAccessor.java:103)
jdk.proxy2/jdk.proxy2.$Proxy56.execute(Unknown Source)
com.kms.katalon.core.webui.model.SeleniumActionRetryController.performAction(SeleniumActionRetryController.java:96)
com.kms.katalon.core.webui.model.SeleniumActionRetryController.performAction(SeleniumActionRetryController.java:83)
com.kms.katalon.core.webui.keyword.internal.WebUIKeywordMain$_runKeywordUntilTimeout_closure1.doCall(WebUIKeywordMain.groovy:135)
com.kms.katalon.core.webui.keyword.internal.WebUIKeywordMain$_runKeywordUntilTimeout_closure1.call(WebUIKeywordMain.groovy)
com.kms.katalon.core.webui.keyword.internal.WebUIKeywordMain.runKeyword(WebUIKeywordMain.groovy:41)
com.kms.katalon.core.webui.keyword.internal.WebUIKeywordMain.runKeywordUntilTimeout(WebUIKeywordMain.groovy:133)
com.kms.katalon.core.webui.keyword.builtin.SetTextKeyword.setText(SetTextKeyword.groovy:106)
com.kms.katalon.core.webui.keyword.builtin.SetTextKeyword.execute(SetTextKeyword.groovy:49)
com.kms.katalon.core.keyword.internal.KeywordExecutor.executeKeywordForPlatform(KeywordExecutor.groovy:99)
com.kms.katalon.core.webui.keyword.WebUiBuiltInKeywords.setText(WebUiBuiltInKeywords.groovy:1082)
TC_Create_Task.run(TC_Create_Task:54)
</property>
</record>
<record>
  <date>2026-05-26T21:34:17.445734700Z</date>
  <millis>1779831257445</millis>
  <nanos>734700</nanos>
  <sequence>305</sequence>
  <level>END</level>
  <class>com.kms.katalon.core.logging.XmlKeywordLogger</class>
  <method>endKeyword</method>
  <thread>1</thread>
  <message>End action : setText(findTestObject(&amp;quot;Page_Work Order  Create- Workforce Manager/input_Input Email Address&amp;quot;), &amp;quot;testautomation@cicod.com&amp;quot;)</message>
  <nestedLevel>1</nestedLevel>
  <escapedJava>false</escapedJava>
</record>
<record>
  <date>2026-05-26T21:34:17.445734700Z</date>
  <millis>1779831257445</millis>
  <nanos>734700</nanos>
  <sequence>306</sequence>
  <level>START</level>
  <class>com.kms.katalon.core.logging.XmlKeywordLogger</class>
  <method>startKeyword</method>
  <thread>1</thread>
  <message>Start action : setText(findTestObject(&amp;quot;Page_Work Order  Create- Workforce Manager/input_house_no&amp;quot;), &amp;quot;45b&amp;quot;)</message>
  <nestedLevel>1</nestedLevel>
  <escapedJava>false</escapedJava>
  <property name="startLine">56</property>
  <property name="stepIndex">16</property>
</record>
<record>
  <date>2026-05-26T21:34:18.859163400Z</date>
  <millis>1779831258859</millis>
  <nanos>163400</nanos>
  <sequence>320</sequence>
  <level>PASSED</level>
  <class>com.kms.katalon.core.logging.XmlKeywordLogger</class>
  <method>logMessage</method>
  <thread>1</thread>
  <message>Text &amp;apos;45b&amp;apos; is set on object &amp;apos;Object Repository/Page_Work Order  Create- Workforce Manager/input_house_no&amp;apos;</message>
  <nestedLevel>1</nestedLevel>
  <escapedJava>false</escapedJava>
  <property name="testops-method-name">com.kms.katalon.core.webui.keyword.internal.WebUIKeywordMain.runKeywordUntilTimeout</property>
  <property name="testops-execution-stacktrace">com.kms.katalon.core.logging.KeywordLogger.logPassed(KeywordLogger.java:350)
com.kms.katalon.core.logging.KeywordLogger.logPassed(KeywordLogger.java:345)
com.kms.katalon.core.webui.keyword.builtin.SetTextKeyword$_setText_closure1.doCall(SetTextKeyword.groovy:99)
java.base/jdk.internal.reflect.DirectMethodHandleAccessor.invoke(DirectMethodHandleAccessor.java:103)
jdk.proxy2/jdk.proxy2.$Proxy56.execute(Unknown Source)
com.kms.katalon.core.webui.model.SeleniumActionRetryController.performAction(SeleniumActionRetryController.java:96)
com.kms.katalon.core.webui.model.SeleniumActionRetryController.performAction(SeleniumActionRetryController.java:83)
com.kms.katalon.core.webui.keyword.internal.WebUIKeywordMain$_runKeywordUntilTimeout_closure1.doCall(WebUIKeywordMain.groovy:135)
com.kms.katalon.core.webui.keyword.internal.WebUIKeywordMain$_runKeywordUntilTimeout_closure1.call(WebUIKeywordMain.groovy)
com.kms.katalon.core.webui.keyword.internal.WebUIKeywordMain.runKeyword(WebUIKeywordMain.groovy:41)
com.kms.katalon.core.webui.keyword.internal.WebUIKeywordMain.runKeywordUntilTimeout(WebUIKeywordMain.groovy:133)
com.kms.katalon.core.webui.keyword.builtin.SetTextKeyword.setText(SetTextKeyword.groovy:106)
com.kms.katalon.core.webui.keyword.builtin.SetTextKeyword.execute(SetTextKeyword.groovy:49)
com.kms.katalon.core.keyword.internal.KeywordExecutor.executeKeywordForPlatform(KeywordExecutor.groovy:99)
com.kms.katalon.core.webui.keyword.WebUiBuiltInKeywords.setText(WebUiBuiltInKeywords.groovy:1082)
TC_Create_Task.run(TC_Create_Task:56)
</property>
</record>
<record>
  <date>2026-05-26T21:34:18.887937700Z</date>
  <millis>1779831258887</millis>
  <nanos>937700</nanos>
  <sequence>321</sequence>
  <level>END</level>
  <class>com.kms.katalon.core.logging.XmlKeywordLogger</class>
  <method>endKeyword</method>
  <thread>1</thread>
  <message>End action : setText(findTestObject(&amp;quot;Page_Work Order  Create- Workforce Manager/input_house_no&amp;quot;), &amp;quot;45b&amp;quot;)</message>
  <nestedLevel>1</nestedLevel>
  <escapedJava>false</escapedJava>
</record>
<record>
  <date>2026-05-26T21:34:18.888961900Z</date>
  <millis>1779831258888</millis>
  <nanos>961900</nanos>
  <sequence>322</sequence>
  <level>START</level>
  <class>com.kms.katalon.core.logging.XmlKeywordLogger</class>
  <method>startKeyword</method>
  <thread>1</thread>
  <message>Start action : setText(findTestObject(&amp;quot;Page_Work Order  Create- Workforce Manager/input_street&amp;quot;), &amp;quot;Admiralty Way&amp;quot;)</message>
  <nestedLevel>1</nestedLevel>
  <escapedJava>false</escapedJava>
  <property name="startLine">58</property>
  <property name="stepIndex">17</property>
</record>
<record>
  <date>2026-05-26T21:34:20.660608100Z</date>
  <millis>1779831260660</millis>
  <nanos>608100</nanos>
  <sequence>336</sequence>
  <level>PASSED</level>
  <class>com.kms.katalon.core.logging.XmlKeywordLogger</class>
  <method>logMessage</method>
  <thread>1</thread>
  <message>Text &amp;apos;Admiralty Way&amp;apos; is set on object &amp;apos;Object Repository/Page_Work Order  Create- Workforce Manager/input_street&amp;apos;</message>
  <nestedLevel>1</nestedLevel>
  <escapedJava>false</escapedJava>
  <property name="testops-method-name">com.kms.katalon.core.webui.keyword.internal.WebUIKeywordMain.runKeywordUntilTimeout</property>
  <property name="testops-execution-stacktrace">com.kms.katalon.core.logging.KeywordLogger.logPassed(KeywordLogger.java:350)
com.kms.katalon.core.logging.KeywordLogger.logPassed(KeywordLogger.java:345)
com.kms.katalon.core.webui.keyword.builtin.SetTextKeyword$_setText_closure1.doCall(SetTextKeyword.groovy:99)
java.base/jdk.internal.reflect.DirectMethodHandleAccessor.invoke(DirectMethodHandleAccessor.java:103)
jdk.proxy2/jdk.proxy2.$Proxy56.execute(Unknown Source)
com.kms.katalon.core.webui.model.SeleniumActionRetryController.performAction(SeleniumActionRetryController.java:96)
com.kms.katalon.core.webui.model.SeleniumActionRetryController.performAction(SeleniumActionRetryController.java:83)
com.kms.katalon.core.webui.keyword.internal.WebUIKeywordMain$_runKeywordUntilTimeout_closure1.doCall(WebUIKeywordMain.groovy:135)
com.kms.katalon.core.webui.keyword.internal.WebUIKeywordMain$_runKeywordUntilTimeout_closure1.call(WebUIKeywordMain.groovy)
com.kms.katalon.core.webui.keyword.internal.WebUIKeywordMain.runKeyword(WebUIKeywordMain.groovy:41)
com.kms.katalon.core.webui.keyword.internal.WebUIKeywordMain.runKeywordUntilTimeout(WebUIKeywordMain.groovy:133)
com.kms.katalon.core.webui.keyword.builtin.SetTextKeyword.setText(SetTextKeyword.groovy:106)
com.kms.katalon.core.webui.keyword.builtin.SetTextKeyword.execute(SetTextKeyword.groovy:49)
com.kms.katalon.core.keyword.internal.KeywordExecutor.executeKeywordForPlatform(KeywordExecutor.groovy:99)
com.kms.katalon.core.webui.keyword.WebUiBuiltInKeywords.setText(WebUiBuiltInKeywords.groovy:1082)
TC_Create_Task.run(TC_Create_Task:58)
</property>
</record>
<record>
  <date>2026-05-26T21:34:20.670660Z</date>
  <millis>1779831260670</millis>
  <nanos>660000</nanos>
  <sequence>337</sequence>
  <level>END</level>
  <class>com.kms.katalon.core.logging.XmlKeywordLogger</class>
  <method>endKeyword</method>
  <thread>1</thread>
  <message>End action : setText(findTestObject(&amp;quot;Page_Work Order  Create- Workforce Manager/input_street&amp;quot;), &amp;quot;Admiralty Way&amp;quot;)</message>
  <nestedLevel>1</nestedLevel>
  <escapedJava>false</escapedJava>
</record>
<record>
  <date>2026-05-26T21:34:20.671196500Z</date>
  <millis>1779831260671</millis>
  <nanos>196500</nanos>
  <sequence>338</sequence>
  <level>START</level>
  <class>com.kms.katalon.core.logging.XmlKeywordLogger</class>
  <method>startKeyword</method>
  <thread>1</thread>
  <message>Start action : selectOptionByValue(findTestObject(&amp;quot;Page_Work Order  Create- Workforce Manager/select_AngolaCameroonCongoEthopiaNigeriaSouth Af&amp;quot;), &amp;quot;Nigeria&amp;quot;, false)</message>
  <nestedLevel>1</nestedLevel>
  <escapedJava>false</escapedJava>
  <property name="startLine">60</property>
  <property name="stepIndex">18</property>
</record>
<record>
  <date>2026-05-26T21:34:21.869270700Z</date>
  <millis>1779831261869</millis>
  <nanos>270700</nanos>
  <sequence>350</sequence>
  <level>PASSED</level>
  <class>com.kms.katalon.core.logging.XmlKeywordLogger</class>
  <method>logMessage</method>
  <thread>1</thread>
  <message>All options with value &amp;apos;Nigeria&amp;apos; are selected in object &amp;apos;Object Repository/Page_Work Order  Create- Workforce Manager/select_AngolaCameroonCongoEthopiaNigeriaSouth Af&amp;apos; </message>
  <nestedLevel>1</nestedLevel>
  <escapedJava>false</escapedJava>
  <property name="testops-method-name">com.kms.katalon.core.webui.keyword.internal.WebUIKeywordMain.runKeywordUntilTimeout</property>
  <property name="testops-execution-stacktrace">com.kms.katalon.core.logging.KeywordLogger.logPassed(KeywordLogger.java:350)
com.kms.katalon.core.logging.KeywordLogger.logPassed(KeywordLogger.java:345)
com.kms.katalon.core.webui.keyword.builtin.SelectOptionByValueKeyword$_selectOptionByValue_closure1.doCall(SelectOptionByValueKeyword.groovy:70)
java.base/jdk.internal.reflect.DirectMethodHandleAccessor.invoke(DirectMethodHandleAccessor.java:103)
jdk.proxy2/jdk.proxy2.$Proxy56.execute(Unknown Source)
com.kms.katalon.core.webui.model.SeleniumActionRetryController.performAction(SeleniumActionRetryController.java:96)
com.kms.katalon.core.webui.model.SeleniumActionRetryController.performAction(SeleniumActionRetryController.java:83)
com.kms.katalon.core.webui.keyword.internal.WebUIKeywordMain$_runKeywordUntilTimeout_closure1.doCall(WebUIKeywordMain.groovy:135)
com.kms.katalon.core.webui.keyword.internal.WebUIKeywordMain$_runKeywordUntilTimeout_closure1.call(WebUIKeywordMain.groovy)
com.kms.katalon.core.webui.keyword.internal.WebUIKeywordMain.runKeyword(WebUIKeywordMain.groovy:41)
com.kms.katalon.core.webui.keyword.internal.WebUIKeywordMain.runKeywordUntilTimeout(WebUIKeywordMain.groovy:133)
com.kms.katalon.core.webui.keyword.builtin.SelectOptionByValueKeyword.selectOptionByValue(SelectOptionByValueKeyword.groovy:79)
com.kms.katalon.core.webui.keyword.builtin.SelectOptionByValueKeyword.execute(SelectOptionByValueKeyword.groovy:44)
com.kms.katalon.core.keyword.internal.KeywordExecutor.executeKeywordForPlatform(KeywordExecutor.groovy:99)
com.kms.katalon.core.webui.keyword.WebUiBuiltInKeywords.selectOptionByValue(WebUiBuiltInKeywords.groovy:1270)
TC_Create_Task.run(TC_Create_Task:60)
</property>
</record>
<record>
  <date>2026-05-26T21:34:21.878081900Z</date>
  <millis>1779831261878</millis>
  <nanos>81900</nanos>
  <sequence>351</sequence>
  <level>END</level>
  <class>com.kms.katalon.core.logging.XmlKeywordLogger</class>
  <method>endKeyword</method>
  <thread>1</thread>
  <message>End action : selectOptionByValue(findTestObject(&amp;quot;Page_Work Order  Create- Workforce Manager/select_AngolaCameroonCongoEthopiaNigeriaSouth Af&amp;quot;), &amp;quot;Nigeria&amp;quot;, false)</message>
  <nestedLevel>1</nestedLevel>
  <escapedJava>false</escapedJava>
</record>
<record>
  <date>2026-05-26T21:34:21.883017600Z</date>
  <millis>1779831261883</millis>
  <nanos>17600</nanos>
  <sequence>352</sequence>
  <level>START</level>
  <class>com.kms.katalon.core.logging.XmlKeywordLogger</class>
  <method>startKeyword</method>
  <thread>1</thread>
  <message>Start action : selectOptionByValue(findTestObject(&amp;quot;Page_Work Order  Create- Workforce Manager/select_Select StateAbiaAbujaAdamawaAkwa IbomAnam&amp;quot;), &amp;quot;Lagos&amp;quot;, false)</message>
  <nestedLevel>1</nestedLevel>
  <escapedJava>false</escapedJava>
  <property name="startLine">63</property>
  <property name="stepIndex">19</property>
</record>
<record>
  <date>2026-05-26T21:34:22.883912900Z</date>
  <millis>1779831262883</millis>
  <nanos>912900</nanos>
  <sequence>364</sequence>
  <level>PASSED</level>
  <class>com.kms.katalon.core.logging.XmlKeywordLogger</class>
  <method>logMessage</method>
  <thread>1</thread>
  <message>All options with value &amp;apos;Lagos&amp;apos; are selected in object &amp;apos;Object Repository/Page_Work Order  Create- Workforce Manager/select_Select StateAbiaAbujaAdamawaAkwa IbomAnam&amp;apos; </message>
  <nestedLevel>1</nestedLevel>
  <escapedJava>false</escapedJava>
  <property name="testops-method-name">com.kms.katalon.core.webui.keyword.internal.WebUIKeywordMain.runKeywordUntilTimeout</property>
  <property name="testops-execution-stacktrace">com.kms.katalon.core.logging.KeywordLogger.logPassed(KeywordLogger.java:350)
com.kms.katalon.core.logging.KeywordLogger.logPassed(KeywordLogger.java:345)
com.kms.katalon.core.webui.keyword.builtin.SelectOptionByValueKeyword$_selectOptionByValue_closure1.doCall(SelectOptionByValueKeyword.groovy:70)
java.base/jdk.internal.reflect.DirectMethodHandleAccessor.invoke(DirectMethodHandleAccessor.java:103)
jdk.proxy2/jdk.proxy2.$Proxy56.execute(Unknown Source)
com.kms.katalon.core.webui.model.SeleniumActionRetryController.performAction(SeleniumActionRetryController.java:96)
com.kms.katalon.core.webui.model.SeleniumActionRetryController.performAction(SeleniumActionRetryController.java:83)
com.kms.katalon.core.webui.keyword.internal.WebUIKeywordMain$_runKeywordUntilTimeout_closure1.doCall(WebUIKeywordMain.groovy:135)
com.kms.katalon.core.webui.keyword.internal.WebUIKeywordMain$_runKeywordUntilTimeout_closure1.call(WebUIKeywordMain.groovy)
com.kms.katalon.core.webui.keyword.internal.WebUIKeywordMain.runKeyword(WebUIKeywordMain.groovy:41)
com.kms.katalon.core.webui.keyword.internal.WebUIKeywordMain.runKeywordUntilTimeout(WebUIKeywordMain.groovy:133)
com.kms.katalon.core.webui.keyword.builtin.SelectOptionByValueKeyword.selectOptionByValue(SelectOptionByValueKeyword.groovy:79)
com.kms.katalon.core.webui.keyword.builtin.SelectOptionByValueKeyword.execute(SelectOptionByValueKeyword.groovy:44)
com.kms.katalon.core.keyword.internal.KeywordExecutor.executeKeywordForPlatform(KeywordExecutor.groovy:99)
com.kms.katalon.core.webui.keyword.WebUiBuiltInKeywords.selectOptionByValue(WebUiBuiltInKeywords.groovy:1270)
TC_Create_Task.run(TC_Create_Task:63)
</property>
</record>
<record>
  <date>2026-05-26T21:34:22.889591600Z</date>
  <millis>1779831262889</millis>
  <nanos>591600</nanos>
  <sequence>365</sequence>
  <level>END</level>
  <class>com.kms.katalon.core.logging.XmlKeywordLogger</class>
  <method>endKeyword</method>
  <thread>1</thread>
  <message>End action : selectOptionByValue(findTestObject(&amp;quot;Page_Work Order  Create- Workforce Manager/select_Select StateAbiaAbujaAdamawaAkwa IbomAnam&amp;quot;), &amp;quot;Lagos&amp;quot;, false)</message>
  <nestedLevel>1</nestedLevel>
  <escapedJava>false</escapedJava>
</record>
<record>
  <date>2026-05-26T21:34:22.889591600Z</date>
  <millis>1779831262889</millis>
  <nanos>591600</nanos>
  <sequence>366</sequence>
  <level>START</level>
  <class>com.kms.katalon.core.logging.XmlKeywordLogger</class>
  <method>startKeyword</method>
  <thread>1</thread>
  <message>Start action : switchToWindowTitle(&amp;quot;Work Order | Create- Workforce Manager&amp;quot;)</message>
  <nestedLevel>1</nestedLevel>
  <escapedJava>false</escapedJava>
  <property name="startLine">66</property>
  <property name="stepIndex">20</property>
</record>
<record>
  <date>2026-05-26T21:34:23.059860600Z</date>
  <millis>1779831263059</millis>
  <nanos>860600</nanos>
  <sequence>371</sequence>
  <level>PASSED</level>
  <class>com.kms.katalon.core.logging.XmlKeywordLogger</class>
  <method>logMessage</method>
  <thread>1</thread>
  <message>Switched to window with title: &amp;apos;Work Order | Create- Workforce Manager&amp;apos;</message>
  <nestedLevel>1</nestedLevel>
  <escapedJava>false</escapedJava>
  <property name="testops-method-name">com.kms.katalon.core.webui.keyword.builtin.SwitchToWindowTitleKeyword.switchToWindowTitle</property>
  <property name="testops-execution-stacktrace"></property>
</record>
<record>
  <date>2026-05-26T21:34:23.069520400Z</date>
  <millis>1779831263069</millis>
  <nanos>520400</nanos>
  <sequence>372</sequence>
  <level>END</level>
  <class>com.kms.katalon.core.logging.XmlKeywordLogger</class>
  <method>endKeyword</method>
  <thread>1</thread>
  <message>End action : switchToWindowTitle(&amp;quot;Work Order | Create- Workforce Manager&amp;quot;)</message>
  <nestedLevel>1</nestedLevel>
  <escapedJava>false</escapedJava>
</record>
<record>
  <date>2026-05-26T21:34:23.069520400Z</date>
  <millis>1779831263069</millis>
  <nanos>520400</nanos>
  <sequence>373</sequence>
  <level>START</level>
  <class>com.kms.katalon.core.logging.XmlKeywordLogger</class>
  <method>startKeyword</method>
  <thread>1</thread>
  <message>Start action : click(findTestObject(&amp;quot;Page_Work Order  Create- Workforce Manager/input_optionsRadios1&amp;quot;))</message>
  <nestedLevel>1</nestedLevel>
  <escapedJava>false</escapedJava>
  <property name="startLine">68</property>
  <property name="stepIndex">21</property>
</record>
<record>
  <date>2026-05-26T21:34:24.070954700Z</date>
  <millis>1779831264070</millis>
  <nanos>954700</nanos>
  <sequence>384</sequence>
  <level>PASSED</level>
  <class>com.kms.katalon.core.logging.XmlKeywordLogger</class>
  <method>logMessage</method>
  <thread>1</thread>
  <message>Object: &amp;apos;Object Repository/Page_Work Order  Create- Workforce Manager/input_optionsRadios1&amp;apos; is clicked on</message>
  <nestedLevel>1</nestedLevel>
  <escapedJava>false</escapedJava>
  <property name="testops-method-name">com.kms.katalon.core.webui.keyword.internal.WebUIKeywordMain.runKeywordUntilTimeout</property>
  <property name="testops-execution-stacktrace">com.kms.katalon.core.logging.KeywordLogger.logPassed(KeywordLogger.java:350)
com.kms.katalon.core.logging.KeywordLogger.logPassed(KeywordLogger.java:345)
com.kms.katalon.core.webui.keyword.builtin.ClickKeyword$_click_closure1.doCall(ClickKeyword.groovy:66)
java.base/jdk.internal.reflect.DirectMethodHandleAccessor.invoke(DirectMethodHandleAccessor.java:103)
jdk.proxy2/jdk.proxy2.$Proxy56.execute(Unknown Source)
com.kms.katalon.core.webui.model.SeleniumActionRetryController.performAction(SeleniumActionRetryController.java:96)
com.kms.katalon.core.webui.model.SeleniumActionRetryController.performAction(SeleniumActionRetryController.java:83)
com.kms.katalon.core.webui.keyword.internal.WebUIKeywordMain$_runKeywordUntilTimeout_closure1.doCall(WebUIKeywordMain.groovy:135)
com.kms.katalon.core.webui.keyword.internal.WebUIKeywordMain$_runKeywordUntilTimeout_closure1.call(WebUIKeywordMain.groovy)
com.kms.katalon.core.webui.keyword.internal.WebUIKeywordMain.runKeyword(WebUIKeywordMain.groovy:41)
com.kms.katalon.core.webui.keyword.internal.WebUIKeywordMain.runKeywordUntilTimeout(WebUIKeywordMain.groovy:133)
com.kms.katalon.core.webui.keyword.builtin.ClickKeyword.click(ClickKeyword.groovy:72)
com.kms.katalon.core.webui.keyword.builtin.ClickKeyword.execute(ClickKeyword.groovy:38)
com.kms.katalon.core.keyword.internal.KeywordExecutor.executeKeywordForPlatform(KeywordExecutor.groovy:99)
com.kms.katalon.core.webui.keyword.WebUiBuiltInKeywords.click(WebUiBuiltInKeywords.groovy:722)
TC_Create_Task.run(TC_Create_Task:68)
</property>
</record>
<record>
  <date>2026-05-26T21:34:24.075422200Z</date>
  <millis>1779831264075</millis>
  <nanos>422200</nanos>
  <sequence>385</sequence>
  <level>END</level>
  <class>com.kms.katalon.core.logging.XmlKeywordLogger</class>
  <method>endKeyword</method>
  <thread>1</thread>
  <message>End action : click(findTestObject(&amp;quot;Page_Work Order  Create- Workforce Manager/input_optionsRadios1&amp;quot;))</message>
  <nestedLevel>1</nestedLevel>
  <escapedJava>false</escapedJava>
</record>
<record>
  <date>2026-05-26T21:34:24.085061400Z</date>
  <millis>1779831264085</millis>
  <nanos>61400</nanos>
  <sequence>386</sequence>
  <level>START</level>
  <class>com.kms.katalon.core.logging.XmlKeywordLogger</class>
  <method>startKeyword</method>
  <thread>1</thread>
  <message>Start action : click(findTestObject(&amp;quot;Page_Work Order  Create- Workforce Manager/input_optionsChecks1&amp;quot;))</message>
  <nestedLevel>1</nestedLevel>
  <escapedJava>false</escapedJava>
  <property name="startLine">70</property>
  <property name="stepIndex">22</property>
</record>
<record>
  <date>2026-05-26T21:34:24.837599400Z</date>
  <millis>1779831264837</millis>
  <nanos>599400</nanos>
  <sequence>397</sequence>
  <level>PASSED</level>
  <class>com.kms.katalon.core.logging.XmlKeywordLogger</class>
  <method>logMessage</method>
  <thread>1</thread>
  <message>Object: &amp;apos;Object Repository/Page_Work Order  Create- Workforce Manager/input_optionsChecks1&amp;apos; is clicked on</message>
  <nestedLevel>1</nestedLevel>
  <escapedJava>false</escapedJava>
  <property name="testops-method-name">com.kms.katalon.core.webui.keyword.internal.WebUIKeywordMain.runKeywordUntilTimeout</property>
  <property name="testops-execution-stacktrace">com.kms.katalon.core.logging.KeywordLogger.logPassed(KeywordLogger.java:350)
com.kms.katalon.core.logging.KeywordLogger.logPassed(KeywordLogger.java:345)
com.kms.katalon.core.webui.keyword.builtin.ClickKeyword$_click_closure1.doCall(ClickKeyword.groovy:66)
java.base/jdk.internal.reflect.DirectMethodHandleAccessor.invoke(DirectMethodHandleAccessor.java:103)
jdk.proxy2/jdk.proxy2.$Proxy56.execute(Unknown Source)
com.kms.katalon.core.webui.model.SeleniumActionRetryController.performAction(SeleniumActionRetryController.java:96)
com.kms.katalon.core.webui.model.SeleniumActionRetryController.performAction(SeleniumActionRetryController.java:83)
com.kms.katalon.core.webui.keyword.internal.WebUIKeywordMain$_runKeywordUntilTimeout_closure1.doCall(WebUIKeywordMain.groovy:135)
com.kms.katalon.core.webui.keyword.internal.WebUIKeywordMain$_runKeywordUntilTimeout_closure1.call(WebUIKeywordMain.groovy)
com.kms.katalon.core.webui.keyword.internal.WebUIKeywordMain.runKeyword(WebUIKeywordMain.groovy:41)
com.kms.katalon.core.webui.keyword.internal.WebUIKeywordMain.runKeywordUntilTimeout(WebUIKeywordMain.groovy:133)
com.kms.katalon.core.webui.keyword.builtin.ClickKeyword.click(ClickKeyword.groovy:72)
com.kms.katalon.core.webui.keyword.builtin.ClickKeyword.execute(ClickKeyword.groovy:38)
com.kms.katalon.core.keyword.internal.KeywordExecutor.executeKeywordForPlatform(KeywordExecutor.groovy:99)
com.kms.katalon.core.webui.keyword.WebUiBuiltInKeywords.click(WebUiBuiltInKeywords.groovy:722)
TC_Create_Task.run(TC_Create_Task:70)
</property>
</record>
<record>
  <date>2026-05-26T21:34:24.837599400Z</date>
  <millis>1779831264837</millis>
  <nanos>599400</nanos>
  <sequence>398</sequence>
  <level>END</level>
  <class>com.kms.katalon.core.logging.XmlKeywordLogger</class>
  <method>endKeyword</method>
  <thread>1</thread>
  <message>End action : click(findTestObject(&amp;quot;Page_Work Order  Create- Workforce Manager/input_optionsChecks1&amp;quot;))</message>
  <nestedLevel>1</nestedLevel>
  <escapedJava>false</escapedJava>
</record>
<record>
  <date>2026-05-26T21:34:24.847782600Z</date>
  <millis>1779831264847</millis>
  <nanos>782600</nanos>
  <sequence>399</sequence>
  <level>START</level>
  <class>com.kms.katalon.core.logging.XmlKeywordLogger</class>
  <method>startKeyword</method>
  <thread>1</thread>
  <message>Start action : setText(findTestObject(&amp;quot;Page_Work Order  Create- Workforce Manager/input_Select Date&amp;quot;), &amp;quot;2026-05-20&amp;quot;)</message>
  <nestedLevel>1</nestedLevel>
  <escapedJava>false</escapedJava>
  <property name="startLine">72</property>
  <property name="stepIndex">23</property>
</record>
<record>
  <date>2026-05-26T21:34:26.300627700Z</date>
  <millis>1779831266300</millis>
  <nanos>627700</nanos>
  <sequence>413</sequence>
  <level>PASSED</level>
  <class>com.kms.katalon.core.logging.XmlKeywordLogger</class>
  <method>logMessage</method>
  <thread>1</thread>
  <message>Text &amp;apos;2026-05-20&amp;apos; is set on object &amp;apos;Object Repository/Page_Work Order  Create- Workforce Manager/input_Select Date&amp;apos;</message>
  <nestedLevel>1</nestedLevel>
  <escapedJava>false</escapedJava>
  <property name="testops-method-name">com.kms.katalon.core.webui.keyword.internal.WebUIKeywordMain.runKeywordUntilTimeout</property>
  <property name="testops-execution-stacktrace">com.kms.katalon.core.logging.KeywordLogger.logPassed(KeywordLogger.java:350)
com.kms.katalon.core.logging.KeywordLogger.logPassed(KeywordLogger.java:345)
com.kms.katalon.core.webui.keyword.builtin.SetTextKeyword$_setText_closure1.doCall(SetTextKeyword.groovy:99)
java.base/jdk.internal.reflect.DirectMethodHandleAccessor.invoke(DirectMethodHandleAccessor.java:103)
jdk.proxy2/jdk.proxy2.$Proxy56.execute(Unknown Source)
com.kms.katalon.core.webui.model.SeleniumActionRetryController.performAction(SeleniumActionRetryController.java:96)
com.kms.katalon.core.webui.model.SeleniumActionRetryController.performAction(SeleniumActionRetryController.java:83)
com.kms.katalon.core.webui.keyword.internal.WebUIKeywordMain$_runKeywordUntilTimeout_closure1.doCall(WebUIKeywordMain.groovy:135)
com.kms.katalon.core.webui.keyword.internal.WebUIKeywordMain$_runKeywordUntilTimeout_closure1.call(WebUIKeywordMain.groovy)
com.kms.katalon.core.webui.keyword.internal.WebUIKeywordMain.runKeyword(WebUIKeywordMain.groovy:41)
com.kms.katalon.core.webui.keyword.internal.WebUIKeywordMain.runKeywordUntilTimeout(WebUIKeywordMain.groovy:133)
com.kms.katalon.core.webui.keyword.builtin.SetTextKeyword.setText(SetTextKeyword.groovy:106)
com.kms.katalon.core.webui.keyword.builtin.SetTextKeyword.execute(SetTextKeyword.groovy:49)
com.kms.katalon.core.keyword.internal.KeywordExecutor.executeKeywordForPlatform(KeywordExecutor.groovy:99)
com.kms.katalon.core.webui.keyword.WebUiBuiltInKeywords.setText(WebUiBuiltInKeywords.groovy:1082)
TC_Create_Task.run(TC_Create_Task:72)
</property>
</record>
<record>
  <date>2026-05-26T21:34:26.320111300Z</date>
  <millis>1779831266320</millis>
  <nanos>111300</nanos>
  <sequence>414</sequence>
  <level>END</level>
  <class>com.kms.katalon.core.logging.XmlKeywordLogger</class>
  <method>endKeyword</method>
  <thread>1</thread>
  <message>End action : setText(findTestObject(&amp;quot;Page_Work Order  Create- Workforce Manager/input_Select Date&amp;quot;), &amp;quot;2026-05-20&amp;quot;)</message>
  <nestedLevel>1</nestedLevel>
  <escapedJava>false</escapedJava>
</record>
<record>
  <date>2026-05-26T21:34:26.321283100Z</date>
  <millis>1779831266321</millis>
  <nanos>283100</nanos>
  <sequence>415</sequence>
  <level>START</level>
  <class>com.kms.katalon.core.logging.XmlKeywordLogger</class>
  <method>startKeyword</method>
  <thread>1</thread>
  <message>Start action : filePath = getProjectDir() + &amp;quot;/Include/test-files/data_backup.png&amp;quot;</message>
  <nestedLevel>1</nestedLevel>
  <escapedJava>false</escapedJava>
  <property name="startLine">74</property>
  <property name="stepIndex">24</property>
</record>
<record>
  <date>2026-05-26T21:34:26.350130300Z</date>
  <millis>1779831266350</millis>
  <nanos>130300</nanos>
  <sequence>416</sequence>
  <level>END</level>
  <class>com.kms.katalon.core.logging.XmlKeywordLogger</class>
  <method>endKeyword</method>
  <thread>1</thread>
  <message>End action : filePath = getProjectDir() + &amp;quot;/Include/test-files/data_backup.png&amp;quot;</message>
  <nestedLevel>1</nestedLevel>
  <escapedJava>false</escapedJava>
</record>
<record>
  <date>2026-05-26T21:34:26.352144300Z</date>
  <millis>1779831266352</millis>
  <nanos>144300</nanos>
  <sequence>417</sequence>
  <level>START</level>
  <class>com.kms.katalon.core.logging.XmlKeywordLogger</class>
  <method>startKeyword</method>
  <thread>1</thread>
  <message>Start action : assert File(filePath).exists()</message>
  <nestedLevel>1</nestedLevel>
  <escapedJava>false</escapedJava>
  <property name="startLine">77</property>
  <property name="stepIndex">25</property>
</record>
<record>
  <date>2026-05-26T21:34:26.423156600Z</date>
  <millis>1779831266423</millis>
  <nanos>156600</nanos>
  <sequence>418</sequence>
  <level>END</level>
  <class>com.kms.katalon.core.logging.XmlKeywordLogger</class>
  <method>endKeyword</method>
  <thread>1</thread>
  <message>End action : assert File(filePath).exists()</message>
  <nestedLevel>1</nestedLevel>
  <escapedJava>false</escapedJava>
</record>
<record>
  <date>2026-05-26T21:34:26.426924200Z</date>
  <millis>1779831266426</millis>
  <nanos>924200</nanos>
  <sequence>419</sequence>
  <level>START</level>
  <class>com.kms.katalon.core.logging.XmlKeywordLogger</class>
  <method>startKeyword</method>
  <thread>1</thread>
  <message>Start action : uploadObj = findTestObject(&amp;quot;Page_Work Order  Create- Workforce Manager/input_take-photo-input-selected_file&amp;quot;)</message>
  <nestedLevel>1</nestedLevel>
  <escapedJava>false</escapedJava>
  <property name="startLine">79</property>
  <property name="stepIndex">26</property>
</record>
<record>
  <date>2026-05-26T21:34:26.452710900Z</date>
  <millis>1779831266452</millis>
  <nanos>710900</nanos>
  <sequence>421</sequence>
  <level>END</level>
  <class>com.kms.katalon.core.logging.XmlKeywordLogger</class>
  <method>endKeyword</method>
  <thread>1</thread>
  <message>End action : uploadObj = findTestObject(&amp;quot;Page_Work Order  Create- Workforce Manager/input_take-photo-input-selected_file&amp;quot;)</message>
  <nestedLevel>1</nestedLevel>
  <escapedJava>false</escapedJava>
</record>
<record>
  <date>2026-05-26T21:34:26.455732600Z</date>
  <millis>1779831266455</millis>
  <nanos>732600</nanos>
  <sequence>422</sequence>
  <level>START</level>
  <class>com.kms.katalon.core.logging.XmlKeywordLogger</class>
  <method>startKeyword</method>
  <thread>1</thread>
  <message>Start action : waitForElementPresent(uploadObj, 10)</message>
  <nestedLevel>1</nestedLevel>
  <escapedJava>false</escapedJava>
  <property name="startLine">81</property>
  <property name="stepIndex">27</property>
</record>
<record>
  <date>2026-05-26T21:34:26.985107800Z</date>
  <millis>1779831266985</millis>
  <nanos>107800</nanos>
  <sequence>428</sequence>
  <level>PASSED</level>
  <class>com.kms.katalon.core.logging.XmlKeywordLogger</class>
  <method>logMessage</method>
  <thread>1</thread>
  <message>Object &amp;apos;Object Repository/Page_Work Order  Create- Workforce Manager/input_take-photo-input-selected_file&amp;apos; is present</message>
  <nestedLevel>1</nestedLevel>
  <escapedJava>false</escapedJava>
  <property name="testops-method-name">com.kms.katalon.core.webui.keyword.internal.WebUIKeywordMain.runKeywordUntilTimeout</property>
  <property name="testops-execution-stacktrace">com.kms.katalon.core.logging.KeywordLogger.logPassed(KeywordLogger.java:350)
com.kms.katalon.core.logging.KeywordLogger.logPassed(KeywordLogger.java:345)
com.kms.katalon.core.webui.keyword.builtin.WaitForElementPresentKeyword$_waitForElementPresent_closure1.doCall(WaitForElementPresentKeyword.groovy:56)
java.base/jdk.internal.reflect.DirectMethodHandleAccessor.invoke(DirectMethodHandleAccessor.java:103)
jdk.proxy2/jdk.proxy2.$Proxy56.execute(Unknown Source)
com.kms.katalon.core.webui.model.SeleniumActionRetryController.performAction(SeleniumActionRetryController.java:96)
com.kms.katalon.core.webui.model.SeleniumActionRetryController.performAction(SeleniumActionRetryController.java:83)
com.kms.katalon.core.webui.keyword.internal.WebUIKeywordMain$_runKeywordUntilTimeout_closure2.doCall(WebUIKeywordMain.groovy:155)
com.kms.katalon.core.webui.keyword.internal.WebUIKeywordMain$_runKeywordUntilTimeout_closure2.call(WebUIKeywordMain.groovy)
com.kms.katalon.core.webui.keyword.internal.WebUIKeywordMain.runKeyword(WebUIKeywordMain.groovy:41)
com.kms.katalon.core.webui.keyword.internal.WebUIKeywordMain.runKeywordUntilTimeout(WebUIKeywordMain.groovy:152)
com.kms.katalon.core.webui.keyword.builtin.WaitForElementPresentKeyword.waitForElementPresent(WaitForElementPresentKeyword.groovy:68)
com.kms.katalon.core.webui.keyword.builtin.WaitForElementPresentKeyword.execute(WaitForElementPresentKeyword.groovy:38)
com.kms.katalon.core.keyword.internal.KeywordExecutor.executeKeywordForPlatform(KeywordExecutor.groovy:99)
com.kms.katalon.core.webui.keyword.WebUiBuiltInKeywords.waitForElementPresent(WebUiBuiltInKeywords.groovy:424)
TC_Create_Task.run(TC_Create_Task:81)
</property>
</record>
<record>
  <date>2026-05-26T21:34:26.986989100Z</date>
  <millis>1779831266986</millis>
  <nanos>989100</nanos>
  <sequence>429</sequence>
  <level>END</level>
  <class>com.kms.katalon.core.logging.XmlKeywordLogger</class>
  <method>endKeyword</method>
  <thread>1</thread>
  <message>End action : waitForElementPresent(uploadObj, 10)</message>
  <nestedLevel>1</nestedLevel>
  <escapedJava>false</escapedJava>
</record>
<record>
  <date>2026-05-26T21:34:26.991174Z</date>
  <millis>1779831266991</millis>
  <nanos>174000</nanos>
  <sequence>430</sequence>
  <level>START</level>
  <class>com.kms.katalon.core.logging.XmlKeywordLogger</class>
  <method>startKeyword</method>
  <thread>1</thread>
  <message>Start action : uploadFile(uploadObj, filePath)</message>
  <nestedLevel>1</nestedLevel>
  <escapedJava>false</escapedJava>
  <property name="startLine">83</property>
  <property name="stepIndex">28</property>
</record>
<record>
  <date>2026-05-26T21:34:27.419442200Z</date>
  <millis>1779831267419</millis>
  <nanos>442200</nanos>
  <sequence>439</sequence>
  <level>WARNING</level>
  <class>com.kms.katalon.core.logging.XmlKeywordLogger</class>
  <method>logMessage</method>
  <thread>1</thread>
  <message>Cannot clear the existing file path in the input element. Continue to upload file.</message>
  <nestedLevel>1</nestedLevel>
  <escapedJava>false</escapedJava>
</record>
<record>
  <date>2026-05-26T21:34:27.502139200Z</date>
  <millis>1779831267502</millis>
  <nanos>139200</nanos>
  <sequence>440</sequence>
  <level>PASSED</level>
  <class>com.kms.katalon.core.logging.XmlKeywordLogger</class>
  <method>logMessage</method>
  <thread>1</thread>
  <message>File &amp;apos;C:/Users/CROWN-STAFF/git/convergence-qa-tests/Include/test-files/data_backup.png&amp;apos; sent to object: &amp;apos;Object Repository/Page_Work Order  Create- Workforce Manager/input_take-photo-input-selected_file&amp;apos;</message>
  <nestedLevel>1</nestedLevel>
  <escapedJava>false</escapedJava>
  <property name="testops-method-name">com.kms.katalon.core.webui.keyword.builtin.UploadFileKeyword.uploadFile</property>
  <property name="testops-execution-stacktrace"></property>
</record>
<record>
  <date>2026-05-26T21:34:27.510346700Z</date>
  <millis>1779831267510</millis>
  <nanos>346700</nanos>
  <sequence>441</sequence>
  <level>END</level>
  <class>com.kms.katalon.core.logging.XmlKeywordLogger</class>
  <method>endKeyword</method>
  <thread>1</thread>
  <message>End action : uploadFile(uploadObj, filePath)</message>
  <nestedLevel>1</nestedLevel>
  <escapedJava>false</escapedJava>
</record>
<record>
  <date>2026-05-26T21:34:27.516421200Z</date>
  <millis>1779831267516</millis>
  <nanos>421200</nanos>
  <sequence>442</sequence>
  <level>START</level>
  <class>com.kms.katalon.core.logging.XmlKeywordLogger</class>
  <method>startKeyword</method>
  <thread>1</thread>
  <message>Start action : click(findTestObject(&amp;quot;Page_Work Order  Create- Workforce Manager/input_should_assign_ticket&amp;quot;))</message>
  <nestedLevel>1</nestedLevel>
  <escapedJava>false</escapedJava>
  <property name="startLine">85</property>
  <property name="stepIndex">29</property>
</record>
<record>
  <date>2026-05-26T21:34:28.742570400Z</date>
  <millis>1779831268742</millis>
  <nanos>570400</nanos>
  <sequence>453</sequence>
  <level>PASSED</level>
  <class>com.kms.katalon.core.logging.XmlKeywordLogger</class>
  <method>logMessage</method>
  <thread>1</thread>
  <message>Object: &amp;apos;Object Repository/Page_Work Order  Create- Workforce Manager/input_should_assign_ticket&amp;apos; is clicked on</message>
  <nestedLevel>1</nestedLevel>
  <escapedJava>false</escapedJava>
  <property name="testops-method-name">com.kms.katalon.core.webui.keyword.internal.WebUIKeywordMain.runKeywordUntilTimeout</property>
  <property name="testops-execution-stacktrace">com.kms.katalon.core.logging.KeywordLogger.logPassed(KeywordLogger.java:350)
com.kms.katalon.core.logging.KeywordLogger.logPassed(KeywordLogger.java:345)
com.kms.katalon.core.webui.keyword.builtin.ClickKeyword$_click_closure1.doCall(ClickKeyword.groovy:66)
java.base/jdk.internal.reflect.DirectMethodHandleAccessor.invoke(DirectMethodHandleAccessor.java:103)
jdk.proxy2/jdk.proxy2.$Proxy56.execute(Unknown Source)
com.kms.katalon.core.webui.model.SeleniumActionRetryController.performAction(SeleniumActionRetryController.java:96)
com.kms.katalon.core.webui.model.SeleniumActionRetryController.performAction(SeleniumActionRetryController.java:83)
com.kms.katalon.core.webui.keyword.internal.WebUIKeywordMain$_runKeywordUntilTimeout_closure1.doCall(WebUIKeywordMain.groovy:135)
com.kms.katalon.core.webui.keyword.internal.WebUIKeywordMain$_runKeywordUntilTimeout_closure1.call(WebUIKeywordMain.groovy)
com.kms.katalon.core.webui.keyword.internal.WebUIKeywordMain.runKeyword(WebUIKeywordMain.groovy:41)
com.kms.katalon.core.webui.keyword.internal.WebUIKeywordMain.runKeywordUntilTimeout(WebUIKeywordMain.groovy:133)
com.kms.katalon.core.webui.keyword.builtin.ClickKeyword.click(ClickKeyword.groovy:72)
com.kms.katalon.core.webui.keyword.builtin.ClickKeyword.execute(ClickKeyword.groovy:38)
com.kms.katalon.core.keyword.internal.KeywordExecutor.executeKeywordForPlatform(KeywordExecutor.groovy:99)
com.kms.katalon.core.webui.keyword.WebUiBuiltInKeywords.click(WebUiBuiltInKeywords.groovy:722)
TC_Create_Task.run(TC_Create_Task:85)
</property>
</record>
<record>
  <date>2026-05-26T21:34:28.787251400Z</date>
  <millis>1779831268787</millis>
  <nanos>251400</nanos>
  <sequence>454</sequence>
  <level>END</level>
  <class>com.kms.katalon.core.logging.XmlKeywordLogger</class>
  <method>endKeyword</method>
  <thread>1</thread>
  <message>End action : click(findTestObject(&amp;quot;Page_Work Order  Create- Workforce Manager/input_should_assign_ticket&amp;quot;))</message>
  <nestedLevel>1</nestedLevel>
  <escapedJava>false</escapedJava>
</record>
<record>
  <date>2026-05-26T21:34:28.787251400Z</date>
  <millis>1779831268787</millis>
  <nanos>251400</nanos>
  <sequence>455</sequence>
  <level>START</level>
  <class>com.kms.katalon.core.logging.XmlKeywordLogger</class>
  <method>startKeyword</method>
  <thread>1</thread>
  <message>Start action : selectOptionByValue(findTestObject(&amp;quot;Page_Work Order  Create- Workforce Manager/select_assign-to-user&amp;quot;), &amp;quot;82&amp;quot;, false)</message>
  <nestedLevel>1</nestedLevel>
  <escapedJava>false</escapedJava>
  <property name="startLine">87</property>
  <property name="stepIndex">30</property>
</record>
<record>
  <date>2026-05-26T21:34:30.119893300Z</date>
  <millis>1779831270119</millis>
  <nanos>893300</nanos>
  <sequence>467</sequence>
  <level>PASSED</level>
  <class>com.kms.katalon.core.logging.XmlKeywordLogger</class>
  <method>logMessage</method>
  <thread>1</thread>
  <message>All options with value &amp;apos;82&amp;apos; are selected in object &amp;apos;Object Repository/Page_Work Order  Create- Workforce Manager/select_assign-to-user&amp;apos; </message>
  <nestedLevel>1</nestedLevel>
  <escapedJava>false</escapedJava>
  <property name="testops-method-name">com.kms.katalon.core.webui.keyword.internal.WebUIKeywordMain.runKeywordUntilTimeout</property>
  <property name="testops-execution-stacktrace">com.kms.katalon.core.logging.KeywordLogger.logPassed(KeywordLogger.java:350)
com.kms.katalon.core.logging.KeywordLogger.logPassed(KeywordLogger.java:345)
com.kms.katalon.core.webui.keyword.builtin.SelectOptionByValueKeyword$_selectOptionByValue_closure1.doCall(SelectOptionByValueKeyword.groovy:70)
java.base/jdk.internal.reflect.DirectMethodHandleAccessor.invoke(DirectMethodHandleAccessor.java:103)
jdk.proxy2/jdk.proxy2.$Proxy56.execute(Unknown Source)
com.kms.katalon.core.webui.model.SeleniumActionRetryController.performAction(SeleniumActionRetryController.java:96)
com.kms.katalon.core.webui.model.SeleniumActionRetryController.performAction(SeleniumActionRetryController.java:83)
com.kms.katalon.core.webui.keyword.internal.WebUIKeywordMain$_runKeywordUntilTimeout_closure1.doCall(WebUIKeywordMain.groovy:135)
com.kms.katalon.core.webui.keyword.internal.WebUIKeywordMain$_runKeywordUntilTimeout_closure1.call(WebUIKeywordMain.groovy)
com.kms.katalon.core.webui.keyword.internal.WebUIKeywordMain.runKeyword(WebUIKeywordMain.groovy:41)
com.kms.katalon.core.webui.keyword.internal.WebUIKeywordMain.runKeywordUntilTimeout(WebUIKeywordMain.groovy:133)
com.kms.katalon.core.webui.keyword.builtin.SelectOptionByValueKeyword.selectOptionByValue(SelectOptionByValueKeyword.groovy:79)
com.kms.katalon.core.webui.keyword.builtin.SelectOptionByValueKeyword.execute(SelectOptionByValueKeyword.groovy:44)
com.kms.katalon.core.keyword.internal.KeywordExecutor.executeKeywordForPlatform(KeywordExecutor.groovy:99)
com.kms.katalon.core.webui.keyword.WebUiBuiltInKeywords.selectOptionByValue(WebUiBuiltInKeywords.groovy:1270)
TC_Create_Task.run(TC_Create_Task:87)
</property>
</record>
<record>
  <date>2026-05-26T21:34:30.142572700Z</date>
  <millis>1779831270142</millis>
  <nanos>572700</nanos>
  <sequence>468</sequence>
  <level>END</level>
  <class>com.kms.katalon.core.logging.XmlKeywordLogger</class>
  <method>endKeyword</method>
  <thread>1</thread>
  <message>End action : selectOptionByValue(findTestObject(&amp;quot;Page_Work Order  Create- Workforce Manager/select_assign-to-user&amp;quot;), &amp;quot;82&amp;quot;, false)</message>
  <nestedLevel>1</nestedLevel>
  <escapedJava>false</escapedJava>
</record>
<record>
  <date>2026-05-26T21:34:30.150447800Z</date>
  <millis>1779831270150</millis>
  <nanos>447800</nanos>
  <sequence>469</sequence>
  <level>START</level>
  <class>com.kms.katalon.core.logging.XmlKeywordLogger</class>
  <method>startKeyword</method>
  <thread>1</thread>
  <message>Start action : waitForElementClickable(findTestObject(&amp;quot;Page_Work Order  Create- Workforce Manager/button_Create&amp;quot;), 20)</message>
  <nestedLevel>1</nestedLevel>
  <escapedJava>false</escapedJava>
  <property name="startLine">92</property>
  <property name="stepIndex">31</property>
</record>
<record>
  <date>2026-05-26T21:34:31.067021700Z</date>
  <millis>1779831271067</millis>
  <nanos>21700</nanos>
  <sequence>476</sequence>
  <level>PASSED</level>
  <class>com.kms.katalon.core.logging.XmlKeywordLogger</class>
  <method>logMessage</method>
  <thread>1</thread>
  <message>Object &amp;apos;Object Repository/Page_Work Order  Create- Workforce Manager/button_Create&amp;apos; is clickable</message>
  <nestedLevel>1</nestedLevel>
  <escapedJava>false</escapedJava>
  <property name="testops-method-name">com.kms.katalon.core.webui.keyword.internal.WebUIKeywordMain.runKeywordUntilTimeout</property>
  <property name="testops-execution-stacktrace">com.kms.katalon.core.logging.KeywordLogger.logPassed(KeywordLogger.java:350)
com.kms.katalon.core.logging.KeywordLogger.logPassed(KeywordLogger.java:345)
com.kms.katalon.core.logging.KeywordLogger$logPassed$0.call(Unknown Source)
com.kms.katalon.core.webui.keyword.builtin.WaitForElementClickableKeyword$_waitForElementClickable_closure1.doCall(WaitForElementClickableKeyword.groovy:59)
java.base/jdk.internal.reflect.DirectMethodHandleAccessor.invoke(DirectMethodHandleAccessor.java:103)
jdk.proxy2/jdk.proxy2.$Proxy56.execute(Unknown Source)
com.kms.katalon.core.webui.model.SeleniumActionRetryController.performAction(SeleniumActionRetryController.java:96)
com.kms.katalon.core.webui.model.SeleniumActionRetryController.performAction(SeleniumActionRetryController.java:83)
com.kms.katalon.core.webui.keyword.internal.WebUIKeywordMain$_runKeywordUntilTimeout_closure2.doCall(WebUIKeywordMain.groovy:155)
com.kms.katalon.core.webui.keyword.internal.WebUIKeywordMain$_runKeywordUntilTimeout_closure2.call(WebUIKeywordMain.groovy)
com.kms.katalon.core.webui.keyword.internal.WebUIKeywordMain.runKeyword(WebUIKeywordMain.groovy:41)
com.kms.katalon.core.webui.keyword.internal.WebUIKeywordMain.runKeywordUntilTimeout(WebUIKeywordMain.groovy:152)
com.kms.katalon.core.webui.keyword.internal.WebUIKeywordMain$runKeywordUntilTimeout.call(Unknown Source)
com.kms.katalon.core.webui.keyword.builtin.WaitForElementClickableKeyword.waitForElementClickable(WaitForElementClickableKeyword.groovy:76)
com.kms.katalon.core.webui.keyword.builtin.WaitForElementClickableKeyword.execute(WaitForElementClickableKeyword.groovy:42)
com.kms.katalon.core.keyword.internal.KeywordExecutor.executeKeywordForPlatform(KeywordExecutor.groovy:99)
com.kms.katalon.core.webui.keyword.WebUiBuiltInKeywords.waitForElementClickable(WebUiBuiltInKeywords.groovy:581)
TC_Create_Task.run(TC_Create_Task:92)
</property>
</record>
<record>
  <date>2026-05-26T21:34:31.070574200Z</date>
  <millis>1779831271070</millis>
  <nanos>574200</nanos>
  <sequence>477</sequence>
  <level>END</level>
  <class>com.kms.katalon.core.logging.XmlKeywordLogger</class>
  <method>endKeyword</method>
  <thread>1</thread>
  <message>End action : waitForElementClickable(findTestObject(&amp;quot;Page_Work Order  Create- Workforce Manager/button_Create&amp;quot;), 20)</message>
  <nestedLevel>1</nestedLevel>
  <escapedJava>false</escapedJava>
</record>
<record>
  <date>2026-05-26T21:34:31.082229700Z</date>
  <millis>1779831271082</millis>
  <nanos>229700</nanos>
  <sequence>478</sequence>
  <level>START</level>
  <class>com.kms.katalon.core.logging.XmlKeywordLogger</class>
  <method>startKeyword</method>
  <thread>1</thread>
  <message>Start action : click(findTestObject(&amp;quot;Page_Work Order  Create- Workforce Manager/button_Create&amp;quot;))</message>
  <nestedLevel>1</nestedLevel>
  <escapedJava>false</escapedJava>
  <property name="startLine">94</property>
  <property name="stepIndex">32</property>
</record>
<record>
  <date>2026-05-26T21:34:31.825007200Z</date>
  <millis>1779831271825</millis>
  <nanos>7200</nanos>
  <sequence>489</sequence>
  <level>PASSED</level>
  <class>com.kms.katalon.core.logging.XmlKeywordLogger</class>
  <method>logMessage</method>
  <thread>1</thread>
  <message>Object: &amp;apos;Object Repository/Page_Work Order  Create- Workforce Manager/button_Create&amp;apos; is clicked on</message>
  <nestedLevel>1</nestedLevel>
  <escapedJava>false</escapedJava>
  <property name="testops-method-name">com.kms.katalon.core.webui.keyword.internal.WebUIKeywordMain.runKeywordUntilTimeout</property>
  <property name="testops-execution-stacktrace">com.kms.katalon.core.logging.KeywordLogger.logPassed(KeywordLogger.java:350)
com.kms.katalon.core.logging.KeywordLogger.logPassed(KeywordLogger.java:345)
com.kms.katalon.core.webui.keyword.builtin.ClickKeyword$_click_closure1.doCall(ClickKeyword.groovy:66)
java.base/jdk.internal.reflect.DirectMethodHandleAccessor.invoke(DirectMethodHandleAccessor.java:103)
jdk.proxy2/jdk.proxy2.$Proxy56.execute(Unknown Source)
com.kms.katalon.core.webui.model.SeleniumActionRetryController.performAction(SeleniumActionRetryController.java:96)
com.kms.katalon.core.webui.model.SeleniumActionRetryController.performAction(SeleniumActionRetryController.java:83)
com.kms.katalon.core.webui.keyword.internal.WebUIKeywordMain$_runKeywordUntilTimeout_closure1.doCall(WebUIKeywordMain.groovy:135)
com.kms.katalon.core.webui.keyword.internal.WebUIKeywordMain$_runKeywordUntilTimeout_closure1.call(WebUIKeywordMain.groovy)
com.kms.katalon.core.webui.keyword.internal.WebUIKeywordMain.runKeyword(WebUIKeywordMain.groovy:41)
com.kms.katalon.core.webui.keyword.internal.WebUIKeywordMain.runKeywordUntilTimeout(WebUIKeywordMain.groovy:133)
com.kms.katalon.core.webui.keyword.builtin.ClickKeyword.click(ClickKeyword.groovy:72)
com.kms.katalon.core.webui.keyword.builtin.ClickKeyword.execute(ClickKeyword.groovy:38)
com.kms.katalon.core.keyword.internal.KeywordExecutor.executeKeywordForPlatform(KeywordExecutor.groovy:99)
com.kms.katalon.core.webui.keyword.WebUiBuiltInKeywords.click(WebUiBuiltInKeywords.groovy:722)
TC_Create_Task.run(TC_Create_Task:94)
</property>
</record>
<record>
  <date>2026-05-26T21:34:31.834828700Z</date>
  <millis>1779831271834</millis>
  <nanos>828700</nanos>
  <sequence>490</sequence>
  <level>END</level>
  <class>com.kms.katalon.core.logging.XmlKeywordLogger</class>
  <method>endKeyword</method>
  <thread>1</thread>
  <message>End action : click(findTestObject(&amp;quot;Page_Work Order  Create- Workforce Manager/button_Create&amp;quot;))</message>
  <nestedLevel>1</nestedLevel>
  <escapedJava>false</escapedJava>
</record>
<record>
  <date>2026-05-26T21:34:31.834828700Z</date>
  <millis>1779831271834</millis>
  <nanos>828700</nanos>
  <sequence>491</sequence>
  <level>PASSED</level>
  <class>com.kms.katalon.core.logging.XmlKeywordLogger</class>
  <method>logMessage</method>
  <thread>1</thread>
  <message>Test Cases/Setup/TC_Create_Task</message>
  <nestedLevel>1</nestedLevel>
  <escapedJava>false</escapedJava>
</record>
<record>
  <date>2026-05-26T21:34:31.834828700Z</date>
  <millis>1779831271834</millis>
  <nanos>828700</nanos>
  <sequence>492</sequence>
  <level>END</level>
  <class>com.kms.katalon.core.logging.XmlKeywordLogger</class>
  <method>endTest</method>
  <thread>1</thread>
  <message>End Test Case : Test Cases/Setup/TC_Create_Task</message>
  <nestedLevel>0</nestedLevel>
  <escapedJava>false</escapedJava>
  <property name="executionBindingVariables">[]</property>
  <property name="applitools">false</property>
  <property name="remainingRetryCount">3</property>
  <property name="executedKeywords">{
  &quot;WebUI.maximizeWindow&quot;: 1,
  &quot;WebUI.switchToWindowTitle&quot;: 1,
  &quot;WebUI.click&quot;: 9,
  &quot;WebUI.navigateToUrl&quot;: 1,
  &quot;WebUI.selectOptionByValue&quot;: 3,
  &quot;WebUI.waitForElementPresent&quot;: 1,
  &quot;WebUI.uploadFile&quot;: 1,
  &quot;BuiltIn.delay&quot;: 1,
  &quot;WebUI.setText&quot;: 10,
  &quot;WebUI.waitForElementClickable&quot;: 1
}</property>
  <property name="currentRetryCount">0</property>
  <property name="keywordsUsage">{
  &quot;web_ui&quot;: true,
  &quot;web_service&quot;: false,
  &quot;cucumber&quot;: false,
  &quot;builtin&quot;: true,
  &quot;mobile&quot;: false,
  &quot;windows&quot;: false,
  &quot;testng&quot;: false
}</property>
</record>
<record>
  <date>2026-05-26T21:34:31.851466700Z</date>
  <millis>1779831271851</millis>
  <nanos>466700</nanos>
  <sequence>493</sequence>
  <level>START</level>
  <class>com.kms.katalon.core.logging.XmlKeywordLogger</class>
  <method>startTest</method>
  <thread>1</thread>
  <message>Start Test Case : Test Cases/Setup/TC_Open_Task_Details</message>
  <nestedLevel>1</nestedLevel>
  <escapedJava>false</escapedJava>
  <property name="remainingRetryCount">3</property>
  <property name="origin"></property>
  <property name="name">Test Cases/Setup/TC_Open_Task_Details</property>
  <property name="description"></property>
  <property name="iteration"></property>
  <property name="id">Test Cases/Setup/TC_Open_Task_Details</property>
  <property name="source">C:\Users\CROWN-STAFF\git\convergence-qa-tests\Test Cases\Setup\TC_Open_Task_Details.tc</property>
  <property name="tag"></property>
  <property name="isOptional">false</property>
  <property name="uuid">f69324ec-5c32-407e-8df8-20bd6d5cac44</property>
  <property name="currentRetryCount">0</property>
</record>
<record>
  <date>2026-05-26T21:34:32.629189100Z</date>
  <millis>1779831272629</millis>
  <nanos>189100</nanos>
  <sequence>495</sequence>
  <level>RUN_DATA</level>
  <class>com.kms.katalon.core.logging.XmlKeywordLogger</class>
  <method>logMessage</method>
  <thread>1</thread>
  <message>executionBindingVariables = []</message>
  <nestedLevel>1</nestedLevel>
  <escapedJava>false</escapedJava>
  <property name="executionBindingVariables">[]</property>
</record>
<record>
  <date>2026-05-26T21:34:34.033071100Z</date>
  <millis>1779831274033</millis>
  <nanos>71100</nanos>
  <sequence>496</sequence>
  <level>START</level>
  <class>com.kms.katalon.core.logging.XmlKeywordLogger</class>
  <method>startKeyword</method>
  <thread>1</thread>
  <message>Start action : waitForPageLoad(30)</message>
  <nestedLevel>1</nestedLevel>
  <escapedJava>false</escapedJava>
  <property name="startLine">12</property>
  <property name="stepIndex">1</property>
</record>
<record>
  <date>2026-05-26T21:34:34.302267200Z</date>
  <millis>1779831274302</millis>
  <nanos>267200</nanos>
  <sequence>500</sequence>
  <level>PASSED</level>
  <class>com.kms.katalon.core.logging.XmlKeywordLogger</class>
  <method>logMessage</method>
  <thread>1</thread>
  <message>Wait for page load successfully</message>
  <nestedLevel>1</nestedLevel>
  <escapedJava>false</escapedJava>
  <property name="testops-method-name">com.kms.katalon.core.webui.keyword.internal.WebUIKeywordMain$runKeyword$0.call</property>
  <property name="testops-execution-stacktrace">com.kms.katalon.core.logging.KeywordLogger.logPassed(KeywordLogger.java:350)
com.kms.katalon.core.logging.KeywordLogger.logPassed(KeywordLogger.java:345)
com.kms.katalon.core.logging.KeywordLogger$logPassed$0.call(Unknown Source)
com.kms.katalon.core.webui.keyword.builtin.WaitForPageLoadKeyword$_waitForPageLoad_closure1.doCall(WaitForPageLoadKeyword.groovy:94)
com.kms.katalon.core.webui.keyword.builtin.WaitForPageLoadKeyword$_waitForPageLoad_closure1.doCall(WaitForPageLoadKeyword.groovy)
java.base/jdk.internal.reflect.DirectMethodHandleAccessor.invoke(DirectMethodHandleAccessor.java:103)
com.kms.katalon.core.webui.keyword.internal.WebUIKeywordMain.runKeyword(WebUIKeywordMain.groovy:41)
com.kms.katalon.core.webui.keyword.internal.WebUIKeywordMain$runKeyword$0.call(Unknown Source)
com.kms.katalon.core.webui.keyword.builtin.WaitForPageLoadKeyword.waitForPageLoad(WaitForPageLoadKeyword.groovy:95)
com.kms.katalon.core.webui.keyword.builtin.WaitForPageLoadKeyword.execute(WaitForPageLoadKeyword.groovy:68)
com.kms.katalon.core.keyword.internal.KeywordExecutor.executeKeywordForPlatform(KeywordExecutor.groovy:99)
com.kms.katalon.core.webui.keyword.WebUiBuiltInKeywords.waitForPageLoad(WebUiBuiltInKeywords.groovy:2559)
TC_Open_Task_Details.run(TC_Open_Task_Details:12)
</property>
</record>
<record>
  <date>2026-05-26T21:34:34.302267200Z</date>
  <millis>1779831274302</millis>
  <nanos>267200</nanos>
  <sequence>501</sequence>
  <level>END</level>
  <class>com.kms.katalon.core.logging.XmlKeywordLogger</class>
  <method>endKeyword</method>
  <thread>1</thread>
  <message>End action : waitForPageLoad(30)</message>
  <nestedLevel>1</nestedLevel>
  <escapedJava>false</escapedJava>
</record>
<record>
  <date>2026-05-26T21:34:34.302267200Z</date>
  <millis>1779831274302</millis>
  <nanos>267200</nanos>
  <sequence>502</sequence>
  <level>START</level>
  <class>com.kms.katalon.core.logging.XmlKeywordLogger</class>
  <method>startKeyword</method>
  <thread>1</thread>
  <message>Start action : delay(3)</message>
  <nestedLevel>1</nestedLevel>
  <escapedJava>false</escapedJava>
  <property name="startLine">13</property>
  <property name="stepIndex">2</property>
</record>
<record>
  <date>2026-05-26T21:34:37.328940Z</date>
  <millis>1779831277328</millis>
  <nanos>940000</nanos>
  <sequence>505</sequence>
  <level>PASSED</level>
  <class>com.kms.katalon.core.logging.XmlKeywordLogger</class>
  <method>logMessage</method>
  <thread>1</thread>
  <message>Delayed 3 second(s)</message>
  <nestedLevel>1</nestedLevel>
  <escapedJava>false</escapedJava>
  <property name="testops-method-name">com.kms.katalon.core.keyword.builtin.DelayKeyword.delay</property>
  <property name="testops-execution-stacktrace"></property>
</record>
<record>
  <date>2026-05-26T21:34:37.348098900Z</date>
  <millis>1779831277348</millis>
  <nanos>98900</nanos>
  <sequence>506</sequence>
  <level>END</level>
  <class>com.kms.katalon.core.logging.XmlKeywordLogger</class>
  <method>endKeyword</method>
  <thread>1</thread>
  <message>End action : delay(3)</message>
  <nestedLevel>1</nestedLevel>
  <escapedJava>false</escapedJava>
</record>
<record>
  <date>2026-05-26T21:34:37.348098900Z</date>
  <millis>1779831277348</millis>
  <nanos>98900</nanos>
  <sequence>507</sequence>
  <level>START</level>
  <class>com.kms.katalon.core.logging.XmlKeywordLogger</class>
  <method>startKeyword</method>
  <thread>1</thread>
  <message>Start action : modal = new com.kms.katalon.core.testobject.TestObject()</message>
  <nestedLevel>1</nestedLevel>
  <escapedJava>false</escapedJava>
  <property name="startLine">22</property>
  <property name="stepIndex">3</property>
</record>
<record>
  <date>2026-05-26T21:34:37.363827600Z</date>
  <millis>1779831277363</millis>
  <nanos>827600</nanos>
  <sequence>508</sequence>
  <level>END</level>
  <class>com.kms.katalon.core.logging.XmlKeywordLogger</class>
  <method>endKeyword</method>
  <thread>1</thread>
  <message>End action : modal = new com.kms.katalon.core.testobject.TestObject()</message>
  <nestedLevel>1</nestedLevel>
  <escapedJava>false</escapedJava>
</record>
<record>
  <date>2026-05-26T21:34:37.365847Z</date>
  <millis>1779831277365</millis>
  <nanos>847000</nanos>
  <sequence>509</sequence>
  <level>START</level>
  <class>com.kms.katalon.core.logging.XmlKeywordLogger</class>
  <method>startKeyword</method>
  <thread>1</thread>
  <message>Start action : modal.addProperty(&amp;quot;xpath&amp;quot;, EQUALS, &amp;quot;//*[contains(text(),&amp;apos;Ticket ID&amp;apos;)]&amp;quot;)</message>
  <nestedLevel>1</nestedLevel>
  <escapedJava>false</escapedJava>
  <property name="startLine">24</property>
  <property name="stepIndex">4</property>
</record>
<record>
  <date>2026-05-26T21:34:37.396511Z</date>
  <millis>1779831277396</millis>
  <nanos>511000</nanos>
  <sequence>510</sequence>
  <level>END</level>
  <class>com.kms.katalon.core.logging.XmlKeywordLogger</class>
  <method>endKeyword</method>
  <thread>1</thread>
  <message>End action : modal.addProperty(&amp;quot;xpath&amp;quot;, EQUALS, &amp;quot;//*[contains(text(),&amp;apos;Ticket ID&amp;apos;)]&amp;quot;)</message>
  <nestedLevel>1</nestedLevel>
  <escapedJava>false</escapedJava>
</record>
<record>
  <date>2026-05-26T21:34:37.396511Z</date>
  <millis>1779831277396</millis>
  <nanos>511000</nanos>
  <sequence>511</sequence>
  <level>START</level>
  <class>com.kms.katalon.core.logging.XmlKeywordLogger</class>
  <method>startKeyword</method>
  <thread>1</thread>
  <message>Start action : waitForElementVisible(modal, 30)</message>
  <nestedLevel>1</nestedLevel>
  <escapedJava>false</escapedJava>
  <property name="startLine">26</property>
  <property name="stepIndex">5</property>
</record>
<record>
  <date>2026-05-26T21:34:38.499249100Z</date>
  <millis>1779831278499</millis>
  <nanos>249100</nanos>
  <sequence>517</sequence>
  <level>PASSED</level>
  <class>com.kms.katalon.core.logging.XmlKeywordLogger</class>
  <method>logMessage</method>
  <thread>1</thread>
  <message>Object &amp;apos;&amp;apos; is visible</message>
  <nestedLevel>1</nestedLevel>
  <escapedJava>false</escapedJava>
  <property name="testops-method-name">com.kms.katalon.core.webui.keyword.internal.WebUIKeywordMain.runKeywordUntilTimeout</property>
  <property name="testops-execution-stacktrace">com.kms.katalon.core.logging.KeywordLogger.logPassed(KeywordLogger.java:350)
com.kms.katalon.core.logging.KeywordLogger.logPassed(KeywordLogger.java:345)
com.kms.katalon.core.logging.KeywordLogger$logPassed$0.call(Unknown Source)
com.kms.katalon.core.webui.keyword.builtin.WaitForElementVisibleKeyword$_waitForElementVisible_closure1.doCall(WaitForElementVisibleKeyword.groovy:86)
java.base/jdk.internal.reflect.DirectMethodHandleAccessor.invoke(DirectMethodHandleAccessor.java:103)
jdk.proxy2/jdk.proxy2.$Proxy56.execute(Unknown Source)
com.kms.katalon.core.webui.model.SeleniumActionRetryController.performAction(SeleniumActionRetryController.java:96)
com.kms.katalon.core.webui.model.SeleniumActionRetryController.performAction(SeleniumActionRetryController.java:83)
com.kms.katalon.core.webui.keyword.internal.WebUIKeywordMain$_runKeywordUntilTimeout_closure2.doCall(WebUIKeywordMain.groovy:155)
com.kms.katalon.core.webui.keyword.internal.WebUIKeywordMain$_runKeywordUntilTimeout_closure2.call(WebUIKeywordMain.groovy)
com.kms.katalon.core.webui.keyword.internal.WebUIKeywordMain.runKeyword(WebUIKeywordMain.groovy:41)
com.kms.katalon.core.webui.keyword.internal.WebUIKeywordMain.runKeywordUntilTimeout(WebUIKeywordMain.groovy:152)
com.kms.katalon.core.webui.keyword.internal.WebUIKeywordMain$runKeywordUntilTimeout.call(Unknown Source)
com.kms.katalon.core.webui.keyword.builtin.WaitForElementVisibleKeyword.waitForElementVisible(WaitForElementVisibleKeyword.groovy:101)
com.kms.katalon.core.webui.keyword.builtin.WaitForElementVisibleKeyword.execute(WaitForElementVisibleKeyword.groovy:69)
com.kms.katalon.core.keyword.internal.KeywordExecutor.executeKeywordForPlatform(KeywordExecutor.groovy:99)
com.kms.katalon.core.webui.keyword.WebUiBuiltInKeywords.waitForElementVisible(WebUiBuiltInKeywords.groovy:515)
TC_Open_Task_Details.run(TC_Open_Task_Details:26)
</property>
</record>
<record>
  <date>2026-05-26T21:34:38.501949700Z</date>
  <millis>1779831278501</millis>
  <nanos>949700</nanos>
  <sequence>518</sequence>
  <level>END</level>
  <class>com.kms.katalon.core.logging.XmlKeywordLogger</class>
  <method>endKeyword</method>
  <thread>1</thread>
  <message>End action : waitForElementVisible(modal, 30)</message>
  <nestedLevel>1</nestedLevel>
  <escapedJava>false</escapedJava>
</record>
<record>
  <date>2026-05-26T21:34:38.501949700Z</date>
  <millis>1779831278501</millis>
  <nanos>949700</nanos>
  <sequence>519</sequence>
  <level>START</level>
  <class>com.kms.katalon.core.logging.XmlKeywordLogger</class>
  <method>startKeyword</method>
  <thread>1</thread>
  <message>Start action : successMessage = getText(modal)</message>
  <nestedLevel>1</nestedLevel>
  <escapedJava>false</escapedJava>
  <property name="startLine">31</property>
  <property name="stepIndex">6</property>
</record>
<record>
  <date>2026-05-26T21:34:38.948633200Z</date>
  <millis>1779831278948</millis>
  <nanos>633200</nanos>
  <sequence>528</sequence>
  <level>PASSED</level>
  <class>com.kms.katalon.core.logging.XmlKeywordLogger</class>
  <method>logMessage</method>
  <thread>1</thread>
  <message>Text of object &amp;apos;&amp;apos; is: &amp;apos;Task Created Successfully - Ticket ID: 16709&amp;apos;</message>
  <nestedLevel>1</nestedLevel>
  <escapedJava>false</escapedJava>
  <property name="testops-method-name">com.kms.katalon.core.webui.keyword.internal.WebUIKeywordMain.runKeywordUntilTimeout</property>
  <property name="testops-execution-stacktrace">com.kms.katalon.core.logging.KeywordLogger.logPassed(KeywordLogger.java:350)
com.kms.katalon.core.logging.KeywordLogger.logPassed(KeywordLogger.java:345)
com.kms.katalon.core.webui.keyword.builtin.GetTextKeyword$_getText_closure1.doCall(GetTextKeyword.groovy:85)
java.base/jdk.internal.reflect.DirectMethodHandleAccessor.invoke(DirectMethodHandleAccessor.java:103)
jdk.proxy2/jdk.proxy2.$Proxy56.execute(Unknown Source)
com.kms.katalon.core.webui.model.SeleniumActionRetryController.performAction(SeleniumActionRetryController.java:96)
com.kms.katalon.core.webui.model.SeleniumActionRetryController.performAction(SeleniumActionRetryController.java:83)
com.kms.katalon.core.webui.keyword.internal.WebUIKeywordMain$_runKeywordUntilTimeout_closure1.doCall(WebUIKeywordMain.groovy:135)
com.kms.katalon.core.webui.keyword.internal.WebUIKeywordMain$_runKeywordUntilTimeout_closure1.call(WebUIKeywordMain.groovy)
com.kms.katalon.core.webui.keyword.internal.WebUIKeywordMain.runKeyword(WebUIKeywordMain.groovy:41)
com.kms.katalon.core.webui.keyword.internal.WebUIKeywordMain.runKeywordUntilTimeout(WebUIKeywordMain.groovy:133)
com.kms.katalon.core.webui.keyword.builtin.GetTextKeyword.getText(GetTextKeyword.groovy:92)
com.kms.katalon.core.webui.keyword.builtin.GetTextKeyword.execute(GetTextKeyword.groovy:67)
com.kms.katalon.core.keyword.internal.KeywordExecutor.executeKeywordForPlatform(KeywordExecutor.groovy:99)
com.kms.katalon.core.webui.keyword.WebUiBuiltInKeywords.getText(WebUiBuiltInKeywords.groovy:1020)
TC_Open_Task_Details.run(TC_Open_Task_Details:31)
</property>
</record>
<record>
  <date>2026-05-26T21:34:38.954846400Z</date>
  <millis>1779831278954</millis>
  <nanos>846400</nanos>
  <sequence>529</sequence>
  <level>END</level>
  <class>com.kms.katalon.core.logging.XmlKeywordLogger</class>
  <method>endKeyword</method>
  <thread>1</thread>
  <message>End action : successMessage = getText(modal)</message>
  <nestedLevel>1</nestedLevel>
  <escapedJava>false</escapedJava>
</record>
<record>
  <date>2026-05-26T21:34:38.964520500Z</date>
  <millis>1779831278964</millis>
  <nanos>520500</nanos>
  <sequence>530</sequence>
  <level>START</level>
  <class>com.kms.katalon.core.logging.XmlKeywordLogger</class>
  <method>startKeyword</method>
  <thread>1</thread>
  <message>Start action : println(&amp;quot;SUCCESS → &amp;quot; + successMessage)</message>
  <nestedLevel>1</nestedLevel>
  <escapedJava>false</escapedJava>
  <property name="startLine">33</property>
  <property name="stepIndex">7</property>
</record>
<record>
  <date>2026-05-26T21:34:39.004756900Z</date>
  <millis>1779831279004</millis>
  <nanos>756900</nanos>
  <sequence>531</sequence>
  <level>END</level>
  <class>com.kms.katalon.core.logging.XmlKeywordLogger</class>
  <method>endKeyword</method>
  <thread>1</thread>
  <message>End action : println(&amp;quot;SUCCESS → &amp;quot; + successMessage)</message>
  <nestedLevel>1</nestedLevel>
  <escapedJava>false</escapedJava>
</record>
<record>
  <date>2026-05-26T21:34:39.022681500Z</date>
  <millis>1779831279022</millis>
  <nanos>681500</nanos>
  <sequence>532</sequence>
  <level>START</level>
  <class>com.kms.katalon.core.logging.XmlKeywordLogger</class>
  <method>startKeyword</method>
  <thread>1</thread>
  <message>Start action : matcher = successMessage =~ &amp;quot;\d+&amp;quot;</message>
  <nestedLevel>1</nestedLevel>
  <escapedJava>false</escapedJava>
  <property name="startLine">38</property>
  <property name="stepIndex">8</property>
</record>
<record>
  <date>2026-05-26T21:34:39.085195500Z</date>
  <millis>1779831279085</millis>
  <nanos>195500</nanos>
  <sequence>533</sequence>
  <level>END</level>
  <class>com.kms.katalon.core.logging.XmlKeywordLogger</class>
  <method>endKeyword</method>
  <thread>1</thread>
  <message>End action : matcher = successMessage =~ &amp;quot;\d+&amp;quot;</message>
  <nestedLevel>1</nestedLevel>
  <escapedJava>false</escapedJava>
</record>
<record>
  <date>2026-05-26T21:34:39.092296Z</date>
  <millis>1779831279092</millis>
  <nanos>296000</nanos>
  <sequence>534</sequence>
  <level>START</level>
  <class>com.kms.katalon.core.logging.XmlKeywordLogger</class>
  <method>startKeyword</method>
  <thread>1</thread>
  <message>Start action : if (!(matcher.find()))</message>
  <nestedLevel>1</nestedLevel>
  <escapedJava>false</escapedJava>
  <property name="startLine">40</property>
  <property name="stepIndex">9</property>
</record>
<record>
  <date>2026-05-26T21:34:39.136323800Z</date>
  <millis>1779831279136</millis>
  <nanos>323800</nanos>
  <sequence>535</sequence>
  <level>END</level>
  <class>com.kms.katalon.core.logging.XmlKeywordLogger</class>
  <method>endKeyword</method>
  <thread>1</thread>
  <message>End action : if (!(matcher.find()))</message>
  <nestedLevel>1</nestedLevel>
  <escapedJava>false</escapedJava>
</record>
<record>
  <date>2026-05-26T21:34:39.141207900Z</date>
  <millis>1779831279141</millis>
  <nanos>207900</nanos>
  <sequence>536</sequence>
  <level>START</level>
  <class>com.kms.katalon.core.logging.XmlKeywordLogger</class>
  <method>startKeyword</method>
  <thread>1</thread>
  <message>Start action : ticketId = matcher.group()</message>
  <nestedLevel>1</nestedLevel>
  <escapedJava>false</escapedJava>
  <property name="startLine">44</property>
  <property name="stepIndex">10</property>
</record>
<record>
  <date>2026-05-26T21:34:39.152460300Z</date>
  <millis>1779831279152</millis>
  <nanos>460300</nanos>
  <sequence>537</sequence>
  <level>END</level>
  <class>com.kms.katalon.core.logging.XmlKeywordLogger</class>
  <method>endKeyword</method>
  <thread>1</thread>
  <message>End action : ticketId = matcher.group()</message>
  <nestedLevel>1</nestedLevel>
  <escapedJava>false</escapedJava>
</record>
<record>
  <date>2026-05-26T21:34:39.155190100Z</date>
  <millis>1779831279155</millis>
  <nanos>190100</nanos>
  <sequence>538</sequence>
  <level>START</level>
  <class>com.kms.katalon.core.logging.XmlKeywordLogger</class>
  <method>startKeyword</method>
  <thread>1</thread>
  <message>Start action : println(&amp;quot;Captured Ticket → &amp;quot; + ticketId)</message>
  <nestedLevel>1</nestedLevel>
  <escapedJava>false</escapedJava>
  <property name="startLine">46</property>
  <property name="stepIndex">11</property>
</record>
<record>
  <date>2026-05-26T21:34:39.171672400Z</date>
  <millis>1779831279171</millis>
  <nanos>672400</nanos>
  <sequence>539</sequence>
  <level>END</level>
  <class>com.kms.katalon.core.logging.XmlKeywordLogger</class>
  <method>endKeyword</method>
  <thread>1</thread>
  <message>End action : println(&amp;quot;Captured Ticket → &amp;quot; + ticketId)</message>
  <nestedLevel>1</nestedLevel>
  <escapedJava>false</escapedJava>
</record>
<record>
  <date>2026-05-26T21:34:39.178539400Z</date>
  <millis>1779831279178</millis>
  <nanos>539400</nanos>
  <sequence>540</sequence>
  <level>START</level>
  <class>com.kms.katalon.core.logging.XmlKeywordLogger</class>
  <method>startKeyword</method>
  <thread>1</thread>
  <message>Start action : click(findTestObject(&amp;quot;Page_Work Order  Create- Workforce Manager/button_message-dismiss&amp;quot;))</message>
  <nestedLevel>1</nestedLevel>
  <escapedJava>false</escapedJava>
  <property name="startLine">51</property>
  <property name="stepIndex">12</property>
</record>
<record>
  <date>2026-05-26T21:34:45.839044200Z</date>
  <millis>1779831285839</millis>
  <nanos>44200</nanos>
  <sequence>551</sequence>
  <level>PASSED</level>
  <class>com.kms.katalon.core.logging.XmlKeywordLogger</class>
  <method>logMessage</method>
  <thread>1</thread>
  <message>Object: &amp;apos;Object Repository/Page_Work Order  Create- Workforce Manager/button_message-dismiss&amp;apos; is clicked on</message>
  <nestedLevel>1</nestedLevel>
  <escapedJava>false</escapedJava>
  <property name="testops-method-name">com.kms.katalon.core.webui.keyword.internal.WebUIKeywordMain.runKeywordUntilTimeout</property>
  <property name="testops-execution-stacktrace">com.kms.katalon.core.logging.KeywordLogger.logPassed(KeywordLogger.java:350)
com.kms.katalon.core.logging.KeywordLogger.logPassed(KeywordLogger.java:345)
com.kms.katalon.core.webui.keyword.builtin.ClickKeyword$_click_closure1.doCall(ClickKeyword.groovy:66)
java.base/jdk.internal.reflect.DirectMethodHandleAccessor.invoke(DirectMethodHandleAccessor.java:103)
jdk.proxy2/jdk.proxy2.$Proxy56.execute(Unknown Source)
com.kms.katalon.core.webui.model.SeleniumActionRetryController.performAction(SeleniumActionRetryController.java:96)
com.kms.katalon.core.webui.model.SeleniumActionRetryController.performAction(SeleniumActionRetryController.java:83)
com.kms.katalon.core.webui.keyword.internal.WebUIKeywordMain$_runKeywordUntilTimeout_closure1.doCall(WebUIKeywordMain.groovy:135)
com.kms.katalon.core.webui.keyword.internal.WebUIKeywordMain$_runKeywordUntilTimeout_closure1.call(WebUIKeywordMain.groovy)
com.kms.katalon.core.webui.keyword.internal.WebUIKeywordMain.runKeyword(WebUIKeywordMain.groovy:41)
com.kms.katalon.core.webui.keyword.internal.WebUIKeywordMain.runKeywordUntilTimeout(WebUIKeywordMain.groovy:133)
com.kms.katalon.core.webui.keyword.builtin.ClickKeyword.click(ClickKeyword.groovy:72)
com.kms.katalon.core.webui.keyword.builtin.ClickKeyword.execute(ClickKeyword.groovy:38)
com.kms.katalon.core.keyword.internal.KeywordExecutor.executeKeywordForPlatform(KeywordExecutor.groovy:99)
com.kms.katalon.core.webui.keyword.WebUiBuiltInKeywords.click(WebUiBuiltInKeywords.groovy:722)
TC_Open_Task_Details.run(TC_Open_Task_Details:51)
</property>
</record>
<record>
  <date>2026-05-26T21:34:45.860087900Z</date>
  <millis>1779831285860</millis>
  <nanos>87900</nanos>
  <sequence>552</sequence>
  <level>END</level>
  <class>com.kms.katalon.core.logging.XmlKeywordLogger</class>
  <method>endKeyword</method>
  <thread>1</thread>
  <message>End action : click(findTestObject(&amp;quot;Page_Work Order  Create- Workforce Manager/button_message-dismiss&amp;quot;))</message>
  <nestedLevel>1</nestedLevel>
  <escapedJava>false</escapedJava>
</record>
<record>
  <date>2026-05-26T21:34:45.867904700Z</date>
  <millis>1779831285867</millis>
  <nanos>904700</nanos>
  <sequence>553</sequence>
  <level>START</level>
  <class>com.kms.katalon.core.logging.XmlKeywordLogger</class>
  <method>startKeyword</method>
  <thread>1</thread>
  <message>Start action : waitForPageLoad(20)</message>
  <nestedLevel>1</nestedLevel>
  <escapedJava>false</escapedJava>
  <property name="startLine">53</property>
  <property name="stepIndex">13</property>
</record>
<record>
  <date>2026-05-26T21:34:45.952579800Z</date>
  <millis>1779831285952</millis>
  <nanos>579800</nanos>
  <sequence>557</sequence>
  <level>PASSED</level>
  <class>com.kms.katalon.core.logging.XmlKeywordLogger</class>
  <method>logMessage</method>
  <thread>1</thread>
  <message>Wait for page load successfully</message>
  <nestedLevel>1</nestedLevel>
  <escapedJava>false</escapedJava>
  <property name="testops-method-name">com.kms.katalon.core.webui.keyword.internal.WebUIKeywordMain$runKeyword$0.call</property>
  <property name="testops-execution-stacktrace">com.kms.katalon.core.logging.KeywordLogger.logPassed(KeywordLogger.java:350)
com.kms.katalon.core.logging.KeywordLogger.logPassed(KeywordLogger.java:345)
com.kms.katalon.core.logging.KeywordLogger$logPassed$0.call(Unknown Source)
com.kms.katalon.core.webui.keyword.builtin.WaitForPageLoadKeyword$_waitForPageLoad_closure1.doCall(WaitForPageLoadKeyword.groovy:94)
com.kms.katalon.core.webui.keyword.builtin.WaitForPageLoadKeyword$_waitForPageLoad_closure1.doCall(WaitForPageLoadKeyword.groovy)
java.base/jdk.internal.reflect.DirectMethodHandleAccessor.invoke(DirectMethodHandleAccessor.java:103)
com.kms.katalon.core.webui.keyword.internal.WebUIKeywordMain.runKeyword(WebUIKeywordMain.groovy:41)
com.kms.katalon.core.webui.keyword.internal.WebUIKeywordMain$runKeyword$0.call(Unknown Source)
com.kms.katalon.core.webui.keyword.builtin.WaitForPageLoadKeyword.waitForPageLoad(WaitForPageLoadKeyword.groovy:95)
com.kms.katalon.core.webui.keyword.builtin.WaitForPageLoadKeyword.execute(WaitForPageLoadKeyword.groovy:68)
com.kms.katalon.core.keyword.internal.KeywordExecutor.executeKeywordForPlatform(KeywordExecutor.groovy:99)
com.kms.katalon.core.webui.keyword.WebUiBuiltInKeywords.waitForPageLoad(WebUiBuiltInKeywords.groovy:2559)
TC_Open_Task_Details.run(TC_Open_Task_Details:53)
</property>
</record>
<record>
  <date>2026-05-26T21:34:45.965322300Z</date>
  <millis>1779831285965</millis>
  <nanos>322300</nanos>
  <sequence>558</sequence>
  <level>END</level>
  <class>com.kms.katalon.core.logging.XmlKeywordLogger</class>
  <method>endKeyword</method>
  <thread>1</thread>
  <message>End action : waitForPageLoad(20)</message>
  <nestedLevel>1</nestedLevel>
  <escapedJava>false</escapedJava>
</record>
<record>
  <date>2026-05-26T21:34:45.968200300Z</date>
  <millis>1779831285968</millis>
  <nanos>200300</nanos>
  <sequence>559</sequence>
  <level>START</level>
  <class>com.kms.katalon.core.logging.XmlKeywordLogger</class>
  <method>startKeyword</method>
  <thread>1</thread>
  <message>Start action : delay(2)</message>
  <nestedLevel>1</nestedLevel>
  <escapedJava>false</escapedJava>
  <property name="startLine">55</property>
  <property name="stepIndex">14</property>
</record>
<record>
  <date>2026-05-26T21:34:47.982420800Z</date>
  <millis>1779831287982</millis>
  <nanos>420800</nanos>
  <sequence>562</sequence>
  <level>PASSED</level>
  <class>com.kms.katalon.core.logging.XmlKeywordLogger</class>
  <method>logMessage</method>
  <thread>1</thread>
  <message>Delayed 2 second(s)</message>
  <nestedLevel>1</nestedLevel>
  <escapedJava>false</escapedJava>
  <property name="testops-method-name">com.kms.katalon.core.keyword.builtin.DelayKeyword.delay</property>
  <property name="testops-execution-stacktrace"></property>
</record>
<record>
  <date>2026-05-26T21:34:47.982420800Z</date>
  <millis>1779831287982</millis>
  <nanos>420800</nanos>
  <sequence>563</sequence>
  <level>END</level>
  <class>com.kms.katalon.core.logging.XmlKeywordLogger</class>
  <method>endKeyword</method>
  <thread>1</thread>
  <message>End action : delay(2)</message>
  <nestedLevel>1</nestedLevel>
  <escapedJava>false</escapedJava>
</record>
<record>
  <date>2026-05-26T21:34:47.990332500Z</date>
  <millis>1779831287990</millis>
  <nanos>332500</nanos>
  <sequence>564</sequence>
  <level>START</level>
  <class>com.kms.katalon.core.logging.XmlKeywordLogger</class>
  <method>startKeyword</method>
  <thread>1</thread>
  <message>Start action : click(findTestObject(&amp;quot;Page_Work Order  Index- Workforce Manager/a_Created By Me&amp;quot;))</message>
  <nestedLevel>1</nestedLevel>
  <escapedJava>false</escapedJava>
  <property name="startLine">60</property>
  <property name="stepIndex">15</property>
</record>
<record>
  <date>2026-05-26T21:34:48.898202100Z</date>
  <millis>1779831288898</millis>
  <nanos>202100</nanos>
  <sequence>575</sequence>
  <level>PASSED</level>
  <class>com.kms.katalon.core.logging.XmlKeywordLogger</class>
  <method>logMessage</method>
  <thread>1</thread>
  <message>Object: &amp;apos;Object Repository/Page_Work Order  Index- Workforce Manager/a_Created By Me&amp;apos; is clicked on</message>
  <nestedLevel>1</nestedLevel>
  <escapedJava>false</escapedJava>
  <property name="testops-method-name">com.kms.katalon.core.webui.keyword.internal.WebUIKeywordMain.runKeywordUntilTimeout</property>
  <property name="testops-execution-stacktrace">com.kms.katalon.core.logging.KeywordLogger.logPassed(KeywordLogger.java:350)
com.kms.katalon.core.logging.KeywordLogger.logPassed(KeywordLogger.java:345)
com.kms.katalon.core.webui.keyword.builtin.ClickKeyword$_click_closure1.doCall(ClickKeyword.groovy:66)
java.base/jdk.internal.reflect.DirectMethodHandleAccessor.invoke(DirectMethodHandleAccessor.java:103)
jdk.proxy2/jdk.proxy2.$Proxy56.execute(Unknown Source)
com.kms.katalon.core.webui.model.SeleniumActionRetryController.performAction(SeleniumActionRetryController.java:96)
com.kms.katalon.core.webui.model.SeleniumActionRetryController.performAction(SeleniumActionRetryController.java:83)
com.kms.katalon.core.webui.keyword.internal.WebUIKeywordMain$_runKeywordUntilTimeout_closure1.doCall(WebUIKeywordMain.groovy:135)
com.kms.katalon.core.webui.keyword.internal.WebUIKeywordMain$_runKeywordUntilTimeout_closure1.call(WebUIKeywordMain.groovy)
com.kms.katalon.core.webui.keyword.internal.WebUIKeywordMain.runKeyword(WebUIKeywordMain.groovy:41)
com.kms.katalon.core.webui.keyword.internal.WebUIKeywordMain.runKeywordUntilTimeout(WebUIKeywordMain.groovy:133)
com.kms.katalon.core.webui.keyword.builtin.ClickKeyword.click(ClickKeyword.groovy:72)
com.kms.katalon.core.webui.keyword.builtin.ClickKeyword.execute(ClickKeyword.groovy:38)
com.kms.katalon.core.keyword.internal.KeywordExecutor.executeKeywordForPlatform(KeywordExecutor.groovy:99)
com.kms.katalon.core.webui.keyword.WebUiBuiltInKeywords.click(WebUiBuiltInKeywords.groovy:722)
TC_Open_Task_Details.run(TC_Open_Task_Details:60)
</property>
</record>
<record>
  <date>2026-05-26T21:34:48.909203500Z</date>
  <millis>1779831288909</millis>
  <nanos>203500</nanos>
  <sequence>576</sequence>
  <level>END</level>
  <class>com.kms.katalon.core.logging.XmlKeywordLogger</class>
  <method>endKeyword</method>
  <thread>1</thread>
  <message>End action : click(findTestObject(&amp;quot;Page_Work Order  Index- Workforce Manager/a_Created By Me&amp;quot;))</message>
  <nestedLevel>1</nestedLevel>
  <escapedJava>false</escapedJava>
</record>
<record>
  <date>2026-05-26T21:34:48.913337500Z</date>
  <millis>1779831288913</millis>
  <nanos>337500</nanos>
  <sequence>577</sequence>
  <level>START</level>
  <class>com.kms.katalon.core.logging.XmlKeywordLogger</class>
  <method>startKeyword</method>
  <thread>1</thread>
  <message>Start action : waitForPageLoad(10)</message>
  <nestedLevel>1</nestedLevel>
  <escapedJava>false</escapedJava>
  <property name="startLine">62</property>
  <property name="stepIndex">16</property>
</record>
<record>
  <date>2026-05-26T21:34:48.950499400Z</date>
  <millis>1779831288950</millis>
  <nanos>499400</nanos>
  <sequence>581</sequence>
  <level>PASSED</level>
  <class>com.kms.katalon.core.logging.XmlKeywordLogger</class>
  <method>logMessage</method>
  <thread>1</thread>
  <message>Wait for page load successfully</message>
  <nestedLevel>1</nestedLevel>
  <escapedJava>false</escapedJava>
  <property name="testops-method-name">com.kms.katalon.core.webui.keyword.internal.WebUIKeywordMain$runKeyword$0.call</property>
  <property name="testops-execution-stacktrace">com.kms.katalon.core.logging.KeywordLogger.logPassed(KeywordLogger.java:350)
com.kms.katalon.core.logging.KeywordLogger.logPassed(KeywordLogger.java:345)
com.kms.katalon.core.logging.KeywordLogger$logPassed$0.call(Unknown Source)
com.kms.katalon.core.webui.keyword.builtin.WaitForPageLoadKeyword$_waitForPageLoad_closure1.doCall(WaitForPageLoadKeyword.groovy:94)
com.kms.katalon.core.webui.keyword.builtin.WaitForPageLoadKeyword$_waitForPageLoad_closure1.doCall(WaitForPageLoadKeyword.groovy)
java.base/jdk.internal.reflect.DirectMethodHandleAccessor.invoke(DirectMethodHandleAccessor.java:103)
com.kms.katalon.core.webui.keyword.internal.WebUIKeywordMain.runKeyword(WebUIKeywordMain.groovy:41)
com.kms.katalon.core.webui.keyword.internal.WebUIKeywordMain$runKeyword$0.call(Unknown Source)
com.kms.katalon.core.webui.keyword.builtin.WaitForPageLoadKeyword.waitForPageLoad(WaitForPageLoadKeyword.groovy:95)
com.kms.katalon.core.webui.keyword.builtin.WaitForPageLoadKeyword.execute(WaitForPageLoadKeyword.groovy:68)
com.kms.katalon.core.keyword.internal.KeywordExecutor.executeKeywordForPlatform(KeywordExecutor.groovy:99)
com.kms.katalon.core.webui.keyword.WebUiBuiltInKeywords.waitForPageLoad(WebUiBuiltInKeywords.groovy:2559)
TC_Open_Task_Details.run(TC_Open_Task_Details:62)
</property>
</record>
<record>
  <date>2026-05-26T21:34:48.958346400Z</date>
  <millis>1779831288958</millis>
  <nanos>346400</nanos>
  <sequence>582</sequence>
  <level>END</level>
  <class>com.kms.katalon.core.logging.XmlKeywordLogger</class>
  <method>endKeyword</method>
  <thread>1</thread>
  <message>End action : waitForPageLoad(10)</message>
  <nestedLevel>1</nestedLevel>
  <escapedJava>false</escapedJava>
</record>
<record>
  <date>2026-05-26T21:34:48.960385Z</date>
  <millis>1779831288960</millis>
  <nanos>385000</nanos>
  <sequence>583</sequence>
  <level>START</level>
  <class>com.kms.katalon.core.logging.XmlKeywordLogger</class>
  <method>startKeyword</method>
  <thread>1</thread>
  <message>Start action : delay(3)</message>
  <nestedLevel>1</nestedLevel>
  <escapedJava>false</escapedJava>
  <property name="startLine">64</property>
  <property name="stepIndex">17</property>
</record>
<record>
  <date>2026-05-26T21:34:51.977707500Z</date>
  <millis>1779831291977</millis>
  <nanos>707500</nanos>
  <sequence>586</sequence>
  <level>PASSED</level>
  <class>com.kms.katalon.core.logging.XmlKeywordLogger</class>
  <method>logMessage</method>
  <thread>1</thread>
  <message>Delayed 3 second(s)</message>
  <nestedLevel>1</nestedLevel>
  <escapedJava>false</escapedJava>
  <property name="testops-method-name">com.kms.katalon.core.keyword.builtin.DelayKeyword.delay</property>
  <property name="testops-execution-stacktrace"></property>
</record>
<record>
  <date>2026-05-26T21:34:51.982765500Z</date>
  <millis>1779831291982</millis>
  <nanos>765500</nanos>
  <sequence>587</sequence>
  <level>END</level>
  <class>com.kms.katalon.core.logging.XmlKeywordLogger</class>
  <method>endKeyword</method>
  <thread>1</thread>
  <message>End action : delay(3)</message>
  <nestedLevel>1</nestedLevel>
  <escapedJava>false</escapedJava>
</record>
<record>
  <date>2026-05-26T21:34:51.995833900Z</date>
  <millis>1779831291995</millis>
  <nanos>833900</nanos>
  <sequence>588</sequence>
  <level>START</level>
  <class>com.kms.katalon.core.logging.XmlKeywordLogger</class>
  <method>startKeyword</method>
  <thread>1</thread>
  <message>Start action : search = findTestObject(&amp;quot;Page_Work Order  Index- Workforce Manager/input_Search&amp;quot;)</message>
  <nestedLevel>1</nestedLevel>
  <escapedJava>false</escapedJava>
  <property name="startLine">69</property>
  <property name="stepIndex">18</property>
</record>
<record>
  <date>2026-05-26T21:34:52.033698800Z</date>
  <millis>1779831292033</millis>
  <nanos>698800</nanos>
  <sequence>590</sequence>
  <level>END</level>
  <class>com.kms.katalon.core.logging.XmlKeywordLogger</class>
  <method>endKeyword</method>
  <thread>1</thread>
  <message>End action : search = findTestObject(&amp;quot;Page_Work Order  Index- Workforce Manager/input_Search&amp;quot;)</message>
  <nestedLevel>1</nestedLevel>
  <escapedJava>false</escapedJava>
</record>
<record>
  <date>2026-05-26T21:34:52.048013700Z</date>
  <millis>1779831292048</millis>
  <nanos>13700</nanos>
  <sequence>591</sequence>
  <level>START</level>
  <class>com.kms.katalon.core.logging.XmlKeywordLogger</class>
  <method>startKeyword</method>
  <thread>1</thread>
  <message>Start action : waitForElementVisible(search, 30)</message>
  <nestedLevel>1</nestedLevel>
  <escapedJava>false</escapedJava>
  <property name="startLine">71</property>
  <property name="stepIndex">19</property>
</record>
<record>
  <date>2026-05-26T21:34:52.514789800Z</date>
  <millis>1779831292514</millis>
  <nanos>789800</nanos>
  <sequence>597</sequence>
  <level>PASSED</level>
  <class>com.kms.katalon.core.logging.XmlKeywordLogger</class>
  <method>logMessage</method>
  <thread>1</thread>
  <message>Object &amp;apos;Object Repository/Page_Work Order  Index- Workforce Manager/input_Search&amp;apos; is visible</message>
  <nestedLevel>1</nestedLevel>
  <escapedJava>false</escapedJava>
  <property name="testops-method-name">com.kms.katalon.core.webui.keyword.internal.WebUIKeywordMain.runKeywordUntilTimeout</property>
  <property name="testops-execution-stacktrace">com.kms.katalon.core.logging.KeywordLogger.logPassed(KeywordLogger.java:350)
com.kms.katalon.core.logging.KeywordLogger.logPassed(KeywordLogger.java:345)
com.kms.katalon.core.logging.KeywordLogger$logPassed$0.call(Unknown Source)
com.kms.katalon.core.webui.keyword.builtin.WaitForElementVisibleKeyword$_waitForElementVisible_closure1.doCall(WaitForElementVisibleKeyword.groovy:86)
java.base/jdk.internal.reflect.DirectMethodHandleAccessor.invoke(DirectMethodHandleAccessor.java:103)
jdk.proxy2/jdk.proxy2.$Proxy56.execute(Unknown Source)
com.kms.katalon.core.webui.model.SeleniumActionRetryController.performAction(SeleniumActionRetryController.java:96)
com.kms.katalon.core.webui.model.SeleniumActionRetryController.performAction(SeleniumActionRetryController.java:83)
com.kms.katalon.core.webui.keyword.internal.WebUIKeywordMain$_runKeywordUntilTimeout_closure2.doCall(WebUIKeywordMain.groovy:155)
com.kms.katalon.core.webui.keyword.internal.WebUIKeywordMain$_runKeywordUntilTimeout_closure2.call(WebUIKeywordMain.groovy)
com.kms.katalon.core.webui.keyword.internal.WebUIKeywordMain.runKeyword(WebUIKeywordMain.groovy:41)
com.kms.katalon.core.webui.keyword.internal.WebUIKeywordMain.runKeywordUntilTimeout(WebUIKeywordMain.groovy:152)
com.kms.katalon.core.webui.keyword.internal.WebUIKeywordMain$runKeywordUntilTimeout.call(Unknown Source)
com.kms.katalon.core.webui.keyword.builtin.WaitForElementVisibleKeyword.waitForElementVisible(WaitForElementVisibleKeyword.groovy:101)
com.kms.katalon.core.webui.keyword.builtin.WaitForElementVisibleKeyword.execute(WaitForElementVisibleKeyword.groovy:69)
com.kms.katalon.core.keyword.internal.KeywordExecutor.executeKeywordForPlatform(KeywordExecutor.groovy:99)
com.kms.katalon.core.webui.keyword.WebUiBuiltInKeywords.waitForElementVisible(WebUiBuiltInKeywords.groovy:515)
TC_Open_Task_Details.run(TC_Open_Task_Details:71)
</property>
</record>
<record>
  <date>2026-05-26T21:34:52.533023600Z</date>
  <millis>1779831292533</millis>
  <nanos>23600</nanos>
  <sequence>598</sequence>
  <level>END</level>
  <class>com.kms.katalon.core.logging.XmlKeywordLogger</class>
  <method>endKeyword</method>
  <thread>1</thread>
  <message>End action : waitForElementVisible(search, 30)</message>
  <nestedLevel>1</nestedLevel>
  <escapedJava>false</escapedJava>
</record>
<record>
  <date>2026-05-26T21:34:52.545503900Z</date>
  <millis>1779831292545</millis>
  <nanos>503900</nanos>
  <sequence>599</sequence>
  <level>START</level>
  <class>com.kms.katalon.core.logging.XmlKeywordLogger</class>
  <method>startKeyword</method>
  <thread>1</thread>
  <message>Start action : click(search)</message>
  <nestedLevel>1</nestedLevel>
  <escapedJava>false</escapedJava>
  <property name="startLine">73</property>
  <property name="stepIndex">20</property>
</record>
<record>
  <date>2026-05-26T21:34:54.003229400Z</date>
  <millis>1779831294003</millis>
  <nanos>229400</nanos>
  <sequence>609</sequence>
  <level>PASSED</level>
  <class>com.kms.katalon.core.logging.XmlKeywordLogger</class>
  <method>logMessage</method>
  <thread>1</thread>
  <message>Object: &amp;apos;Object Repository/Page_Work Order  Index- Workforce Manager/input_Search&amp;apos; is clicked on</message>
  <nestedLevel>1</nestedLevel>
  <escapedJava>false</escapedJava>
  <property name="testops-method-name">com.kms.katalon.core.webui.keyword.internal.WebUIKeywordMain.runKeywordUntilTimeout</property>
  <property name="testops-execution-stacktrace">com.kms.katalon.core.logging.KeywordLogger.logPassed(KeywordLogger.java:350)
com.kms.katalon.core.logging.KeywordLogger.logPassed(KeywordLogger.java:345)
com.kms.katalon.core.webui.keyword.builtin.ClickKeyword$_click_closure1.doCall(ClickKeyword.groovy:66)
java.base/jdk.internal.reflect.DirectMethodHandleAccessor.invoke(DirectMethodHandleAccessor.java:103)
jdk.proxy2/jdk.proxy2.$Proxy56.execute(Unknown Source)
com.kms.katalon.core.webui.model.SeleniumActionRetryController.performAction(SeleniumActionRetryController.java:96)
com.kms.katalon.core.webui.model.SeleniumActionRetryController.performAction(SeleniumActionRetryController.java:83)
com.kms.katalon.core.webui.keyword.internal.WebUIKeywordMain$_runKeywordUntilTimeout_closure1.doCall(WebUIKeywordMain.groovy:135)
com.kms.katalon.core.webui.keyword.internal.WebUIKeywordMain$_runKeywordUntilTimeout_closure1.call(WebUIKeywordMain.groovy)
com.kms.katalon.core.webui.keyword.internal.WebUIKeywordMain.runKeyword(WebUIKeywordMain.groovy:41)
com.kms.katalon.core.webui.keyword.internal.WebUIKeywordMain.runKeywordUntilTimeout(WebUIKeywordMain.groovy:133)
com.kms.katalon.core.webui.keyword.builtin.ClickKeyword.click(ClickKeyword.groovy:72)
com.kms.katalon.core.webui.keyword.builtin.ClickKeyword.execute(ClickKeyword.groovy:38)
com.kms.katalon.core.keyword.internal.KeywordExecutor.executeKeywordForPlatform(KeywordExecutor.groovy:99)
com.kms.katalon.core.webui.keyword.WebUiBuiltInKeywords.click(WebUiBuiltInKeywords.groovy:722)
TC_Open_Task_Details.run(TC_Open_Task_Details:73)
</property>
</record>
<record>
  <date>2026-05-26T21:34:54.011371400Z</date>
  <millis>1779831294011</millis>
  <nanos>371400</nanos>
  <sequence>610</sequence>
  <level>END</level>
  <class>com.kms.katalon.core.logging.XmlKeywordLogger</class>
  <method>endKeyword</method>
  <thread>1</thread>
  <message>End action : click(search)</message>
  <nestedLevel>1</nestedLevel>
  <escapedJava>false</escapedJava>
</record>
<record>
  <date>2026-05-26T21:34:54.011371400Z</date>
  <millis>1779831294011</millis>
  <nanos>371400</nanos>
  <sequence>611</sequence>
  <level>START</level>
  <class>com.kms.katalon.core.logging.XmlKeywordLogger</class>
  <method>startKeyword</method>
  <thread>1</thread>
  <message>Start action : clearText(search)</message>
  <nestedLevel>1</nestedLevel>
  <escapedJava>false</escapedJava>
  <property name="startLine">75</property>
  <property name="stepIndex">21</property>
</record>
<record>
  <date>2026-05-26T21:34:54.479452500Z</date>
  <millis>1779831294479</millis>
  <nanos>452500</nanos>
  <sequence>620</sequence>
  <level>PASSED</level>
  <class>com.kms.katalon.core.logging.XmlKeywordLogger</class>
  <method>logMessage</method>
  <thread>1</thread>
  <message>Text of object &amp;apos;Object Repository/Page_Work Order  Index- Workforce Manager/input_Search&amp;apos; is cleared</message>
  <nestedLevel>1</nestedLevel>
  <escapedJava>false</escapedJava>
  <property name="testops-method-name">com.kms.katalon.core.webui.keyword.builtin.ClearTextKeyword.clearText</property>
  <property name="testops-execution-stacktrace"></property>
</record>
<record>
  <date>2026-05-26T21:34:54.489360800Z</date>
  <millis>1779831294489</millis>
  <nanos>360800</nanos>
  <sequence>621</sequence>
  <level>END</level>
  <class>com.kms.katalon.core.logging.XmlKeywordLogger</class>
  <method>endKeyword</method>
  <thread>1</thread>
  <message>End action : clearText(search)</message>
  <nestedLevel>1</nestedLevel>
  <escapedJava>false</escapedJava>
</record>
<record>
  <date>2026-05-26T21:34:54.491384100Z</date>
  <millis>1779831294491</millis>
  <nanos>384100</nanos>
  <sequence>622</sequence>
  <level>START</level>
  <class>com.kms.katalon.core.logging.XmlKeywordLogger</class>
  <method>startKeyword</method>
  <thread>1</thread>
  <message>Start action : setText(search, ticketId)</message>
  <nestedLevel>1</nestedLevel>
  <escapedJava>false</escapedJava>
  <property name="startLine">77</property>
  <property name="stepIndex">22</property>
</record>
<record>
  <date>2026-05-26T21:34:55.816243200Z</date>
  <millis>1779831295816</millis>
  <nanos>243200</nanos>
  <sequence>635</sequence>
  <level>PASSED</level>
  <class>com.kms.katalon.core.logging.XmlKeywordLogger</class>
  <method>logMessage</method>
  <thread>1</thread>
  <message>Text &amp;apos;16709&amp;apos; is set on object &amp;apos;Object Repository/Page_Work Order  Index- Workforce Manager/input_Search&amp;apos;</message>
  <nestedLevel>1</nestedLevel>
  <escapedJava>false</escapedJava>
  <property name="testops-method-name">com.kms.katalon.core.webui.keyword.internal.WebUIKeywordMain.runKeywordUntilTimeout</property>
  <property name="testops-execution-stacktrace">com.kms.katalon.core.logging.KeywordLogger.logPassed(KeywordLogger.java:350)
com.kms.katalon.core.logging.KeywordLogger.logPassed(KeywordLogger.java:345)
com.kms.katalon.core.webui.keyword.builtin.SetTextKeyword$_setText_closure1.doCall(SetTextKeyword.groovy:99)
java.base/jdk.internal.reflect.DirectMethodHandleAccessor.invoke(DirectMethodHandleAccessor.java:103)
jdk.proxy2/jdk.proxy2.$Proxy56.execute(Unknown Source)
com.kms.katalon.core.webui.model.SeleniumActionRetryController.performAction(SeleniumActionRetryController.java:96)
com.kms.katalon.core.webui.model.SeleniumActionRetryController.performAction(SeleniumActionRetryController.java:83)
com.kms.katalon.core.webui.keyword.internal.WebUIKeywordMain$_runKeywordUntilTimeout_closure1.doCall(WebUIKeywordMain.groovy:135)
com.kms.katalon.core.webui.keyword.internal.WebUIKeywordMain$_runKeywordUntilTimeout_closure1.call(WebUIKeywordMain.groovy)
com.kms.katalon.core.webui.keyword.internal.WebUIKeywordMain.runKeyword(WebUIKeywordMain.groovy:41)
com.kms.katalon.core.webui.keyword.internal.WebUIKeywordMain.runKeywordUntilTimeout(WebUIKeywordMain.groovy:133)
com.kms.katalon.core.webui.keyword.builtin.SetTextKeyword.setText(SetTextKeyword.groovy:106)
com.kms.katalon.core.webui.keyword.builtin.SetTextKeyword.execute(SetTextKeyword.groovy:49)
com.kms.katalon.core.keyword.internal.KeywordExecutor.executeKeywordForPlatform(KeywordExecutor.groovy:99)
com.kms.katalon.core.webui.keyword.WebUiBuiltInKeywords.setText(WebUiBuiltInKeywords.groovy:1082)
TC_Open_Task_Details.run(TC_Open_Task_Details:77)
</property>
</record>
<record>
  <date>2026-05-26T21:34:55.848850200Z</date>
  <millis>1779831295848</millis>
  <nanos>850200</nanos>
  <sequence>636</sequence>
  <level>END</level>
  <class>com.kms.katalon.core.logging.XmlKeywordLogger</class>
  <method>endKeyword</method>
  <thread>1</thread>
  <message>End action : setText(search, ticketId)</message>
  <nestedLevel>1</nestedLevel>
  <escapedJava>false</escapedJava>
</record>
<record>
  <date>2026-05-26T21:34:55.857312200Z</date>
  <millis>1779831295857</millis>
  <nanos>312200</nanos>
  <sequence>637</sequence>
  <level>START</level>
  <class>com.kms.katalon.core.logging.XmlKeywordLogger</class>
  <method>startKeyword</method>
  <thread>1</thread>
  <message>Start action : sendKeys(search, Keys.chord(ENTER))</message>
  <nestedLevel>1</nestedLevel>
  <escapedJava>false</escapedJava>
  <property name="startLine">79</property>
  <property name="stepIndex">23</property>
</record>
<record>
  <date>2026-05-26T21:34:56.457335600Z</date>
  <millis>1779831296457</millis>
  <nanos>335600</nanos>
  <sequence>646</sequence>
  <level>PASSED</level>
  <class>com.kms.katalon.core.logging.XmlKeywordLogger</class>
  <method>logMessage</method>
  <thread>1</thread>
  <message>Keys &amp;apos;ENTER + &amp;apos; sent to object: &amp;apos;Object Repository/Page_Work Order  Index- Workforce Manager/input_Search&amp;apos;</message>
  <nestedLevel>1</nestedLevel>
  <escapedJava>false</escapedJava>
  <property name="testops-method-name">com.kms.katalon.core.webui.keyword.internal.WebUIKeywordMain.runKeywordUntilTimeout</property>
  <property name="testops-execution-stacktrace">com.kms.katalon.core.logging.KeywordLogger.logPassed(KeywordLogger.java:350)
com.kms.katalon.core.logging.KeywordLogger.logPassed(KeywordLogger.java:345)
com.kms.katalon.core.webui.keyword.builtin.SendKeysKeyword$_sendKeys_closure1.doCall(SendKeysKeyword.groovy:65)
java.base/jdk.internal.reflect.DirectMethodHandleAccessor.invoke(DirectMethodHandleAccessor.java:103)
jdk.proxy2/jdk.proxy2.$Proxy56.execute(Unknown Source)
com.kms.katalon.core.webui.model.SeleniumActionRetryController.performAction(SeleniumActionRetryController.java:96)
com.kms.katalon.core.webui.model.SeleniumActionRetryController.performAction(SeleniumActionRetryController.java:83)
com.kms.katalon.core.webui.keyword.internal.WebUIKeywordMain$_runKeywordUntilTimeout_closure1.doCall(WebUIKeywordMain.groovy:135)
com.kms.katalon.core.webui.keyword.internal.WebUIKeywordMain$_runKeywordUntilTimeout_closure1.call(WebUIKeywordMain.groovy)
com.kms.katalon.core.webui.keyword.internal.WebUIKeywordMain.runKeyword(WebUIKeywordMain.groovy:41)
com.kms.katalon.core.webui.keyword.internal.WebUIKeywordMain.runKeywordUntilTimeout(WebUIKeywordMain.groovy:133)
com.kms.katalon.core.webui.keyword.builtin.SendKeysKeyword.sendKeys(SendKeysKeyword.groovy:71)
com.kms.katalon.core.webui.keyword.builtin.SendKeysKeyword.execute(SendKeysKeyword.groovy:41)
com.kms.katalon.core.keyword.internal.KeywordExecutor.executeKeywordForPlatform(KeywordExecutor.groovy:99)
com.kms.katalon.core.webui.keyword.WebUiBuiltInKeywords.sendKeys(WebUiBuiltInKeywords.groovy:966)
TC_Open_Task_Details.run(TC_Open_Task_Details:79)
</property>
</record>
<record>
  <date>2026-05-26T21:34:56.464748200Z</date>
  <millis>1779831296464</millis>
  <nanos>748200</nanos>
  <sequence>647</sequence>
  <level>END</level>
  <class>com.kms.katalon.core.logging.XmlKeywordLogger</class>
  <method>endKeyword</method>
  <thread>1</thread>
  <message>End action : sendKeys(search, Keys.chord(ENTER))</message>
  <nestedLevel>1</nestedLevel>
  <escapedJava>false</escapedJava>
</record>
<record>
  <date>2026-05-26T21:34:56.464748200Z</date>
  <millis>1779831296464</millis>
  <nanos>748200</nanos>
  <sequence>648</sequence>
  <level>START</level>
  <class>com.kms.katalon.core.logging.XmlKeywordLogger</class>
  <method>startKeyword</method>
  <thread>1</thread>
  <message>Start action : println(&amp;quot;Searching → &amp;quot; + ticketId)</message>
  <nestedLevel>1</nestedLevel>
  <escapedJava>false</escapedJava>
  <property name="startLine">81</property>
  <property name="stepIndex">24</property>
</record>
<record>
  <date>2026-05-26T21:34:56.472776400Z</date>
  <millis>1779831296472</millis>
  <nanos>776400</nanos>
  <sequence>649</sequence>
  <level>END</level>
  <class>com.kms.katalon.core.logging.XmlKeywordLogger</class>
  <method>endKeyword</method>
  <thread>1</thread>
  <message>End action : println(&amp;quot;Searching → &amp;quot; + ticketId)</message>
  <nestedLevel>1</nestedLevel>
  <escapedJava>false</escapedJava>
</record>
<record>
  <date>2026-05-26T21:34:56.476703700Z</date>
  <millis>1779831296476</millis>
  <nanos>703700</nanos>
  <sequence>650</sequence>
  <level>START</level>
  <class>com.kms.katalon.core.logging.XmlKeywordLogger</class>
  <method>startKeyword</method>
  <thread>1</thread>
  <message>Start action : delay(8)</message>
  <nestedLevel>1</nestedLevel>
  <escapedJava>false</escapedJava>
  <property name="startLine">83</property>
  <property name="stepIndex">25</property>
</record>
<record>
  <date>2026-05-26T21:35:04.491952500Z</date>
  <millis>1779831304491</millis>
  <nanos>952500</nanos>
  <sequence>653</sequence>
  <level>PASSED</level>
  <class>com.kms.katalon.core.logging.XmlKeywordLogger</class>
  <method>logMessage</method>
  <thread>1</thread>
  <message>Delayed 8 second(s)</message>
  <nestedLevel>1</nestedLevel>
  <escapedJava>false</escapedJava>
  <property name="testops-method-name">com.kms.katalon.core.keyword.builtin.DelayKeyword.delay</property>
  <property name="testops-execution-stacktrace"></property>
</record>
<record>
  <date>2026-05-26T21:35:04.495749700Z</date>
  <millis>1779831304495</millis>
  <nanos>749700</nanos>
  <sequence>654</sequence>
  <level>END</level>
  <class>com.kms.katalon.core.logging.XmlKeywordLogger</class>
  <method>endKeyword</method>
  <thread>1</thread>
  <message>End action : delay(8)</message>
  <nestedLevel>1</nestedLevel>
  <escapedJava>false</escapedJava>
</record>
<record>
  <date>2026-05-26T21:35:04.495749700Z</date>
  <millis>1779831304495</millis>
  <nanos>749700</nanos>
  <sequence>655</sequence>
  <level>START</level>
  <class>com.kms.katalon.core.logging.XmlKeywordLogger</class>
  <method>startKeyword</method>
  <thread>1</thread>
  <message>Start action : row = new com.kms.katalon.core.testobject.TestObject()</message>
  <nestedLevel>1</nestedLevel>
  <escapedJava>false</escapedJava>
  <property name="startLine">88</property>
  <property name="stepIndex">26</property>
</record>
<record>
  <date>2026-05-26T21:35:04.502073900Z</date>
  <millis>1779831304502</millis>
  <nanos>73900</nanos>
  <sequence>656</sequence>
  <level>END</level>
  <class>com.kms.katalon.core.logging.XmlKeywordLogger</class>
  <method>endKeyword</method>
  <thread>1</thread>
  <message>End action : row = new com.kms.katalon.core.testobject.TestObject()</message>
  <nestedLevel>1</nestedLevel>
  <escapedJava>false</escapedJava>
</record>
<record>
  <date>2026-05-26T21:35:04.506502900Z</date>
  <millis>1779831304506</millis>
  <nanos>502900</nanos>
  <sequence>657</sequence>
  <level>START</level>
  <class>com.kms.katalon.core.logging.XmlKeywordLogger</class>
  <method>startKeyword</method>
  <thread>1</thread>
  <message>Start action : row.addProperty(&amp;quot;xpath&amp;quot;, EQUALS, //tr[.//*[contains(text(),&amp;apos;$ticketId&amp;apos;)]])</message>
  <nestedLevel>1</nestedLevel>
  <escapedJava>false</escapedJava>
  <property name="startLine">90</property>
  <property name="stepIndex">27</property>
</record>
<record>
  <date>2026-05-26T21:35:04.612104400Z</date>
  <millis>1779831304612</millis>
  <nanos>104400</nanos>
  <sequence>658</sequence>
  <level>END</level>
  <class>com.kms.katalon.core.logging.XmlKeywordLogger</class>
  <method>endKeyword</method>
  <thread>1</thread>
  <message>End action : row.addProperty(&amp;quot;xpath&amp;quot;, EQUALS, //tr[.//*[contains(text(),&amp;apos;$ticketId&amp;apos;)]])</message>
  <nestedLevel>1</nestedLevel>
  <escapedJava>false</escapedJava>
</record>
<record>
  <date>2026-05-26T21:35:04.612104400Z</date>
  <millis>1779831304612</millis>
  <nanos>104400</nanos>
  <sequence>659</sequence>
  <level>START</level>
  <class>com.kms.katalon.core.logging.XmlKeywordLogger</class>
  <method>startKeyword</method>
  <thread>1</thread>
  <message>Start action : found = waitForElementPresent(row, 30)</message>
  <nestedLevel>1</nestedLevel>
  <escapedJava>false</escapedJava>
  <property name="startLine">92</property>
  <property name="stepIndex">28</property>
</record>
<record>
  <date>2026-05-26T21:35:04.918569400Z</date>
  <millis>1779831304918</millis>
  <nanos>569400</nanos>
  <sequence>665</sequence>
  <level>PASSED</level>
  <class>com.kms.katalon.core.logging.XmlKeywordLogger</class>
  <method>logMessage</method>
  <thread>1</thread>
  <message>Object &amp;apos;&amp;apos; is present</message>
  <nestedLevel>1</nestedLevel>
  <escapedJava>false</escapedJava>
  <property name="testops-method-name">com.kms.katalon.core.webui.keyword.internal.WebUIKeywordMain.runKeywordUntilTimeout</property>
  <property name="testops-execution-stacktrace">com.kms.katalon.core.logging.KeywordLogger.logPassed(KeywordLogger.java:350)
com.kms.katalon.core.logging.KeywordLogger.logPassed(KeywordLogger.java:345)
com.kms.katalon.core.webui.keyword.builtin.WaitForElementPresentKeyword$_waitForElementPresent_closure1.doCall(WaitForElementPresentKeyword.groovy:56)
java.base/jdk.internal.reflect.DirectMethodHandleAccessor.invoke(DirectMethodHandleAccessor.java:103)
jdk.proxy2/jdk.proxy2.$Proxy56.execute(Unknown Source)
com.kms.katalon.core.webui.model.SeleniumActionRetryController.performAction(SeleniumActionRetryController.java:96)
com.kms.katalon.core.webui.model.SeleniumActionRetryController.performAction(SeleniumActionRetryController.java:83)
com.kms.katalon.core.webui.keyword.internal.WebUIKeywordMain$_runKeywordUntilTimeout_closure2.doCall(WebUIKeywordMain.groovy:155)
com.kms.katalon.core.webui.keyword.internal.WebUIKeywordMain$_runKeywordUntilTimeout_closure2.call(WebUIKeywordMain.groovy)
com.kms.katalon.core.webui.keyword.internal.WebUIKeywordMain.runKeyword(WebUIKeywordMain.groovy:41)
com.kms.katalon.core.webui.keyword.internal.WebUIKeywordMain.runKeywordUntilTimeout(WebUIKeywordMain.groovy:152)
com.kms.katalon.core.webui.keyword.builtin.WaitForElementPresentKeyword.waitForElementPresent(WaitForElementPresentKeyword.groovy:68)
com.kms.katalon.core.webui.keyword.builtin.WaitForElementPresentKeyword.execute(WaitForElementPresentKeyword.groovy:38)
com.kms.katalon.core.keyword.internal.KeywordExecutor.executeKeywordForPlatform(KeywordExecutor.groovy:99)
com.kms.katalon.core.webui.keyword.WebUiBuiltInKeywords.waitForElementPresent(WebUiBuiltInKeywords.groovy:424)
TC_Open_Task_Details.run(TC_Open_Task_Details:92)
</property>
</record>
<record>
  <date>2026-05-26T21:35:04.926939600Z</date>
  <millis>1779831304926</millis>
  <nanos>939600</nanos>
  <sequence>666</sequence>
  <level>END</level>
  <class>com.kms.katalon.core.logging.XmlKeywordLogger</class>
  <method>endKeyword</method>
  <thread>1</thread>
  <message>End action : found = waitForElementPresent(row, 30)</message>
  <nestedLevel>1</nestedLevel>
  <escapedJava>false</escapedJava>
</record>
<record>
  <date>2026-05-26T21:35:04.927407200Z</date>
  <millis>1779831304927</millis>
  <nanos>407200</nanos>
  <sequence>667</sequence>
  <level>START</level>
  <class>com.kms.katalon.core.logging.XmlKeywordLogger</class>
  <method>startKeyword</method>
  <thread>1</thread>
  <message>Start action : if (!(found))</message>
  <nestedLevel>1</nestedLevel>
  <escapedJava>false</escapedJava>
  <property name="startLine">94</property>
  <property name="stepIndex">29</property>
</record>
<record>
  <date>2026-05-26T21:35:04.927407200Z</date>
  <millis>1779831304927</millis>
  <nanos>407200</nanos>
  <sequence>668</sequence>
  <level>END</level>
  <class>com.kms.katalon.core.logging.XmlKeywordLogger</class>
  <method>endKeyword</method>
  <thread>1</thread>
  <message>End action : if (!(found))</message>
  <nestedLevel>1</nestedLevel>
  <escapedJava>false</escapedJava>
</record>
<record>
  <date>2026-05-26T21:35:04.927407200Z</date>
  <millis>1779831304927</millis>
  <nanos>407200</nanos>
  <sequence>669</sequence>
  <level>START</level>
  <class>com.kms.katalon.core.logging.XmlKeywordLogger</class>
  <method>startKeyword</method>
  <thread>1</thread>
  <message>Start action : println(&amp;quot;Ticket row found&amp;quot;)</message>
  <nestedLevel>1</nestedLevel>
  <escapedJava>false</escapedJava>
  <property name="startLine">100</property>
  <property name="stepIndex">30</property>
</record>
<record>
  <date>2026-05-26T21:35:04.937404300Z</date>
  <millis>1779831304937</millis>
  <nanos>404300</nanos>
  <sequence>670</sequence>
  <level>END</level>
  <class>com.kms.katalon.core.logging.XmlKeywordLogger</class>
  <method>endKeyword</method>
  <thread>1</thread>
  <message>End action : println(&amp;quot;Ticket row found&amp;quot;)</message>
  <nestedLevel>1</nestedLevel>
  <escapedJava>false</escapedJava>
</record>
<record>
  <date>2026-05-26T21:35:04.940078800Z</date>
  <millis>1779831304940</millis>
  <nanos>78800</nanos>
  <sequence>671</sequence>
  <level>START</level>
  <class>com.kms.katalon.core.logging.XmlKeywordLogger</class>
  <method>startKeyword</method>
  <thread>1</thread>
  <message>Start action : titleLink = new com.kms.katalon.core.testobject.TestObject()</message>
  <nestedLevel>1</nestedLevel>
  <escapedJava>false</escapedJava>
  <property name="startLine">105</property>
  <property name="stepIndex">31</property>
</record>
<record>
  <date>2026-05-26T21:35:04.942846300Z</date>
  <millis>1779831304942</millis>
  <nanos>846300</nanos>
  <sequence>672</sequence>
  <level>END</level>
  <class>com.kms.katalon.core.logging.XmlKeywordLogger</class>
  <method>endKeyword</method>
  <thread>1</thread>
  <message>End action : titleLink = new com.kms.katalon.core.testobject.TestObject()</message>
  <nestedLevel>1</nestedLevel>
  <escapedJava>false</escapedJava>
</record>
<record>
  <date>2026-05-26T21:35:04.942846300Z</date>
  <millis>1779831304942</millis>
  <nanos>846300</nanos>
  <sequence>673</sequence>
  <level>START</level>
  <class>com.kms.katalon.core.logging.XmlKeywordLogger</class>
  <method>startKeyword</method>
  <thread>1</thread>
  <message>Start action : titleLink.addProperty(&amp;quot;xpath&amp;quot;, EQUALS, (//tr[.//*[contains(text(),&amp;apos;$ticketId&amp;apos;)]]//td[3]//a) | (//tr[.//*[contains(text(),&amp;apos;$ticketId&amp;apos;)]]//td[3]//*[self::span or self::div]))</message>
  <nestedLevel>1</nestedLevel>
  <escapedJava>false</escapedJava>
  <property name="startLine">107</property>
  <property name="stepIndex">32</property>
</record>
<record>
  <date>2026-05-26T21:35:04.946762600Z</date>
  <millis>1779831304946</millis>
  <nanos>762600</nanos>
  <sequence>674</sequence>
  <level>END</level>
  <class>com.kms.katalon.core.logging.XmlKeywordLogger</class>
  <method>endKeyword</method>
  <thread>1</thread>
  <message>End action : titleLink.addProperty(&amp;quot;xpath&amp;quot;, EQUALS, (//tr[.//*[contains(text(),&amp;apos;$ticketId&amp;apos;)]]//td[3]//a) | (//tr[.//*[contains(text(),&amp;apos;$ticketId&amp;apos;)]]//td[3]//*[self::span or self::div]))</message>
  <nestedLevel>1</nestedLevel>
  <escapedJava>false</escapedJava>
</record>
<record>
  <date>2026-05-26T21:35:04.946762600Z</date>
  <millis>1779831304946</millis>
  <nanos>762600</nanos>
  <sequence>675</sequence>
  <level>START</level>
  <class>com.kms.katalon.core.logging.XmlKeywordLogger</class>
  <method>startKeyword</method>
  <thread>1</thread>
  <message>Start action : waitForElementVisible(titleLink, 30)</message>
  <nestedLevel>1</nestedLevel>
  <escapedJava>false</escapedJava>
  <property name="startLine">114</property>
  <property name="stepIndex">33</property>
</record>
<record>
  <date>2026-05-26T21:35:05.296063700Z</date>
  <millis>1779831305296</millis>
  <nanos>63700</nanos>
  <sequence>681</sequence>
  <level>PASSED</level>
  <class>com.kms.katalon.core.logging.XmlKeywordLogger</class>
  <method>logMessage</method>
  <thread>1</thread>
  <message>Object &amp;apos;&amp;apos; is visible</message>
  <nestedLevel>1</nestedLevel>
  <escapedJava>false</escapedJava>
  <property name="testops-method-name">com.kms.katalon.core.webui.keyword.internal.WebUIKeywordMain.runKeywordUntilTimeout</property>
  <property name="testops-execution-stacktrace">com.kms.katalon.core.logging.KeywordLogger.logPassed(KeywordLogger.java:350)
com.kms.katalon.core.logging.KeywordLogger.logPassed(KeywordLogger.java:345)
com.kms.katalon.core.logging.KeywordLogger$logPassed$0.call(Unknown Source)
com.kms.katalon.core.webui.keyword.builtin.WaitForElementVisibleKeyword$_waitForElementVisible_closure1.doCall(WaitForElementVisibleKeyword.groovy:86)
java.base/jdk.internal.reflect.DirectMethodHandleAccessor.invoke(DirectMethodHandleAccessor.java:103)
jdk.proxy2/jdk.proxy2.$Proxy56.execute(Unknown Source)
com.kms.katalon.core.webui.model.SeleniumActionRetryController.performAction(SeleniumActionRetryController.java:96)
com.kms.katalon.core.webui.model.SeleniumActionRetryController.performAction(SeleniumActionRetryController.java:83)
com.kms.katalon.core.webui.keyword.internal.WebUIKeywordMain$_runKeywordUntilTimeout_closure2.doCall(WebUIKeywordMain.groovy:155)
com.kms.katalon.core.webui.keyword.internal.WebUIKeywordMain$_runKeywordUntilTimeout_closure2.call(WebUIKeywordMain.groovy)
com.kms.katalon.core.webui.keyword.internal.WebUIKeywordMain.runKeyword(WebUIKeywordMain.groovy:41)
com.kms.katalon.core.webui.keyword.internal.WebUIKeywordMain.runKeywordUntilTimeout(WebUIKeywordMain.groovy:152)
com.kms.katalon.core.webui.keyword.internal.WebUIKeywordMain$runKeywordUntilTimeout.call(Unknown Source)
com.kms.katalon.core.webui.keyword.builtin.WaitForElementVisibleKeyword.waitForElementVisible(WaitForElementVisibleKeyword.groovy:101)
com.kms.katalon.core.webui.keyword.builtin.WaitForElementVisibleKeyword.execute(WaitForElementVisibleKeyword.groovy:69)
com.kms.katalon.core.keyword.internal.KeywordExecutor.executeKeywordForPlatform(KeywordExecutor.groovy:99)
com.kms.katalon.core.webui.keyword.WebUiBuiltInKeywords.waitForElementVisible(WebUiBuiltInKeywords.groovy:515)
TC_Open_Task_Details.run(TC_Open_Task_Details:114)
</property>
</record>
<record>
  <date>2026-05-26T21:35:05.296063700Z</date>
  <millis>1779831305296</millis>
  <nanos>63700</nanos>
  <sequence>682</sequence>
  <level>END</level>
  <class>com.kms.katalon.core.logging.XmlKeywordLogger</class>
  <method>endKeyword</method>
  <thread>1</thread>
  <message>End action : waitForElementVisible(titleLink, 30)</message>
  <nestedLevel>1</nestedLevel>
  <escapedJava>false</escapedJava>
</record>
<record>
  <date>2026-05-26T21:35:05.304491500Z</date>
  <millis>1779831305304</millis>
  <nanos>491500</nanos>
  <sequence>683</sequence>
  <level>START</level>
  <class>com.kms.katalon.core.logging.XmlKeywordLogger</class>
  <method>startKeyword</method>
  <thread>1</thread>
  <message>Start action : scrollToElement(titleLink, 10)</message>
  <nestedLevel>1</nestedLevel>
  <escapedJava>false</escapedJava>
  <property name="startLine">116</property>
  <property name="stepIndex">34</property>
</record>
<record>
  <date>2026-05-26T21:35:05.661514900Z</date>
  <millis>1779831305661</millis>
  <nanos>514900</nanos>
  <sequence>692</sequence>
  <level>PASSED</level>
  <class>com.kms.katalon.core.logging.XmlKeywordLogger</class>
  <method>logMessage</method>
  <thread>1</thread>
  <message>Scroll to object &amp;apos;&amp;apos; successfully</message>
  <nestedLevel>1</nestedLevel>
  <escapedJava>false</escapedJava>
  <property name="testops-method-name">com.kms.katalon.core.webui.keyword.builtin.ScrollToElementKeyword.scrollToElement</property>
  <property name="testops-execution-stacktrace"></property>
</record>
<record>
  <date>2026-05-26T21:35:05.661514900Z</date>
  <millis>1779831305661</millis>
  <nanos>514900</nanos>
  <sequence>693</sequence>
  <level>END</level>
  <class>com.kms.katalon.core.logging.XmlKeywordLogger</class>
  <method>endKeyword</method>
  <thread>1</thread>
  <message>End action : scrollToElement(titleLink, 10)</message>
  <nestedLevel>1</nestedLevel>
  <escapedJava>false</escapedJava>
</record>
<record>
  <date>2026-05-26T21:35:05.667274800Z</date>
  <millis>1779831305667</millis>
  <nanos>274800</nanos>
  <sequence>694</sequence>
  <level>START</level>
  <class>com.kms.katalon.core.logging.XmlKeywordLogger</class>
  <method>startKeyword</method>
  <thread>1</thread>
  <message>Start action : link = findWebElement(titleLink, 20)</message>
  <nestedLevel>1</nestedLevel>
  <escapedJava>false</escapedJava>
  <property name="startLine">118</property>
  <property name="stepIndex">35</property>
</record>
<record>
  <date>2026-05-26T21:35:05.999516800Z</date>
  <millis>1779831305999</millis>
  <nanos>516800</nanos>
  <sequence>700</sequence>
  <level>PASSED</level>
  <class>com.kms.katalon.core.logging.XmlKeywordLogger</class>
  <method>logMessage</method>
  <thread>1</thread>
  <message>Found web element by test object </message>
  <nestedLevel>1</nestedLevel>
  <escapedJava>false</escapedJava>
  <property name="testops-method-name">com.kms.katalon.core.webui.keyword.internal.WebUIKeywordMain.runKeywordUntilTimeout</property>
  <property name="testops-execution-stacktrace">com.kms.katalon.core.logging.KeywordLogger.logPassed(KeywordLogger.java:350)
com.kms.katalon.core.logging.KeywordLogger.logPassed(KeywordLogger.java:345)
com.kms.katalon.core.webui.keyword.builtin.FindWebElementKeyword$_findWebElement_closure1.doCall(FindWebElementKeyword.groovy:52)
java.base/jdk.internal.reflect.DirectMethodHandleAccessor.invoke(DirectMethodHandleAccessor.java:103)
jdk.proxy2/jdk.proxy2.$Proxy56.execute(Unknown Source)
com.kms.katalon.core.webui.model.SeleniumActionRetryController.performAction(SeleniumActionRetryController.java:96)
com.kms.katalon.core.webui.model.SeleniumActionRetryController.performAction(SeleniumActionRetryController.java:83)
com.kms.katalon.core.webui.keyword.internal.WebUIKeywordMain$_runKeywordUntilTimeout_closure2.doCall(WebUIKeywordMain.groovy:155)
com.kms.katalon.core.webui.keyword.internal.WebUIKeywordMain$_runKeywordUntilTimeout_closure2.call(WebUIKeywordMain.groovy)
com.kms.katalon.core.webui.keyword.internal.WebUIKeywordMain.runKeyword(WebUIKeywordMain.groovy:41)
com.kms.katalon.core.webui.keyword.internal.WebUIKeywordMain.runKeywordUntilTimeout(WebUIKeywordMain.groovy:152)
com.kms.katalon.core.webui.keyword.builtin.FindWebElementKeyword.findWebElement(FindWebElementKeyword.groovy:60)
com.kms.katalon.core.webui.keyword.builtin.FindWebElementKeyword.execute(FindWebElementKeyword.groovy:39)
com.kms.katalon.core.keyword.internal.KeywordExecutor.executeKeywordForPlatform(KeywordExecutor.groovy:99)
com.kms.katalon.core.webui.keyword.WebUiBuiltInKeywords.findWebElement(WebUiBuiltInKeywords.groovy:2945)
TC_Open_Task_Details.run(TC_Open_Task_Details:118)
</property>
</record>
<record>
  <date>2026-05-26T21:35:05.999516800Z</date>
  <millis>1779831305999</millis>
  <nanos>516800</nanos>
  <sequence>701</sequence>
  <level>END</level>
  <class>com.kms.katalon.core.logging.XmlKeywordLogger</class>
  <method>endKeyword</method>
  <thread>1</thread>
  <message>End action : link = findWebElement(titleLink, 20)</message>
  <nestedLevel>1</nestedLevel>
  <escapedJava>false</escapedJava>
</record>
<record>
  <date>2026-05-26T21:35:06.006310400Z</date>
  <millis>1779831306006</millis>
  <nanos>310400</nanos>
  <sequence>702</sequence>
  <level>START</level>
  <class>com.kms.katalon.core.logging.XmlKeywordLogger</class>
  <method>startKeyword</method>
  <thread>1</thread>
  <message>Start action : executeJavaScript(&amp;quot;\narguments[0].scrollIntoView({\nblock:&amp;apos;center&amp;apos;\n});\n&amp;quot;, Arrays.asList(link))</message>
  <nestedLevel>1</nestedLevel>
  <escapedJava>false</escapedJava>
  <property name="startLine">121</property>
  <property name="stepIndex">36</property>
</record>
<record>
  <date>2026-05-26T21:35:06.080785900Z</date>
  <millis>1779831306080</millis>
  <nanos>785900</nanos>
  <sequence>704</sequence>
  <level>PASSED</level>
  <class>com.kms.katalon.core.logging.XmlKeywordLogger</class>
  <method>logMessage</method>
  <thread>1</thread>
  <message>Execute JavaScript &amp;apos;
arguments[0].scrollIntoView({
block:&amp;apos;center&amp;apos;
});
&amp;apos; successfully</message>
  <nestedLevel>1</nestedLevel>
  <escapedJava>false</escapedJava>
  <property name="testops-method-name">com.kms.katalon.core.webui.keyword.builtin.ExecuteJavaScriptKeyword.executeJavascript</property>
  <property name="testops-execution-stacktrace"></property>
</record>
<record>
  <date>2026-05-26T21:35:06.089040800Z</date>
  <millis>1779831306089</millis>
  <nanos>40800</nanos>
  <sequence>705</sequence>
  <level>END</level>
  <class>com.kms.katalon.core.logging.XmlKeywordLogger</class>
  <method>endKeyword</method>
  <thread>1</thread>
  <message>End action : executeJavaScript(&amp;quot;\narguments[0].scrollIntoView({\nblock:&amp;apos;center&amp;apos;\n});\n&amp;quot;, Arrays.asList(link))</message>
  <nestedLevel>1</nestedLevel>
  <escapedJava>false</escapedJava>
</record>
<record>
  <date>2026-05-26T21:35:06.089824300Z</date>
  <millis>1779831306089</millis>
  <nanos>824300</nanos>
  <sequence>706</sequence>
  <level>START</level>
  <class>com.kms.katalon.core.logging.XmlKeywordLogger</class>
  <method>startKeyword</method>
  <thread>1</thread>
  <message>Start action : delay(2)</message>
  <nestedLevel>1</nestedLevel>
  <escapedJava>false</escapedJava>
  <property name="startLine">123</property>
  <property name="stepIndex">37</property>
</record>
<record>
  <date>2026-05-26T21:35:08.099846200Z</date>
  <millis>1779831308099</millis>
  <nanos>846200</nanos>
  <sequence>709</sequence>
  <level>PASSED</level>
  <class>com.kms.katalon.core.logging.XmlKeywordLogger</class>
  <method>logMessage</method>
  <thread>1</thread>
  <message>Delayed 2 second(s)</message>
  <nestedLevel>1</nestedLevel>
  <escapedJava>false</escapedJava>
  <property name="testops-method-name">com.kms.katalon.core.keyword.builtin.DelayKeyword.delay</property>
  <property name="testops-execution-stacktrace"></property>
</record>
<record>
  <date>2026-05-26T21:35:08.099846200Z</date>
  <millis>1779831308099</millis>
  <nanos>846200</nanos>
  <sequence>710</sequence>
  <level>END</level>
  <class>com.kms.katalon.core.logging.XmlKeywordLogger</class>
  <method>endKeyword</method>
  <thread>1</thread>
  <message>End action : delay(2)</message>
  <nestedLevel>1</nestedLevel>
  <escapedJava>false</escapedJava>
</record>
<record>
  <date>2026-05-26T21:35:08.099846200Z</date>
  <millis>1779831308099</millis>
  <nanos>846200</nanos>
  <sequence>711</sequence>
  <level>START</level>
  <class>com.kms.katalon.core.logging.XmlKeywordLogger</class>
  <method>startKeyword</method>
  <thread>1</thread>
  <message>Start action : println(&amp;quot;Opening ticket&amp;quot;)</message>
  <nestedLevel>1</nestedLevel>
  <escapedJava>false</escapedJava>
  <property name="startLine">128</property>
  <property name="stepIndex">38</property>
</record>
<record>
  <date>2026-05-26T21:35:08.099846200Z</date>
  <millis>1779831308099</millis>
  <nanos>846200</nanos>
  <sequence>712</sequence>
  <level>END</level>
  <class>com.kms.katalon.core.logging.XmlKeywordLogger</class>
  <method>endKeyword</method>
  <thread>1</thread>
  <message>End action : println(&amp;quot;Opening ticket&amp;quot;)</message>
  <nestedLevel>1</nestedLevel>
  <escapedJava>false</escapedJava>
</record>
<record>
  <date>2026-05-26T21:35:08.107976500Z</date>
  <millis>1779831308107</millis>
  <nanos>976500</nanos>
  <sequence>713</sequence>
  <level>START</level>
  <class>com.kms.katalon.core.logging.XmlKeywordLogger</class>
  <method>startKeyword</method>
  <thread>1</thread>
  <message>Start action : try</message>
  <nestedLevel>1</nestedLevel>
  <escapedJava>false</escapedJava>
  <property name="startLine">130</property>
  <property name="stepIndex">39</property>
</record>
<record>
  <date>2026-05-26T21:35:08.107976500Z</date>
  <millis>1779831308107</millis>
  <nanos>976500</nanos>
  <sequence>714</sequence>
  <level>START</level>
  <class>com.kms.katalon.core.logging.XmlKeywordLogger</class>
  <method>startKeyword</method>
  <thread>1</thread>
  <message>Start action : click(titleLink)</message>
  <nestedLevel>2</nestedLevel>
  <escapedJava>false</escapedJava>
  <property name="startLine">131</property>
  <property name="stepIndex">1</property>
</record>
<record>
  <date>2026-05-26T21:35:18.952560300Z</date>
  <millis>1779831318952</millis>
  <nanos>560300</nanos>
  <sequence>724</sequence>
  <level>PASSED</level>
  <class>com.kms.katalon.core.logging.XmlKeywordLogger</class>
  <method>logMessage</method>
  <thread>1</thread>
  <message>Object: &amp;apos;&amp;apos; is clicked on</message>
  <nestedLevel>1</nestedLevel>
  <escapedJava>false</escapedJava>
  <property name="testops-method-name">com.kms.katalon.core.webui.keyword.internal.WebUIKeywordMain.runKeywordUntilTimeout</property>
  <property name="testops-execution-stacktrace">com.kms.katalon.core.logging.KeywordLogger.logPassed(KeywordLogger.java:350)
com.kms.katalon.core.logging.KeywordLogger.logPassed(KeywordLogger.java:345)
com.kms.katalon.core.webui.keyword.builtin.ClickKeyword$_click_closure1.doCall(ClickKeyword.groovy:66)
java.base/jdk.internal.reflect.DirectMethodHandleAccessor.invoke(DirectMethodHandleAccessor.java:103)
jdk.proxy2/jdk.proxy2.$Proxy56.execute(Unknown Source)
com.kms.katalon.core.webui.model.SeleniumActionRetryController.performAction(SeleniumActionRetryController.java:96)
com.kms.katalon.core.webui.model.SeleniumActionRetryController.performAction(SeleniumActionRetryController.java:83)
com.kms.katalon.core.webui.keyword.internal.WebUIKeywordMain$_runKeywordUntilTimeout_closure1.doCall(WebUIKeywordMain.groovy:135)
com.kms.katalon.core.webui.keyword.internal.WebUIKeywordMain$_runKeywordUntilTimeout_closure1.call(WebUIKeywordMain.groovy)
com.kms.katalon.core.webui.keyword.internal.WebUIKeywordMain.runKeyword(WebUIKeywordMain.groovy:41)
com.kms.katalon.core.webui.keyword.internal.WebUIKeywordMain.runKeywordUntilTimeout(WebUIKeywordMain.groovy:133)
com.kms.katalon.core.webui.keyword.builtin.ClickKeyword.click(ClickKeyword.groovy:72)
com.kms.katalon.core.webui.keyword.builtin.ClickKeyword.execute(ClickKeyword.groovy:38)
com.kms.katalon.core.keyword.internal.KeywordExecutor.executeKeywordForPlatform(KeywordExecutor.groovy:99)
com.kms.katalon.core.webui.keyword.WebUiBuiltInKeywords.click(WebUiBuiltInKeywords.groovy:722)
TC_Open_Task_Details.run(TC_Open_Task_Details:131)
</property>
</record>
<record>
  <date>2026-05-26T21:35:18.964895400Z</date>
  <millis>1779831318964</millis>
  <nanos>895400</nanos>
  <sequence>725</sequence>
  <level>END</level>
  <class>com.kms.katalon.core.logging.XmlKeywordLogger</class>
  <method>endKeyword</method>
  <thread>1</thread>
  <message>End action : click(titleLink)</message>
  <nestedLevel>2</nestedLevel>
  <escapedJava>false</escapedJava>
</record>
<record>
  <date>2026-05-26T21:35:18.969041Z</date>
  <millis>1779831318969</millis>
  <nanos>41000</nanos>
  <sequence>726</sequence>
  <level>END</level>
  <class>com.kms.katalon.core.logging.XmlKeywordLogger</class>
  <method>endKeyword</method>
  <thread>1</thread>
  <message>End action : try</message>
  <nestedLevel>1</nestedLevel>
  <escapedJava>false</escapedJava>
</record>
<record>
  <date>2026-05-26T21:35:18.969041Z</date>
  <millis>1779831318969</millis>
  <nanos>41000</nanos>
  <sequence>727</sequence>
  <level>START</level>
  <class>com.kms.katalon.core.logging.XmlKeywordLogger</class>
  <method>startKeyword</method>
  <thread>1</thread>
  <message>Start action : opened = false</message>
  <nestedLevel>1</nestedLevel>
  <escapedJava>false</escapedJava>
  <property name="startLine">142</property>
  <property name="stepIndex">42</property>
</record>
<record>
  <date>2026-05-26T21:35:18.969041Z</date>
  <millis>1779831318969</millis>
  <nanos>41000</nanos>
  <sequence>728</sequence>
  <level>END</level>
  <class>com.kms.katalon.core.logging.XmlKeywordLogger</class>
  <method>endKeyword</method>
  <thread>1</thread>
  <message>End action : opened = false</message>
  <nestedLevel>1</nestedLevel>
  <escapedJava>false</escapedJava>
</record>
<record>
  <date>2026-05-26T21:35:18.973486100Z</date>
  <millis>1779831318973</millis>
  <nanos>486100</nanos>
  <sequence>729</sequence>
  <level>START</level>
  <class>com.kms.katalon.core.logging.XmlKeywordLogger</class>
  <method>startKeyword</method>
  <thread>1</thread>
  <message>Start action : for ([i = 0, i &amp;lt; 30, (i++)])</message>
  <nestedLevel>1</nestedLevel>
  <escapedJava>false</escapedJava>
  <property name="startLine">144</property>
  <property name="stepIndex">43</property>
</record>
<record>
  <date>2026-05-26T21:35:18.977616100Z</date>
  <millis>1779831318977</millis>
  <nanos>616100</nanos>
  <sequence>730</sequence>
  <level>START</level>
  <class>com.kms.katalon.core.logging.XmlKeywordLogger</class>
  <method>startKeyword</method>
  <thread>1</thread>
  <message>Start action : delay(1)</message>
  <nestedLevel>2</nestedLevel>
  <escapedJava>false</escapedJava>
  <property name="startLine">145</property>
  <property name="stepIndex">1</property>
</record>
<record>
  <date>2026-05-26T21:35:19.996020300Z</date>
  <millis>1779831319996</millis>
  <nanos>20300</nanos>
  <sequence>733</sequence>
  <level>PASSED</level>
  <class>com.kms.katalon.core.logging.XmlKeywordLogger</class>
  <method>logMessage</method>
  <thread>1</thread>
  <message>Delayed 1 second(s)</message>
  <nestedLevel>1</nestedLevel>
  <escapedJava>false</escapedJava>
  <property name="testops-method-name">com.kms.katalon.core.keyword.builtin.DelayKeyword.delay</property>
  <property name="testops-execution-stacktrace"></property>
</record>
<record>
  <date>2026-05-26T21:35:20.000084500Z</date>
  <millis>1779831320000</millis>
  <nanos>84500</nanos>
  <sequence>734</sequence>
  <level>END</level>
  <class>com.kms.katalon.core.logging.XmlKeywordLogger</class>
  <method>endKeyword</method>
  <thread>1</thread>
  <message>End action : delay(1)</message>
  <nestedLevel>2</nestedLevel>
  <escapedJava>false</escapedJava>
</record>
<record>
  <date>2026-05-26T21:35:20.002458300Z</date>
  <millis>1779831320002</millis>
  <nanos>458300</nanos>
  <sequence>735</sequence>
  <level>START</level>
  <class>com.kms.katalon.core.logging.XmlKeywordLogger</class>
  <method>startKeyword</method>
  <thread>1</thread>
  <message>Start action : details = new com.kms.katalon.core.testobject.TestObject()</message>
  <nestedLevel>2</nestedLevel>
  <escapedJava>false</escapedJava>
  <property name="startLine">147</property>
  <property name="stepIndex">2</property>
</record>
<record>
  <date>2026-05-26T21:35:20.004276100Z</date>
  <millis>1779831320004</millis>
  <nanos>276100</nanos>
  <sequence>736</sequence>
  <level>END</level>
  <class>com.kms.katalon.core.logging.XmlKeywordLogger</class>
  <method>endKeyword</method>
  <thread>1</thread>
  <message>End action : details = new com.kms.katalon.core.testobject.TestObject()</message>
  <nestedLevel>2</nestedLevel>
  <escapedJava>false</escapedJava>
</record>
<record>
  <date>2026-05-26T21:35:20.004276100Z</date>
  <millis>1779831320004</millis>
  <nanos>276100</nanos>
  <sequence>737</sequence>
  <level>START</level>
  <class>com.kms.katalon.core.logging.XmlKeywordLogger</class>
  <method>startKeyword</method>
  <thread>1</thread>
  <message>Start action : details.addProperty(&amp;quot;xpath&amp;quot;, EQUALS, &amp;quot;\n//*[contains(text(),&amp;apos;Priority&amp;apos;)]\n|\n//*[contains(text(),&amp;apos;Task Details&amp;apos;)]\n|\n//*[contains(text(),&amp;apos;Queue&amp;apos;)]\n&amp;quot;)</message>
  <nestedLevel>2</nestedLevel>
  <escapedJava>false</escapedJava>
  <property name="startLine">149</property>
  <property name="stepIndex">3</property>
</record>
<record>
  <date>2026-05-26T21:35:20.011515700Z</date>
  <millis>1779831320011</millis>
  <nanos>515700</nanos>
  <sequence>738</sequence>
  <level>END</level>
  <class>com.kms.katalon.core.logging.XmlKeywordLogger</class>
  <method>endKeyword</method>
  <thread>1</thread>
  <message>End action : details.addProperty(&amp;quot;xpath&amp;quot;, EQUALS, &amp;quot;\n//*[contains(text(),&amp;apos;Priority&amp;apos;)]\n|\n//*[contains(text(),&amp;apos;Task Details&amp;apos;)]\n|\n//*[contains(text(),&amp;apos;Queue&amp;apos;)]\n&amp;quot;)</message>
  <nestedLevel>2</nestedLevel>
  <escapedJava>false</escapedJava>
</record>
<record>
  <date>2026-05-26T21:35:20.013542400Z</date>
  <millis>1779831320013</millis>
  <nanos>542400</nanos>
  <sequence>739</sequence>
  <level>START</level>
  <class>com.kms.katalon.core.logging.XmlKeywordLogger</class>
  <method>startKeyword</method>
  <thread>1</thread>
  <message>Start action : if (verifyElementPresent(details, 1, OPTIONAL))</message>
  <nestedLevel>2</nestedLevel>
  <escapedJava>false</escapedJava>
  <property name="startLine">151</property>
  <property name="stepIndex">4</property>
</record>
<record>
  <date>2026-05-26T21:35:21.414059Z</date>
  <millis>1779831321414</millis>
  <nanos>59000</nanos>
  <sequence>744</sequence>
  <level>PASSED</level>
  <class>com.kms.katalon.core.logging.XmlKeywordLogger</class>
  <method>logMessage</method>
  <thread>1</thread>
  <message>Object &amp;apos;&amp;apos; is present</message>
  <nestedLevel>1</nestedLevel>
  <escapedJava>false</escapedJava>
  <property name="testops-is-assertion">true</property>
  <property name="testops-method-name">com.kms.katalon.core.webui.keyword.builtin.VerifyElementPresentKeyword.verifyElementPresent</property>
  <property name="testops-execution-stacktrace"></property>
</record>
<record>
  <date>2026-05-26T21:35:21.414059Z</date>
  <millis>1779831321414</millis>
  <nanos>59000</nanos>
  <sequence>745</sequence>
  <level>START</level>
  <class>com.kms.katalon.core.logging.XmlKeywordLogger</class>
  <method>startKeyword</method>
  <thread>1</thread>
  <message>Start action : opened = true</message>
  <nestedLevel>3</nestedLevel>
  <escapedJava>false</escapedJava>
  <property name="startLine">152</property>
  <property name="stepIndex">1</property>
</record>
<record>
  <date>2026-05-26T21:35:21.421549900Z</date>
  <millis>1779831321421</millis>
  <nanos>549900</nanos>
  <sequence>746</sequence>
  <level>END</level>
  <class>com.kms.katalon.core.logging.XmlKeywordLogger</class>
  <method>endKeyword</method>
  <thread>1</thread>
  <message>End action : opened = true</message>
  <nestedLevel>3</nestedLevel>
  <escapedJava>false</escapedJava>
</record>
<record>
  <date>2026-05-26T21:35:21.421549900Z</date>
  <millis>1779831321421</millis>
  <nanos>549900</nanos>
  <sequence>747</sequence>
  <level>START</level>
  <class>com.kms.katalon.core.logging.XmlKeywordLogger</class>
  <method>startKeyword</method>
  <thread>1</thread>
  <message>Start action : break</message>
  <nestedLevel>3</nestedLevel>
  <escapedJava>false</escapedJava>
  <property name="startLine">154</property>
  <property name="stepIndex">2</property>
</record>
<record>
  <date>2026-05-26T21:35:21.421549900Z</date>
  <millis>1779831321421</millis>
  <nanos>549900</nanos>
  <sequence>748</sequence>
  <level>END</level>
  <class>com.kms.katalon.core.logging.XmlKeywordLogger</class>
  <method>endKeyword</method>
  <thread>1</thread>
  <message>End action : break</message>
  <nestedLevel>3</nestedLevel>
  <escapedJava>false</escapedJava>
</record>
<record>
  <date>2026-05-26T21:35:21.421549900Z</date>
  <millis>1779831321421</millis>
  <nanos>549900</nanos>
  <sequence>749</sequence>
  <level>END</level>
  <class>com.kms.katalon.core.logging.XmlKeywordLogger</class>
  <method>endKeyword</method>
  <thread>1</thread>
  <message>End action : if (verifyElementPresent(details, 1, OPTIONAL))</message>
  <nestedLevel>2</nestedLevel>
  <escapedJava>false</escapedJava>
</record>
<record>
  <date>2026-05-26T21:35:21.421549900Z</date>
  <millis>1779831321421</millis>
  <nanos>549900</nanos>
  <sequence>750</sequence>
  <level>END</level>
  <class>com.kms.katalon.core.logging.XmlKeywordLogger</class>
  <method>endKeyword</method>
  <thread>1</thread>
  <message>End action : for ([i = 0, i &amp;lt; 30, (i++)])</message>
  <nestedLevel>1</nestedLevel>
  <escapedJava>false</escapedJava>
</record>
<record>
  <date>2026-05-26T21:35:21.426781300Z</date>
  <millis>1779831321426</millis>
  <nanos>781300</nanos>
  <sequence>751</sequence>
  <level>START</level>
  <class>com.kms.katalon.core.logging.XmlKeywordLogger</class>
  <method>startKeyword</method>
  <thread>1</thread>
  <message>Start action : if (!(opened))</message>
  <nestedLevel>1</nestedLevel>
  <escapedJava>false</escapedJava>
  <property name="startLine">158</property>
  <property name="stepIndex">44</property>
</record>
<record>
  <date>2026-05-26T21:35:21.431278100Z</date>
  <millis>1779831321431</millis>
  <nanos>278100</nanos>
  <sequence>752</sequence>
  <level>END</level>
  <class>com.kms.katalon.core.logging.XmlKeywordLogger</class>
  <method>endKeyword</method>
  <thread>1</thread>
  <message>End action : if (!(opened))</message>
  <nestedLevel>1</nestedLevel>
  <escapedJava>false</escapedJava>
</record>
<record>
  <date>2026-05-26T21:35:21.431278100Z</date>
  <millis>1779831321431</millis>
  <nanos>278100</nanos>
  <sequence>753</sequence>
  <level>START</level>
  <class>com.kms.katalon.core.logging.XmlKeywordLogger</class>
  <method>startKeyword</method>
  <thread>1</thread>
  <message>Start action : println(&amp;quot;TASK DETAILS OPENED → &amp;quot; + ticketId)</message>
  <nestedLevel>1</nestedLevel>
  <escapedJava>false</escapedJava>
  <property name="startLine">164</property>
  <property name="stepIndex">45</property>
</record>
<record>
  <date>2026-05-26T21:35:21.437169100Z</date>
  <millis>1779831321437</millis>
  <nanos>169100</nanos>
  <sequence>754</sequence>
  <level>END</level>
  <class>com.kms.katalon.core.logging.XmlKeywordLogger</class>
  <method>endKeyword</method>
  <thread>1</thread>
  <message>End action : println(&amp;quot;TASK DETAILS OPENED → &amp;quot; + ticketId)</message>
  <nestedLevel>1</nestedLevel>
  <escapedJava>false</escapedJava>
</record>
<record>
  <date>2026-05-26T21:35:21.437169100Z</date>
  <millis>1779831321437</millis>
  <nanos>169100</nanos>
  <sequence>755</sequence>
  <level>PASSED</level>
  <class>com.kms.katalon.core.logging.XmlKeywordLogger</class>
  <method>logMessage</method>
  <thread>1</thread>
  <message>Test Cases/Setup/TC_Open_Task_Details</message>
  <nestedLevel>1</nestedLevel>
  <escapedJava>false</escapedJava>
</record>
<record>
  <date>2026-05-26T21:35:21.437169100Z</date>
  <millis>1779831321437</millis>
  <nanos>169100</nanos>
  <sequence>756</sequence>
  <level>END</level>
  <class>com.kms.katalon.core.logging.XmlKeywordLogger</class>
  <method>endTest</method>
  <thread>1</thread>
  <message>End Test Case : Test Cases/Setup/TC_Open_Task_Details</message>
  <nestedLevel>0</nestedLevel>
  <escapedJava>false</escapedJava>
  <property name="executionBindingVariables">[]</property>
  <property name="applitools">false</property>
  <property name="remainingRetryCount">3</property>
  <property name="executedKeywords">{
  &quot;WebUI.waitForElementVisible&quot;: 3,
  &quot;WebUI.clearText&quot;: 1,
  &quot;WebUI.scrollToElement&quot;: 1,
  &quot;BuiltIn.delay&quot;: 6,
  &quot;WebUI.findWebElement&quot;: 1,
  &quot;WebUI.verifyElementPresent&quot;: 1,
  &quot;WebUI.getText&quot;: 1,
  &quot;WebUI.click&quot;: 4,
  &quot;WebUI.waitForPageLoad&quot;: 3,
  &quot;WebUI.sendKeys&quot;: 1,
  &quot;WebUI.executeJavaScript&quot;: 1,
  &quot;WebUI.waitForElementPresent&quot;: 1,
  &quot;WebUI.setText&quot;: 1
}</property>
  <property name="currentRetryCount">0</property>
  <property name="keywordsUsage">{
  &quot;web_ui&quot;: true,
  &quot;web_service&quot;: false,
  &quot;cucumber&quot;: false,
  &quot;builtin&quot;: true,
  &quot;mobile&quot;: false,
  &quot;windows&quot;: false,
  &quot;testng&quot;: false
}</property>
</record>
<record>
  <date>2026-05-26T21:35:21.452643900Z</date>
  <millis>1779831321452</millis>
  <nanos>643900</nanos>
  <sequence>757</sequence>
  <level>START</level>
  <class>com.kms.katalon.core.logging.XmlKeywordLogger</class>
  <method>startTest</method>
  <thread>1</thread>
  <message>Start Test Case : Test Cases/TaskActions/Uploads/Upload_File_From_Govdrive</message>
  <nestedLevel>1</nestedLevel>
  <escapedJava>false</escapedJava>
  <property name="remainingRetryCount">3</property>
  <property name="origin"></property>
  <property name="name">Test Cases/TaskActions/Uploads/Upload_File_From_Govdrive</property>
  <property name="description"></property>
  <property name="iteration"></property>
  <property name="id">Test Cases/TaskActions/Uploads/Upload_File_From_Govdrive</property>
  <property name="source">C:\Users\CROWN-STAFF\git\convergence-qa-tests\Test Cases\TaskActions\Uploads\Upload_File_From_Govdrive.tc</property>
  <property name="tag"></property>
  <property name="isOptional">false</property>
  <property name="uuid">2ee63549-6b97-4045-b733-6c315ae6f656</property>
  <property name="currentRetryCount">0</property>
</record>
<record>
  <date>2026-05-26T21:35:21.750863100Z</date>
  <millis>1779831321750</millis>
  <nanos>863100</nanos>
  <sequence>759</sequence>
  <level>RUN_DATA</level>
  <class>com.kms.katalon.core.logging.XmlKeywordLogger</class>
  <method>logMessage</method>
  <thread>1</thread>
  <message>executionBindingVariables = []</message>
  <nestedLevel>1</nestedLevel>
  <escapedJava>false</escapedJava>
  <property name="executionBindingVariables">[]</property>
</record>
<record>
  <date>2026-05-26T21:35:22.455265400Z</date>
  <millis>1779831322455</millis>
  <nanos>265400</nanos>
  <sequence>760</sequence>
  <level>START</level>
  <class>com.kms.katalon.core.logging.XmlKeywordLogger</class>
  <method>startKeyword</method>
  <thread>1</thread>
  <message>Start action : driver = getWebDriver()</message>
  <nestedLevel>1</nestedLevel>
  <escapedJava>false</escapedJava>
  <property name="startLine">15</property>
  <property name="stepIndex">1</property>
</record>
<record>
  <date>2026-05-26T21:35:22.462742700Z</date>
  <millis>1779831322462</millis>
  <nanos>742700</nanos>
  <sequence>761</sequence>
  <level>END</level>
  <class>com.kms.katalon.core.logging.XmlKeywordLogger</class>
  <method>endKeyword</method>
  <thread>1</thread>
  <message>End action : driver = getWebDriver()</message>
  <nestedLevel>1</nestedLevel>
  <escapedJava>false</escapedJava>
</record>
<record>
  <date>2026-05-26T21:35:22.464761800Z</date>
  <millis>1779831322464</millis>
  <nanos>761800</nanos>
  <sequence>762</sequence>
  <level>START</level>
  <class>com.kms.katalon.core.logging.XmlKeywordLogger</class>
  <method>startKeyword</method>
  <thread>1</thread>
  <message>Start action : switchToDefaultContent()</message>
  <nestedLevel>1</nestedLevel>
  <escapedJava>false</escapedJava>
  <property name="startLine">17</property>
  <property name="stepIndex">2</property>
</record>
<record>
  <date>2026-05-26T21:35:22.540297700Z</date>
  <millis>1779831322540</millis>
  <nanos>297700</nanos>
  <sequence>765</sequence>
  <level>END</level>
  <class>com.kms.katalon.core.logging.XmlKeywordLogger</class>
  <method>endKeyword</method>
  <thread>1</thread>
  <message>End action : switchToDefaultContent()</message>
  <nestedLevel>1</nestedLevel>
  <escapedJava>false</escapedJava>
</record>
<record>
  <date>2026-05-26T21:35:22.542848400Z</date>
  <millis>1779831322542</millis>
  <nanos>848400</nanos>
  <sequence>766</sequence>
  <level>START</level>
  <class>com.kms.katalon.core.logging.XmlKeywordLogger</class>
  <method>startKeyword</method>
  <thread>1</thread>
  <message>Start action : waitForPageLoad(30)</message>
  <nestedLevel>1</nestedLevel>
  <escapedJava>false</escapedJava>
  <property name="startLine">18</property>
  <property name="stepIndex">3</property>
</record>
<record>
  <date>2026-05-26T21:35:22.567430400Z</date>
  <millis>1779831322567</millis>
  <nanos>430400</nanos>
  <sequence>770</sequence>
  <level>PASSED</level>
  <class>com.kms.katalon.core.logging.XmlKeywordLogger</class>
  <method>logMessage</method>
  <thread>1</thread>
  <message>Wait for page load successfully</message>
  <nestedLevel>1</nestedLevel>
  <escapedJava>false</escapedJava>
  <property name="testops-method-name">com.kms.katalon.core.webui.keyword.internal.WebUIKeywordMain$runKeyword$0.call</property>
  <property name="testops-execution-stacktrace">com.kms.katalon.core.logging.KeywordLogger.logPassed(KeywordLogger.java:350)
com.kms.katalon.core.logging.KeywordLogger.logPassed(KeywordLogger.java:345)
com.kms.katalon.core.logging.KeywordLogger$logPassed$0.call(Unknown Source)
com.kms.katalon.core.webui.keyword.builtin.WaitForPageLoadKeyword$_waitForPageLoad_closure1.doCall(WaitForPageLoadKeyword.groovy:94)
com.kms.katalon.core.webui.keyword.builtin.WaitForPageLoadKeyword$_waitForPageLoad_closure1.doCall(WaitForPageLoadKeyword.groovy)
java.base/jdk.internal.reflect.DirectMethodHandleAccessor.invoke(DirectMethodHandleAccessor.java:103)
com.kms.katalon.core.webui.keyword.internal.WebUIKeywordMain.runKeyword(WebUIKeywordMain.groovy:41)
com.kms.katalon.core.webui.keyword.internal.WebUIKeywordMain$runKeyword$0.call(Unknown Source)
com.kms.katalon.core.webui.keyword.builtin.WaitForPageLoadKeyword.waitForPageLoad(WaitForPageLoadKeyword.groovy:95)
com.kms.katalon.core.webui.keyword.builtin.WaitForPageLoadKeyword.execute(WaitForPageLoadKeyword.groovy:68)
com.kms.katalon.core.keyword.internal.KeywordExecutor.executeKeywordForPlatform(KeywordExecutor.groovy:99)
com.kms.katalon.core.webui.keyword.WebUiBuiltInKeywords.waitForPageLoad(WebUiBuiltInKeywords.groovy:2559)
Upload_File_From_Govdrive.run(Upload_File_From_Govdrive:18)
</property>
</record>
<record>
  <date>2026-05-26T21:35:22.572588900Z</date>
  <millis>1779831322572</millis>
  <nanos>588900</nanos>
  <sequence>771</sequence>
  <level>END</level>
  <class>com.kms.katalon.core.logging.XmlKeywordLogger</class>
  <method>endKeyword</method>
  <thread>1</thread>
  <message>End action : waitForPageLoad(30)</message>
  <nestedLevel>1</nestedLevel>
  <escapedJava>false</escapedJava>
</record>
<record>
  <date>2026-05-26T21:35:22.572588900Z</date>
  <millis>1779831322572</millis>
  <nanos>588900</nanos>
  <sequence>772</sequence>
  <level>START</level>
  <class>com.kms.katalon.core.logging.XmlKeywordLogger</class>
  <method>startKeyword</method>
  <thread>1</thread>
  <message>Start action : println(&amp;quot;Starting upload flow&amp;quot;)</message>
  <nestedLevel>1</nestedLevel>
  <escapedJava>false</escapedJava>
  <property name="startLine">20</property>
  <property name="stepIndex">4</property>
</record>
<record>
  <date>2026-05-26T21:35:22.584874500Z</date>
  <millis>1779831322584</millis>
  <nanos>874500</nanos>
  <sequence>773</sequence>
  <level>END</level>
  <class>com.kms.katalon.core.logging.XmlKeywordLogger</class>
  <method>endKeyword</method>
  <thread>1</thread>
  <message>End action : println(&amp;quot;Starting upload flow&amp;quot;)</message>
  <nestedLevel>1</nestedLevel>
  <escapedJava>false</escapedJava>
</record>
<record>
  <date>2026-05-26T21:35:22.587084500Z</date>
  <millis>1779831322587</millis>
  <nanos>84500</nanos>
  <sequence>774</sequence>
  <level>START</level>
  <class>com.kms.katalon.core.logging.XmlKeywordLogger</class>
  <method>startKeyword</method>
  <thread>1</thread>
  <message>Start action : waitForElementVisible(findTestObject(&amp;quot;Page_Work Order  View- Workforce Manager/a_dLabel&amp;quot;), 30)</message>
  <nestedLevel>1</nestedLevel>
  <escapedJava>false</escapedJava>
  <property name="startLine">26</property>
  <property name="stepIndex">5</property>
</record>
<record>
  <date>2026-05-26T21:35:25.616288400Z</date>
  <millis>1779831325616</millis>
  <nanos>288400</nanos>
  <sequence>781</sequence>
  <level>PASSED</level>
  <class>com.kms.katalon.core.logging.XmlKeywordLogger</class>
  <method>logMessage</method>
  <thread>1</thread>
  <message>Object &amp;apos;Object Repository/Page_Work Order  View- Workforce Manager/a_dLabel&amp;apos; is visible</message>
  <nestedLevel>1</nestedLevel>
  <escapedJava>false</escapedJava>
  <property name="testops-method-name">com.kms.katalon.core.webui.keyword.internal.WebUIKeywordMain.runKeywordUntilTimeout</property>
  <property name="testops-execution-stacktrace">com.kms.katalon.core.logging.KeywordLogger.logPassed(KeywordLogger.java:350)
com.kms.katalon.core.logging.KeywordLogger.logPassed(KeywordLogger.java:345)
com.kms.katalon.core.logging.KeywordLogger$logPassed$0.call(Unknown Source)
com.kms.katalon.core.webui.keyword.builtin.WaitForElementVisibleKeyword$_waitForElementVisible_closure1.doCall(WaitForElementVisibleKeyword.groovy:86)
java.base/jdk.internal.reflect.DirectMethodHandleAccessor.invoke(DirectMethodHandleAccessor.java:103)
jdk.proxy2/jdk.proxy2.$Proxy56.execute(Unknown Source)
com.kms.katalon.core.webui.model.SeleniumActionRetryController.performAction(SeleniumActionRetryController.java:96)
com.kms.katalon.core.webui.model.SeleniumActionRetryController.performAction(SeleniumActionRetryController.java:83)
com.kms.katalon.core.webui.keyword.internal.WebUIKeywordMain$_runKeywordUntilTimeout_closure2.doCall(WebUIKeywordMain.groovy:155)
com.kms.katalon.core.webui.keyword.internal.WebUIKeywordMain$_runKeywordUntilTimeout_closure2.call(WebUIKeywordMain.groovy)
com.kms.katalon.core.webui.keyword.internal.WebUIKeywordMain.runKeyword(WebUIKeywordMain.groovy:41)
com.kms.katalon.core.webui.keyword.internal.WebUIKeywordMain.runKeywordUntilTimeout(WebUIKeywordMain.groovy:152)
com.kms.katalon.core.webui.keyword.internal.WebUIKeywordMain$runKeywordUntilTimeout.call(Unknown Source)
com.kms.katalon.core.webui.keyword.builtin.WaitForElementVisibleKeyword.waitForElementVisible(WaitForElementVisibleKeyword.groovy:101)
com.kms.katalon.core.webui.keyword.builtin.WaitForElementVisibleKeyword.execute(WaitForElementVisibleKeyword.groovy:69)
com.kms.katalon.core.keyword.internal.KeywordExecutor.executeKeywordForPlatform(KeywordExecutor.groovy:99)
com.kms.katalon.core.webui.keyword.WebUiBuiltInKeywords.waitForElementVisible(WebUiBuiltInKeywords.groovy:515)
Upload_File_From_Govdrive.run(Upload_File_From_Govdrive:27)
</property>
</record>
<record>
  <date>2026-05-26T21:35:25.620786Z</date>
  <millis>1779831325620</millis>
  <nanos>786000</nanos>
  <sequence>782</sequence>
  <level>END</level>
  <class>com.kms.katalon.core.logging.XmlKeywordLogger</class>
  <method>endKeyword</method>
  <thread>1</thread>
  <message>End action : waitForElementVisible(findTestObject(&amp;quot;Page_Work Order  View- Workforce Manager/a_dLabel&amp;quot;), 30)</message>
  <nestedLevel>1</nestedLevel>
  <escapedJava>false</escapedJava>
</record>
<record>
  <date>2026-05-26T21:35:25.623131300Z</date>
  <millis>1779831325623</millis>
  <nanos>131300</nanos>
  <sequence>783</sequence>
  <level>START</level>
  <class>com.kms.katalon.core.logging.XmlKeywordLogger</class>
  <method>startKeyword</method>
  <thread>1</thread>
  <message>Start action : waitForElementClickable(findTestObject(&amp;quot;Page_Work Order  View- Workforce Manager/a_dLabel&amp;quot;), 30)</message>
  <nestedLevel>1</nestedLevel>
  <escapedJava>false</escapedJava>
  <property name="startLine">33</property>
  <property name="stepIndex">6</property>
</record>
<record>
  <date>2026-05-26T21:35:27.071202300Z</date>
  <millis>1779831327071</millis>
  <nanos>202300</nanos>
  <sequence>790</sequence>
  <level>PASSED</level>
  <class>com.kms.katalon.core.logging.XmlKeywordLogger</class>
  <method>logMessage</method>
  <thread>1</thread>
  <message>Object &amp;apos;Object Repository/Page_Work Order  View- Workforce Manager/a_dLabel&amp;apos; is clickable</message>
  <nestedLevel>1</nestedLevel>
  <escapedJava>false</escapedJava>
  <property name="testops-method-name">com.kms.katalon.core.webui.keyword.internal.WebUIKeywordMain.runKeywordUntilTimeout</property>
  <property name="testops-execution-stacktrace">com.kms.katalon.core.logging.KeywordLogger.logPassed(KeywordLogger.java:350)
com.kms.katalon.core.logging.KeywordLogger.logPassed(KeywordLogger.java:345)
com.kms.katalon.core.logging.KeywordLogger$logPassed$0.call(Unknown Source)
com.kms.katalon.core.webui.keyword.builtin.WaitForElementClickableKeyword$_waitForElementClickable_closure1.doCall(WaitForElementClickableKeyword.groovy:59)
java.base/jdk.internal.reflect.DirectMethodHandleAccessor.invoke(DirectMethodHandleAccessor.java:103)
jdk.proxy2/jdk.proxy2.$Proxy56.execute(Unknown Source)
com.kms.katalon.core.webui.model.SeleniumActionRetryController.performAction(SeleniumActionRetryController.java:96)
com.kms.katalon.core.webui.model.SeleniumActionRetryController.performAction(SeleniumActionRetryController.java:83)
com.kms.katalon.core.webui.keyword.internal.WebUIKeywordMain$_runKeywordUntilTimeout_closure2.doCall(WebUIKeywordMain.groovy:155)
com.kms.katalon.core.webui.keyword.internal.WebUIKeywordMain$_runKeywordUntilTimeout_closure2.call(WebUIKeywordMain.groovy)
com.kms.katalon.core.webui.keyword.internal.WebUIKeywordMain.runKeyword(WebUIKeywordMain.groovy:41)
com.kms.katalon.core.webui.keyword.internal.WebUIKeywordMain.runKeywordUntilTimeout(WebUIKeywordMain.groovy:152)
com.kms.katalon.core.webui.keyword.internal.WebUIKeywordMain$runKeywordUntilTimeout.call(Unknown Source)
com.kms.katalon.core.webui.keyword.builtin.WaitForElementClickableKeyword.waitForElementClickable(WaitForElementClickableKeyword.groovy:76)
com.kms.katalon.core.webui.keyword.builtin.WaitForElementClickableKeyword.execute(WaitForElementClickableKeyword.groovy:42)
com.kms.katalon.core.keyword.internal.KeywordExecutor.executeKeywordForPlatform(KeywordExecutor.groovy:99)
com.kms.katalon.core.webui.keyword.WebUiBuiltInKeywords.waitForElementClickable(WebUiBuiltInKeywords.groovy:581)
Upload_File_From_Govdrive.run(Upload_File_From_Govdrive:34)
</property>
</record>
<record>
  <date>2026-05-26T21:35:27.077853300Z</date>
  <millis>1779831327077</millis>
  <nanos>853300</nanos>
  <sequence>791</sequence>
  <level>END</level>
  <class>com.kms.katalon.core.logging.XmlKeywordLogger</class>
  <method>endKeyword</method>
  <thread>1</thread>
  <message>End action : waitForElementClickable(findTestObject(&amp;quot;Page_Work Order  View- Workforce Manager/a_dLabel&amp;quot;), 30)</message>
  <nestedLevel>1</nestedLevel>
  <escapedJava>false</escapedJava>
</record>
<record>
  <date>2026-05-26T21:35:27.079635400Z</date>
  <millis>1779831327079</millis>
  <nanos>635400</nanos>
  <sequence>792</sequence>
  <level>START</level>
  <class>com.kms.katalon.core.logging.XmlKeywordLogger</class>
  <method>startKeyword</method>
  <thread>1</thread>
  <message>Start action : click(findTestObject(&amp;quot;Page_Work Order  View- Workforce Manager/a_dLabel&amp;quot;))</message>
  <nestedLevel>1</nestedLevel>
  <escapedJava>false</escapedJava>
  <property name="startLine">40</property>
  <property name="stepIndex">7</property>
</record>
<record>
  <date>2026-05-26T21:35:27.987978400Z</date>
  <millis>1779831327987</millis>
  <nanos>978400</nanos>
  <sequence>803</sequence>
  <level>PASSED</level>
  <class>com.kms.katalon.core.logging.XmlKeywordLogger</class>
  <method>logMessage</method>
  <thread>1</thread>
  <message>Object: &amp;apos;Object Repository/Page_Work Order  View- Workforce Manager/a_dLabel&amp;apos; is clicked on</message>
  <nestedLevel>1</nestedLevel>
  <escapedJava>false</escapedJava>
  <property name="testops-method-name">com.kms.katalon.core.webui.keyword.internal.WebUIKeywordMain.runKeywordUntilTimeout</property>
  <property name="testops-execution-stacktrace">com.kms.katalon.core.logging.KeywordLogger.logPassed(KeywordLogger.java:350)
com.kms.katalon.core.logging.KeywordLogger.logPassed(KeywordLogger.java:345)
com.kms.katalon.core.webui.keyword.builtin.ClickKeyword$_click_closure1.doCall(ClickKeyword.groovy:66)
java.base/jdk.internal.reflect.DirectMethodHandleAccessor.invoke(DirectMethodHandleAccessor.java:103)
jdk.proxy2/jdk.proxy2.$Proxy56.execute(Unknown Source)
com.kms.katalon.core.webui.model.SeleniumActionRetryController.performAction(SeleniumActionRetryController.java:96)
com.kms.katalon.core.webui.model.SeleniumActionRetryController.performAction(SeleniumActionRetryController.java:83)
com.kms.katalon.core.webui.keyword.internal.WebUIKeywordMain$_runKeywordUntilTimeout_closure1.doCall(WebUIKeywordMain.groovy:135)
com.kms.katalon.core.webui.keyword.internal.WebUIKeywordMain$_runKeywordUntilTimeout_closure1.call(WebUIKeywordMain.groovy)
com.kms.katalon.core.webui.keyword.internal.WebUIKeywordMain.runKeyword(WebUIKeywordMain.groovy:41)
com.kms.katalon.core.webui.keyword.internal.WebUIKeywordMain.runKeywordUntilTimeout(WebUIKeywordMain.groovy:133)
com.kms.katalon.core.webui.keyword.builtin.ClickKeyword.click(ClickKeyword.groovy:72)
com.kms.katalon.core.webui.keyword.builtin.ClickKeyword.execute(ClickKeyword.groovy:38)
com.kms.katalon.core.keyword.internal.KeywordExecutor.executeKeywordForPlatform(KeywordExecutor.groovy:99)
com.kms.katalon.core.webui.keyword.WebUiBuiltInKeywords.click(WebUiBuiltInKeywords.groovy:722)
Upload_File_From_Govdrive.run(Upload_File_From_Govdrive:41)
</property>
</record>
<record>
  <date>2026-05-26T21:35:27.998469800Z</date>
  <millis>1779831327998</millis>
  <nanos>469800</nanos>
  <sequence>804</sequence>
  <level>END</level>
  <class>com.kms.katalon.core.logging.XmlKeywordLogger</class>
  <method>endKeyword</method>
  <thread>1</thread>
  <message>End action : click(findTestObject(&amp;quot;Page_Work Order  View- Workforce Manager/a_dLabel&amp;quot;))</message>
  <nestedLevel>1</nestedLevel>
  <escapedJava>false</escapedJava>
</record>
<record>
  <date>2026-05-26T21:35:28.000485100Z</date>
  <millis>1779831328000</millis>
  <nanos>485100</nanos>
  <sequence>805</sequence>
  <level>START</level>
  <class>com.kms.katalon.core.logging.XmlKeywordLogger</class>
  <method>startKeyword</method>
  <thread>1</thread>
  <message>Start action : println(&amp;quot;Upload menu opened&amp;quot;)</message>
  <nestedLevel>1</nestedLevel>
  <escapedJava>false</escapedJava>
  <property name="startLine">46</property>
  <property name="stepIndex">8</property>
</record>
<record>
  <date>2026-05-26T21:35:28.004517500Z</date>
  <millis>1779831328004</millis>
  <nanos>517500</nanos>
  <sequence>806</sequence>
  <level>END</level>
  <class>com.kms.katalon.core.logging.XmlKeywordLogger</class>
  <method>endKeyword</method>
  <thread>1</thread>
  <message>End action : println(&amp;quot;Upload menu opened&amp;quot;)</message>
  <nestedLevel>1</nestedLevel>
  <escapedJava>false</escapedJava>
</record>
<record>
  <date>2026-05-26T21:35:28.004517500Z</date>
  <millis>1779831328004</millis>
  <nanos>517500</nanos>
  <sequence>807</sequence>
  <level>START</level>
  <class>com.kms.katalon.core.logging.XmlKeywordLogger</class>
  <method>startKeyword</method>
  <thread>1</thread>
  <message>Start action : waitForElementVisible(findTestObject(&amp;quot;Page_Work Order  View- Workforce Manager/a_cde-upload&amp;quot;), 30)</message>
  <nestedLevel>1</nestedLevel>
  <escapedJava>false</escapedJava>
  <property name="startLine">52</property>
  <property name="stepIndex">9</property>
</record>
<record>
  <date>2026-05-26T21:35:28.586333Z</date>
  <millis>1779831328586</millis>
  <nanos>333000</nanos>
  <sequence>814</sequence>
  <level>PASSED</level>
  <class>com.kms.katalon.core.logging.XmlKeywordLogger</class>
  <method>logMessage</method>
  <thread>1</thread>
  <message>Object &amp;apos;Object Repository/Page_Work Order  View- Workforce Manager/a_cde-upload&amp;apos; is visible</message>
  <nestedLevel>1</nestedLevel>
  <escapedJava>false</escapedJava>
  <property name="testops-method-name">com.kms.katalon.core.webui.keyword.internal.WebUIKeywordMain.runKeywordUntilTimeout</property>
  <property name="testops-execution-stacktrace">com.kms.katalon.core.logging.KeywordLogger.logPassed(KeywordLogger.java:350)
com.kms.katalon.core.logging.KeywordLogger.logPassed(KeywordLogger.java:345)
com.kms.katalon.core.logging.KeywordLogger$logPassed$0.call(Unknown Source)
com.kms.katalon.core.webui.keyword.builtin.WaitForElementVisibleKeyword$_waitForElementVisible_closure1.doCall(WaitForElementVisibleKeyword.groovy:86)
java.base/jdk.internal.reflect.DirectMethodHandleAccessor.invoke(DirectMethodHandleAccessor.java:103)
jdk.proxy2/jdk.proxy2.$Proxy56.execute(Unknown Source)
com.kms.katalon.core.webui.model.SeleniumActionRetryController.performAction(SeleniumActionRetryController.java:96)
com.kms.katalon.core.webui.model.SeleniumActionRetryController.performAction(SeleniumActionRetryController.java:83)
com.kms.katalon.core.webui.keyword.internal.WebUIKeywordMain$_runKeywordUntilTimeout_closure2.doCall(WebUIKeywordMain.groovy:155)
com.kms.katalon.core.webui.keyword.internal.WebUIKeywordMain$_runKeywordUntilTimeout_closure2.call(WebUIKeywordMain.groovy)
com.kms.katalon.core.webui.keyword.internal.WebUIKeywordMain.runKeyword(WebUIKeywordMain.groovy:41)
com.kms.katalon.core.webui.keyword.internal.WebUIKeywordMain.runKeywordUntilTimeout(WebUIKeywordMain.groovy:152)
com.kms.katalon.core.webui.keyword.internal.WebUIKeywordMain$runKeywordUntilTimeout.call(Unknown Source)
com.kms.katalon.core.webui.keyword.builtin.WaitForElementVisibleKeyword.waitForElementVisible(WaitForElementVisibleKeyword.groovy:101)
com.kms.katalon.core.webui.keyword.builtin.WaitForElementVisibleKeyword.execute(WaitForElementVisibleKeyword.groovy:69)
com.kms.katalon.core.keyword.internal.KeywordExecutor.executeKeywordForPlatform(KeywordExecutor.groovy:99)
com.kms.katalon.core.webui.keyword.WebUiBuiltInKeywords.waitForElementVisible(WebUiBuiltInKeywords.groovy:515)
Upload_File_From_Govdrive.run(Upload_File_From_Govdrive:53)
</property>
</record>
<record>
  <date>2026-05-26T21:35:28.596522400Z</date>
  <millis>1779831328596</millis>
  <nanos>522400</nanos>
  <sequence>815</sequence>
  <level>END</level>
  <class>com.kms.katalon.core.logging.XmlKeywordLogger</class>
  <method>endKeyword</method>
  <thread>1</thread>
  <message>End action : waitForElementVisible(findTestObject(&amp;quot;Page_Work Order  View- Workforce Manager/a_cde-upload&amp;quot;), 30)</message>
  <nestedLevel>1</nestedLevel>
  <escapedJava>false</escapedJava>
</record>
<record>
  <date>2026-05-26T21:35:28.596522400Z</date>
  <millis>1779831328596</millis>
  <nanos>522400</nanos>
  <sequence>816</sequence>
  <level>START</level>
  <class>com.kms.katalon.core.logging.XmlKeywordLogger</class>
  <method>startKeyword</method>
  <thread>1</thread>
  <message>Start action : waitForElementClickable(findTestObject(&amp;quot;Page_Work Order  View- Workforce Manager/a_cde-upload&amp;quot;), 30)</message>
  <nestedLevel>1</nestedLevel>
  <escapedJava>false</escapedJava>
  <property name="startLine">59</property>
  <property name="stepIndex">10</property>
</record>
<record>
  <date>2026-05-26T21:35:29.039142500Z</date>
  <millis>1779831329039</millis>
  <nanos>142500</nanos>
  <sequence>823</sequence>
  <level>PASSED</level>
  <class>com.kms.katalon.core.logging.XmlKeywordLogger</class>
  <method>logMessage</method>
  <thread>1</thread>
  <message>Object &amp;apos;Object Repository/Page_Work Order  View- Workforce Manager/a_cde-upload&amp;apos; is clickable</message>
  <nestedLevel>1</nestedLevel>
  <escapedJava>false</escapedJava>
  <property name="testops-method-name">com.kms.katalon.core.webui.keyword.internal.WebUIKeywordMain.runKeywordUntilTimeout</property>
  <property name="testops-execution-stacktrace">com.kms.katalon.core.logging.KeywordLogger.logPassed(KeywordLogger.java:350)
com.kms.katalon.core.logging.KeywordLogger.logPassed(KeywordLogger.java:345)
com.kms.katalon.core.logging.KeywordLogger$logPassed$0.call(Unknown Source)
com.kms.katalon.core.webui.keyword.builtin.WaitForElementClickableKeyword$_waitForElementClickable_closure1.doCall(WaitForElementClickableKeyword.groovy:59)
java.base/jdk.internal.reflect.DirectMethodHandleAccessor.invoke(DirectMethodHandleAccessor.java:103)
jdk.proxy2/jdk.proxy2.$Proxy56.execute(Unknown Source)
com.kms.katalon.core.webui.model.SeleniumActionRetryController.performAction(SeleniumActionRetryController.java:96)
com.kms.katalon.core.webui.model.SeleniumActionRetryController.performAction(SeleniumActionRetryController.java:83)
com.kms.katalon.core.webui.keyword.internal.WebUIKeywordMain$_runKeywordUntilTimeout_closure2.doCall(WebUIKeywordMain.groovy:155)
com.kms.katalon.core.webui.keyword.internal.WebUIKeywordMain$_runKeywordUntilTimeout_closure2.call(WebUIKeywordMain.groovy)
com.kms.katalon.core.webui.keyword.internal.WebUIKeywordMain.runKeyword(WebUIKeywordMain.groovy:41)
com.kms.katalon.core.webui.keyword.internal.WebUIKeywordMain.runKeywordUntilTimeout(WebUIKeywordMain.groovy:152)
com.kms.katalon.core.webui.keyword.internal.WebUIKeywordMain$runKeywordUntilTimeout.call(Unknown Source)
com.kms.katalon.core.webui.keyword.builtin.WaitForElementClickableKeyword.waitForElementClickable(WaitForElementClickableKeyword.groovy:76)
com.kms.katalon.core.webui.keyword.builtin.WaitForElementClickableKeyword.execute(WaitForElementClickableKeyword.groovy:42)
com.kms.katalon.core.keyword.internal.KeywordExecutor.executeKeywordForPlatform(KeywordExecutor.groovy:99)
com.kms.katalon.core.webui.keyword.WebUiBuiltInKeywords.waitForElementClickable(WebUiBuiltInKeywords.groovy:581)
Upload_File_From_Govdrive.run(Upload_File_From_Govdrive:60)
</property>
</record>
<record>
  <date>2026-05-26T21:35:29.045906500Z</date>
  <millis>1779831329045</millis>
  <nanos>906500</nanos>
  <sequence>824</sequence>
  <level>END</level>
  <class>com.kms.katalon.core.logging.XmlKeywordLogger</class>
  <method>endKeyword</method>
  <thread>1</thread>
  <message>End action : waitForElementClickable(findTestObject(&amp;quot;Page_Work Order  View- Workforce Manager/a_cde-upload&amp;quot;), 30)</message>
  <nestedLevel>1</nestedLevel>
  <escapedJava>false</escapedJava>
</record>
<record>
  <date>2026-05-26T21:35:29.047422900Z</date>
  <millis>1779831329047</millis>
  <nanos>422900</nanos>
  <sequence>825</sequence>
  <level>START</level>
  <class>com.kms.katalon.core.logging.XmlKeywordLogger</class>
  <method>startKeyword</method>
  <thread>1</thread>
  <message>Start action : try</message>
  <nestedLevel>1</nestedLevel>
  <escapedJava>false</escapedJava>
  <property name="startLine">66</property>
  <property name="stepIndex">11</property>
</record>
<record>
  <date>2026-05-26T21:35:29.050063500Z</date>
  <millis>1779831329050</millis>
  <nanos>63500</nanos>
  <sequence>826</sequence>
  <level>START</level>
  <class>com.kms.katalon.core.logging.XmlKeywordLogger</class>
  <method>startKeyword</method>
  <thread>1</thread>
  <message>Start action : click(findTestObject(&amp;quot;Page_Work Order  View- Workforce Manager/a_cde-upload&amp;quot;))</message>
  <nestedLevel>2</nestedLevel>
  <escapedJava>false</escapedJava>
  <property name="startLine">68</property>
  <property name="stepIndex">1</property>
</record>
<record>
  <date>2026-05-26T21:35:29.788136900Z</date>
  <millis>1779831329788</millis>
  <nanos>136900</nanos>
  <sequence>837</sequence>
  <level>PASSED</level>
  <class>com.kms.katalon.core.logging.XmlKeywordLogger</class>
  <method>logMessage</method>
  <thread>1</thread>
  <message>Object: &amp;apos;Object Repository/Page_Work Order  View- Workforce Manager/a_cde-upload&amp;apos; is clicked on</message>
  <nestedLevel>1</nestedLevel>
  <escapedJava>false</escapedJava>
  <property name="testops-method-name">com.kms.katalon.core.webui.keyword.internal.WebUIKeywordMain.runKeywordUntilTimeout</property>
  <property name="testops-execution-stacktrace">com.kms.katalon.core.logging.KeywordLogger.logPassed(KeywordLogger.java:350)
com.kms.katalon.core.logging.KeywordLogger.logPassed(KeywordLogger.java:345)
com.kms.katalon.core.webui.keyword.builtin.ClickKeyword$_click_closure1.doCall(ClickKeyword.groovy:66)
java.base/jdk.internal.reflect.DirectMethodHandleAccessor.invoke(DirectMethodHandleAccessor.java:103)
jdk.proxy2/jdk.proxy2.$Proxy56.execute(Unknown Source)
com.kms.katalon.core.webui.model.SeleniumActionRetryController.performAction(SeleniumActionRetryController.java:96)
com.kms.katalon.core.webui.model.SeleniumActionRetryController.performAction(SeleniumActionRetryController.java:83)
com.kms.katalon.core.webui.keyword.internal.WebUIKeywordMain$_runKeywordUntilTimeout_closure1.doCall(WebUIKeywordMain.groovy:135)
com.kms.katalon.core.webui.keyword.internal.WebUIKeywordMain$_runKeywordUntilTimeout_closure1.call(WebUIKeywordMain.groovy)
com.kms.katalon.core.webui.keyword.internal.WebUIKeywordMain.runKeyword(WebUIKeywordMain.groovy:41)
com.kms.katalon.core.webui.keyword.internal.WebUIKeywordMain.runKeywordUntilTimeout(WebUIKeywordMain.groovy:133)
com.kms.katalon.core.webui.keyword.builtin.ClickKeyword.click(ClickKeyword.groovy:72)
com.kms.katalon.core.webui.keyword.builtin.ClickKeyword.execute(ClickKeyword.groovy:38)
com.kms.katalon.core.keyword.internal.KeywordExecutor.executeKeywordForPlatform(KeywordExecutor.groovy:99)
com.kms.katalon.core.webui.keyword.WebUiBuiltInKeywords.click(WebUiBuiltInKeywords.groovy:722)
Upload_File_From_Govdrive.run(Upload_File_From_Govdrive:69)
</property>
</record>
<record>
  <date>2026-05-26T21:35:29.793096100Z</date>
  <millis>1779831329793</millis>
  <nanos>96100</nanos>
  <sequence>838</sequence>
  <level>END</level>
  <class>com.kms.katalon.core.logging.XmlKeywordLogger</class>
  <method>endKeyword</method>
  <thread>1</thread>
  <message>End action : click(findTestObject(&amp;quot;Page_Work Order  View- Workforce Manager/a_cde-upload&amp;quot;))</message>
  <nestedLevel>2</nestedLevel>
  <escapedJava>false</escapedJava>
</record>
<record>
  <date>2026-05-26T21:35:29.796606500Z</date>
  <millis>1779831329796</millis>
  <nanos>606500</nanos>
  <sequence>839</sequence>
  <level>END</level>
  <class>com.kms.katalon.core.logging.XmlKeywordLogger</class>
  <method>endKeyword</method>
  <thread>1</thread>
  <message>End action : try</message>
  <nestedLevel>1</nestedLevel>
  <escapedJava>false</escapedJava>
</record>
<record>
  <date>2026-05-26T21:35:29.796606500Z</date>
  <millis>1779831329796</millis>
  <nanos>606500</nanos>
  <sequence>840</sequence>
  <level>START</level>
  <class>com.kms.katalon.core.logging.XmlKeywordLogger</class>
  <method>startKeyword</method>
  <thread>1</thread>
  <message>Start action : println(&amp;quot;GovDrive selected&amp;quot;)</message>
  <nestedLevel>1</nestedLevel>
  <escapedJava>false</escapedJava>
  <property name="startLine">84</property>
  <property name="stepIndex">14</property>
</record>
<record>
  <date>2026-05-26T21:35:29.796606500Z</date>
  <millis>1779831329796</millis>
  <nanos>606500</nanos>
  <sequence>841</sequence>
  <level>END</level>
  <class>com.kms.katalon.core.logging.XmlKeywordLogger</class>
  <method>endKeyword</method>
  <thread>1</thread>
  <message>End action : println(&amp;quot;GovDrive selected&amp;quot;)</message>
  <nestedLevel>1</nestedLevel>
  <escapedJava>false</escapedJava>
</record>
<record>
  <date>2026-05-26T21:35:29.796606500Z</date>
  <millis>1779831329796</millis>
  <nanos>606500</nanos>
  <sequence>842</sequence>
  <level>START</level>
  <class>com.kms.katalon.core.logging.XmlKeywordLogger</class>
  <method>startKeyword</method>
  <thread>1</thread>
  <message>Start action : switchToDefaultContent()</message>
  <nestedLevel>1</nestedLevel>
  <escapedJava>false</escapedJava>
  <property name="startLine">90</property>
  <property name="stepIndex">15</property>
</record>
<record>
  <date>2026-05-26T21:35:29.824695100Z</date>
  <millis>1779831329824</millis>
  <nanos>695100</nanos>
  <sequence>845</sequence>
  <level>END</level>
  <class>com.kms.katalon.core.logging.XmlKeywordLogger</class>
  <method>endKeyword</method>
  <thread>1</thread>
  <message>End action : switchToDefaultContent()</message>
  <nestedLevel>1</nestedLevel>
  <escapedJava>false</escapedJava>
</record>
<record>
  <date>2026-05-26T21:35:29.824695100Z</date>
  <millis>1779831329824</millis>
  <nanos>695100</nanos>
  <sequence>846</sequence>
  <level>START</level>
  <class>com.kms.katalon.core.logging.XmlKeywordLogger</class>
  <method>startKeyword</method>
  <thread>1</thread>
  <message>Start action : waitForElementVisible(findTestObject(&amp;quot;Page_Work Order  View- Workforce Manager/iframe_cde-widget&amp;quot;), 30)</message>
  <nestedLevel>1</nestedLevel>
  <escapedJava>false</escapedJava>
  <property name="startLine">92</property>
  <property name="stepIndex">16</property>
</record>
<record>
  <date>2026-05-26T21:35:30.326872400Z</date>
  <millis>1779831330326</millis>
  <nanos>872400</nanos>
  <sequence>853</sequence>
  <level>PASSED</level>
  <class>com.kms.katalon.core.logging.XmlKeywordLogger</class>
  <method>logMessage</method>
  <thread>1</thread>
  <message>Object &amp;apos;Object Repository/Page_Work Order  View- Workforce Manager/iframe_cde-widget&amp;apos; is visible</message>
  <nestedLevel>1</nestedLevel>
  <escapedJava>false</escapedJava>
  <property name="testops-method-name">com.kms.katalon.core.webui.keyword.internal.WebUIKeywordMain.runKeywordUntilTimeout</property>
  <property name="testops-execution-stacktrace">com.kms.katalon.core.logging.KeywordLogger.logPassed(KeywordLogger.java:350)
com.kms.katalon.core.logging.KeywordLogger.logPassed(KeywordLogger.java:345)
com.kms.katalon.core.logging.KeywordLogger$logPassed$0.call(Unknown Source)
com.kms.katalon.core.webui.keyword.builtin.WaitForElementVisibleKeyword$_waitForElementVisible_closure1.doCall(WaitForElementVisibleKeyword.groovy:86)
java.base/jdk.internal.reflect.DirectMethodHandleAccessor.invoke(DirectMethodHandleAccessor.java:103)
jdk.proxy2/jdk.proxy2.$Proxy56.execute(Unknown Source)
com.kms.katalon.core.webui.model.SeleniumActionRetryController.performAction(SeleniumActionRetryController.java:96)
com.kms.katalon.core.webui.model.SeleniumActionRetryController.performAction(SeleniumActionRetryController.java:83)
com.kms.katalon.core.webui.keyword.internal.WebUIKeywordMain$_runKeywordUntilTimeout_closure2.doCall(WebUIKeywordMain.groovy:155)
com.kms.katalon.core.webui.keyword.internal.WebUIKeywordMain$_runKeywordUntilTimeout_closure2.call(WebUIKeywordMain.groovy)
com.kms.katalon.core.webui.keyword.internal.WebUIKeywordMain.runKeyword(WebUIKeywordMain.groovy:41)
com.kms.katalon.core.webui.keyword.internal.WebUIKeywordMain.runKeywordUntilTimeout(WebUIKeywordMain.groovy:152)
com.kms.katalon.core.webui.keyword.internal.WebUIKeywordMain$runKeywordUntilTimeout.call(Unknown Source)
com.kms.katalon.core.webui.keyword.builtin.WaitForElementVisibleKeyword.waitForElementVisible(WaitForElementVisibleKeyword.groovy:101)
com.kms.katalon.core.webui.keyword.builtin.WaitForElementVisibleKeyword.execute(WaitForElementVisibleKeyword.groovy:69)
com.kms.katalon.core.keyword.internal.KeywordExecutor.executeKeywordForPlatform(KeywordExecutor.groovy:99)
com.kms.katalon.core.webui.keyword.WebUiBuiltInKeywords.waitForElementVisible(WebUiBuiltInKeywords.groovy:515)
Upload_File_From_Govdrive.run(Upload_File_From_Govdrive:93)
</property>
</record>
<record>
  <date>2026-05-26T21:35:30.331622600Z</date>
  <millis>1779831330331</millis>
  <nanos>622600</nanos>
  <sequence>854</sequence>
  <level>END</level>
  <class>com.kms.katalon.core.logging.XmlKeywordLogger</class>
  <method>endKeyword</method>
  <thread>1</thread>
  <message>End action : waitForElementVisible(findTestObject(&amp;quot;Page_Work Order  View- Workforce Manager/iframe_cde-widget&amp;quot;), 30)</message>
  <nestedLevel>1</nestedLevel>
  <escapedJava>false</escapedJava>
</record>
<record>
  <date>2026-05-26T21:35:30.331622600Z</date>
  <millis>1779831330331</millis>
  <nanos>622600</nanos>
  <sequence>855</sequence>
  <level>START</level>
  <class>com.kms.katalon.core.logging.XmlKeywordLogger</class>
  <method>startKeyword</method>
  <thread>1</thread>
  <message>Start action : switched = false</message>
  <nestedLevel>1</nestedLevel>
  <escapedJava>false</escapedJava>
  <property name="startLine">103</property>
  <property name="stepIndex">17</property>
</record>
<record>
  <date>2026-05-26T21:35:30.333921800Z</date>
  <millis>1779831330333</millis>
  <nanos>921800</nanos>
  <sequence>856</sequence>
  <level>END</level>
  <class>com.kms.katalon.core.logging.XmlKeywordLogger</class>
  <method>endKeyword</method>
  <thread>1</thread>
  <message>End action : switched = false</message>
  <nestedLevel>1</nestedLevel>
  <escapedJava>false</escapedJava>
</record>
<record>
  <date>2026-05-26T21:35:30.333921800Z</date>
  <millis>1779831330333</millis>
  <nanos>921800</nanos>
  <sequence>857</sequence>
  <level>START</level>
  <class>com.kms.katalon.core.logging.XmlKeywordLogger</class>
  <method>startKeyword</method>
  <thread>1</thread>
  <message>Start action : for ([i = 0, i &amp;lt; 3, (i++)])</message>
  <nestedLevel>1</nestedLevel>
  <escapedJava>false</escapedJava>
  <property name="startLine">105</property>
  <property name="stepIndex">18</property>
</record>
<record>
  <date>2026-05-26T21:35:30.335937700Z</date>
  <millis>1779831330335</millis>
  <nanos>937700</nanos>
  <sequence>858</sequence>
  <level>START</level>
  <class>com.kms.katalon.core.logging.XmlKeywordLogger</class>
  <method>startKeyword</method>
  <thread>1</thread>
  <message>Start action : try</message>
  <nestedLevel>2</nestedLevel>
  <escapedJava>false</escapedJava>
  <property name="startLine">107</property>
  <property name="stepIndex">1</property>
</record>
<record>
  <date>2026-05-26T21:35:30.342030300Z</date>
  <millis>1779831330342</millis>
  <nanos>30300</nanos>
  <sequence>859</sequence>
  <level>START</level>
  <class>com.kms.katalon.core.logging.XmlKeywordLogger</class>
  <method>startKeyword</method>
  <thread>1</thread>
  <message>Start action : switchToFrame(findTestObject(&amp;quot;Page_Work Order  View- Workforce Manager/iframe_cde-widget&amp;quot;), 10)</message>
  <nestedLevel>3</nestedLevel>
  <escapedJava>false</escapedJava>
  <property name="startLine">109</property>
  <property name="stepIndex">1</property>
</record>
<record>
  <date>2026-05-26T21:35:32.922111Z</date>
  <millis>1779831332922</millis>
  <nanos>111000</nanos>
  <sequence>868</sequence>
  <level>END</level>
  <class>com.kms.katalon.core.logging.XmlKeywordLogger</class>
  <method>endKeyword</method>
  <thread>1</thread>
  <message>End action : switchToFrame(findTestObject(&amp;quot;Page_Work Order  View- Workforce Manager/iframe_cde-widget&amp;quot;), 10)</message>
  <nestedLevel>3</nestedLevel>
  <escapedJava>false</escapedJava>
</record>
<record>
  <date>2026-05-26T21:35:32.925531600Z</date>
  <millis>1779831332925</millis>
  <nanos>531600</nanos>
  <sequence>869</sequence>
  <level>START</level>
  <class>com.kms.katalon.core.logging.XmlKeywordLogger</class>
  <method>startKeyword</method>
  <thread>1</thread>
  <message>Start action : switched = true</message>
  <nestedLevel>3</nestedLevel>
  <escapedJava>false</escapedJava>
  <property name="startLine">116</property>
  <property name="stepIndex">2</property>
</record>
<record>
  <date>2026-05-26T21:35:32.929270400Z</date>
  <millis>1779831332929</millis>
  <nanos>270400</nanos>
  <sequence>870</sequence>
  <level>END</level>
  <class>com.kms.katalon.core.logging.XmlKeywordLogger</class>
  <method>endKeyword</method>
  <thread>1</thread>
  <message>End action : switched = true</message>
  <nestedLevel>3</nestedLevel>
  <escapedJava>false</escapedJava>
</record>
<record>
  <date>2026-05-26T21:35:32.929270400Z</date>
  <millis>1779831332929</millis>
  <nanos>270400</nanos>
  <sequence>871</sequence>
  <level>START</level>
  <class>com.kms.katalon.core.logging.XmlKeywordLogger</class>
  <method>startKeyword</method>
  <thread>1</thread>
  <message>Start action : break</message>
  <nestedLevel>3</nestedLevel>
  <escapedJava>false</escapedJava>
  <property name="startLine">117</property>
  <property name="stepIndex">3</property>
</record>
<record>
  <date>2026-05-26T21:35:32.933739700Z</date>
  <millis>1779831332933</millis>
  <nanos>739700</nanos>
  <sequence>872</sequence>
  <level>END</level>
  <class>com.kms.katalon.core.logging.XmlKeywordLogger</class>
  <method>endKeyword</method>
  <thread>1</thread>
  <message>End action : break</message>
  <nestedLevel>3</nestedLevel>
  <escapedJava>false</escapedJava>
</record>
<record>
  <date>2026-05-26T21:35:32.933739700Z</date>
  <millis>1779831332933</millis>
  <nanos>739700</nanos>
  <sequence>873</sequence>
  <level>END</level>
  <class>com.kms.katalon.core.logging.XmlKeywordLogger</class>
  <method>endKeyword</method>
  <thread>1</thread>
  <message>End action : try</message>
  <nestedLevel>2</nestedLevel>
  <escapedJava>false</escapedJava>
</record>
<record>
  <date>2026-05-26T21:35:32.935752700Z</date>
  <millis>1779831332935</millis>
  <nanos>752700</nanos>
  <sequence>874</sequence>
  <level>END</level>
  <class>com.kms.katalon.core.logging.XmlKeywordLogger</class>
  <method>endKeyword</method>
  <thread>1</thread>
  <message>End action : for ([i = 0, i &amp;lt; 3, (i++)])</message>
  <nestedLevel>1</nestedLevel>
  <escapedJava>false</escapedJava>
</record>
<record>
  <date>2026-05-26T21:35:32.935752700Z</date>
  <millis>1779831332935</millis>
  <nanos>752700</nanos>
  <sequence>875</sequence>
  <level>START</level>
  <class>com.kms.katalon.core.logging.XmlKeywordLogger</class>
  <method>startKeyword</method>
  <thread>1</thread>
  <message>Start action : if (!(switched))</message>
  <nestedLevel>1</nestedLevel>
  <escapedJava>false</escapedJava>
  <property name="startLine">126</property>
  <property name="stepIndex">19</property>
</record>
<record>
  <date>2026-05-26T21:35:32.940434100Z</date>
  <millis>1779831332940</millis>
  <nanos>434100</nanos>
  <sequence>876</sequence>
  <level>END</level>
  <class>com.kms.katalon.core.logging.XmlKeywordLogger</class>
  <method>endKeyword</method>
  <thread>1</thread>
  <message>End action : if (!(switched))</message>
  <nestedLevel>1</nestedLevel>
  <escapedJava>false</escapedJava>
</record>
<record>
  <date>2026-05-26T21:35:32.942850500Z</date>
  <millis>1779831332942</millis>
  <nanos>850500</nanos>
  <sequence>877</sequence>
  <level>START</level>
  <class>com.kms.katalon.core.logging.XmlKeywordLogger</class>
  <method>startKeyword</method>
  <thread>1</thread>
  <message>Start action : println(&amp;quot;Inside iframe&amp;quot;)</message>
  <nestedLevel>1</nestedLevel>
  <escapedJava>false</escapedJava>
  <property name="startLine">133</property>
  <property name="stepIndex">20</property>
</record>
<record>
  <date>2026-05-26T21:35:32.947790200Z</date>
  <millis>1779831332947</millis>
  <nanos>790200</nanos>
  <sequence>878</sequence>
  <level>END</level>
  <class>com.kms.katalon.core.logging.XmlKeywordLogger</class>
  <method>endKeyword</method>
  <thread>1</thread>
  <message>End action : println(&amp;quot;Inside iframe&amp;quot;)</message>
  <nestedLevel>1</nestedLevel>
  <escapedJava>false</escapedJava>
</record>
<record>
  <date>2026-05-26T21:35:32.947790200Z</date>
  <millis>1779831332947</millis>
  <nanos>790200</nanos>
  <sequence>879</sequence>
  <level>START</level>
  <class>com.kms.katalon.core.logging.XmlKeywordLogger</class>
  <method>startKeyword</method>
  <thread>1</thread>
  <message>Start action : delay(5)</message>
  <nestedLevel>1</nestedLevel>
  <escapedJava>false</escapedJava>
  <property name="startLine">139</property>
  <property name="stepIndex">21</property>
</record>
<record>
  <date>2026-05-26T21:35:37.957803Z</date>
  <millis>1779831337957</millis>
  <nanos>803000</nanos>
  <sequence>882</sequence>
  <level>PASSED</level>
  <class>com.kms.katalon.core.logging.XmlKeywordLogger</class>
  <method>logMessage</method>
  <thread>1</thread>
  <message>Delayed 5 second(s)</message>
  <nestedLevel>1</nestedLevel>
  <escapedJava>false</escapedJava>
  <property name="testops-method-name">com.kms.katalon.core.keyword.builtin.DelayKeyword.delay</property>
  <property name="testops-execution-stacktrace"></property>
</record>
<record>
  <date>2026-05-26T21:35:37.960432700Z</date>
  <millis>1779831337960</millis>
  <nanos>432700</nanos>
  <sequence>883</sequence>
  <level>END</level>
  <class>com.kms.katalon.core.logging.XmlKeywordLogger</class>
  <method>endKeyword</method>
  <thread>1</thread>
  <message>End action : delay(5)</message>
  <nestedLevel>1</nestedLevel>
  <escapedJava>false</escapedJava>
</record>
<record>
  <date>2026-05-26T21:35:37.962452600Z</date>
  <millis>1779831337962</millis>
  <nanos>452600</nanos>
  <sequence>884</sequence>
  <level>START</level>
  <class>com.kms.katalon.core.logging.XmlKeywordLogger</class>
  <method>startKeyword</method>
  <thread>1</thread>
  <message>Start action : println(&amp;quot;Waiting for files to appear...&amp;quot;)</message>
  <nestedLevel>1</nestedLevel>
  <escapedJava>false</escapedJava>
  <property name="startLine">146</property>
  <property name="stepIndex">22</property>
</record>
<record>
  <date>2026-05-26T21:35:37.966376900Z</date>
  <millis>1779831337966</millis>
  <nanos>376900</nanos>
  <sequence>885</sequence>
  <level>END</level>
  <class>com.kms.katalon.core.logging.XmlKeywordLogger</class>
  <method>endKeyword</method>
  <thread>1</thread>
  <message>End action : println(&amp;quot;Waiting for files to appear...&amp;quot;)</message>
  <nestedLevel>1</nestedLevel>
  <escapedJava>false</escapedJava>
</record>
<record>
  <date>2026-05-26T21:35:37.966376900Z</date>
  <millis>1779831337966</millis>
  <nanos>376900</nanos>
  <sequence>886</sequence>
  <level>START</level>
  <class>com.kms.katalon.core.logging.XmlKeywordLogger</class>
  <method>startKeyword</method>
  <thread>1</thread>
  <message>Start action : found = false</message>
  <nestedLevel>1</nestedLevel>
  <escapedJava>false</escapedJava>
  <property name="startLine">148</property>
  <property name="stepIndex">23</property>
</record>
<record>
  <date>2026-05-26T21:35:37.966376900Z</date>
  <millis>1779831337966</millis>
  <nanos>376900</nanos>
  <sequence>887</sequence>
  <level>END</level>
  <class>com.kms.katalon.core.logging.XmlKeywordLogger</class>
  <method>endKeyword</method>
  <thread>1</thread>
  <message>End action : found = false</message>
  <nestedLevel>1</nestedLevel>
  <escapedJava>false</escapedJava>
</record>
<record>
  <date>2026-05-26T21:35:37.966376900Z</date>
  <millis>1779831337966</millis>
  <nanos>376900</nanos>
  <sequence>888</sequence>
  <level>START</level>
  <class>com.kms.katalon.core.logging.XmlKeywordLogger</class>
  <method>startKeyword</method>
  <thread>1</thread>
  <message>Start action : checkbox = null</message>
  <nestedLevel>1</nestedLevel>
  <escapedJava>false</escapedJava>
  <property name="startLine">149</property>
  <property name="stepIndex">24</property>
</record>
<record>
  <date>2026-05-26T21:35:37.974628500Z</date>
  <millis>1779831337974</millis>
  <nanos>628500</nanos>
  <sequence>889</sequence>
  <level>END</level>
  <class>com.kms.katalon.core.logging.XmlKeywordLogger</class>
  <method>endKeyword</method>
  <thread>1</thread>
  <message>End action : checkbox = null</message>
  <nestedLevel>1</nestedLevel>
  <escapedJava>false</escapedJava>
</record>
<record>
  <date>2026-05-26T21:35:37.974628500Z</date>
  <millis>1779831337974</millis>
  <nanos>628500</nanos>
  <sequence>890</sequence>
  <level>START</level>
  <class>com.kms.katalon.core.logging.XmlKeywordLogger</class>
  <method>startKeyword</method>
  <thread>1</thread>
  <message>Start action : for ([i = 0, i &amp;lt; 20, (i++)])</message>
  <nestedLevel>1</nestedLevel>
  <escapedJava>false</escapedJava>
  <property name="startLine">151</property>
  <property name="stepIndex">25</property>
</record>
<record>
  <date>2026-05-26T21:35:37.974628500Z</date>
  <millis>1779831337974</millis>
  <nanos>628500</nanos>
  <sequence>891</sequence>
  <level>START</level>
  <class>com.kms.katalon.core.logging.XmlKeywordLogger</class>
  <method>startKeyword</method>
  <thread>1</thread>
  <message>Start action : checkboxes = driver.findElements(By.xpath(&amp;quot;//input[@type=&amp;apos;checkbox&amp;apos;] | //*[@role=&amp;apos;checkbox&amp;apos;]&amp;quot;))</message>
  <nestedLevel>2</nestedLevel>
  <escapedJava>false</escapedJava>
  <property name="startLine">153</property>
  <property name="stepIndex">1</property>
</record>
<record>
  <date>2026-05-26T21:35:38.066355400Z</date>
  <millis>1779831338066</millis>
  <nanos>355400</nanos>
  <sequence>892</sequence>
  <level>END</level>
  <class>com.kms.katalon.core.logging.XmlKeywordLogger</class>
  <method>endKeyword</method>
  <thread>1</thread>
  <message>End action : checkboxes = driver.findElements(By.xpath(&amp;quot;//input[@type=&amp;apos;checkbox&amp;apos;] | //*[@role=&amp;apos;checkbox&amp;apos;]&amp;quot;))</message>
  <nestedLevel>2</nestedLevel>
  <escapedJava>false</escapedJava>
</record>
<record>
  <date>2026-05-26T21:35:38.067463600Z</date>
  <millis>1779831338067</millis>
  <nanos>463600</nanos>
  <sequence>893</sequence>
  <level>START</level>
  <class>com.kms.katalon.core.logging.XmlKeywordLogger</class>
  <method>startKeyword</method>
  <thread>1</thread>
  <message>Start action : println(&amp;quot;Checkbox count = &amp;quot; + checkboxes.size())</message>
  <nestedLevel>2</nestedLevel>
  <escapedJava>false</escapedJava>
  <property name="startLine">160</property>
  <property name="stepIndex">2</property>
</record>
<record>
  <date>2026-05-26T21:35:38.072091900Z</date>
  <millis>1779831338072</millis>
  <nanos>91900</nanos>
  <sequence>894</sequence>
  <level>END</level>
  <class>com.kms.katalon.core.logging.XmlKeywordLogger</class>
  <method>endKeyword</method>
  <thread>1</thread>
  <message>End action : println(&amp;quot;Checkbox count = &amp;quot; + checkboxes.size())</message>
  <nestedLevel>2</nestedLevel>
  <escapedJava>false</escapedJava>
</record>
<record>
  <date>2026-05-26T21:35:38.074577Z</date>
  <millis>1779831338074</millis>
  <nanos>577000</nanos>
  <sequence>895</sequence>
  <level>START</level>
  <class>com.kms.katalon.core.logging.XmlKeywordLogger</class>
  <method>startKeyword</method>
  <thread>1</thread>
  <message>Start action : if (!(checkboxes.isEmpty()))</message>
  <nestedLevel>2</nestedLevel>
  <escapedJava>false</escapedJava>
  <property name="startLine">162</property>
  <property name="stepIndex">3</property>
</record>
<record>
  <date>2026-05-26T21:35:38.074577Z</date>
  <millis>1779831338074</millis>
  <nanos>577000</nanos>
  <sequence>896</sequence>
  <level>START</level>
  <class>com.kms.katalon.core.logging.XmlKeywordLogger</class>
  <method>startKeyword</method>
  <thread>1</thread>
  <message>Start action : checkbox = checkboxes[0]</message>
  <nestedLevel>3</nestedLevel>
  <escapedJava>false</escapedJava>
  <property name="startLine">164</property>
  <property name="stepIndex">1</property>
</record>
<record>
  <date>2026-05-26T21:35:38.099530Z</date>
  <millis>1779831338099</millis>
  <nanos>530000</nanos>
  <sequence>897</sequence>
  <level>END</level>
  <class>com.kms.katalon.core.logging.XmlKeywordLogger</class>
  <method>endKeyword</method>
  <thread>1</thread>
  <message>End action : checkbox = checkboxes[0]</message>
  <nestedLevel>3</nestedLevel>
  <escapedJava>false</escapedJava>
</record>
<record>
  <date>2026-05-26T21:35:38.099530Z</date>
  <millis>1779831338099</millis>
  <nanos>530000</nanos>
  <sequence>898</sequence>
  <level>START</level>
  <class>com.kms.katalon.core.logging.XmlKeywordLogger</class>
  <method>startKeyword</method>
  <thread>1</thread>
  <message>Start action : driver.executeScript(&amp;quot;arguments[0].scrollIntoView(true)&amp;quot;, checkbox)</message>
  <nestedLevel>3</nestedLevel>
  <escapedJava>false</escapedJava>
  <property name="startLine">166</property>
  <property name="stepIndex">2</property>
</record>
<record>
  <date>2026-05-26T21:35:38.147293600Z</date>
  <millis>1779831338147</millis>
  <nanos>293600</nanos>
  <sequence>899</sequence>
  <level>END</level>
  <class>com.kms.katalon.core.logging.XmlKeywordLogger</class>
  <method>endKeyword</method>
  <thread>1</thread>
  <message>End action : driver.executeScript(&amp;quot;arguments[0].scrollIntoView(true)&amp;quot;, checkbox)</message>
  <nestedLevel>3</nestedLevel>
  <escapedJava>false</escapedJava>
</record>
<record>
  <date>2026-05-26T21:35:38.149308Z</date>
  <millis>1779831338149</millis>
  <nanos>308000</nanos>
  <sequence>900</sequence>
  <level>START</level>
  <class>com.kms.katalon.core.logging.XmlKeywordLogger</class>
  <method>startKeyword</method>
  <thread>1</thread>
  <message>Start action : delay(1)</message>
  <nestedLevel>3</nestedLevel>
  <escapedJava>false</escapedJava>
  <property name="startLine">172</property>
  <property name="stepIndex">3</property>
</record>
<record>
  <date>2026-05-26T21:35:39.164900600Z</date>
  <millis>1779831339164</millis>
  <nanos>900600</nanos>
  <sequence>903</sequence>
  <level>PASSED</level>
  <class>com.kms.katalon.core.logging.XmlKeywordLogger</class>
  <method>logMessage</method>
  <thread>1</thread>
  <message>Delayed 1 second(s)</message>
  <nestedLevel>1</nestedLevel>
  <escapedJava>false</escapedJava>
  <property name="testops-method-name">com.kms.katalon.core.keyword.builtin.DelayKeyword.delay</property>
  <property name="testops-execution-stacktrace"></property>
</record>
<record>
  <date>2026-05-26T21:35:39.166037300Z</date>
  <millis>1779831339166</millis>
  <nanos>37300</nanos>
  <sequence>904</sequence>
  <level>END</level>
  <class>com.kms.katalon.core.logging.XmlKeywordLogger</class>
  <method>endKeyword</method>
  <thread>1</thread>
  <message>End action : delay(1)</message>
  <nestedLevel>3</nestedLevel>
  <escapedJava>false</escapedJava>
</record>
<record>
  <date>2026-05-26T21:35:39.166037300Z</date>
  <millis>1779831339166</millis>
  <nanos>37300</nanos>
  <sequence>905</sequence>
  <level>START</level>
  <class>com.kms.katalon.core.logging.XmlKeywordLogger</class>
  <method>startKeyword</method>
  <thread>1</thread>
  <message>Start action : driver.executeScript(&amp;quot;arguments[0].click();&amp;quot;, checkbox)</message>
  <nestedLevel>3</nestedLevel>
  <escapedJava>false</escapedJava>
  <property name="startLine">174</property>
  <property name="stepIndex">4</property>
</record>
<record>
  <date>2026-05-26T21:35:39.307862700Z</date>
  <millis>1779831339307</millis>
  <nanos>862700</nanos>
  <sequence>906</sequence>
  <level>END</level>
  <class>com.kms.katalon.core.logging.XmlKeywordLogger</class>
  <method>endKeyword</method>
  <thread>1</thread>
  <message>End action : driver.executeScript(&amp;quot;arguments[0].click();&amp;quot;, checkbox)</message>
  <nestedLevel>3</nestedLevel>
  <escapedJava>false</escapedJava>
</record>
<record>
  <date>2026-05-26T21:35:39.310772600Z</date>
  <millis>1779831339310</millis>
  <nanos>772600</nanos>
  <sequence>907</sequence>
  <level>START</level>
  <class>com.kms.katalon.core.logging.XmlKeywordLogger</class>
  <method>startKeyword</method>
  <thread>1</thread>
  <message>Start action : found = true</message>
  <nestedLevel>3</nestedLevel>
  <escapedJava>false</escapedJava>
  <property name="startLine">180</property>
  <property name="stepIndex">5</property>
</record>
<record>
  <date>2026-05-26T21:35:39.315665200Z</date>
  <millis>1779831339315</millis>
  <nanos>665200</nanos>
  <sequence>908</sequence>
  <level>END</level>
  <class>com.kms.katalon.core.logging.XmlKeywordLogger</class>
  <method>endKeyword</method>
  <thread>1</thread>
  <message>End action : found = true</message>
  <nestedLevel>3</nestedLevel>
  <escapedJava>false</escapedJava>
</record>
<record>
  <date>2026-05-26T21:35:39.317681900Z</date>
  <millis>1779831339317</millis>
  <nanos>681900</nanos>
  <sequence>909</sequence>
  <level>START</level>
  <class>com.kms.katalon.core.logging.XmlKeywordLogger</class>
  <method>startKeyword</method>
  <thread>1</thread>
  <message>Start action : println(&amp;quot;File selected&amp;quot;)</message>
  <nestedLevel>3</nestedLevel>
  <escapedJava>false</escapedJava>
  <property name="startLine">182</property>
  <property name="stepIndex">6</property>
</record>
<record>
  <date>2026-05-26T21:35:39.327606100Z</date>
  <millis>1779831339327</millis>
  <nanos>606100</nanos>
  <sequence>910</sequence>
  <level>END</level>
  <class>com.kms.katalon.core.logging.XmlKeywordLogger</class>
  <method>endKeyword</method>
  <thread>1</thread>
  <message>End action : println(&amp;quot;File selected&amp;quot;)</message>
  <nestedLevel>3</nestedLevel>
  <escapedJava>false</escapedJava>
</record>
<record>
  <date>2026-05-26T21:35:39.329635900Z</date>
  <millis>1779831339329</millis>
  <nanos>635900</nanos>
  <sequence>911</sequence>
  <level>START</level>
  <class>com.kms.katalon.core.logging.XmlKeywordLogger</class>
  <method>startKeyword</method>
  <thread>1</thread>
  <message>Start action : break</message>
  <nestedLevel>3</nestedLevel>
  <escapedJava>false</escapedJava>
  <property name="startLine">184</property>
  <property name="stepIndex">7</property>
</record>
<record>
  <date>2026-05-26T21:35:39.334682200Z</date>
  <millis>1779831339334</millis>
  <nanos>682200</nanos>
  <sequence>912</sequence>
  <level>END</level>
  <class>com.kms.katalon.core.logging.XmlKeywordLogger</class>
  <method>endKeyword</method>
  <thread>1</thread>
  <message>End action : break</message>
  <nestedLevel>3</nestedLevel>
  <escapedJava>false</escapedJava>
</record>
<record>
  <date>2026-05-26T21:35:39.337737300Z</date>
  <millis>1779831339337</millis>
  <nanos>737300</nanos>
  <sequence>913</sequence>
  <level>END</level>
  <class>com.kms.katalon.core.logging.XmlKeywordLogger</class>
  <method>endKeyword</method>
  <thread>1</thread>
  <message>End action : if (!(checkboxes.isEmpty()))</message>
  <nestedLevel>2</nestedLevel>
  <escapedJava>false</escapedJava>
</record>
<record>
  <date>2026-05-26T21:35:39.340550700Z</date>
  <millis>1779831339340</millis>
  <nanos>550700</nanos>
  <sequence>914</sequence>
  <level>END</level>
  <class>com.kms.katalon.core.logging.XmlKeywordLogger</class>
  <method>endKeyword</method>
  <thread>1</thread>
  <message>End action : for ([i = 0, i &amp;lt; 20, (i++)])</message>
  <nestedLevel>1</nestedLevel>
  <escapedJava>false</escapedJava>
</record>
<record>
  <date>2026-05-26T21:35:39.343790300Z</date>
  <millis>1779831339343</millis>
  <nanos>790300</nanos>
  <sequence>915</sequence>
  <level>START</level>
  <class>com.kms.katalon.core.logging.XmlKeywordLogger</class>
  <method>startKeyword</method>
  <thread>1</thread>
  <message>Start action : if (!(found))</message>
  <nestedLevel>1</nestedLevel>
  <escapedJava>false</escapedJava>
  <property name="startLine">190</property>
  <property name="stepIndex">26</property>
</record>
<record>
  <date>2026-05-26T21:35:39.345342900Z</date>
  <millis>1779831339345</millis>
  <nanos>342900</nanos>
  <sequence>916</sequence>
  <level>END</level>
  <class>com.kms.katalon.core.logging.XmlKeywordLogger</class>
  <method>endKeyword</method>
  <thread>1</thread>
  <message>End action : if (!(found))</message>
  <nestedLevel>1</nestedLevel>
  <escapedJava>false</escapedJava>
</record>
<record>
  <date>2026-05-26T21:35:39.349020200Z</date>
  <millis>1779831339349</millis>
  <nanos>20200</nanos>
  <sequence>917</sequence>
  <level>START</level>
  <class>com.kms.katalon.core.logging.XmlKeywordLogger</class>
  <method>startKeyword</method>
  <thread>1</thread>
  <message>Start action : delay(3)</message>
  <nestedLevel>1</nestedLevel>
  <escapedJava>false</escapedJava>
  <property name="startLine">201</property>
  <property name="stepIndex">27</property>
</record>
<record>
  <date>2026-05-26T21:35:42.372842300Z</date>
  <millis>1779831342372</millis>
  <nanos>842300</nanos>
  <sequence>920</sequence>
  <level>PASSED</level>
  <class>com.kms.katalon.core.logging.XmlKeywordLogger</class>
  <method>logMessage</method>
  <thread>1</thread>
  <message>Delayed 3 second(s)</message>
  <nestedLevel>1</nestedLevel>
  <escapedJava>false</escapedJava>
  <property name="testops-method-name">com.kms.katalon.core.keyword.builtin.DelayKeyword.delay</property>
  <property name="testops-execution-stacktrace"></property>
</record>
<record>
  <date>2026-05-26T21:35:42.372842300Z</date>
  <millis>1779831342372</millis>
  <nanos>842300</nanos>
  <sequence>921</sequence>
  <level>END</level>
  <class>com.kms.katalon.core.logging.XmlKeywordLogger</class>
  <method>endKeyword</method>
  <thread>1</thread>
  <message>End action : delay(3)</message>
  <nestedLevel>1</nestedLevel>
  <escapedJava>false</escapedJava>
</record>
<record>
  <date>2026-05-26T21:35:42.372842300Z</date>
  <millis>1779831342372</millis>
  <nanos>842300</nanos>
  <sequence>922</sequence>
  <level>START</level>
  <class>com.kms.katalon.core.logging.XmlKeywordLogger</class>
  <method>startKeyword</method>
  <thread>1</thread>
  <message>Start action : insertBtn = null</message>
  <nestedLevel>1</nestedLevel>
  <escapedJava>false</escapedJava>
  <property name="startLine">203</property>
  <property name="stepIndex">28</property>
</record>
<record>
  <date>2026-05-26T21:35:42.372842300Z</date>
  <millis>1779831342372</millis>
  <nanos>842300</nanos>
  <sequence>923</sequence>
  <level>END</level>
  <class>com.kms.katalon.core.logging.XmlKeywordLogger</class>
  <method>endKeyword</method>
  <thread>1</thread>
  <message>End action : insertBtn = null</message>
  <nestedLevel>1</nestedLevel>
  <escapedJava>false</escapedJava>
</record>
<record>
  <date>2026-05-26T21:35:42.372842300Z</date>
  <millis>1779831342372</millis>
  <nanos>842300</nanos>
  <sequence>924</sequence>
  <level>START</level>
  <class>com.kms.katalon.core.logging.XmlKeywordLogger</class>
  <method>startKeyword</method>
  <thread>1</thread>
  <message>Start action : for ([i = 0, i &amp;lt; 15, (i++)])</message>
  <nestedLevel>1</nestedLevel>
  <escapedJava>false</escapedJava>
  <property name="startLine">205</property>
  <property name="stepIndex">29</property>
</record>
<record>
  <date>2026-05-26T21:35:42.380805100Z</date>
  <millis>1779831342380</millis>
  <nanos>805100</nanos>
  <sequence>925</sequence>
  <level>START</level>
  <class>com.kms.katalon.core.logging.XmlKeywordLogger</class>
  <method>startKeyword</method>
  <thread>1</thread>
  <message>Start action : try</message>
  <nestedLevel>2</nestedLevel>
  <escapedJava>false</escapedJava>
  <property name="startLine">207</property>
  <property name="stepIndex">1</property>
</record>
<record>
  <date>2026-05-26T21:35:42.380805100Z</date>
  <millis>1779831342380</millis>
  <nanos>805100</nanos>
  <sequence>926</sequence>
  <level>START</level>
  <class>com.kms.katalon.core.logging.XmlKeywordLogger</class>
  <method>startKeyword</method>
  <thread>1</thread>
  <message>Start action : insertBtn = driver.findElement(By.xpath(&amp;quot;//button[normalize-space()=&amp;apos;Insert&amp;apos;]&amp;quot;))</message>
  <nestedLevel>3</nestedLevel>
  <escapedJava>false</escapedJava>
  <property name="startLine">209</property>
  <property name="stepIndex">1</property>
</record>
<record>
  <date>2026-05-26T21:35:42.468873500Z</date>
  <millis>1779831342468</millis>
  <nanos>873500</nanos>
  <sequence>927</sequence>
  <level>END</level>
  <class>com.kms.katalon.core.logging.XmlKeywordLogger</class>
  <method>endKeyword</method>
  <thread>1</thread>
  <message>End action : insertBtn = driver.findElement(By.xpath(&amp;quot;//button[normalize-space()=&amp;apos;Insert&amp;apos;]&amp;quot;))</message>
  <nestedLevel>3</nestedLevel>
  <escapedJava>false</escapedJava>
</record>
<record>
  <date>2026-05-26T21:35:42.468873500Z</date>
  <millis>1779831342468</millis>
  <nanos>873500</nanos>
  <sequence>928</sequence>
  <level>START</level>
  <class>com.kms.katalon.core.logging.XmlKeywordLogger</class>
  <method>startKeyword</method>
  <thread>1</thread>
  <message>Start action : visible = insertBtn.isDisplayed()</message>
  <nestedLevel>3</nestedLevel>
  <escapedJava>false</escapedJava>
  <property name="startLine">216</property>
  <property name="stepIndex">2</property>
</record>
<record>
  <date>2026-05-26T21:35:42.523059400Z</date>
  <millis>1779831342523</millis>
  <nanos>59400</nanos>
  <sequence>929</sequence>
  <level>END</level>
  <class>com.kms.katalon.core.logging.XmlKeywordLogger</class>
  <method>endKeyword</method>
  <thread>1</thread>
  <message>End action : visible = insertBtn.isDisplayed()</message>
  <nestedLevel>3</nestedLevel>
  <escapedJava>false</escapedJava>
</record>
<record>
  <date>2026-05-26T21:35:42.523059400Z</date>
  <millis>1779831342523</millis>
  <nanos>59400</nanos>
  <sequence>930</sequence>
  <level>START</level>
  <class>com.kms.katalon.core.logging.XmlKeywordLogger</class>
  <method>startKeyword</method>
  <thread>1</thread>
  <message>Start action : enabled = insertBtn.isEnabled()</message>
  <nestedLevel>3</nestedLevel>
  <escapedJava>false</escapedJava>
  <property name="startLine">219</property>
  <property name="stepIndex">3</property>
</record>
<record>
  <date>2026-05-26T21:35:42.556559900Z</date>
  <millis>1779831342556</millis>
  <nanos>559900</nanos>
  <sequence>931</sequence>
  <level>END</level>
  <class>com.kms.katalon.core.logging.XmlKeywordLogger</class>
  <method>endKeyword</method>
  <thread>1</thread>
  <message>End action : enabled = insertBtn.isEnabled()</message>
  <nestedLevel>3</nestedLevel>
  <escapedJava>false</escapedJava>
</record>
<record>
  <date>2026-05-26T21:35:42.556559900Z</date>
  <millis>1779831342556</millis>
  <nanos>559900</nanos>
  <sequence>932</sequence>
  <level>START</level>
  <class>com.kms.katalon.core.logging.XmlKeywordLogger</class>
  <method>startKeyword</method>
  <thread>1</thread>
  <message>Start action : disabled = insertBtn.getAttribute(&amp;quot;disabled&amp;quot;)</message>
  <nestedLevel>3</nestedLevel>
  <escapedJava>false</escapedJava>
  <property name="startLine">222</property>
  <property name="stepIndex">4</property>
</record>
<record>
  <date>2026-05-26T21:35:42.605639200Z</date>
  <millis>1779831342605</millis>
  <nanos>639200</nanos>
  <sequence>933</sequence>
  <level>END</level>
  <class>com.kms.katalon.core.logging.XmlKeywordLogger</class>
  <method>endKeyword</method>
  <thread>1</thread>
  <message>End action : disabled = insertBtn.getAttribute(&amp;quot;disabled&amp;quot;)</message>
  <nestedLevel>3</nestedLevel>
  <escapedJava>false</escapedJava>
</record>
<record>
  <date>2026-05-26T21:35:42.605639200Z</date>
  <millis>1779831342605</millis>
  <nanos>639200</nanos>
  <sequence>934</sequence>
  <level>START</level>
  <class>com.kms.katalon.core.logging.XmlKeywordLogger</class>
  <method>startKeyword</method>
  <thread>1</thread>
  <message>Start action : if (visible &amp;amp;&amp;amp; enabled &amp;amp;&amp;amp; disabled == null)</message>
  <nestedLevel>3</nestedLevel>
  <escapedJava>false</escapedJava>
  <property name="startLine">227</property>
  <property name="stepIndex">5</property>
</record>
<record>
  <date>2026-05-26T21:35:42.605639200Z</date>
  <millis>1779831342605</millis>
  <nanos>639200</nanos>
  <sequence>935</sequence>
  <level>START</level>
  <class>com.kms.katalon.core.logging.XmlKeywordLogger</class>
  <method>startKeyword</method>
  <thread>1</thread>
  <message>Start action : break</message>
  <nestedLevel>4</nestedLevel>
  <escapedJava>false</escapedJava>
  <property name="startLine">233</property>
  <property name="stepIndex">1</property>
</record>
<record>
  <date>2026-05-26T21:35:42.614170900Z</date>
  <millis>1779831342614</millis>
  <nanos>170900</nanos>
  <sequence>936</sequence>
  <level>END</level>
  <class>com.kms.katalon.core.logging.XmlKeywordLogger</class>
  <method>endKeyword</method>
  <thread>1</thread>
  <message>End action : break</message>
  <nestedLevel>4</nestedLevel>
  <escapedJava>false</escapedJava>
</record>
<record>
  <date>2026-05-26T21:35:42.614170900Z</date>
  <millis>1779831342614</millis>
  <nanos>170900</nanos>
  <sequence>937</sequence>
  <level>END</level>
  <class>com.kms.katalon.core.logging.XmlKeywordLogger</class>
  <method>endKeyword</method>
  <thread>1</thread>
  <message>End action : if (visible &amp;amp;&amp;amp; enabled &amp;amp;&amp;amp; disabled == null)</message>
  <nestedLevel>3</nestedLevel>
  <escapedJava>false</escapedJava>
</record>
<record>
  <date>2026-05-26T21:35:42.614170900Z</date>
  <millis>1779831342614</millis>
  <nanos>170900</nanos>
  <sequence>938</sequence>
  <level>END</level>
  <class>com.kms.katalon.core.logging.XmlKeywordLogger</class>
  <method>endKeyword</method>
  <thread>1</thread>
  <message>End action : try</message>
  <nestedLevel>2</nestedLevel>
  <escapedJava>false</escapedJava>
</record>
<record>
  <date>2026-05-26T21:35:42.614170900Z</date>
  <millis>1779831342614</millis>
  <nanos>170900</nanos>
  <sequence>939</sequence>
  <level>END</level>
  <class>com.kms.katalon.core.logging.XmlKeywordLogger</class>
  <method>endKeyword</method>
  <thread>1</thread>
  <message>End action : for ([i = 0, i &amp;lt; 15, (i++)])</message>
  <nestedLevel>1</nestedLevel>
  <escapedJava>false</escapedJava>
</record>
<record>
  <date>2026-05-26T21:35:42.614170900Z</date>
  <millis>1779831342614</millis>
  <nanos>170900</nanos>
  <sequence>940</sequence>
  <level>START</level>
  <class>com.kms.katalon.core.logging.XmlKeywordLogger</class>
  <method>startKeyword</method>
  <thread>1</thread>
  <message>Start action : if (insertBtn == null)</message>
  <nestedLevel>1</nestedLevel>
  <escapedJava>false</escapedJava>
  <property name="startLine">244</property>
  <property name="stepIndex">30</property>
</record>
<record>
  <date>2026-05-26T21:35:42.614170900Z</date>
  <millis>1779831342614</millis>
  <nanos>170900</nanos>
  <sequence>941</sequence>
  <level>END</level>
  <class>com.kms.katalon.core.logging.XmlKeywordLogger</class>
  <method>endKeyword</method>
  <thread>1</thread>
  <message>End action : if (insertBtn == null)</message>
  <nestedLevel>1</nestedLevel>
  <escapedJava>false</escapedJava>
</record>
<record>
  <date>2026-05-26T21:35:42.619857400Z</date>
  <millis>1779831342619</millis>
  <nanos>857400</nanos>
  <sequence>942</sequence>
  <level>START</level>
  <class>com.kms.katalon.core.logging.XmlKeywordLogger</class>
  <method>startKeyword</method>
  <thread>1</thread>
  <message>Start action : driver.executeScript(&amp;quot;\narguments[0].scrollIntoView({\nblock:&amp;apos;center&amp;apos;\n});\n&amp;quot;, insertBtn)</message>
  <nestedLevel>1</nestedLevel>
  <escapedJava>false</escapedJava>
  <property name="startLine">255</property>
  <property name="stepIndex">31</property>
</record>
<record>
  <date>2026-05-26T21:35:42.655377300Z</date>
  <millis>1779831342655</millis>
  <nanos>377300</nanos>
  <sequence>943</sequence>
  <level>END</level>
  <class>com.kms.katalon.core.logging.XmlKeywordLogger</class>
  <method>endKeyword</method>
  <thread>1</thread>
  <message>End action : driver.executeScript(&amp;quot;\narguments[0].scrollIntoView({\nblock:&amp;apos;center&amp;apos;\n});\n&amp;quot;, insertBtn)</message>
  <nestedLevel>1</nestedLevel>
  <escapedJava>false</escapedJava>
</record>
<record>
  <date>2026-05-26T21:35:42.655377300Z</date>
  <millis>1779831342655</millis>
  <nanos>377300</nanos>
  <sequence>944</sequence>
  <level>START</level>
  <class>com.kms.katalon.core.logging.XmlKeywordLogger</class>
  <method>startKeyword</method>
  <thread>1</thread>
  <message>Start action : delay(1)</message>
  <nestedLevel>1</nestedLevel>
  <escapedJava>false</escapedJava>
  <property name="startLine">265</property>
  <property name="stepIndex">32</property>
</record>
<record>
  <date>2026-05-26T21:35:43.664193700Z</date>
  <millis>1779831343664</millis>
  <nanos>193700</nanos>
  <sequence>947</sequence>
  <level>PASSED</level>
  <class>com.kms.katalon.core.logging.XmlKeywordLogger</class>
  <method>logMessage</method>
  <thread>1</thread>
  <message>Delayed 1 second(s)</message>
  <nestedLevel>1</nestedLevel>
  <escapedJava>false</escapedJava>
  <property name="testops-method-name">com.kms.katalon.core.keyword.builtin.DelayKeyword.delay</property>
  <property name="testops-execution-stacktrace"></property>
</record>
<record>
  <date>2026-05-26T21:35:43.665163200Z</date>
  <millis>1779831343665</millis>
  <nanos>163200</nanos>
  <sequence>948</sequence>
  <level>END</level>
  <class>com.kms.katalon.core.logging.XmlKeywordLogger</class>
  <method>endKeyword</method>
  <thread>1</thread>
  <message>End action : delay(1)</message>
  <nestedLevel>1</nestedLevel>
  <escapedJava>false</escapedJava>
</record>
<record>
  <date>2026-05-26T21:35:43.665163200Z</date>
  <millis>1779831343665</millis>
  <nanos>163200</nanos>
  <sequence>949</sequence>
  <level>START</level>
  <class>com.kms.katalon.core.logging.XmlKeywordLogger</class>
  <method>startKeyword</method>
  <thread>1</thread>
  <message>Start action : driver.executeScript(&amp;quot;arguments[0].click();&amp;quot;, insertBtn)</message>
  <nestedLevel>1</nestedLevel>
  <escapedJava>false</escapedJava>
  <property name="startLine">267</property>
  <property name="stepIndex">33</property>
</record>
<record>
  <date>2026-05-26T21:35:43.723976200Z</date>
  <millis>1779831343723</millis>
  <nanos>976200</nanos>
  <sequence>950</sequence>
  <level>END</level>
  <class>com.kms.katalon.core.logging.XmlKeywordLogger</class>
  <method>endKeyword</method>
  <thread>1</thread>
  <message>End action : driver.executeScript(&amp;quot;arguments[0].click();&amp;quot;, insertBtn)</message>
  <nestedLevel>1</nestedLevel>
  <escapedJava>false</escapedJava>
</record>
<record>
  <date>2026-05-26T21:35:43.725999400Z</date>
  <millis>1779831343725</millis>
  <nanos>999400</nanos>
  <sequence>951</sequence>
  <level>START</level>
  <class>com.kms.katalon.core.logging.XmlKeywordLogger</class>
  <method>startKeyword</method>
  <thread>1</thread>
  <message>Start action : println(&amp;quot;Insert clicked&amp;quot;)</message>
  <nestedLevel>1</nestedLevel>
  <escapedJava>false</escapedJava>
  <property name="startLine">273</property>
  <property name="stepIndex">34</property>
</record>
<record>
  <date>2026-05-26T21:35:43.730072400Z</date>
  <millis>1779831343730</millis>
  <nanos>72400</nanos>
  <sequence>952</sequence>
  <level>END</level>
  <class>com.kms.katalon.core.logging.XmlKeywordLogger</class>
  <method>endKeyword</method>
  <thread>1</thread>
  <message>End action : println(&amp;quot;Insert clicked&amp;quot;)</message>
  <nestedLevel>1</nestedLevel>
  <escapedJava>false</escapedJava>
</record>
<record>
  <date>2026-05-26T21:35:43.730072400Z</date>
  <millis>1779831343730</millis>
  <nanos>72400</nanos>
  <sequence>953</sequence>
  <level>START</level>
  <class>com.kms.katalon.core.logging.XmlKeywordLogger</class>
  <method>startKeyword</method>
  <thread>1</thread>
  <message>Start action : switchToDefaultContent()</message>
  <nestedLevel>1</nestedLevel>
  <escapedJava>false</escapedJava>
  <property name="startLine">279</property>
  <property name="stepIndex">35</property>
</record>
<record>
  <date>2026-05-26T21:35:43.752646Z</date>
  <millis>1779831343752</millis>
  <nanos>646000</nanos>
  <sequence>956</sequence>
  <level>END</level>
  <class>com.kms.katalon.core.logging.XmlKeywordLogger</class>
  <method>endKeyword</method>
  <thread>1</thread>
  <message>End action : switchToDefaultContent()</message>
  <nestedLevel>1</nestedLevel>
  <escapedJava>false</escapedJava>
</record>
<record>
  <date>2026-05-26T21:35:43.752646Z</date>
  <millis>1779831343752</millis>
  <nanos>646000</nanos>
  <sequence>957</sequence>
  <level>START</level>
  <class>com.kms.katalon.core.logging.XmlKeywordLogger</class>
  <method>startKeyword</method>
  <thread>1</thread>
  <message>Start action : try</message>
  <nestedLevel>1</nestedLevel>
  <escapedJava>false</escapedJava>
  <property name="startLine">281</property>
  <property name="stepIndex">36</property>
</record>
<record>
  <date>2026-05-26T21:35:43.755416500Z</date>
  <millis>1779831343755</millis>
  <nanos>416500</nanos>
  <sequence>958</sequence>
  <level>START</level>
  <class>com.kms.katalon.core.logging.XmlKeywordLogger</class>
  <method>startKeyword</method>
  <thread>1</thread>
  <message>Start action : delay(3)</message>
  <nestedLevel>2</nestedLevel>
  <escapedJava>false</escapedJava>
  <property name="startLine">283</property>
  <property name="stepIndex">1</property>
</record>
<record>
  <date>2026-05-26T21:35:46.771209800Z</date>
  <millis>1779831346771</millis>
  <nanos>209800</nanos>
  <sequence>961</sequence>
  <level>PASSED</level>
  <class>com.kms.katalon.core.logging.XmlKeywordLogger</class>
  <method>logMessage</method>
  <thread>1</thread>
  <message>Delayed 3 second(s)</message>
  <nestedLevel>1</nestedLevel>
  <escapedJava>false</escapedJava>
  <property name="testops-method-name">com.kms.katalon.core.keyword.builtin.DelayKeyword.delay</property>
  <property name="testops-execution-stacktrace"></property>
</record>
<record>
  <date>2026-05-26T21:35:46.773048500Z</date>
  <millis>1779831346773</millis>
  <nanos>48500</nanos>
  <sequence>962</sequence>
  <level>END</level>
  <class>com.kms.katalon.core.logging.XmlKeywordLogger</class>
  <method>endKeyword</method>
  <thread>1</thread>
  <message>End action : delay(3)</message>
  <nestedLevel>2</nestedLevel>
  <escapedJava>false</escapedJava>
</record>
<record>
  <date>2026-05-26T21:35:46.773048500Z</date>
  <millis>1779831346773</millis>
  <nanos>48500</nanos>
  <sequence>963</sequence>
  <level>START</level>
  <class>com.kms.katalon.core.logging.XmlKeywordLogger</class>
  <method>startKeyword</method>
  <thread>1</thread>
  <message>Start action : okButton = driver.findElement(By.xpath(&amp;quot;//button[normalize-space()=&amp;apos;OK&amp;apos;] | //a[normalize-space()=&amp;apos;OK&amp;apos;]&amp;quot;))</message>
  <nestedLevel>2</nestedLevel>
  <escapedJava>false</escapedJava>
  <property name="startLine">285</property>
  <property name="stepIndex">2</property>
</record>
<record>
  <date>2026-05-26T21:35:50.610451400Z</date>
  <millis>1779831350610</millis>
  <nanos>451400</nanos>
  <sequence>964</sequence>
  <level>END</level>
  <class>com.kms.katalon.core.logging.XmlKeywordLogger</class>
  <method>endKeyword</method>
  <thread>1</thread>
  <message>End action : okButton = driver.findElement(By.xpath(&amp;quot;//button[normalize-space()=&amp;apos;OK&amp;apos;] | //a[normalize-space()=&amp;apos;OK&amp;apos;]&amp;quot;))</message>
  <nestedLevel>2</nestedLevel>
  <escapedJava>false</escapedJava>
</record>
<record>
  <date>2026-05-26T21:35:50.610451400Z</date>
  <millis>1779831350610</millis>
  <nanos>451400</nanos>
  <sequence>965</sequence>
  <level>START</level>
  <class>com.kms.katalon.core.logging.XmlKeywordLogger</class>
  <method>startKeyword</method>
  <thread>1</thread>
  <message>Start action : driver.executeScript(&amp;quot;arguments[0].click();&amp;quot;, okButton)</message>
  <nestedLevel>2</nestedLevel>
  <escapedJava>false</escapedJava>
  <property name="startLine">292</property>
  <property name="stepIndex">3</property>
</record>
<record>
  <date>2026-05-26T21:35:50.737160900Z</date>
  <millis>1779831350737</millis>
  <nanos>160900</nanos>
  <sequence>966</sequence>
  <level>END</level>
  <class>com.kms.katalon.core.logging.XmlKeywordLogger</class>
  <method>endKeyword</method>
  <thread>1</thread>
  <message>End action : driver.executeScript(&amp;quot;arguments[0].click();&amp;quot;, okButton)</message>
  <nestedLevel>2</nestedLevel>
  <escapedJava>false</escapedJava>
</record>
<record>
  <date>2026-05-26T21:35:50.744174500Z</date>
  <millis>1779831350744</millis>
  <nanos>174500</nanos>
  <sequence>967</sequence>
  <level>START</level>
  <class>com.kms.katalon.core.logging.XmlKeywordLogger</class>
  <method>startKeyword</method>
  <thread>1</thread>
  <message>Start action : println(&amp;quot;Success popup closed&amp;quot;)</message>
  <nestedLevel>2</nestedLevel>
  <escapedJava>false</escapedJava>
  <property name="startLine">298</property>
  <property name="stepIndex">4</property>
</record>
<record>
  <date>2026-05-26T21:35:50.746715300Z</date>
  <millis>1779831350746</millis>
  <nanos>715300</nanos>
  <sequence>968</sequence>
  <level>END</level>
  <class>com.kms.katalon.core.logging.XmlKeywordLogger</class>
  <method>endKeyword</method>
  <thread>1</thread>
  <message>End action : println(&amp;quot;Success popup closed&amp;quot;)</message>
  <nestedLevel>2</nestedLevel>
  <escapedJava>false</escapedJava>
</record>
<record>
  <date>2026-05-26T21:35:50.746715300Z</date>
  <millis>1779831350746</millis>
  <nanos>715300</nanos>
  <sequence>969</sequence>
  <level>END</level>
  <class>com.kms.katalon.core.logging.XmlKeywordLogger</class>
  <method>endKeyword</method>
  <thread>1</thread>
  <message>End action : try</message>
  <nestedLevel>1</nestedLevel>
  <escapedJava>false</escapedJava>
</record>
<record>
  <date>2026-05-26T21:35:50.746715300Z</date>
  <millis>1779831350746</millis>
  <nanos>715300</nanos>
  <sequence>970</sequence>
  <level>START</level>
  <class>com.kms.katalon.core.logging.XmlKeywordLogger</class>
  <method>startKeyword</method>
  <thread>1</thread>
  <message>Start action : switchToDefaultContent()</message>
  <nestedLevel>1</nestedLevel>
  <escapedJava>false</escapedJava>
  <property name="startLine">310</property>
  <property name="stepIndex">39</property>
</record>
<record>
  <date>2026-05-26T21:35:50.777394600Z</date>
  <millis>1779831350777</millis>
  <nanos>394600</nanos>
  <sequence>973</sequence>
  <level>END</level>
  <class>com.kms.katalon.core.logging.XmlKeywordLogger</class>
  <method>endKeyword</method>
  <thread>1</thread>
  <message>End action : switchToDefaultContent()</message>
  <nestedLevel>1</nestedLevel>
  <escapedJava>false</escapedJava>
</record>
<record>
  <date>2026-05-26T21:35:50.777394600Z</date>
  <millis>1779831350777</millis>
  <nanos>394600</nanos>
  <sequence>974</sequence>
  <level>START</level>
  <class>com.kms.katalon.core.logging.XmlKeywordLogger</class>
  <method>startKeyword</method>
  <thread>1</thread>
  <message>Start action : println(&amp;quot;Upload completed&amp;quot;)</message>
  <nestedLevel>1</nestedLevel>
  <escapedJava>false</escapedJava>
  <property name="startLine">312</property>
  <property name="stepIndex">40</property>
</record>
<record>
  <date>2026-05-26T21:35:50.787248100Z</date>
  <millis>1779831350787</millis>
  <nanos>248100</nanos>
  <sequence>975</sequence>
  <level>END</level>
  <class>com.kms.katalon.core.logging.XmlKeywordLogger</class>
  <method>endKeyword</method>
  <thread>1</thread>
  <message>End action : println(&amp;quot;Upload completed&amp;quot;)</message>
  <nestedLevel>1</nestedLevel>
  <escapedJava>false</escapedJava>
</record>
<record>
  <date>2026-05-26T21:35:50.789276200Z</date>
  <millis>1779831350789</millis>
  <nanos>276200</nanos>
  <sequence>976</sequence>
  <level>PASSED</level>
  <class>com.kms.katalon.core.logging.XmlKeywordLogger</class>
  <method>logMessage</method>
  <thread>1</thread>
  <message>Test Cases/TaskActions/Uploads/Upload_File_From_Govdrive</message>
  <nestedLevel>1</nestedLevel>
  <escapedJava>false</escapedJava>
</record>
<record>
  <date>2026-05-26T21:35:50.789276200Z</date>
  <millis>1779831350789</millis>
  <nanos>276200</nanos>
  <sequence>977</sequence>
  <level>END</level>
  <class>com.kms.katalon.core.logging.XmlKeywordLogger</class>
  <method>endTest</method>
  <thread>1</thread>
  <message>End Test Case : Test Cases/TaskActions/Uploads/Upload_File_From_Govdrive</message>
  <nestedLevel>0</nestedLevel>
  <escapedJava>false</escapedJava>
  <property name="executionBindingVariables">[]</property>
  <property name="applitools">false</property>
  <property name="remainingRetryCount">3</property>
  <property name="executedKeywords">{
  &quot;WebUI.switchToDefaultContent&quot;: 4,
  &quot;WebUI.waitForElementVisible&quot;: 3,
  &quot;WebUI.click&quot;: 2,
  &quot;WebUI.waitForPageLoad&quot;: 1,
  &quot;WebUI.switchToFrame&quot;: 1,
  &quot;BuiltIn.delay&quot;: 5,
  &quot;WebUI.waitForElementClickable&quot;: 2
}</property>
  <property name="currentRetryCount">0</property>
  <property name="keywordsUsage">{
  &quot;web_ui&quot;: true,
  &quot;web_service&quot;: false,
  &quot;cucumber&quot;: false,
  &quot;builtin&quot;: true,
  &quot;mobile&quot;: false,
  &quot;windows&quot;: false,
  &quot;testng&quot;: false
}</property>
</record>
<record>
  <date>2026-05-26T21:35:50.794123600Z</date>
  <millis>1779831350794</millis>
  <nanos>123600</nanos>
  <sequence>978</sequence>
  <level>START</level>
  <class>com.kms.katalon.core.logging.XmlKeywordLogger</class>
  <method>startTest</method>
  <thread>1</thread>
  <message>Start Test Case : Test Cases/TaskActions/Uploads/Upload_file_Without_Classification</message>
  <nestedLevel>1</nestedLevel>
  <escapedJava>false</escapedJava>
  <property name="remainingRetryCount">3</property>
  <property name="origin"></property>
  <property name="name">Test Cases/TaskActions/Uploads/Upload_file_Without_Classification</property>
  <property name="description"></property>
  <property name="iteration"></property>
  <property name="id">Test Cases/TaskActions/Uploads/Upload_file_Without_Classification</property>
  <property name="source">C:\Users\CROWN-STAFF\git\convergence-qa-tests\Test Cases\TaskActions\Uploads\Upload_file_Without_Classification.tc</property>
  <property name="tag"></property>
  <property name="isOptional">false</property>
  <property name="uuid">f0b49885-59c4-42ab-9d35-6030e02244e2</property>
  <property name="currentRetryCount">0</property>
</record>
<record>
  <date>2026-05-26T21:35:50.904481800Z</date>
  <millis>1779831350904</millis>
  <nanos>481800</nanos>
  <sequence>980</sequence>
  <level>RUN_DATA</level>
  <class>com.kms.katalon.core.logging.XmlKeywordLogger</class>
  <method>logMessage</method>
  <thread>1</thread>
  <message>executionBindingVariables = []</message>
  <nestedLevel>1</nestedLevel>
  <escapedJava>false</escapedJava>
  <property name="executionBindingVariables">[]</property>
</record>
<record>
  <date>2026-05-26T21:35:51.467236400Z</date>
  <millis>1779831351467</millis>
  <nanos>236400</nanos>
  <sequence>981</sequence>
  <level>START</level>
  <class>com.kms.katalon.core.logging.XmlKeywordLogger</class>
  <method>startKeyword</method>
  <thread>1</thread>
  <message>Start action : taskName = &amp;quot;TEST AUTOMATION&amp;quot;</message>
  <nestedLevel>1</nestedLevel>
  <escapedJava>false</escapedJava>
  <property name="startLine">15</property>
  <property name="stepIndex">1</property>
</record>
<record>
  <date>2026-05-26T21:35:51.471594300Z</date>
  <millis>1779831351471</millis>
  <nanos>594300</nanos>
  <sequence>982</sequence>
  <level>END</level>
  <class>com.kms.katalon.core.logging.XmlKeywordLogger</class>
  <method>endKeyword</method>
  <thread>1</thread>
  <message>End action : taskName = &amp;quot;TEST AUTOMATION&amp;quot;</message>
  <nestedLevel>1</nestedLevel>
  <escapedJava>false</escapedJava>
</record>
<record>
  <date>2026-05-26T21:35:51.471594300Z</date>
  <millis>1779831351471</millis>
  <nanos>594300</nanos>
  <sequence>983</sequence>
  <level>START</level>
  <class>com.kms.katalon.core.logging.XmlKeywordLogger</class>
  <method>startKeyword</method>
  <thread>1</thread>
  <message>Start action : uploadFile = getProjectDir() + &amp;quot;/Include/test-files/TASK CYCLE.pdf&amp;quot;</message>
  <nestedLevel>1</nestedLevel>
  <escapedJava>false</escapedJava>
  <property name="startLine">17</property>
  <property name="stepIndex">2</property>
</record>
<record>
  <date>2026-05-26T21:35:51.476083100Z</date>
  <millis>1779831351476</millis>
  <nanos>83100</nanos>
  <sequence>984</sequence>
  <level>END</level>
  <class>com.kms.katalon.core.logging.XmlKeywordLogger</class>
  <method>endKeyword</method>
  <thread>1</thread>
  <message>End action : uploadFile = getProjectDir() + &amp;quot;/Include/test-files/TASK CYCLE.pdf&amp;quot;</message>
  <nestedLevel>1</nestedLevel>
  <escapedJava>false</escapedJava>
</record>
<record>
  <date>2026-05-26T21:35:51.478100800Z</date>
  <millis>1779831351478</millis>
  <nanos>100800</nanos>
  <sequence>985</sequence>
  <level>START</level>
  <class>com.kms.katalon.core.logging.XmlKeywordLogger</class>
  <method>startKeyword</method>
  <thread>1</thread>
  <message>Start action : waitForPageLoad(20)</message>
  <nestedLevel>1</nestedLevel>
  <escapedJava>false</escapedJava>
  <property name="startLine">24</property>
  <property name="stepIndex">3</property>
</record>
<record>
  <date>2026-05-26T21:35:51.501183600Z</date>
  <millis>1779831351501</millis>
  <nanos>183600</nanos>
  <sequence>989</sequence>
  <level>PASSED</level>
  <class>com.kms.katalon.core.logging.XmlKeywordLogger</class>
  <method>logMessage</method>
  <thread>1</thread>
  <message>Wait for page load successfully</message>
  <nestedLevel>1</nestedLevel>
  <escapedJava>false</escapedJava>
  <property name="testops-method-name">com.kms.katalon.core.webui.keyword.internal.WebUIKeywordMain$runKeyword$0.call</property>
  <property name="testops-execution-stacktrace">com.kms.katalon.core.logging.KeywordLogger.logPassed(KeywordLogger.java:350)
com.kms.katalon.core.logging.KeywordLogger.logPassed(KeywordLogger.java:345)
com.kms.katalon.core.logging.KeywordLogger$logPassed$0.call(Unknown Source)
com.kms.katalon.core.webui.keyword.builtin.WaitForPageLoadKeyword$_waitForPageLoad_closure1.doCall(WaitForPageLoadKeyword.groovy:94)
com.kms.katalon.core.webui.keyword.builtin.WaitForPageLoadKeyword$_waitForPageLoad_closure1.doCall(WaitForPageLoadKeyword.groovy)
java.base/jdk.internal.reflect.DirectMethodHandleAccessor.invoke(DirectMethodHandleAccessor.java:103)
com.kms.katalon.core.webui.keyword.internal.WebUIKeywordMain.runKeyword(WebUIKeywordMain.groovy:41)
com.kms.katalon.core.webui.keyword.internal.WebUIKeywordMain$runKeyword$0.call(Unknown Source)
com.kms.katalon.core.webui.keyword.builtin.WaitForPageLoadKeyword.waitForPageLoad(WaitForPageLoadKeyword.groovy:95)
com.kms.katalon.core.webui.keyword.builtin.WaitForPageLoadKeyword.execute(WaitForPageLoadKeyword.groovy:68)
com.kms.katalon.core.keyword.internal.KeywordExecutor.executeKeywordForPlatform(KeywordExecutor.groovy:99)
com.kms.katalon.core.webui.keyword.WebUiBuiltInKeywords.waitForPageLoad(WebUiBuiltInKeywords.groovy:2559)
Upload_file_Without_Classification.run(Upload_file_Without_Classification:24)
</property>
</record>
<record>
  <date>2026-05-26T21:35:51.504851500Z</date>
  <millis>1779831351504</millis>
  <nanos>851500</nanos>
  <sequence>990</sequence>
  <level>END</level>
  <class>com.kms.katalon.core.logging.XmlKeywordLogger</class>
  <method>endKeyword</method>
  <thread>1</thread>
  <message>End action : waitForPageLoad(20)</message>
  <nestedLevel>1</nestedLevel>
  <escapedJava>false</escapedJava>
</record>
<record>
  <date>2026-05-26T21:35:51.504851500Z</date>
  <millis>1779831351504</millis>
  <nanos>851500</nanos>
  <sequence>991</sequence>
  <level>START</level>
  <class>com.kms.katalon.core.logging.XmlKeywordLogger</class>
  <method>startKeyword</method>
  <thread>1</thread>
  <message>Start action : switchToDefaultContent()</message>
  <nestedLevel>1</nestedLevel>
  <escapedJava>false</escapedJava>
  <property name="startLine">25</property>
  <property name="stepIndex">4</property>
</record>
<record>
  <date>2026-05-26T21:35:51.539081800Z</date>
  <millis>1779831351539</millis>
  <nanos>81800</nanos>
  <sequence>994</sequence>
  <level>END</level>
  <class>com.kms.katalon.core.logging.XmlKeywordLogger</class>
  <method>endKeyword</method>
  <thread>1</thread>
  <message>End action : switchToDefaultContent()</message>
  <nestedLevel>1</nestedLevel>
  <escapedJava>false</escapedJava>
</record>
<record>
  <date>2026-05-26T21:35:51.541093400Z</date>
  <millis>1779831351541</millis>
  <nanos>93400</nanos>
  <sequence>995</sequence>
  <level>START</level>
  <class>com.kms.katalon.core.logging.XmlKeywordLogger</class>
  <method>startKeyword</method>
  <thread>1</thread>
  <message>Start action : println(&amp;quot;Looking for task: &amp;quot; + taskName)</message>
  <nestedLevel>1</nestedLevel>
  <escapedJava>false</escapedJava>
  <property name="startLine">27</property>
  <property name="stepIndex">5</property>
</record>
<record>
  <date>2026-05-26T21:35:51.545291100Z</date>
  <millis>1779831351545</millis>
  <nanos>291100</nanos>
  <sequence>996</sequence>
  <level>END</level>
  <class>com.kms.katalon.core.logging.XmlKeywordLogger</class>
  <method>endKeyword</method>
  <thread>1</thread>
  <message>End action : println(&amp;quot;Looking for task: &amp;quot; + taskName)</message>
  <nestedLevel>1</nestedLevel>
  <escapedJava>false</escapedJava>
</record>
<record>
  <date>2026-05-26T21:35:51.545291100Z</date>
  <millis>1779831351545</millis>
  <nanos>291100</nanos>
  <sequence>997</sequence>
  <level>START</level>
  <class>com.kms.katalon.core.logging.XmlKeywordLogger</class>
  <method>startKeyword</method>
  <thread>1</thread>
  <message>Start action : task = new com.kms.katalon.core.testobject.TestObject()</message>
  <nestedLevel>1</nestedLevel>
  <escapedJava>false</escapedJava>
  <property name="startLine">32</property>
  <property name="stepIndex">6</property>
</record>
<record>
  <date>2026-05-26T21:35:51.554244700Z</date>
  <millis>1779831351554</millis>
  <nanos>244700</nanos>
  <sequence>998</sequence>
  <level>END</level>
  <class>com.kms.katalon.core.logging.XmlKeywordLogger</class>
  <method>endKeyword</method>
  <thread>1</thread>
  <message>End action : task = new com.kms.katalon.core.testobject.TestObject()</message>
  <nestedLevel>1</nestedLevel>
  <escapedJava>false</escapedJava>
</record>
<record>
  <date>2026-05-26T21:35:51.554244700Z</date>
  <millis>1779831351554</millis>
  <nanos>244700</nanos>
  <sequence>999</sequence>
  <level>START</level>
  <class>com.kms.katalon.core.logging.XmlKeywordLogger</class>
  <method>startKeyword</method>
  <thread>1</thread>
  <message>Start action : task.addProperty(&amp;quot;xpath&amp;quot;, EQUALS, &amp;quot;//p[contains(normalize-space(.),&amp;apos;&amp;quot; + taskName + &amp;quot;&amp;apos;)]&amp;quot;)</message>
  <nestedLevel>1</nestedLevel>
  <escapedJava>false</escapedJava>
  <property name="startLine">34</property>
  <property name="stepIndex">7</property>
</record>
<record>
  <date>2026-05-26T21:35:51.564006200Z</date>
  <millis>1779831351564</millis>
  <nanos>6200</nanos>
  <sequence>1000</sequence>
  <level>END</level>
  <class>com.kms.katalon.core.logging.XmlKeywordLogger</class>
  <method>endKeyword</method>
  <thread>1</thread>
  <message>End action : task.addProperty(&amp;quot;xpath&amp;quot;, EQUALS, &amp;quot;//p[contains(normalize-space(.),&amp;apos;&amp;quot; + taskName + &amp;quot;&amp;apos;)]&amp;quot;)</message>
  <nestedLevel>1</nestedLevel>
  <escapedJava>false</escapedJava>
</record>
<record>
  <date>2026-05-26T21:35:51.567412200Z</date>
  <millis>1779831351567</millis>
  <nanos>412200</nanos>
  <sequence>1001</sequence>
  <level>START</level>
  <class>com.kms.katalon.core.logging.XmlKeywordLogger</class>
  <method>startKeyword</method>
  <thread>1</thread>
  <message>Start action : taskExists = waitForElementPresent(task, 20, OPTIONAL)</message>
  <nestedLevel>1</nestedLevel>
  <escapedJava>false</escapedJava>
  <property name="startLine">43</property>
  <property name="stepIndex">8</property>
</record>
<record>
  <date>2026-05-26T21:35:52.433620900Z</date>
  <millis>1779831352433</millis>
  <nanos>620900</nanos>
  <sequence>1007</sequence>
  <level>PASSED</level>
  <class>com.kms.katalon.core.logging.XmlKeywordLogger</class>
  <method>logMessage</method>
  <thread>1</thread>
  <message>Object &amp;apos;&amp;apos; is present</message>
  <nestedLevel>1</nestedLevel>
  <escapedJava>false</escapedJava>
  <property name="testops-method-name">com.kms.katalon.core.webui.keyword.internal.WebUIKeywordMain.runKeywordUntilTimeout</property>
  <property name="testops-execution-stacktrace">com.kms.katalon.core.logging.KeywordLogger.logPassed(KeywordLogger.java:350)
com.kms.katalon.core.logging.KeywordLogger.logPassed(KeywordLogger.java:345)
com.kms.katalon.core.webui.keyword.builtin.WaitForElementPresentKeyword$_waitForElementPresent_closure1.doCall(WaitForElementPresentKeyword.groovy:56)
java.base/jdk.internal.reflect.DirectMethodHandleAccessor.invoke(DirectMethodHandleAccessor.java:103)
jdk.proxy2/jdk.proxy2.$Proxy56.execute(Unknown Source)
com.kms.katalon.core.webui.model.SeleniumActionRetryController.performAction(SeleniumActionRetryController.java:96)
com.kms.katalon.core.webui.model.SeleniumActionRetryController.performAction(SeleniumActionRetryController.java:83)
com.kms.katalon.core.webui.keyword.internal.WebUIKeywordMain$_runKeywordUntilTimeout_closure2.doCall(WebUIKeywordMain.groovy:155)
com.kms.katalon.core.webui.keyword.internal.WebUIKeywordMain$_runKeywordUntilTimeout_closure2.call(WebUIKeywordMain.groovy)
com.kms.katalon.core.webui.keyword.internal.WebUIKeywordMain.runKeyword(WebUIKeywordMain.groovy:41)
com.kms.katalon.core.webui.keyword.internal.WebUIKeywordMain.runKeywordUntilTimeout(WebUIKeywordMain.groovy:152)
com.kms.katalon.core.webui.keyword.builtin.WaitForElementPresentKeyword.waitForElementPresent(WaitForElementPresentKeyword.groovy:68)
com.kms.katalon.core.webui.keyword.builtin.WaitForElementPresentKeyword.execute(WaitForElementPresentKeyword.groovy:38)
com.kms.katalon.core.keyword.internal.KeywordExecutor.executeKeywordForPlatform(KeywordExecutor.groovy:99)
com.kms.katalon.core.webui.keyword.WebUiBuiltInKeywords.waitForElementPresent(WebUiBuiltInKeywords.groovy:408)
Upload_file_Without_Classification.run(Upload_file_Without_Classification:44)
</property>
</record>
<record>
  <date>2026-05-26T21:35:52.441781900Z</date>
  <millis>1779831352441</millis>
  <nanos>781900</nanos>
  <sequence>1008</sequence>
  <level>END</level>
  <class>com.kms.katalon.core.logging.XmlKeywordLogger</class>
  <method>endKeyword</method>
  <thread>1</thread>
  <message>End action : taskExists = waitForElementPresent(task, 20, OPTIONAL)</message>
  <nestedLevel>1</nestedLevel>
  <escapedJava>false</escapedJava>
</record>
<record>
  <date>2026-05-26T21:35:52.443571100Z</date>
  <millis>1779831352443</millis>
  <nanos>571100</nanos>
  <sequence>1009</sequence>
  <level>START</level>
  <class>com.kms.katalon.core.logging.XmlKeywordLogger</class>
  <method>startKeyword</method>
  <thread>1</thread>
  <message>Start action : println(&amp;quot;Task exists = &amp;quot; + taskExists)</message>
  <nestedLevel>1</nestedLevel>
  <escapedJava>false</escapedJava>
  <property name="startLine">50</property>
  <property name="stepIndex">9</property>
</record>
<record>
  <date>2026-05-26T21:35:52.447056500Z</date>
  <millis>1779831352447</millis>
  <nanos>56500</nanos>
  <sequence>1010</sequence>
  <level>END</level>
  <class>com.kms.katalon.core.logging.XmlKeywordLogger</class>
  <method>endKeyword</method>
  <thread>1</thread>
  <message>End action : println(&amp;quot;Task exists = &amp;quot; + taskExists)</message>
  <nestedLevel>1</nestedLevel>
  <escapedJava>false</escapedJava>
</record>
<record>
  <date>2026-05-26T21:35:52.451601900Z</date>
  <millis>1779831352451</millis>
  <nanos>601900</nanos>
  <sequence>1011</sequence>
  <level>START</level>
  <class>com.kms.katalon.core.logging.XmlKeywordLogger</class>
  <method>startKeyword</method>
  <thread>1</thread>
  <message>Start action : if (!(taskExists))</message>
  <nestedLevel>1</nestedLevel>
  <escapedJava>false</escapedJava>
  <property name="startLine">52</property>
  <property name="stepIndex">10</property>
</record>
<record>
  <date>2026-05-26T21:35:52.456641800Z</date>
  <millis>1779831352456</millis>
  <nanos>641800</nanos>
  <sequence>1012</sequence>
  <level>END</level>
  <class>com.kms.katalon.core.logging.XmlKeywordLogger</class>
  <method>endKeyword</method>
  <thread>1</thread>
  <message>End action : if (!(taskExists))</message>
  <nestedLevel>1</nestedLevel>
  <escapedJava>false</escapedJava>
</record>
<record>
  <date>2026-05-26T21:35:52.458664Z</date>
  <millis>1779831352458</millis>
  <nanos>664000</nanos>
  <sequence>1013</sequence>
  <level>START</level>
  <class>com.kms.katalon.core.logging.XmlKeywordLogger</class>
  <method>startKeyword</method>
  <thread>1</thread>
  <message>Start action : assert taskExists</message>
  <nestedLevel>1</nestedLevel>
  <escapedJava>false</escapedJava>
  <property name="startLine">66</property>
  <property name="stepIndex">11</property>
</record>
<record>
  <date>2026-05-26T21:35:52.464252900Z</date>
  <millis>1779831352464</millis>
  <nanos>252900</nanos>
  <sequence>1014</sequence>
  <level>END</level>
  <class>com.kms.katalon.core.logging.XmlKeywordLogger</class>
  <method>endKeyword</method>
  <thread>1</thread>
  <message>End action : assert taskExists</message>
  <nestedLevel>1</nestedLevel>
  <escapedJava>false</escapedJava>
</record>
<record>
  <date>2026-05-26T21:35:52.469347300Z</date>
  <millis>1779831352469</millis>
  <nanos>347300</nanos>
  <sequence>1015</sequence>
  <level>START</level>
  <class>com.kms.katalon.core.logging.XmlKeywordLogger</class>
  <method>startKeyword</method>
  <thread>1</thread>
  <message>Start action : scrollToElement(task, 10)</message>
  <nestedLevel>1</nestedLevel>
  <escapedJava>false</escapedJava>
  <property name="startLine">72</property>
  <property name="stepIndex">12</property>
</record>
<record>
  <date>2026-05-26T21:35:52.819584Z</date>
  <millis>1779831352819</millis>
  <nanos>584000</nanos>
  <sequence>1024</sequence>
  <level>PASSED</level>
  <class>com.kms.katalon.core.logging.XmlKeywordLogger</class>
  <method>logMessage</method>
  <thread>1</thread>
  <message>Scroll to object &amp;apos;&amp;apos; successfully</message>
  <nestedLevel>1</nestedLevel>
  <escapedJava>false</escapedJava>
  <property name="testops-method-name">com.kms.katalon.core.webui.keyword.builtin.ScrollToElementKeyword.scrollToElement</property>
  <property name="testops-execution-stacktrace"></property>
</record>
<record>
  <date>2026-05-26T21:35:52.822957Z</date>
  <millis>1779831352822</millis>
  <nanos>957000</nanos>
  <sequence>1025</sequence>
  <level>END</level>
  <class>com.kms.katalon.core.logging.XmlKeywordLogger</class>
  <method>endKeyword</method>
  <thread>1</thread>
  <message>End action : scrollToElement(task, 10)</message>
  <nestedLevel>1</nestedLevel>
  <escapedJava>false</escapedJava>
</record>
<record>
  <date>2026-05-26T21:35:52.837163500Z</date>
  <millis>1779831352837</millis>
  <nanos>163500</nanos>
  <sequence>1026</sequence>
  <level>START</level>
  <class>com.kms.katalon.core.logging.XmlKeywordLogger</class>
  <method>startKeyword</method>
  <thread>1</thread>
  <message>Start action : enhancedClick(task)</message>
  <nestedLevel>1</nestedLevel>
  <escapedJava>false</escapedJava>
  <property name="startLine">74</property>
  <property name="stepIndex">13</property>
</record>
<record>
  <date>2026-05-26T21:35:53.842198100Z</date>
  <millis>1779831353842</millis>
  <nanos>198100</nanos>
  <sequence>1037</sequence>
  <level>ERROR</level>
  <class>com.kms.katalon.core.logging.XmlKeywordLogger</class>
  <method>logMessage</method>
  <thread>1</thread>
  <message>element not interactable: [object HTMLParagraphElement] has no size and location
  (Session info: chrome=148.0.7778.179)
Build info: version: &amp;apos;4.39.0&amp;apos;, revision: &amp;apos;126f156aee&amp;apos;
System info: os.name: &amp;apos;Windows 11&amp;apos;, os.arch: &amp;apos;amd64&amp;apos;, os.version: &amp;apos;10.0&amp;apos;, java.version: &amp;apos;21.0.9&amp;apos;
Driver info: com.kms.katalon.selenium.driver.CChromeDriver
Command: [feee1791966b3f5b5643eea19541f7fb, actions {actions=[org.openqa.selenium.interactions.Sequence@4228a2f6]}]
Capabilities {acceptInsecureCerts: false, browserName: chrome, browserVersion: 148.0.7778.179, chrome: {chromedriverVersion: 148.0.7778.167 (65db666ac2c..., userDataDir: C:\Users\CROWN-~1\AppData\L...}, fedcm:accounts: true, goog:chromeOptions: {debuggerAddress: localhost:58016}, goog:processID: 40652, networkConnectionEnabled: false, pageLoadStrategy: normal, platformName: windows, proxy: Proxy(), se:cdp: ws://localhost:58016/devtoo..., se:cdpVersion: 148.0.7778.179, setWindowRect: true, strictFileInteractability: false, timeouts: {implicit: 0, pageLoad: 300000, script: 30000}, unhandledPromptBehavior: {alert: ignore, beforeUnload: ignore, confirm: ignore, default: ignore, file: ignore, prompt: ignore}, webSocketUrl: ws://localhost:3604/session..., webauthn:extension:credBlob: true, webauthn:extension:largeBlob: true, webauthn:extension:minPinLength: true, webauthn:extension:prf: true, webauthn:virtualAuthenticators: true}
Session ID: feee1791966b3f5b5643eea19541f7fb</message>
  <nestedLevel>1</nestedLevel>
  <escapedJava>false</escapedJava>
</record>
<record>
  <date>2026-05-26T21:36:04.573677Z</date>
  <millis>1779831364573</millis>
  <nanos>677000</nanos>
  <sequence>1040</sequence>
  <level>PASSED</level>
  <class>com.kms.katalon.core.logging.XmlKeywordLogger</class>
  <method>logMessage</method>
  <thread>1</thread>
  <message>Object: &amp;apos;&amp;apos; is clicked on</message>
  <nestedLevel>1</nestedLevel>
  <escapedJava>false</escapedJava>
  <property name="testops-method-name">com.kms.katalon.core.webui.keyword.internal.WebUIKeywordMain.runKeywordUntilTimeout</property>
  <property name="testops-execution-stacktrace">com.kms.katalon.core.logging.KeywordLogger.logPassed(KeywordLogger.java:350)
com.kms.katalon.core.logging.KeywordLogger.logPassed(KeywordLogger.java:345)
com.kms.katalon.core.webui.keyword.builtin.EnhancedClickKeyword$_click_closure1$_closure5.doCall(EnhancedClickKeyword.groovy:88)
java.base/jdk.internal.reflect.DirectMethodHandleAccessor.invoke(DirectMethodHandleAccessor.java:103)
jdk.proxy2/jdk.proxy2.$Proxy60.accept(Unknown Source)
com.kms.katalon.core.trymonad.Success.onSuccess(Try.java:263)
com.kms.katalon.core.webui.keyword.builtin.EnhancedClickKeyword$_click_closure1.doCall(EnhancedClickKeyword.groovy:71)
java.base/jdk.internal.reflect.DirectMethodHandleAccessor.invoke(DirectMethodHandleAccessor.java:103)
jdk.proxy2/jdk.proxy2.$Proxy56.execute(Unknown Source)
com.kms.katalon.core.webui.model.SeleniumActionRetryController.performAction(SeleniumActionRetryController.java:96)
com.kms.katalon.core.webui.model.SeleniumActionRetryController.performAction(SeleniumActionRetryController.java:83)
com.kms.katalon.core.webui.keyword.internal.WebUIKeywordMain$_runKeywordUntilTimeout_closure1.doCall(WebUIKeywordMain.groovy:135)
com.kms.katalon.core.webui.keyword.internal.WebUIKeywordMain$_runKeywordUntilTimeout_closure1.call(WebUIKeywordMain.groovy)
com.kms.katalon.core.webui.keyword.internal.WebUIKeywordMain.runKeyword(WebUIKeywordMain.groovy:41)
com.kms.katalon.core.webui.keyword.internal.WebUIKeywordMain.runKeywordUntilTimeout(WebUIKeywordMain.groovy:133)
com.kms.katalon.core.webui.keyword.builtin.EnhancedClickKeyword.click(EnhancedClickKeyword.groovy:95)
com.kms.katalon.core.webui.keyword.builtin.EnhancedClickKeyword.execute(EnhancedClickKeyword.groovy:41)
com.kms.katalon.core.keyword.internal.KeywordExecutor.executeKeywordForPlatform(KeywordExecutor.groovy:99)
com.kms.katalon.core.webui.keyword.WebUiBuiltInKeywords.enhancedClick(WebUiBuiltInKeywords.groovy:748)
Upload_file_Without_Classification.run(Upload_file_Without_Classification:74)
</property>
</record>
<record>
  <date>2026-05-26T21:36:04.585372Z</date>
  <millis>1779831364585</millis>
  <nanos>372000</nanos>
  <sequence>1041</sequence>
  <level>END</level>
  <class>com.kms.katalon.core.logging.XmlKeywordLogger</class>
  <method>endKeyword</method>
  <thread>1</thread>
  <message>End action : enhancedClick(task)</message>
  <nestedLevel>1</nestedLevel>
  <escapedJava>false</escapedJava>
</record>
<record>
  <date>2026-05-26T21:36:04.587409100Z</date>
  <millis>1779831364587</millis>
  <nanos>409100</nanos>
  <sequence>1042</sequence>
  <level>START</level>
  <class>com.kms.katalon.core.logging.XmlKeywordLogger</class>
  <method>startKeyword</method>
  <thread>1</thread>
  <message>Start action : waitForPageLoad(20)</message>
  <nestedLevel>1</nestedLevel>
  <escapedJava>false</escapedJava>
  <property name="startLine">76</property>
  <property name="stepIndex">14</property>
</record>
<record>
  <date>2026-05-26T21:36:04.620519700Z</date>
  <millis>1779831364620</millis>
  <nanos>519700</nanos>
  <sequence>1046</sequence>
  <level>PASSED</level>
  <class>com.kms.katalon.core.logging.XmlKeywordLogger</class>
  <method>logMessage</method>
  <thread>1</thread>
  <message>Wait for page load successfully</message>
  <nestedLevel>1</nestedLevel>
  <escapedJava>false</escapedJava>
  <property name="testops-method-name">com.kms.katalon.core.webui.keyword.internal.WebUIKeywordMain$runKeyword$0.call</property>
  <property name="testops-execution-stacktrace">com.kms.katalon.core.logging.KeywordLogger.logPassed(KeywordLogger.java:350)
com.kms.katalon.core.logging.KeywordLogger.logPassed(KeywordLogger.java:345)
com.kms.katalon.core.logging.KeywordLogger$logPassed$0.call(Unknown Source)
com.kms.katalon.core.webui.keyword.builtin.WaitForPageLoadKeyword$_waitForPageLoad_closure1.doCall(WaitForPageLoadKeyword.groovy:94)
com.kms.katalon.core.webui.keyword.builtin.WaitForPageLoadKeyword$_waitForPageLoad_closure1.doCall(WaitForPageLoadKeyword.groovy)
java.base/jdk.internal.reflect.DirectMethodHandleAccessor.invoke(DirectMethodHandleAccessor.java:103)
com.kms.katalon.core.webui.keyword.internal.WebUIKeywordMain.runKeyword(WebUIKeywordMain.groovy:41)
com.kms.katalon.core.webui.keyword.internal.WebUIKeywordMain$runKeyword$0.call(Unknown Source)
com.kms.katalon.core.webui.keyword.builtin.WaitForPageLoadKeyword.waitForPageLoad(WaitForPageLoadKeyword.groovy:95)
com.kms.katalon.core.webui.keyword.builtin.WaitForPageLoadKeyword.execute(WaitForPageLoadKeyword.groovy:68)
com.kms.katalon.core.keyword.internal.KeywordExecutor.executeKeywordForPlatform(KeywordExecutor.groovy:99)
com.kms.katalon.core.webui.keyword.WebUiBuiltInKeywords.waitForPageLoad(WebUiBuiltInKeywords.groovy:2559)
Upload_file_Without_Classification.run(Upload_file_Without_Classification:76)
</property>
</record>
<record>
  <date>2026-05-26T21:36:04.624005900Z</date>
  <millis>1779831364624</millis>
  <nanos>5900</nanos>
  <sequence>1047</sequence>
  <level>END</level>
  <class>com.kms.katalon.core.logging.XmlKeywordLogger</class>
  <method>endKeyword</method>
  <thread>1</thread>
  <message>End action : waitForPageLoad(20)</message>
  <nestedLevel>1</nestedLevel>
  <escapedJava>false</escapedJava>
</record>
<record>
  <date>2026-05-26T21:36:04.624713Z</date>
  <millis>1779831364624</millis>
  <nanos>713000</nanos>
  <sequence>1048</sequence>
  <level>START</level>
  <class>com.kms.katalon.core.logging.XmlKeywordLogger</class>
  <method>startKeyword</method>
  <thread>1</thread>
  <message>Start action : uploadBtn = findTestObject(&amp;quot;Page_Work Order  View- Workforce Manager/Page_Work Order  View- Workforce Manager/a_dLabel&amp;quot;)</message>
  <nestedLevel>1</nestedLevel>
  <escapedJava>false</escapedJava>
  <property name="startLine">81</property>
  <property name="stepIndex">15</property>
</record>
<record>
  <date>2026-05-26T21:36:04.658366400Z</date>
  <millis>1779831364658</millis>
  <nanos>366400</nanos>
  <sequence>1050</sequence>
  <level>END</level>
  <class>com.kms.katalon.core.logging.XmlKeywordLogger</class>
  <method>endKeyword</method>
  <thread>1</thread>
  <message>End action : uploadBtn = findTestObject(&amp;quot;Page_Work Order  View- Workforce Manager/Page_Work Order  View- Workforce Manager/a_dLabel&amp;quot;)</message>
  <nestedLevel>1</nestedLevel>
  <escapedJava>false</escapedJava>
</record>
<record>
  <date>2026-05-26T21:36:04.658366400Z</date>
  <millis>1779831364658</millis>
  <nanos>366400</nanos>
  <sequence>1051</sequence>
  <level>START</level>
  <class>com.kms.katalon.core.logging.XmlKeywordLogger</class>
  <method>startKeyword</method>
  <thread>1</thread>
  <message>Start action : waitForElementClickable(uploadBtn, 20)</message>
  <nestedLevel>1</nestedLevel>
  <escapedJava>false</escapedJava>
  <property name="startLine">86</property>
  <property name="stepIndex">16</property>
</record>
<record>
  <date>2026-05-26T21:36:05.274882Z</date>
  <millis>1779831365274</millis>
  <nanos>882000</nanos>
  <sequence>1057</sequence>
  <level>PASSED</level>
  <class>com.kms.katalon.core.logging.XmlKeywordLogger</class>
  <method>logMessage</method>
  <thread>1</thread>
  <message>Object &amp;apos;Object Repository/Page_Work Order  View- Workforce Manager/Page_Work Order  View- Workforce Manager/a_dLabel&amp;apos; is clickable</message>
  <nestedLevel>1</nestedLevel>
  <escapedJava>false</escapedJava>
  <property name="testops-method-name">com.kms.katalon.core.webui.keyword.internal.WebUIKeywordMain.runKeywordUntilTimeout</property>
  <property name="testops-execution-stacktrace">com.kms.katalon.core.logging.KeywordLogger.logPassed(KeywordLogger.java:350)
com.kms.katalon.core.logging.KeywordLogger.logPassed(KeywordLogger.java:345)
com.kms.katalon.core.logging.KeywordLogger$logPassed$0.call(Unknown Source)
com.kms.katalon.core.webui.keyword.builtin.WaitForElementClickableKeyword$_waitForElementClickable_closure1.doCall(WaitForElementClickableKeyword.groovy:59)
java.base/jdk.internal.reflect.DirectMethodHandleAccessor.invoke(DirectMethodHandleAccessor.java:103)
jdk.proxy2/jdk.proxy2.$Proxy56.execute(Unknown Source)
com.kms.katalon.core.webui.model.SeleniumActionRetryController.performAction(SeleniumActionRetryController.java:96)
com.kms.katalon.core.webui.model.SeleniumActionRetryController.performAction(SeleniumActionRetryController.java:83)
com.kms.katalon.core.webui.keyword.internal.WebUIKeywordMain$_runKeywordUntilTimeout_closure2.doCall(WebUIKeywordMain.groovy:155)
com.kms.katalon.core.webui.keyword.internal.WebUIKeywordMain$_runKeywordUntilTimeout_closure2.call(WebUIKeywordMain.groovy)
com.kms.katalon.core.webui.keyword.internal.WebUIKeywordMain.runKeyword(WebUIKeywordMain.groovy:41)
com.kms.katalon.core.webui.keyword.internal.WebUIKeywordMain.runKeywordUntilTimeout(WebUIKeywordMain.groovy:152)
com.kms.katalon.core.webui.keyword.internal.WebUIKeywordMain$runKeywordUntilTimeout.call(Unknown Source)
com.kms.katalon.core.webui.keyword.builtin.WaitForElementClickableKeyword.waitForElementClickable(WaitForElementClickableKeyword.groovy:76)
com.kms.katalon.core.webui.keyword.builtin.WaitForElementClickableKeyword.execute(WaitForElementClickableKeyword.groovy:42)
com.kms.katalon.core.keyword.internal.KeywordExecutor.executeKeywordForPlatform(KeywordExecutor.groovy:99)
com.kms.katalon.core.webui.keyword.WebUiBuiltInKeywords.waitForElementClickable(WebUiBuiltInKeywords.groovy:581)
Upload_file_Without_Classification.run(Upload_file_Without_Classification:86)
</property>
</record>
<record>
  <date>2026-05-26T21:36:05.283662200Z</date>
  <millis>1779831365283</millis>
  <nanos>662200</nanos>
  <sequence>1058</sequence>
  <level>END</level>
  <class>com.kms.katalon.core.logging.XmlKeywordLogger</class>
  <method>endKeyword</method>
  <thread>1</thread>
  <message>End action : waitForElementClickable(uploadBtn, 20)</message>
  <nestedLevel>1</nestedLevel>
  <escapedJava>false</escapedJava>
</record>
<record>
  <date>2026-05-26T21:36:05.285686300Z</date>
  <millis>1779831365285</millis>
  <nanos>686300</nanos>
  <sequence>1059</sequence>
  <level>START</level>
  <class>com.kms.katalon.core.logging.XmlKeywordLogger</class>
  <method>startKeyword</method>
  <thread>1</thread>
  <message>Start action : enhancedClick(uploadBtn)</message>
  <nestedLevel>1</nestedLevel>
  <escapedJava>false</escapedJava>
  <property name="startLine">91</property>
  <property name="stepIndex">17</property>
</record>
<record>
  <date>2026-05-26T21:36:06.101156700Z</date>
  <millis>1779831366101</millis>
  <nanos>156700</nanos>
  <sequence>1070</sequence>
  <level>PASSED</level>
  <class>com.kms.katalon.core.logging.XmlKeywordLogger</class>
  <method>logMessage</method>
  <thread>1</thread>
  <message>Object: &amp;apos;Object Repository/Page_Work Order  View- Workforce Manager/Page_Work Order  View- Workforce Manager/a_dLabel&amp;apos; is clicked on</message>
  <nestedLevel>1</nestedLevel>
  <escapedJava>false</escapedJava>
  <property name="testops-method-name">com.kms.katalon.core.webui.keyword.internal.WebUIKeywordMain.runKeywordUntilTimeout</property>
  <property name="testops-execution-stacktrace">com.kms.katalon.core.logging.KeywordLogger.logPassed(KeywordLogger.java:350)
com.kms.katalon.core.logging.KeywordLogger.logPassed(KeywordLogger.java:345)
com.kms.katalon.core.webui.keyword.builtin.EnhancedClickKeyword$_click_closure1$_closure5.doCall(EnhancedClickKeyword.groovy:88)
java.base/jdk.internal.reflect.DirectMethodHandleAccessor.invoke(DirectMethodHandleAccessor.java:103)
jdk.proxy2/jdk.proxy2.$Proxy60.accept(Unknown Source)
com.kms.katalon.core.trymonad.Success.onSuccess(Try.java:263)
com.kms.katalon.core.webui.keyword.builtin.EnhancedClickKeyword$_click_closure1.doCall(EnhancedClickKeyword.groovy:71)
java.base/jdk.internal.reflect.DirectMethodHandleAccessor.invoke(DirectMethodHandleAccessor.java:103)
jdk.proxy2/jdk.proxy2.$Proxy56.execute(Unknown Source)
com.kms.katalon.core.webui.model.SeleniumActionRetryController.performAction(SeleniumActionRetryController.java:96)
com.kms.katalon.core.webui.model.SeleniumActionRetryController.performAction(SeleniumActionRetryController.java:83)
com.kms.katalon.core.webui.keyword.internal.WebUIKeywordMain$_runKeywordUntilTimeout_closure1.doCall(WebUIKeywordMain.groovy:135)
com.kms.katalon.core.webui.keyword.internal.WebUIKeywordMain$_runKeywordUntilTimeout_closure1.call(WebUIKeywordMain.groovy)
com.kms.katalon.core.webui.keyword.internal.WebUIKeywordMain.runKeyword(WebUIKeywordMain.groovy:41)
com.kms.katalon.core.webui.keyword.internal.WebUIKeywordMain.runKeywordUntilTimeout(WebUIKeywordMain.groovy:133)
com.kms.katalon.core.webui.keyword.builtin.EnhancedClickKeyword.click(EnhancedClickKeyword.groovy:95)
com.kms.katalon.core.webui.keyword.builtin.EnhancedClickKeyword.execute(EnhancedClickKeyword.groovy:41)
com.kms.katalon.core.keyword.internal.KeywordExecutor.executeKeywordForPlatform(KeywordExecutor.groovy:99)
com.kms.katalon.core.webui.keyword.WebUiBuiltInKeywords.enhancedClick(WebUiBuiltInKeywords.groovy:748)
Upload_file_Without_Classification.run(Upload_file_Without_Classification:91)
</property>
</record>
<record>
  <date>2026-05-26T21:36:06.122202300Z</date>
  <millis>1779831366122</millis>
  <nanos>202300</nanos>
  <sequence>1071</sequence>
  <level>END</level>
  <class>com.kms.katalon.core.logging.XmlKeywordLogger</class>
  <method>endKeyword</method>
  <thread>1</thread>
  <message>End action : enhancedClick(uploadBtn)</message>
  <nestedLevel>1</nestedLevel>
  <escapedJava>false</escapedJava>
</record>
<record>
  <date>2026-05-26T21:36:06.134833100Z</date>
  <millis>1779831366134</millis>
  <nanos>833100</nanos>
  <sequence>1072</sequence>
  <level>START</level>
  <class>com.kms.katalon.core.logging.XmlKeywordLogger</class>
  <method>startKeyword</method>
  <thread>1</thread>
  <message>Start action : println(&amp;quot;Upload modal opened&amp;quot;)</message>
  <nestedLevel>1</nestedLevel>
  <escapedJava>false</escapedJava>
  <property name="startLine">95</property>
  <property name="stepIndex">18</property>
</record>
<record>
  <date>2026-05-26T21:36:06.155603800Z</date>
  <millis>1779831366155</millis>
  <nanos>603800</nanos>
  <sequence>1073</sequence>
  <level>END</level>
  <class>com.kms.katalon.core.logging.XmlKeywordLogger</class>
  <method>endKeyword</method>
  <thread>1</thread>
  <message>End action : println(&amp;quot;Upload modal opened&amp;quot;)</message>
  <nestedLevel>1</nestedLevel>
  <escapedJava>false</escapedJava>
</record>
<record>
  <date>2026-05-26T21:36:06.157616800Z</date>
  <millis>1779831366157</millis>
  <nanos>616800</nanos>
  <sequence>1074</sequence>
  <level>START</level>
  <class>com.kms.katalon.core.logging.XmlKeywordLogger</class>
  <method>startKeyword</method>
  <thread>1</thread>
  <message>Start action : assert Files.exists(Paths.get(uploadFile))</message>
  <nestedLevel>1</nestedLevel>
  <escapedJava>false</escapedJava>
  <property name="startLine">100</property>
  <property name="stepIndex">19</property>
</record>
<record>
  <date>2026-05-26T21:36:06.241346100Z</date>
  <millis>1779831366241</millis>
  <nanos>346100</nanos>
  <sequence>1075</sequence>
  <level>END</level>
  <class>com.kms.katalon.core.logging.XmlKeywordLogger</class>
  <method>endKeyword</method>
  <thread>1</thread>
  <message>End action : assert Files.exists(Paths.get(uploadFile))</message>
  <nestedLevel>1</nestedLevel>
  <escapedJava>false</escapedJava>
</record>
<record>
  <date>2026-05-26T21:36:06.241346100Z</date>
  <millis>1779831366241</millis>
  <nanos>346100</nanos>
  <sequence>1076</sequence>
  <level>START</level>
  <class>com.kms.katalon.core.logging.XmlKeywordLogger</class>
  <method>startKeyword</method>
  <thread>1</thread>
  <message>Start action : println(&amp;quot;Uploading -&amp;gt; &amp;quot; + uploadFile)</message>
  <nestedLevel>1</nestedLevel>
  <escapedJava>false</escapedJava>
  <property name="startLine">103</property>
  <property name="stepIndex">20</property>
</record>
<record>
  <date>2026-05-26T21:36:06.250042700Z</date>
  <millis>1779831366250</millis>
  <nanos>42700</nanos>
  <sequence>1077</sequence>
  <level>END</level>
  <class>com.kms.katalon.core.logging.XmlKeywordLogger</class>
  <method>endKeyword</method>
  <thread>1</thread>
  <message>End action : println(&amp;quot;Uploading -&amp;gt; &amp;quot; + uploadFile)</message>
  <nestedLevel>1</nestedLevel>
  <escapedJava>false</escapedJava>
</record>
<record>
  <date>2026-05-26T21:36:06.251821600Z</date>
  <millis>1779831366251</millis>
  <nanos>821600</nanos>
  <sequence>1078</sequence>
  <level>START</level>
  <class>com.kms.katalon.core.logging.XmlKeywordLogger</class>
  <method>startKeyword</method>
  <thread>1</thread>
  <message>Start action : fileInput = new com.kms.katalon.core.testobject.TestObject()</message>
  <nestedLevel>1</nestedLevel>
  <escapedJava>false</escapedJava>
  <property name="startLine">109</property>
  <property name="stepIndex">21</property>
</record>
<record>
  <date>2026-05-26T21:36:06.265785800Z</date>
  <millis>1779831366265</millis>
  <nanos>785800</nanos>
  <sequence>1079</sequence>
  <level>END</level>
  <class>com.kms.katalon.core.logging.XmlKeywordLogger</class>
  <method>endKeyword</method>
  <thread>1</thread>
  <message>End action : fileInput = new com.kms.katalon.core.testobject.TestObject()</message>
  <nestedLevel>1</nestedLevel>
  <escapedJava>false</escapedJava>
</record>
<record>
  <date>2026-05-26T21:36:06.267810700Z</date>
  <millis>1779831366267</millis>
  <nanos>810700</nanos>
  <sequence>1080</sequence>
  <level>START</level>
  <class>com.kms.katalon.core.logging.XmlKeywordLogger</class>
  <method>startKeyword</method>
  <thread>1</thread>
  <message>Start action : fileInput.addProperty(&amp;quot;xpath&amp;quot;, EQUALS, &amp;quot;//*[@id=&amp;apos;file_upload&amp;apos;]&amp;quot;)</message>
  <nestedLevel>1</nestedLevel>
  <escapedJava>false</escapedJava>
  <property name="startLine">111</property>
  <property name="stepIndex">22</property>
</record>
<record>
  <date>2026-05-26T21:36:06.273868900Z</date>
  <millis>1779831366273</millis>
  <nanos>868900</nanos>
  <sequence>1081</sequence>
  <level>END</level>
  <class>com.kms.katalon.core.logging.XmlKeywordLogger</class>
  <method>endKeyword</method>
  <thread>1</thread>
  <message>End action : fileInput.addProperty(&amp;quot;xpath&amp;quot;, EQUALS, &amp;quot;//*[@id=&amp;apos;file_upload&amp;apos;]&amp;quot;)</message>
  <nestedLevel>1</nestedLevel>
  <escapedJava>false</escapedJava>
</record>
<record>
  <date>2026-05-26T21:36:06.291983Z</date>
  <millis>1779831366291</millis>
  <nanos>983000</nanos>
  <sequence>1082</sequence>
  <level>START</level>
  <class>com.kms.katalon.core.logging.XmlKeywordLogger</class>
  <method>startKeyword</method>
  <thread>1</thread>
  <message>Start action : waitForElementPresent(fileInput, 20)</message>
  <nestedLevel>1</nestedLevel>
  <escapedJava>false</escapedJava>
  <property name="startLine">117</property>
  <property name="stepIndex">23</property>
</record>
<record>
  <date>2026-05-26T21:36:06.678691100Z</date>
  <millis>1779831366678</millis>
  <nanos>691100</nanos>
  <sequence>1088</sequence>
  <level>PASSED</level>
  <class>com.kms.katalon.core.logging.XmlKeywordLogger</class>
  <method>logMessage</method>
  <thread>1</thread>
  <message>Object &amp;apos;&amp;apos; is present</message>
  <nestedLevel>1</nestedLevel>
  <escapedJava>false</escapedJava>
  <property name="testops-method-name">com.kms.katalon.core.webui.keyword.internal.WebUIKeywordMain.runKeywordUntilTimeout</property>
  <property name="testops-execution-stacktrace">com.kms.katalon.core.logging.KeywordLogger.logPassed(KeywordLogger.java:350)
com.kms.katalon.core.logging.KeywordLogger.logPassed(KeywordLogger.java:345)
com.kms.katalon.core.webui.keyword.builtin.WaitForElementPresentKeyword$_waitForElementPresent_closure1.doCall(WaitForElementPresentKeyword.groovy:56)
java.base/jdk.internal.reflect.DirectMethodHandleAccessor.invoke(DirectMethodHandleAccessor.java:103)
jdk.proxy2/jdk.proxy2.$Proxy56.execute(Unknown Source)
com.kms.katalon.core.webui.model.SeleniumActionRetryController.performAction(SeleniumActionRetryController.java:96)
com.kms.katalon.core.webui.model.SeleniumActionRetryController.performAction(SeleniumActionRetryController.java:83)
com.kms.katalon.core.webui.keyword.internal.WebUIKeywordMain$_runKeywordUntilTimeout_closure2.doCall(WebUIKeywordMain.groovy:155)
com.kms.katalon.core.webui.keyword.internal.WebUIKeywordMain$_runKeywordUntilTimeout_closure2.call(WebUIKeywordMain.groovy)
com.kms.katalon.core.webui.keyword.internal.WebUIKeywordMain.runKeyword(WebUIKeywordMain.groovy:41)
com.kms.katalon.core.webui.keyword.internal.WebUIKeywordMain.runKeywordUntilTimeout(WebUIKeywordMain.groovy:152)
com.kms.katalon.core.webui.keyword.builtin.WaitForElementPresentKeyword.waitForElementPresent(WaitForElementPresentKeyword.groovy:68)
com.kms.katalon.core.webui.keyword.builtin.WaitForElementPresentKeyword.execute(WaitForElementPresentKeyword.groovy:38)
com.kms.katalon.core.keyword.internal.KeywordExecutor.executeKeywordForPlatform(KeywordExecutor.groovy:99)
com.kms.katalon.core.webui.keyword.WebUiBuiltInKeywords.waitForElementPresent(WebUiBuiltInKeywords.groovy:424)
Upload_file_Without_Classification.run(Upload_file_Without_Classification:117)
</property>
</record>
<record>
  <date>2026-05-26T21:36:06.684390300Z</date>
  <millis>1779831366684</millis>
  <nanos>390300</nanos>
  <sequence>1089</sequence>
  <level>END</level>
  <class>com.kms.katalon.core.logging.XmlKeywordLogger</class>
  <method>endKeyword</method>
  <thread>1</thread>
  <message>End action : waitForElementPresent(fileInput, 20)</message>
  <nestedLevel>1</nestedLevel>
  <escapedJava>false</escapedJava>
</record>
<record>
  <date>2026-05-26T21:36:06.686415300Z</date>
  <millis>1779831366686</millis>
  <nanos>415300</nanos>
  <sequence>1090</sequence>
  <level>START</level>
  <class>com.kms.katalon.core.logging.XmlKeywordLogger</class>
  <method>startKeyword</method>
  <thread>1</thread>
  <message>Start action : executeJavaScript(&amp;quot;\narguments[0].style.display=&amp;apos;block&amp;apos;;\narguments[0].style.visibility=&amp;apos;visible&amp;apos;;\narguments[0].removeAttribute(&amp;apos;hidden&amp;apos;);\narguments[0].removeAttribute(&amp;apos;disabled&amp;apos;);\n&amp;quot;, [findWebElement(fileInput, 20)])</message>
  <nestedLevel>1</nestedLevel>
  <escapedJava>false</escapedJava>
  <property name="startLine">123</property>
  <property name="stepIndex">24</property>
</record>
<record>
  <date>2026-05-26T21:36:07.026065600Z</date>
  <millis>1779831367026</millis>
  <nanos>65600</nanos>
  <sequence>1096</sequence>
  <level>PASSED</level>
  <class>com.kms.katalon.core.logging.XmlKeywordLogger</class>
  <method>logMessage</method>
  <thread>1</thread>
  <message>Found web element by test object </message>
  <nestedLevel>1</nestedLevel>
  <escapedJava>false</escapedJava>
  <property name="testops-method-name">com.kms.katalon.core.webui.keyword.internal.WebUIKeywordMain.runKeywordUntilTimeout</property>
  <property name="testops-execution-stacktrace">com.kms.katalon.core.logging.KeywordLogger.logPassed(KeywordLogger.java:350)
com.kms.katalon.core.logging.KeywordLogger.logPassed(KeywordLogger.java:345)
com.kms.katalon.core.webui.keyword.builtin.FindWebElementKeyword$_findWebElement_closure1.doCall(FindWebElementKeyword.groovy:52)
java.base/jdk.internal.reflect.DirectMethodHandleAccessor.invoke(DirectMethodHandleAccessor.java:103)
jdk.proxy2/jdk.proxy2.$Proxy56.execute(Unknown Source)
com.kms.katalon.core.webui.model.SeleniumActionRetryController.performAction(SeleniumActionRetryController.java:96)
com.kms.katalon.core.webui.model.SeleniumActionRetryController.performAction(SeleniumActionRetryController.java:83)
com.kms.katalon.core.webui.keyword.internal.WebUIKeywordMain$_runKeywordUntilTimeout_closure2.doCall(WebUIKeywordMain.groovy:155)
com.kms.katalon.core.webui.keyword.internal.WebUIKeywordMain$_runKeywordUntilTimeout_closure2.call(WebUIKeywordMain.groovy)
com.kms.katalon.core.webui.keyword.internal.WebUIKeywordMain.runKeyword(WebUIKeywordMain.groovy:41)
com.kms.katalon.core.webui.keyword.internal.WebUIKeywordMain.runKeywordUntilTimeout(WebUIKeywordMain.groovy:152)
com.kms.katalon.core.webui.keyword.builtin.FindWebElementKeyword.findWebElement(FindWebElementKeyword.groovy:60)
com.kms.katalon.core.webui.keyword.builtin.FindWebElementKeyword.execute(FindWebElementKeyword.groovy:39)
com.kms.katalon.core.keyword.internal.KeywordExecutor.executeKeywordForPlatform(KeywordExecutor.groovy:99)
com.kms.katalon.core.webui.keyword.WebUiBuiltInKeywords.findWebElement(WebUiBuiltInKeywords.groovy:2945)
Upload_file_Without_Classification.run(Upload_file_Without_Classification:131)
</property>
</record>
<record>
  <date>2026-05-26T21:36:07.088046800Z</date>
  <millis>1779831367088</millis>
  <nanos>46800</nanos>
  <sequence>1098</sequence>
  <level>PASSED</level>
  <class>com.kms.katalon.core.logging.XmlKeywordLogger</class>
  <method>logMessage</method>
  <thread>1</thread>
  <message>Execute JavaScript &amp;apos;
arguments[0].style.display=&amp;apos;block&amp;apos;;
arguments[0].style.visibility=&amp;apos;visible&amp;apos;;
arguments[0].removeAttribute(&amp;apos;hidden&amp;apos;);
arguments[0].removeAttribute(&amp;apos;disabled&amp;apos;);
&amp;apos; successfully</message>
  <nestedLevel>1</nestedLevel>
  <escapedJava>false</escapedJava>
  <property name="testops-method-name">com.kms.katalon.core.webui.keyword.builtin.ExecuteJavaScriptKeyword.executeJavascript</property>
  <property name="testops-execution-stacktrace"></property>
</record>
<record>
  <date>2026-05-26T21:36:07.090062500Z</date>
  <millis>1779831367090</millis>
  <nanos>62500</nanos>
  <sequence>1099</sequence>
  <level>END</level>
  <class>com.kms.katalon.core.logging.XmlKeywordLogger</class>
  <method>endKeyword</method>
  <thread>1</thread>
  <message>End action : executeJavaScript(&amp;quot;\narguments[0].style.display=&amp;apos;block&amp;apos;;\narguments[0].style.visibility=&amp;apos;visible&amp;apos;;\narguments[0].removeAttribute(&amp;apos;hidden&amp;apos;);\narguments[0].removeAttribute(&amp;apos;disabled&amp;apos;);\n&amp;quot;, [findWebElement(fileInput, 20)])</message>
  <nestedLevel>1</nestedLevel>
  <escapedJava>false</escapedJava>
</record>
<record>
  <date>2026-05-26T21:36:07.092078Z</date>
  <millis>1779831367092</millis>
  <nanos>78000</nanos>
  <sequence>1100</sequence>
  <level>START</level>
  <class>com.kms.katalon.core.logging.XmlKeywordLogger</class>
  <method>startKeyword</method>
  <thread>1</thread>
  <message>Start action : uploadFile(fileInput, uploadFile)</message>
  <nestedLevel>1</nestedLevel>
  <escapedJava>false</escapedJava>
  <property name="startLine">142</property>
  <property name="stepIndex">25</property>
</record>
<record>
  <date>2026-05-26T21:36:07.532806100Z</date>
  <millis>1779831367532</millis>
  <nanos>806100</nanos>
  <sequence>1109</sequence>
  <level>WARNING</level>
  <class>com.kms.katalon.core.logging.XmlKeywordLogger</class>
  <method>logMessage</method>
  <thread>1</thread>
  <message>Cannot clear the existing file path in the input element. Continue to upload file.</message>
  <nestedLevel>1</nestedLevel>
  <escapedJava>false</escapedJava>
</record>
<record>
  <date>2026-05-26T21:36:07.657609600Z</date>
  <millis>1779831367657</millis>
  <nanos>609600</nanos>
  <sequence>1110</sequence>
  <level>PASSED</level>
  <class>com.kms.katalon.core.logging.XmlKeywordLogger</class>
  <method>logMessage</method>
  <thread>1</thread>
  <message>File &amp;apos;C:/Users/CROWN-STAFF/git/convergence-qa-tests/Include/test-files/TASK CYCLE.pdf&amp;apos; sent to object: &amp;apos;&amp;apos;</message>
  <nestedLevel>1</nestedLevel>
  <escapedJava>false</escapedJava>
  <property name="testops-method-name">com.kms.katalon.core.webui.keyword.builtin.UploadFileKeyword.uploadFile</property>
  <property name="testops-execution-stacktrace"></property>
</record>
<record>
  <date>2026-05-26T21:36:07.665042100Z</date>
  <millis>1779831367665</millis>
  <nanos>42100</nanos>
  <sequence>1111</sequence>
  <level>END</level>
  <class>com.kms.katalon.core.logging.XmlKeywordLogger</class>
  <method>endKeyword</method>
  <thread>1</thread>
  <message>End action : uploadFile(fileInput, uploadFile)</message>
  <nestedLevel>1</nestedLevel>
  <escapedJava>false</escapedJava>
</record>
<record>
  <date>2026-05-26T21:36:07.666072500Z</date>
  <millis>1779831367666</millis>
  <nanos>72500</nanos>
  <sequence>1112</sequence>
  <level>START</level>
  <class>com.kms.katalon.core.logging.XmlKeywordLogger</class>
  <method>startKeyword</method>
  <thread>1</thread>
  <message>Start action : println(&amp;quot;File injected successfully&amp;quot;)</message>
  <nestedLevel>1</nestedLevel>
  <escapedJava>false</escapedJava>
  <property name="startLine">147</property>
  <property name="stepIndex">26</property>
</record>
<record>
  <date>2026-05-26T21:36:07.668096800Z</date>
  <millis>1779831367668</millis>
  <nanos>96800</nanos>
  <sequence>1113</sequence>
  <level>END</level>
  <class>com.kms.katalon.core.logging.XmlKeywordLogger</class>
  <method>endKeyword</method>
  <thread>1</thread>
  <message>End action : println(&amp;quot;File injected successfully&amp;quot;)</message>
  <nestedLevel>1</nestedLevel>
  <escapedJava>false</escapedJava>
</record>
<record>
  <date>2026-05-26T21:36:07.670118900Z</date>
  <millis>1779831367670</millis>
  <nanos>118900</nanos>
  <sequence>1114</sequence>
  <level>START</level>
  <class>com.kms.katalon.core.logging.XmlKeywordLogger</class>
  <method>startKeyword</method>
  <thread>1</thread>
  <message>Start action : delay(8)</message>
  <nestedLevel>1</nestedLevel>
  <escapedJava>false</escapedJava>
  <property name="startLine">152</property>
  <property name="stepIndex">27</property>
</record>
<record>
  <date>2026-05-26T21:36:15.678106600Z</date>
  <millis>1779831375678</millis>
  <nanos>106600</nanos>
  <sequence>1117</sequence>
  <level>PASSED</level>
  <class>com.kms.katalon.core.logging.XmlKeywordLogger</class>
  <method>logMessage</method>
  <thread>1</thread>
  <message>Delayed 8 second(s)</message>
  <nestedLevel>1</nestedLevel>
  <escapedJava>false</escapedJava>
  <property name="testops-method-name">com.kms.katalon.core.keyword.builtin.DelayKeyword.delay</property>
  <property name="testops-execution-stacktrace"></property>
</record>
<record>
  <date>2026-05-26T21:36:15.682626400Z</date>
  <millis>1779831375682</millis>
  <nanos>626400</nanos>
  <sequence>1118</sequence>
  <level>END</level>
  <class>com.kms.katalon.core.logging.XmlKeywordLogger</class>
  <method>endKeyword</method>
  <thread>1</thread>
  <message>End action : delay(8)</message>
  <nestedLevel>1</nestedLevel>
  <escapedJava>false</escapedJava>
</record>
<record>
  <date>2026-05-26T21:36:15.682626400Z</date>
  <millis>1779831375682</millis>
  <nanos>626400</nanos>
  <sequence>1119</sequence>
  <level>START</level>
  <class>com.kms.katalon.core.logging.XmlKeywordLogger</class>
  <method>startKeyword</method>
  <thread>1</thread>
  <message>Start action : noButton = new com.kms.katalon.core.testobject.TestObject()</message>
  <nestedLevel>1</nestedLevel>
  <escapedJava>false</escapedJava>
  <property name="startLine">157</property>
  <property name="stepIndex">28</property>
</record>
<record>
  <date>2026-05-26T21:36:15.685185100Z</date>
  <millis>1779831375685</millis>
  <nanos>185100</nanos>
  <sequence>1120</sequence>
  <level>END</level>
  <class>com.kms.katalon.core.logging.XmlKeywordLogger</class>
  <method>endKeyword</method>
  <thread>1</thread>
  <message>End action : noButton = new com.kms.katalon.core.testobject.TestObject()</message>
  <nestedLevel>1</nestedLevel>
  <escapedJava>false</escapedJava>
</record>
<record>
  <date>2026-05-26T21:36:15.687205700Z</date>
  <millis>1779831375687</millis>
  <nanos>205700</nanos>
  <sequence>1121</sequence>
  <level>START</level>
  <class>com.kms.katalon.core.logging.XmlKeywordLogger</class>
  <method>startKeyword</method>
  <thread>1</thread>
  <message>Start action : noButton.addProperty(&amp;quot;xpath&amp;quot;, EQUALS, &amp;quot;//button[normalize-space()=&amp;apos;No&amp;apos;]&amp;quot;)</message>
  <nestedLevel>1</nestedLevel>
  <escapedJava>false</escapedJava>
  <property name="startLine">159</property>
  <property name="stepIndex">29</property>
</record>
<record>
  <date>2026-05-26T21:36:15.696981600Z</date>
  <millis>1779831375696</millis>
  <nanos>981600</nanos>
  <sequence>1122</sequence>
  <level>END</level>
  <class>com.kms.katalon.core.logging.XmlKeywordLogger</class>
  <method>endKeyword</method>
  <thread>1</thread>
  <message>End action : noButton.addProperty(&amp;quot;xpath&amp;quot;, EQUALS, &amp;quot;//button[normalize-space()=&amp;apos;No&amp;apos;]&amp;quot;)</message>
  <nestedLevel>1</nestedLevel>
  <escapedJava>false</escapedJava>
</record>
<record>
  <date>2026-05-26T21:36:15.696981600Z</date>
  <millis>1779831375696</millis>
  <nanos>981600</nanos>
  <sequence>1123</sequence>
  <level>START</level>
  <class>com.kms.katalon.core.logging.XmlKeywordLogger</class>
  <method>startKeyword</method>
  <thread>1</thread>
  <message>Start action : modalPresent = waitForElementPresent(noButton, 10, OPTIONAL)</message>
  <nestedLevel>1</nestedLevel>
  <escapedJava>false</escapedJava>
  <property name="startLine">165</property>
  <property name="stepIndex">30</property>
</record>
<record>
  <date>2026-05-26T21:36:16.047350100Z</date>
  <millis>1779831376047</millis>
  <nanos>350100</nanos>
  <sequence>1129</sequence>
  <level>PASSED</level>
  <class>com.kms.katalon.core.logging.XmlKeywordLogger</class>
  <method>logMessage</method>
  <thread>1</thread>
  <message>Object &amp;apos;&amp;apos; is present</message>
  <nestedLevel>1</nestedLevel>
  <escapedJava>false</escapedJava>
  <property name="testops-method-name">com.kms.katalon.core.webui.keyword.internal.WebUIKeywordMain.runKeywordUntilTimeout</property>
  <property name="testops-execution-stacktrace">com.kms.katalon.core.logging.KeywordLogger.logPassed(KeywordLogger.java:350)
com.kms.katalon.core.logging.KeywordLogger.logPassed(KeywordLogger.java:345)
com.kms.katalon.core.webui.keyword.builtin.WaitForElementPresentKeyword$_waitForElementPresent_closure1.doCall(WaitForElementPresentKeyword.groovy:56)
java.base/jdk.internal.reflect.DirectMethodHandleAccessor.invoke(DirectMethodHandleAccessor.java:103)
jdk.proxy2/jdk.proxy2.$Proxy56.execute(Unknown Source)
com.kms.katalon.core.webui.model.SeleniumActionRetryController.performAction(SeleniumActionRetryController.java:96)
com.kms.katalon.core.webui.model.SeleniumActionRetryController.performAction(SeleniumActionRetryController.java:83)
com.kms.katalon.core.webui.keyword.internal.WebUIKeywordMain$_runKeywordUntilTimeout_closure2.doCall(WebUIKeywordMain.groovy:155)
com.kms.katalon.core.webui.keyword.internal.WebUIKeywordMain$_runKeywordUntilTimeout_closure2.call(WebUIKeywordMain.groovy)
com.kms.katalon.core.webui.keyword.internal.WebUIKeywordMain.runKeyword(WebUIKeywordMain.groovy:41)
com.kms.katalon.core.webui.keyword.internal.WebUIKeywordMain.runKeywordUntilTimeout(WebUIKeywordMain.groovy:152)
com.kms.katalon.core.webui.keyword.builtin.WaitForElementPresentKeyword.waitForElementPresent(WaitForElementPresentKeyword.groovy:68)
com.kms.katalon.core.webui.keyword.builtin.WaitForElementPresentKeyword.execute(WaitForElementPresentKeyword.groovy:38)
com.kms.katalon.core.keyword.internal.KeywordExecutor.executeKeywordForPlatform(KeywordExecutor.groovy:99)
com.kms.katalon.core.webui.keyword.WebUiBuiltInKeywords.waitForElementPresent(WebUiBuiltInKeywords.groovy:408)
Upload_file_Without_Classification.run(Upload_file_Without_Classification:166)
</property>
</record>
<record>
  <date>2026-05-26T21:36:16.051387500Z</date>
  <millis>1779831376051</millis>
  <nanos>387500</nanos>
  <sequence>1130</sequence>
  <level>END</level>
  <class>com.kms.katalon.core.logging.XmlKeywordLogger</class>
  <method>endKeyword</method>
  <thread>1</thread>
  <message>End action : modalPresent = waitForElementPresent(noButton, 10, OPTIONAL)</message>
  <nestedLevel>1</nestedLevel>
  <escapedJava>false</escapedJava>
</record>
<record>
  <date>2026-05-26T21:36:16.051387500Z</date>
  <millis>1779831376051</millis>
  <nanos>387500</nanos>
  <sequence>1131</sequence>
  <level>START</level>
  <class>com.kms.katalon.core.logging.XmlKeywordLogger</class>
  <method>startKeyword</method>
  <thread>1</thread>
  <message>Start action : if (modalPresent)</message>
  <nestedLevel>1</nestedLevel>
  <escapedJava>false</escapedJava>
  <property name="startLine">172</property>
  <property name="stepIndex">31</property>
</record>
<record>
  <date>2026-05-26T21:36:16.053405Z</date>
  <millis>1779831376053</millis>
  <nanos>405000</nanos>
  <sequence>1132</sequence>
  <level>START</level>
  <class>com.kms.katalon.core.logging.XmlKeywordLogger</class>
  <method>startKeyword</method>
  <thread>1</thread>
  <message>Start action : waitForElementClickable(noButton, 10)</message>
  <nestedLevel>2</nestedLevel>
  <escapedJava>false</escapedJava>
  <property name="startLine">174</property>
  <property name="stepIndex">1</property>
</record>
<record>
  <date>2026-05-26T21:36:16.469053500Z</date>
  <millis>1779831376469</millis>
  <nanos>53500</nanos>
  <sequence>1138</sequence>
  <level>PASSED</level>
  <class>com.kms.katalon.core.logging.XmlKeywordLogger</class>
  <method>logMessage</method>
  <thread>1</thread>
  <message>Object &amp;apos;&amp;apos; is clickable</message>
  <nestedLevel>1</nestedLevel>
  <escapedJava>false</escapedJava>
  <property name="testops-method-name">com.kms.katalon.core.webui.keyword.internal.WebUIKeywordMain.runKeywordUntilTimeout</property>
  <property name="testops-execution-stacktrace">com.kms.katalon.core.logging.KeywordLogger.logPassed(KeywordLogger.java:350)
com.kms.katalon.core.logging.KeywordLogger.logPassed(KeywordLogger.java:345)
com.kms.katalon.core.logging.KeywordLogger$logPassed$0.call(Unknown Source)
com.kms.katalon.core.webui.keyword.builtin.WaitForElementClickableKeyword$_waitForElementClickable_closure1.doCall(WaitForElementClickableKeyword.groovy:59)
java.base/jdk.internal.reflect.DirectMethodHandleAccessor.invoke(DirectMethodHandleAccessor.java:103)
jdk.proxy2/jdk.proxy2.$Proxy56.execute(Unknown Source)
com.kms.katalon.core.webui.model.SeleniumActionRetryController.performAction(SeleniumActionRetryController.java:96)
com.kms.katalon.core.webui.model.SeleniumActionRetryController.performAction(SeleniumActionRetryController.java:83)
com.kms.katalon.core.webui.keyword.internal.WebUIKeywordMain$_runKeywordUntilTimeout_closure2.doCall(WebUIKeywordMain.groovy:155)
com.kms.katalon.core.webui.keyword.internal.WebUIKeywordMain$_runKeywordUntilTimeout_closure2.call(WebUIKeywordMain.groovy)
com.kms.katalon.core.webui.keyword.internal.WebUIKeywordMain.runKeyword(WebUIKeywordMain.groovy:41)
com.kms.katalon.core.webui.keyword.internal.WebUIKeywordMain.runKeywordUntilTimeout(WebUIKeywordMain.groovy:152)
com.kms.katalon.core.webui.keyword.internal.WebUIKeywordMain$runKeywordUntilTimeout.call(Unknown Source)
com.kms.katalon.core.webui.keyword.builtin.WaitForElementClickableKeyword.waitForElementClickable(WaitForElementClickableKeyword.groovy:76)
com.kms.katalon.core.webui.keyword.builtin.WaitForElementClickableKeyword.execute(WaitForElementClickableKeyword.groovy:42)
com.kms.katalon.core.keyword.internal.KeywordExecutor.executeKeywordForPlatform(KeywordExecutor.groovy:99)
com.kms.katalon.core.webui.keyword.WebUiBuiltInKeywords.waitForElementClickable(WebUiBuiltInKeywords.groovy:581)
Upload_file_Without_Classification.run(Upload_file_Without_Classification:174)
</property>
</record>
<record>
  <date>2026-05-26T21:36:16.471236500Z</date>
  <millis>1779831376471</millis>
  <nanos>236500</nanos>
  <sequence>1139</sequence>
  <level>END</level>
  <class>com.kms.katalon.core.logging.XmlKeywordLogger</class>
  <method>endKeyword</method>
  <thread>1</thread>
  <message>End action : waitForElementClickable(noButton, 10)</message>
  <nestedLevel>2</nestedLevel>
  <escapedJava>false</escapedJava>
</record>
<record>
  <date>2026-05-26T21:36:16.471236500Z</date>
  <millis>1779831376471</millis>
  <nanos>236500</nanos>
  <sequence>1140</sequence>
  <level>START</level>
  <class>com.kms.katalon.core.logging.XmlKeywordLogger</class>
  <method>startKeyword</method>
  <thread>1</thread>
  <message>Start action : enhancedClick(noButton)</message>
  <nestedLevel>2</nestedLevel>
  <escapedJava>false</escapedJava>
  <property name="startLine">179</property>
  <property name="stepIndex">2</property>
</record>
<record>
  <date>2026-05-26T21:36:17.453653800Z</date>
  <millis>1779831377453</millis>
  <nanos>653800</nanos>
  <sequence>1151</sequence>
  <level>PASSED</level>
  <class>com.kms.katalon.core.logging.XmlKeywordLogger</class>
  <method>logMessage</method>
  <thread>1</thread>
  <message>Object: &amp;apos;&amp;apos; is clicked on</message>
  <nestedLevel>1</nestedLevel>
  <escapedJava>false</escapedJava>
  <property name="testops-method-name">com.kms.katalon.core.webui.keyword.internal.WebUIKeywordMain.runKeywordUntilTimeout</property>
  <property name="testops-execution-stacktrace">com.kms.katalon.core.logging.KeywordLogger.logPassed(KeywordLogger.java:350)
com.kms.katalon.core.logging.KeywordLogger.logPassed(KeywordLogger.java:345)
com.kms.katalon.core.webui.keyword.builtin.EnhancedClickKeyword$_click_closure1$_closure5.doCall(EnhancedClickKeyword.groovy:88)
java.base/jdk.internal.reflect.DirectMethodHandleAccessor.invoke(DirectMethodHandleAccessor.java:103)
jdk.proxy2/jdk.proxy2.$Proxy60.accept(Unknown Source)
com.kms.katalon.core.trymonad.Success.onSuccess(Try.java:263)
com.kms.katalon.core.webui.keyword.builtin.EnhancedClickKeyword$_click_closure1.doCall(EnhancedClickKeyword.groovy:71)
java.base/jdk.internal.reflect.DirectMethodHandleAccessor.invoke(DirectMethodHandleAccessor.java:103)
jdk.proxy2/jdk.proxy2.$Proxy56.execute(Unknown Source)
com.kms.katalon.core.webui.model.SeleniumActionRetryController.performAction(SeleniumActionRetryController.java:96)
com.kms.katalon.core.webui.model.SeleniumActionRetryController.performAction(SeleniumActionRetryController.java:83)
com.kms.katalon.core.webui.keyword.internal.WebUIKeywordMain$_runKeywordUntilTimeout_closure1.doCall(WebUIKeywordMain.groovy:135)
com.kms.katalon.core.webui.keyword.internal.WebUIKeywordMain$_runKeywordUntilTimeout_closure1.call(WebUIKeywordMain.groovy)
com.kms.katalon.core.webui.keyword.internal.WebUIKeywordMain.runKeyword(WebUIKeywordMain.groovy:41)
com.kms.katalon.core.webui.keyword.internal.WebUIKeywordMain.runKeywordUntilTimeout(WebUIKeywordMain.groovy:133)
com.kms.katalon.core.webui.keyword.builtin.EnhancedClickKeyword.click(EnhancedClickKeyword.groovy:95)
com.kms.katalon.core.webui.keyword.builtin.EnhancedClickKeyword.execute(EnhancedClickKeyword.groovy:41)
com.kms.katalon.core.keyword.internal.KeywordExecutor.executeKeywordForPlatform(KeywordExecutor.groovy:99)
com.kms.katalon.core.webui.keyword.WebUiBuiltInKeywords.enhancedClick(WebUiBuiltInKeywords.groovy:748)
Upload_file_Without_Classification.run(Upload_file_Without_Classification:179)
</property>
</record>
<record>
  <date>2026-05-26T21:36:17.471761600Z</date>
  <millis>1779831377471</millis>
  <nanos>761600</nanos>
  <sequence>1152</sequence>
  <level>END</level>
  <class>com.kms.katalon.core.logging.XmlKeywordLogger</class>
  <method>endKeyword</method>
  <thread>1</thread>
  <message>End action : enhancedClick(noButton)</message>
  <nestedLevel>2</nestedLevel>
  <escapedJava>false</escapedJava>
</record>
<record>
  <date>2026-05-26T21:36:17.481758200Z</date>
  <millis>1779831377481</millis>
  <nanos>758200</nanos>
  <sequence>1153</sequence>
  <level>START</level>
  <class>com.kms.katalon.core.logging.XmlKeywordLogger</class>
  <method>startKeyword</method>
  <thread>1</thread>
  <message>Start action : println(&amp;quot;Clicked NO&amp;quot;)</message>
  <nestedLevel>2</nestedLevel>
  <escapedJava>false</escapedJava>
  <property name="startLine">183</property>
  <property name="stepIndex">3</property>
</record>
<record>
  <date>2026-05-26T21:36:17.500461300Z</date>
  <millis>1779831377500</millis>
  <nanos>461300</nanos>
  <sequence>1154</sequence>
  <level>END</level>
  <class>com.kms.katalon.core.logging.XmlKeywordLogger</class>
  <method>endKeyword</method>
  <thread>1</thread>
  <message>End action : println(&amp;quot;Clicked NO&amp;quot;)</message>
  <nestedLevel>2</nestedLevel>
  <escapedJava>false</escapedJava>
</record>
<record>
  <date>2026-05-26T21:36:17.500461300Z</date>
  <millis>1779831377500</millis>
  <nanos>461300</nanos>
  <sequence>1155</sequence>
  <level>END</level>
  <class>com.kms.katalon.core.logging.XmlKeywordLogger</class>
  <method>endKeyword</method>
  <thread>1</thread>
  <message>End action : if (modalPresent)</message>
  <nestedLevel>1</nestedLevel>
  <escapedJava>false</escapedJava>
</record>
<record>
  <date>2026-05-26T21:36:17.502485200Z</date>
  <millis>1779831377502</millis>
  <nanos>485200</nanos>
  <sequence>1156</sequence>
  <level>START</level>
  <class>com.kms.katalon.core.logging.XmlKeywordLogger</class>
  <method>startKeyword</method>
  <thread>1</thread>
  <message>Start action : println(&amp;quot;Upload completed&amp;quot;)</message>
  <nestedLevel>1</nestedLevel>
  <escapedJava>false</escapedJava>
  <property name="startLine">186</property>
  <property name="stepIndex">32</property>
</record>
<record>
  <date>2026-05-26T21:36:17.505532400Z</date>
  <millis>1779831377505</millis>
  <nanos>532400</nanos>
  <sequence>1157</sequence>
  <level>END</level>
  <class>com.kms.katalon.core.logging.XmlKeywordLogger</class>
  <method>endKeyword</method>
  <thread>1</thread>
  <message>End action : println(&amp;quot;Upload completed&amp;quot;)</message>
  <nestedLevel>1</nestedLevel>
  <escapedJava>false</escapedJava>
</record>
<record>
  <date>2026-05-26T21:36:17.508724200Z</date>
  <millis>1779831377508</millis>
  <nanos>724200</nanos>
  <sequence>1158</sequence>
  <level>PASSED</level>
  <class>com.kms.katalon.core.logging.XmlKeywordLogger</class>
  <method>logMessage</method>
  <thread>1</thread>
  <message>Test Cases/TaskActions/Uploads/Upload_file_Without_Classification</message>
  <nestedLevel>1</nestedLevel>
  <escapedJava>false</escapedJava>
</record>
<record>
  <date>2026-05-26T21:36:17.520043Z</date>
  <millis>1779831377520</millis>
  <nanos>43000</nanos>
  <sequence>1159</sequence>
  <level>END</level>
  <class>com.kms.katalon.core.logging.XmlKeywordLogger</class>
  <method>endTest</method>
  <thread>1</thread>
  <message>End Test Case : Test Cases/TaskActions/Uploads/Upload_file_Without_Classification</message>
  <nestedLevel>0</nestedLevel>
  <escapedJava>false</escapedJava>
  <property name="executionBindingVariables">[]</property>
  <property name="applitools">false</property>
  <property name="remainingRetryCount">3</property>
  <property name="executedKeywords">{
  &quot;WebUI.switchToDefaultContent&quot;: 1,
  &quot;WebUI.waitForPageLoad&quot;: 2,
  &quot;WebUI.executeJavaScript&quot;: 1,
  &quot;WebUI.uploadFile&quot;: 1,
  &quot;WebUI.waitForElementPresent&quot;: 3,
  &quot;WebUI.scrollToElement&quot;: 1,
  &quot;BuiltIn.delay&quot;: 1,
  &quot;WebUI.enhancedClick&quot;: 3,
  &quot;WebUI.findWebElement&quot;: 1,
  &quot;WebUI.waitForElementClickable&quot;: 2
}</property>
  <property name="currentRetryCount">0</property>
  <property name="keywordsUsage">{
  &quot;web_ui&quot;: true,
  &quot;web_service&quot;: false,
  &quot;cucumber&quot;: false,
  &quot;builtin&quot;: true,
  &quot;mobile&quot;: false,
  &quot;windows&quot;: false,
  &quot;testng&quot;: false
}</property>
</record>
<record>
  <date>2026-05-26T21:36:17.552595500Z</date>
  <millis>1779831377552</millis>
  <nanos>595500</nanos>
  <sequence>1160</sequence>
  <level>START</level>
  <class>com.kms.katalon.core.logging.XmlKeywordLogger</class>
  <method>startTest</method>
  <thread>1</thread>
  <message>Start Test Case : Test Cases/TaskActions/Table_Actions/Esign</message>
  <nestedLevel>1</nestedLevel>
  <escapedJava>false</escapedJava>
  <property name="remainingRetryCount">3</property>
  <property name="origin"></property>
  <property name="name">Test Cases/TaskActions/Table_Actions/Esign</property>
  <property name="description"></property>
  <property name="iteration"></property>
  <property name="id">Test Cases/TaskActions/Table_Actions/Esign</property>
  <property name="source">C:\Users\CROWN-STAFF\git\convergence-qa-tests\Test Cases\TaskActions\Table_Actions\Esign.tc</property>
  <property name="tag"></property>
  <property name="isOptional">false</property>
  <property name="uuid">ad0dd619-bc7b-41fd-9d56-bf73c5fc2e98</property>
  <property name="currentRetryCount">0</property>
</record>
<record>
  <date>2026-05-26T21:36:17.881195600Z</date>
  <millis>1779831377881</millis>
  <nanos>195600</nanos>
  <sequence>1162</sequence>
  <level>RUN_DATA</level>
  <class>com.kms.katalon.core.logging.XmlKeywordLogger</class>
  <method>logMessage</method>
  <thread>1</thread>
  <message>executionBindingVariables = []</message>
  <nestedLevel>1</nestedLevel>
  <escapedJava>false</escapedJava>
  <property name="executionBindingVariables">[]</property>
</record>
<record>
  <date>2026-05-26T21:36:20.617668100Z</date>
  <millis>1779831380617</millis>
  <nanos>668100</nanos>
  <sequence>1163</sequence>
  <level>START</level>
  <class>com.kms.katalon.core.logging.XmlKeywordLogger</class>
  <method>startKeyword</method>
  <thread>1</thread>
  <message>Start action : driver = getWebDriver()</message>
  <nestedLevel>1</nestedLevel>
  <escapedJava>false</escapedJava>
  <property name="startLine">13</property>
  <property name="stepIndex">1</property>
</record>
<record>
  <date>2026-05-26T21:36:20.629823400Z</date>
  <millis>1779831380629</millis>
  <nanos>823400</nanos>
  <sequence>1164</sequence>
  <level>END</level>
  <class>com.kms.katalon.core.logging.XmlKeywordLogger</class>
  <method>endKeyword</method>
  <thread>1</thread>
  <message>End action : driver = getWebDriver()</message>
  <nestedLevel>1</nestedLevel>
  <escapedJava>false</escapedJava>
</record>
<record>
  <date>2026-05-26T21:36:20.629823400Z</date>
  <millis>1779831380629</millis>
  <nanos>823400</nanos>
  <sequence>1165</sequence>
  <level>START</level>
  <class>com.kms.katalon.core.logging.XmlKeywordLogger</class>
  <method>startKeyword</method>
  <thread>1</thread>
  <message>Start action : wait = new org.openqa.selenium.support.ui.WebDriverWait(driver, java.time.Duration.ofSeconds(30))</message>
  <nestedLevel>1</nestedLevel>
  <escapedJava>false</escapedJava>
  <property name="startLine">14</property>
  <property name="stepIndex">2</property>
</record>
<record>
  <date>2026-05-26T21:36:20.646437400Z</date>
  <millis>1779831380646</millis>
  <nanos>437400</nanos>
  <sequence>1166</sequence>
  <level>END</level>
  <class>com.kms.katalon.core.logging.XmlKeywordLogger</class>
  <method>endKeyword</method>
  <thread>1</thread>
  <message>End action : wait = new org.openqa.selenium.support.ui.WebDriverWait(driver, java.time.Duration.ofSeconds(30))</message>
  <nestedLevel>1</nestedLevel>
  <escapedJava>false</escapedJava>
</record>
<record>
  <date>2026-05-26T21:36:20.649786200Z</date>
  <millis>1779831380649</millis>
  <nanos>786200</nanos>
  <sequence>1167</sequence>
  <level>START</level>
  <class>com.kms.katalon.core.logging.XmlKeywordLogger</class>
  <method>startKeyword</method>
  <thread>1</thread>
  <message>Start action : println(&amp;quot;===== START ESIGN =====&amp;quot;)</message>
  <nestedLevel>1</nestedLevel>
  <escapedJava>false</escapedJava>
  <property name="startLine">16</property>
  <property name="stepIndex">3</property>
</record>
<record>
  <date>2026-05-26T21:36:20.669458400Z</date>
  <millis>1779831380669</millis>
  <nanos>458400</nanos>
  <sequence>1168</sequence>
  <level>END</level>
  <class>com.kms.katalon.core.logging.XmlKeywordLogger</class>
  <method>endKeyword</method>
  <thread>1</thread>
  <message>End action : println(&amp;quot;===== START ESIGN =====&amp;quot;)</message>
  <nestedLevel>1</nestedLevel>
  <escapedJava>false</escapedJava>
</record>
<record>
  <date>2026-05-26T21:36:20.671246500Z</date>
  <millis>1779831380671</millis>
  <nanos>246500</nanos>
  <sequence>1169</sequence>
  <level>START</level>
  <class>com.kms.katalon.core.logging.XmlKeywordLogger</class>
  <method>startKeyword</method>
  <thread>1</thread>
  <message>Start action : waitForPageLoad(30)</message>
  <nestedLevel>1</nestedLevel>
  <escapedJava>false</escapedJava>
  <property name="startLine">18</property>
  <property name="stepIndex">4</property>
</record>
<record>
  <date>2026-05-26T21:36:20.709916700Z</date>
  <millis>1779831380709</millis>
  <nanos>916700</nanos>
  <sequence>1173</sequence>
  <level>PASSED</level>
  <class>com.kms.katalon.core.logging.XmlKeywordLogger</class>
  <method>logMessage</method>
  <thread>1</thread>
  <message>Wait for page load successfully</message>
  <nestedLevel>1</nestedLevel>
  <escapedJava>false</escapedJava>
  <property name="testops-method-name">com.kms.katalon.core.webui.keyword.internal.WebUIKeywordMain$runKeyword$0.call</property>
  <property name="testops-execution-stacktrace">com.kms.katalon.core.logging.KeywordLogger.logPassed(KeywordLogger.java:350)
com.kms.katalon.core.logging.KeywordLogger.logPassed(KeywordLogger.java:345)
com.kms.katalon.core.logging.KeywordLogger$logPassed$0.call(Unknown Source)
com.kms.katalon.core.webui.keyword.builtin.WaitForPageLoadKeyword$_waitForPageLoad_closure1.doCall(WaitForPageLoadKeyword.groovy:94)
com.kms.katalon.core.webui.keyword.builtin.WaitForPageLoadKeyword$_waitForPageLoad_closure1.doCall(WaitForPageLoadKeyword.groovy)
java.base/jdk.internal.reflect.DirectMethodHandleAccessor.invoke(DirectMethodHandleAccessor.java:103)
com.kms.katalon.core.webui.keyword.internal.WebUIKeywordMain.runKeyword(WebUIKeywordMain.groovy:41)
com.kms.katalon.core.webui.keyword.internal.WebUIKeywordMain$runKeyword$0.call(Unknown Source)
com.kms.katalon.core.webui.keyword.builtin.WaitForPageLoadKeyword.waitForPageLoad(WaitForPageLoadKeyword.groovy:95)
com.kms.katalon.core.webui.keyword.builtin.WaitForPageLoadKeyword.execute(WaitForPageLoadKeyword.groovy:68)
com.kms.katalon.core.keyword.internal.KeywordExecutor.executeKeywordForPlatform(KeywordExecutor.groovy:99)
com.kms.katalon.core.webui.keyword.WebUiBuiltInKeywords.waitForPageLoad(WebUiBuiltInKeywords.groovy:2559)
Esign.run(Esign:18)
</property>
</record>
<record>
  <date>2026-05-26T21:36:20.714211600Z</date>
  <millis>1779831380714</millis>
  <nanos>211600</nanos>
  <sequence>1174</sequence>
  <level>END</level>
  <class>com.kms.katalon.core.logging.XmlKeywordLogger</class>
  <method>endKeyword</method>
  <thread>1</thread>
  <message>End action : waitForPageLoad(30)</message>
  <nestedLevel>1</nestedLevel>
  <escapedJava>false</escapedJava>
</record>
<record>
  <date>2026-05-26T21:36:20.717978Z</date>
  <millis>1779831380717</millis>
  <nanos>978000</nanos>
  <sequence>1175</sequence>
  <level>START</level>
  <class>com.kms.katalon.core.logging.XmlKeywordLogger</class>
  <method>startKeyword</method>
  <thread>1</thread>
  <message>Start action : click(findTestObject(&amp;quot;Page_Work Order  View- Workforce Manager/svg_svg&amp;quot;))</message>
  <nestedLevel>1</nestedLevel>
  <escapedJava>false</escapedJava>
  <property name="startLine">25</property>
  <property name="stepIndex">5</property>
</record>
<record>
  <date>2026-05-26T21:36:33.412260200Z</date>
  <millis>1779831393412</millis>
  <nanos>260200</nanos>
  <sequence>1188</sequence>
  <level>WARNING</level>
  <class>com.kms.katalon.core.logging.XmlKeywordLogger</class>
  <method>logMessage</method>
  <thread>1</thread>
  <message>Waiting for element timed out</message>
  <nestedLevel>1</nestedLevel>
  <escapedJava>false</escapedJava>
</record>
<record>
  <date>2026-05-26T21:36:33.730810700Z</date>
  <millis>1779831393730</millis>
  <nanos>810700</nanos>
  <sequence>1191</sequence>
  <level>PASSED</level>
  <class>com.kms.katalon.core.logging.XmlKeywordLogger</class>
  <method>logMessage</method>
  <thread>1</thread>
  <message>Object: &amp;apos;Object Repository/Page_Work Order  View- Workforce Manager/svg_svg&amp;apos; is clicked on</message>
  <nestedLevel>1</nestedLevel>
  <escapedJava>false</escapedJava>
  <property name="testops-method-name">com.kms.katalon.core.webui.keyword.internal.WebUIKeywordMain.runKeywordUntilTimeout</property>
  <property name="testops-execution-stacktrace">com.kms.katalon.core.logging.KeywordLogger.logPassed(KeywordLogger.java:350)
com.kms.katalon.core.logging.KeywordLogger.logPassed(KeywordLogger.java:345)
com.kms.katalon.core.webui.keyword.builtin.ClickKeyword$_click_closure1.doCall(ClickKeyword.groovy:66)
java.base/jdk.internal.reflect.DirectMethodHandleAccessor.invoke(DirectMethodHandleAccessor.java:103)
jdk.proxy2/jdk.proxy2.$Proxy56.execute(Unknown Source)
com.kms.katalon.core.webui.model.SeleniumActionRetryController.performAction(SeleniumActionRetryController.java:96)
com.kms.katalon.core.webui.model.SeleniumActionRetryController.performAction(SeleniumActionRetryController.java:83)
com.kms.katalon.core.webui.keyword.internal.WebUIKeywordMain$_runKeywordUntilTimeout_closure1.doCall(WebUIKeywordMain.groovy:135)
com.kms.katalon.core.webui.keyword.internal.WebUIKeywordMain$_runKeywordUntilTimeout_closure1.call(WebUIKeywordMain.groovy)
com.kms.katalon.core.webui.keyword.internal.WebUIKeywordMain.runKeyword(WebUIKeywordMain.groovy:41)
com.kms.katalon.core.webui.keyword.internal.WebUIKeywordMain.runKeywordUntilTimeout(WebUIKeywordMain.groovy:133)
com.kms.katalon.core.webui.keyword.builtin.ClickKeyword.click(ClickKeyword.groovy:72)
com.kms.katalon.core.webui.keyword.builtin.ClickKeyword.execute(ClickKeyword.groovy:38)
com.kms.katalon.core.keyword.internal.KeywordExecutor.executeKeywordForPlatform(KeywordExecutor.groovy:99)
com.kms.katalon.core.webui.keyword.WebUiBuiltInKeywords.click(WebUiBuiltInKeywords.groovy:722)
Esign.run(Esign:25)
</property>
</record>
<record>
  <date>2026-05-26T21:36:33.735813400Z</date>
  <millis>1779831393735</millis>
  <nanos>813400</nanos>
  <sequence>1192</sequence>
  <level>END</level>
  <class>com.kms.katalon.core.logging.XmlKeywordLogger</class>
  <method>endKeyword</method>
  <thread>1</thread>
  <message>End action : click(findTestObject(&amp;quot;Page_Work Order  View- Workforce Manager/svg_svg&amp;quot;))</message>
  <nestedLevel>1</nestedLevel>
  <escapedJava>false</escapedJava>
</record>
<record>
  <date>2026-05-26T21:36:33.740847800Z</date>
  <millis>1779831393740</millis>
  <nanos>847800</nanos>
  <sequence>1193</sequence>
  <level>START</level>
  <class>com.kms.katalon.core.logging.XmlKeywordLogger</class>
  <method>startKeyword</method>
  <thread>1</thread>
  <message>Start action : println(&amp;quot;eSign modal opened&amp;quot;)</message>
  <nestedLevel>1</nestedLevel>
  <escapedJava>false</escapedJava>
  <property name="startLine">29</property>
  <property name="stepIndex">6</property>
</record>
<record>
  <date>2026-05-26T21:36:33.747832300Z</date>
  <millis>1779831393747</millis>
  <nanos>832300</nanos>
  <sequence>1194</sequence>
  <level>END</level>
  <class>com.kms.katalon.core.logging.XmlKeywordLogger</class>
  <method>endKeyword</method>
  <thread>1</thread>
  <message>End action : println(&amp;quot;eSign modal opened&amp;quot;)</message>
  <nestedLevel>1</nestedLevel>
  <escapedJava>false</escapedJava>
</record>
<record>
  <date>2026-05-26T21:36:33.747832300Z</date>
  <millis>1779831393747</millis>
  <nanos>832300</nanos>
  <sequence>1195</sequence>
  <level>START</level>
  <class>com.kms.katalon.core.logging.XmlKeywordLogger</class>
  <method>startKeyword</method>
  <thread>1</thread>
  <message>Start action : iframe = new com.kms.katalon.core.testobject.TestObject()</message>
  <nestedLevel>1</nestedLevel>
  <escapedJava>false</escapedJava>
  <property name="startLine">36</property>
  <property name="stepIndex">7</property>
</record>
<record>
  <date>2026-05-26T21:36:33.750830600Z</date>
  <millis>1779831393750</millis>
  <nanos>830600</nanos>
  <sequence>1196</sequence>
  <level>END</level>
  <class>com.kms.katalon.core.logging.XmlKeywordLogger</class>
  <method>endKeyword</method>
  <thread>1</thread>
  <message>End action : iframe = new com.kms.katalon.core.testobject.TestObject()</message>
  <nestedLevel>1</nestedLevel>
  <escapedJava>false</escapedJava>
</record>
<record>
  <date>2026-05-26T21:36:33.752340200Z</date>
  <millis>1779831393752</millis>
  <nanos>340200</nanos>
  <sequence>1197</sequence>
  <level>START</level>
  <class>com.kms.katalon.core.logging.XmlKeywordLogger</class>
  <method>startKeyword</method>
  <thread>1</thread>
  <message>Start action : iframe.addProperty(&amp;quot;xpath&amp;quot;, EQUALS, &amp;quot;//iframe[contains(@id,&amp;apos;esign&amp;apos;)]&amp;quot;)</message>
  <nestedLevel>1</nestedLevel>
  <escapedJava>false</escapedJava>
  <property name="startLine">38</property>
  <property name="stepIndex">8</property>
</record>
<record>
  <date>2026-05-26T21:36:33.757648400Z</date>
  <millis>1779831393757</millis>
  <nanos>648400</nanos>
  <sequence>1198</sequence>
  <level>END</level>
  <class>com.kms.katalon.core.logging.XmlKeywordLogger</class>
  <method>endKeyword</method>
  <thread>1</thread>
  <message>End action : iframe.addProperty(&amp;quot;xpath&amp;quot;, EQUALS, &amp;quot;//iframe[contains(@id,&amp;apos;esign&amp;apos;)]&amp;quot;)</message>
  <nestedLevel>1</nestedLevel>
  <escapedJava>false</escapedJava>
</record>
<record>
  <date>2026-05-26T21:36:33.757648400Z</date>
  <millis>1779831393757</millis>
  <nanos>648400</nanos>
  <sequence>1199</sequence>
  <level>START</level>
  <class>com.kms.katalon.core.logging.XmlKeywordLogger</class>
  <method>startKeyword</method>
  <thread>1</thread>
  <message>Start action : waitForElementPresent(iframe, 60)</message>
  <nestedLevel>1</nestedLevel>
  <escapedJava>false</escapedJava>
  <property name="startLine">44</property>
  <property name="stepIndex">9</property>
</record>
<record>
  <date>2026-05-26T21:36:34.373417400Z</date>
  <millis>1779831394373</millis>
  <nanos>417400</nanos>
  <sequence>1205</sequence>
  <level>PASSED</level>
  <class>com.kms.katalon.core.logging.XmlKeywordLogger</class>
  <method>logMessage</method>
  <thread>1</thread>
  <message>Object &amp;apos;&amp;apos; is present</message>
  <nestedLevel>1</nestedLevel>
  <escapedJava>false</escapedJava>
  <property name="testops-method-name">com.kms.katalon.core.webui.keyword.internal.WebUIKeywordMain.runKeywordUntilTimeout</property>
  <property name="testops-execution-stacktrace">com.kms.katalon.core.logging.KeywordLogger.logPassed(KeywordLogger.java:350)
com.kms.katalon.core.logging.KeywordLogger.logPassed(KeywordLogger.java:345)
com.kms.katalon.core.webui.keyword.builtin.WaitForElementPresentKeyword$_waitForElementPresent_closure1.doCall(WaitForElementPresentKeyword.groovy:56)
java.base/jdk.internal.reflect.DirectMethodHandleAccessor.invoke(DirectMethodHandleAccessor.java:103)
jdk.proxy2/jdk.proxy2.$Proxy56.execute(Unknown Source)
com.kms.katalon.core.webui.model.SeleniumActionRetryController.performAction(SeleniumActionRetryController.java:96)
com.kms.katalon.core.webui.model.SeleniumActionRetryController.performAction(SeleniumActionRetryController.java:83)
com.kms.katalon.core.webui.keyword.internal.WebUIKeywordMain$_runKeywordUntilTimeout_closure2.doCall(WebUIKeywordMain.groovy:155)
com.kms.katalon.core.webui.keyword.internal.WebUIKeywordMain$_runKeywordUntilTimeout_closure2.call(WebUIKeywordMain.groovy)
com.kms.katalon.core.webui.keyword.internal.WebUIKeywordMain.runKeyword(WebUIKeywordMain.groovy:41)
com.kms.katalon.core.webui.keyword.internal.WebUIKeywordMain.runKeywordUntilTimeout(WebUIKeywordMain.groovy:152)
com.kms.katalon.core.webui.keyword.builtin.WaitForElementPresentKeyword.waitForElementPresent(WaitForElementPresentKeyword.groovy:68)
com.kms.katalon.core.webui.keyword.builtin.WaitForElementPresentKeyword.execute(WaitForElementPresentKeyword.groovy:38)
com.kms.katalon.core.keyword.internal.KeywordExecutor.executeKeywordForPlatform(KeywordExecutor.groovy:99)
com.kms.katalon.core.webui.keyword.WebUiBuiltInKeywords.waitForElementPresent(WebUiBuiltInKeywords.groovy:424)
Esign.run(Esign:44)
</property>
</record>
<record>
  <date>2026-05-26T21:36:34.376934800Z</date>
  <millis>1779831394376</millis>
  <nanos>934800</nanos>
  <sequence>1206</sequence>
  <level>END</level>
  <class>com.kms.katalon.core.logging.XmlKeywordLogger</class>
  <method>endKeyword</method>
  <thread>1</thread>
  <message>End action : waitForElementPresent(iframe, 60)</message>
  <nestedLevel>1</nestedLevel>
  <escapedJava>false</escapedJava>
</record>
<record>
  <date>2026-05-26T21:36:34.376934800Z</date>
  <millis>1779831394376</millis>
  <nanos>934800</nanos>
  <sequence>1207</sequence>
  <level>START</level>
  <class>com.kms.katalon.core.logging.XmlKeywordLogger</class>
  <method>startKeyword</method>
  <thread>1</thread>
  <message>Start action : switchToFrame(iframe, 20)</message>
  <nestedLevel>1</nestedLevel>
  <escapedJava>false</escapedJava>
  <property name="startLine">46</property>
  <property name="stepIndex">10</property>
</record>
<record>
  <date>2026-05-26T21:36:35.453733800Z</date>
  <millis>1779831395453</millis>
  <nanos>733800</nanos>
  <sequence>1215</sequence>
  <level>END</level>
  <class>com.kms.katalon.core.logging.XmlKeywordLogger</class>
  <method>endKeyword</method>
  <thread>1</thread>
  <message>End action : switchToFrame(iframe, 20)</message>
  <nestedLevel>1</nestedLevel>
  <escapedJava>false</escapedJava>
</record>
<record>
  <date>2026-05-26T21:36:35.454252600Z</date>
  <millis>1779831395454</millis>
  <nanos>252600</nanos>
  <sequence>1216</sequence>
  <level>START</level>
  <class>com.kms.katalon.core.logging.XmlKeywordLogger</class>
  <method>startKeyword</method>
  <thread>1</thread>
  <message>Start action : println(&amp;quot;Inside iframe&amp;quot;)</message>
  <nestedLevel>1</nestedLevel>
  <escapedJava>false</escapedJava>
  <property name="startLine">48</property>
  <property name="stepIndex">11</property>
</record>
<record>
  <date>2026-05-26T21:36:35.459282900Z</date>
  <millis>1779831395459</millis>
  <nanos>282900</nanos>
  <sequence>1217</sequence>
  <level>END</level>
  <class>com.kms.katalon.core.logging.XmlKeywordLogger</class>
  <method>endKeyword</method>
  <thread>1</thread>
  <message>End action : println(&amp;quot;Inside iframe&amp;quot;)</message>
  <nestedLevel>1</nestedLevel>
  <escapedJava>false</escapedJava>
</record>
<record>
  <date>2026-05-26T21:36:35.460276600Z</date>
  <millis>1779831395460</millis>
  <nanos>276600</nanos>
  <sequence>1218</sequence>
  <level>START</level>
  <class>com.kms.katalon.core.logging.XmlKeywordLogger</class>
  <method>startKeyword</method>
  <thread>1</thread>
  <message>Start action : signTool = wait.until(ExpectedConditions.elementToBeClickable(By.xpath(&amp;quot;//*[normalize-space()=&amp;apos;Signature&amp;apos;]&amp;quot;)))</message>
  <nestedLevel>1</nestedLevel>
  <escapedJava>false</escapedJava>
  <property name="startLine">55</property>
  <property name="stepIndex">12</property>
</record>
<record>
  <date>2026-05-26T21:36:39.083765500Z</date>
  <millis>1779831399083</millis>
  <nanos>765500</nanos>
  <sequence>1219</sequence>
  <level>END</level>
  <class>com.kms.katalon.core.logging.XmlKeywordLogger</class>
  <method>endKeyword</method>
  <thread>1</thread>
  <message>End action : signTool = wait.until(ExpectedConditions.elementToBeClickable(By.xpath(&amp;quot;//*[normalize-space()=&amp;apos;Signature&amp;apos;]&amp;quot;)))</message>
  <nestedLevel>1</nestedLevel>
  <escapedJava>false</escapedJava>
</record>
<record>
  <date>2026-05-26T21:36:39.084761800Z</date>
  <millis>1779831399084</millis>
  <nanos>761800</nanos>
  <sequence>1220</sequence>
  <level>START</level>
  <class>com.kms.katalon.core.logging.XmlKeywordLogger</class>
  <method>startKeyword</method>
  <thread>1</thread>
  <message>Start action : driver.executeScript(&amp;quot;arguments[0].click();&amp;quot;, signTool)</message>
  <nestedLevel>1</nestedLevel>
  <escapedJava>false</escapedJava>
  <property name="startLine">61</property>
  <property name="stepIndex">13</property>
</record>
<record>
  <date>2026-05-26T21:36:39.125973700Z</date>
  <millis>1779831399125</millis>
  <nanos>973700</nanos>
  <sequence>1221</sequence>
  <level>END</level>
  <class>com.kms.katalon.core.logging.XmlKeywordLogger</class>
  <method>endKeyword</method>
  <thread>1</thread>
  <message>End action : driver.executeScript(&amp;quot;arguments[0].click();&amp;quot;, signTool)</message>
  <nestedLevel>1</nestedLevel>
  <escapedJava>false</escapedJava>
</record>
<record>
  <date>2026-05-26T21:36:39.125973700Z</date>
  <millis>1779831399125</millis>
  <nanos>973700</nanos>
  <sequence>1222</sequence>
  <level>START</level>
  <class>com.kms.katalon.core.logging.XmlKeywordLogger</class>
  <method>startKeyword</method>
  <thread>1</thread>
  <message>Start action : println(&amp;quot;Signature selected&amp;quot;)</message>
  <nestedLevel>1</nestedLevel>
  <escapedJava>false</escapedJava>
  <property name="startLine">67</property>
  <property name="stepIndex">14</property>
</record>
<record>
  <date>2026-05-26T21:36:39.127973200Z</date>
  <millis>1779831399127</millis>
  <nanos>973200</nanos>
  <sequence>1223</sequence>
  <level>END</level>
  <class>com.kms.katalon.core.logging.XmlKeywordLogger</class>
  <method>endKeyword</method>
  <thread>1</thread>
  <message>End action : println(&amp;quot;Signature selected&amp;quot;)</message>
  <nestedLevel>1</nestedLevel>
  <escapedJava>false</escapedJava>
</record>
<record>
  <date>2026-05-26T21:36:39.128975Z</date>
  <millis>1779831399128</millis>
  <nanos>975000</nanos>
  <sequence>1224</sequence>
  <level>START</level>
  <class>com.kms.katalon.core.logging.XmlKeywordLogger</class>
  <method>startKeyword</method>
  <thread>1</thread>
  <message>Start action : page = wait.until(ExpectedConditions.visibilityOfElementLocated(By.xpath(&amp;quot;//*[contains(@id,&amp;apos;page-&amp;apos;)]&amp;quot;)))</message>
  <nestedLevel>1</nestedLevel>
  <escapedJava>false</escapedJava>
  <property name="startLine">74</property>
  <property name="stepIndex">15</property>
</record>
<record>
  <date>2026-05-26T21:36:44.678754400Z</date>
  <millis>1779831404678</millis>
  <nanos>754400</nanos>
  <sequence>1225</sequence>
  <level>END</level>
  <class>com.kms.katalon.core.logging.XmlKeywordLogger</class>
  <method>endKeyword</method>
  <thread>1</thread>
  <message>End action : page = wait.until(ExpectedConditions.visibilityOfElementLocated(By.xpath(&amp;quot;//*[contains(@id,&amp;apos;page-&amp;apos;)]&amp;quot;)))</message>
  <nestedLevel>1</nestedLevel>
  <escapedJava>false</escapedJava>
</record>
<record>
  <date>2026-05-26T21:36:44.678754400Z</date>
  <millis>1779831404678</millis>
  <nanos>754400</nanos>
  <sequence>1226</sequence>
  <level>START</level>
  <class>com.kms.katalon.core.logging.XmlKeywordLogger</class>
  <method>startKeyword</method>
  <thread>1</thread>
  <message>Start action : println(&amp;quot;PDF located&amp;quot;)</message>
  <nestedLevel>1</nestedLevel>
  <escapedJava>false</escapedJava>
  <property name="startLine">80</property>
  <property name="stepIndex">16</property>
</record>
<record>
  <date>2026-05-26T21:36:44.688752200Z</date>
  <millis>1779831404688</millis>
  <nanos>752200</nanos>
  <sequence>1227</sequence>
  <level>END</level>
  <class>com.kms.katalon.core.logging.XmlKeywordLogger</class>
  <method>endKeyword</method>
  <thread>1</thread>
  <message>End action : println(&amp;quot;PDF located&amp;quot;)</message>
  <nestedLevel>1</nestedLevel>
  <escapedJava>false</escapedJava>
</record>
<record>
  <date>2026-05-26T21:36:44.689750600Z</date>
  <millis>1779831404689</millis>
  <nanos>750600</nanos>
  <sequence>1228</sequence>
  <level>START</level>
  <class>com.kms.katalon.core.logging.XmlKeywordLogger</class>
  <method>startKeyword</method>
  <thread>1</thread>
  <message>Start action : driver.executeScript(&amp;quot;\nvar rect=arguments[0].getBoundingClientRect();\n\nvar x=rect.left+(rect.width/2);\nvar y=rect.top+250;\n\nvar el=document.elementFromPoint(x,y);\n\nif(el){\nel.dispatchEvent(\nnew MouseEvent(\n&amp;apos;click&amp;apos;,\n{\nbubbles:true,\nclientX:x,\nclientY:y\n}\n)\n);\n}\n&amp;quot;, page)</message>
  <nestedLevel>1</nestedLevel>
  <escapedJava>false</escapedJava>
  <property name="startLine">82</property>
  <property name="stepIndex">17</property>
</record>
<record>
  <date>2026-05-26T21:36:44.773983700Z</date>
  <millis>1779831404773</millis>
  <nanos>983700</nanos>
  <sequence>1229</sequence>
  <level>END</level>
  <class>com.kms.katalon.core.logging.XmlKeywordLogger</class>
  <method>endKeyword</method>
  <thread>1</thread>
  <message>End action : driver.executeScript(&amp;quot;\nvar rect=arguments[0].getBoundingClientRect();\n\nvar x=rect.left+(rect.width/2);\nvar y=rect.top+250;\n\nvar el=document.elementFromPoint(x,y);\n\nif(el){\nel.dispatchEvent(\nnew MouseEvent(\n&amp;apos;click&amp;apos;,\n{\nbubbles:true,\nclientX:x,\nclientY:y\n}\n)\n);\n}\n&amp;quot;, page)</message>
  <nestedLevel>1</nestedLevel>
  <escapedJava>false</escapedJava>
</record>
<record>
  <date>2026-05-26T21:36:44.774988800Z</date>
  <millis>1779831404774</millis>
  <nanos>988800</nanos>
  <sequence>1230</sequence>
  <level>START</level>
  <class>com.kms.katalon.core.logging.XmlKeywordLogger</class>
  <method>startKeyword</method>
  <thread>1</thread>
  <message>Start action : println(&amp;quot;Signature dropped&amp;quot;)</message>
  <nestedLevel>1</nestedLevel>
  <escapedJava>false</escapedJava>
  <property name="startLine">108</property>
  <property name="stepIndex">18</property>
</record>
<record>
  <date>2026-05-26T21:36:44.777692100Z</date>
  <millis>1779831404777</millis>
  <nanos>692100</nanos>
  <sequence>1231</sequence>
  <level>END</level>
  <class>com.kms.katalon.core.logging.XmlKeywordLogger</class>
  <method>endKeyword</method>
  <thread>1</thread>
  <message>End action : println(&amp;quot;Signature dropped&amp;quot;)</message>
  <nestedLevel>1</nestedLevel>
  <escapedJava>false</escapedJava>
</record>
<record>
  <date>2026-05-26T21:36:44.777692100Z</date>
  <millis>1779831404777</millis>
  <nanos>692100</nanos>
  <sequence>1232</sequence>
  <level>START</level>
  <class>com.kms.katalon.core.logging.XmlKeywordLogger</class>
  <method>startKeyword</method>
  <thread>1</thread>
  <message>Start action : Thread.sleep(2000)</message>
  <nestedLevel>1</nestedLevel>
  <escapedJava>false</escapedJava>
  <property name="startLine">110</property>
  <property name="stepIndex">19</property>
</record>
<record>
  <date>2026-05-26T21:36:46.809509Z</date>
  <millis>1779831406809</millis>
  <nanos>509000</nanos>
  <sequence>1233</sequence>
  <level>END</level>
  <class>com.kms.katalon.core.logging.XmlKeywordLogger</class>
  <method>endKeyword</method>
  <thread>1</thread>
  <message>End action : Thread.sleep(2000)</message>
  <nestedLevel>1</nestedLevel>
  <escapedJava>false</escapedJava>
</record>
<record>
  <date>2026-05-26T21:36:46.810508700Z</date>
  <millis>1779831406810</millis>
  <nanos>508700</nanos>
  <sequence>1234</sequence>
  <level>START</level>
  <class>com.kms.katalon.core.logging.XmlKeywordLogger</class>
  <method>startKeyword</method>
  <thread>1</thread>
  <message>Start action : try</message>
  <nestedLevel>1</nestedLevel>
  <escapedJava>false</escapedJava>
  <property name="startLine">117</property>
  <property name="stepIndex">20</property>
</record>
<record>
  <date>2026-05-26T21:36:46.812510300Z</date>
  <millis>1779831406812</millis>
  <nanos>510300</nanos>
  <sequence>1235</sequence>
  <level>START</level>
  <class>com.kms.katalon.core.logging.XmlKeywordLogger</class>
  <method>startKeyword</method>
  <thread>1</thread>
  <message>Start action : okSign = wait.until(ExpectedConditions.elementToBeClickable(By.xpath(&amp;quot;//button[normalize-space()=&amp;apos;OK&amp;apos;]&amp;quot;)))</message>
  <nestedLevel>2</nestedLevel>
  <escapedJava>false</escapedJava>
  <property name="startLine">119</property>
  <property name="stepIndex">1</property>
</record>
<record>
  <date>2026-05-26T21:37:17.291672800Z</date>
  <millis>1779831437291</millis>
  <nanos>672800</nanos>
  <sequence>1236</sequence>
  <level>END</level>
  <class>com.kms.katalon.core.logging.XmlKeywordLogger</class>
  <method>endKeyword</method>
  <thread>1</thread>
  <message>End action : okSign = wait.until(ExpectedConditions.elementToBeClickable(By.xpath(&amp;quot;//button[normalize-space()=&amp;apos;OK&amp;apos;]&amp;quot;)))</message>
  <nestedLevel>2</nestedLevel>
  <escapedJava>false</escapedJava>
</record>
<record>
  <date>2026-05-26T21:37:17.299656700Z</date>
  <millis>1779831437299</millis>
  <nanos>656700</nanos>
  <sequence>1237</sequence>
  <level>END</level>
  <class>com.kms.katalon.core.logging.XmlKeywordLogger</class>
  <method>endKeyword</method>
  <thread>1</thread>
  <message>End action : try</message>
  <nestedLevel>1</nestedLevel>
  <escapedJava>false</escapedJava>
</record>
<record>
  <date>2026-05-26T21:37:17.299656700Z</date>
  <millis>1779831437299</millis>
  <nanos>656700</nanos>
  <sequence>1238</sequence>
  <level>START</level>
  <class>com.kms.katalon.core.logging.XmlKeywordLogger</class>
  <method>startKeyword</method>
  <thread>1</thread>
  <message>Start action : catch (Exception e)</message>
  <nestedLevel>1</nestedLevel>
  <escapedJava>false</escapedJava>
  <property name="startLine">134</property>
  <property name="stepIndex">21</property>
</record>
<record>
  <date>2026-05-26T21:37:17.299656700Z</date>
  <millis>1779831437299</millis>
  <nanos>656700</nanos>
  <sequence>1239</sequence>
  <level>START</level>
  <class>com.kms.katalon.core.logging.XmlKeywordLogger</class>
  <method>startKeyword</method>
  <thread>1</thread>
  <message>Start action : println(&amp;quot;No signature OK popup&amp;quot;)</message>
  <nestedLevel>2</nestedLevel>
  <escapedJava>false</escapedJava>
  <property name="startLine">135</property>
  <property name="stepIndex">1</property>
</record>
<record>
  <date>2026-05-26T21:37:17.308045800Z</date>
  <millis>1779831437308</millis>
  <nanos>45800</nanos>
  <sequence>1240</sequence>
  <level>END</level>
  <class>com.kms.katalon.core.logging.XmlKeywordLogger</class>
  <method>endKeyword</method>
  <thread>1</thread>
  <message>End action : println(&amp;quot;No signature OK popup&amp;quot;)</message>
  <nestedLevel>2</nestedLevel>
  <escapedJava>false</escapedJava>
</record>
<record>
  <date>2026-05-26T21:37:17.308045800Z</date>
  <millis>1779831437308</millis>
  <nanos>45800</nanos>
  <sequence>1241</sequence>
  <level>END</level>
  <class>com.kms.katalon.core.logging.XmlKeywordLogger</class>
  <method>endKeyword</method>
  <thread>1</thread>
  <message>End action : catch (Exception e)</message>
  <nestedLevel>1</nestedLevel>
  <escapedJava>false</escapedJava>
</record>
<record>
  <date>2026-05-26T21:37:17.308045800Z</date>
  <millis>1779831437308</millis>
  <nanos>45800</nanos>
  <sequence>1242</sequence>
  <level>START</level>
  <class>com.kms.katalon.core.logging.XmlKeywordLogger</class>
  <method>startKeyword</method>
  <thread>1</thread>
  <message>Start action : previewBtn = wait.until(ExpectedConditions.elementToBeClickable(By.xpath(&amp;quot;//button[contains(.,&amp;apos;Preview&amp;apos;)]&amp;quot;)))</message>
  <nestedLevel>1</nestedLevel>
  <escapedJava>false</escapedJava>
  <property name="startLine">143</property>
  <property name="stepIndex">23</property>
</record>
<record>
  <date>2026-05-26T21:37:17.447768200Z</date>
  <millis>1779831437447</millis>
  <nanos>768200</nanos>
  <sequence>1243</sequence>
  <level>END</level>
  <class>com.kms.katalon.core.logging.XmlKeywordLogger</class>
  <method>endKeyword</method>
  <thread>1</thread>
  <message>End action : previewBtn = wait.until(ExpectedConditions.elementToBeClickable(By.xpath(&amp;quot;//button[contains(.,&amp;apos;Preview&amp;apos;)]&amp;quot;)))</message>
  <nestedLevel>1</nestedLevel>
  <escapedJava>false</escapedJava>
</record>
<record>
  <date>2026-05-26T21:37:17.447768200Z</date>
  <millis>1779831437447</millis>
  <nanos>768200</nanos>
  <sequence>1244</sequence>
  <level>START</level>
  <class>com.kms.katalon.core.logging.XmlKeywordLogger</class>
  <method>startKeyword</method>
  <thread>1</thread>
  <message>Start action : driver.executeScript(&amp;quot;arguments[0].click();&amp;quot;, previewBtn)</message>
  <nestedLevel>1</nestedLevel>
  <escapedJava>false</escapedJava>
  <property name="startLine">149</property>
  <property name="stepIndex">24</property>
</record>
<record>
  <date>2026-05-26T21:37:17.525389Z</date>
  <millis>1779831437525</millis>
  <nanos>389000</nanos>
  <sequence>1245</sequence>
  <level>END</level>
  <class>com.kms.katalon.core.logging.XmlKeywordLogger</class>
  <method>endKeyword</method>
  <thread>1</thread>
  <message>End action : driver.executeScript(&amp;quot;arguments[0].click();&amp;quot;, previewBtn)</message>
  <nestedLevel>1</nestedLevel>
  <escapedJava>false</escapedJava>
</record>
<record>
  <date>2026-05-26T21:37:17.525389Z</date>
  <millis>1779831437525</millis>
  <nanos>389000</nanos>
  <sequence>1246</sequence>
  <level>START</level>
  <class>com.kms.katalon.core.logging.XmlKeywordLogger</class>
  <method>startKeyword</method>
  <thread>1</thread>
  <message>Start action : println(&amp;quot;Preview clicked&amp;quot;)</message>
  <nestedLevel>1</nestedLevel>
  <escapedJava>false</escapedJava>
  <property name="startLine">155</property>
  <property name="stepIndex">25</property>
</record>
<record>
  <date>2026-05-26T21:37:17.531096900Z</date>
  <millis>1779831437531</millis>
  <nanos>96900</nanos>
  <sequence>1247</sequence>
  <level>END</level>
  <class>com.kms.katalon.core.logging.XmlKeywordLogger</class>
  <method>endKeyword</method>
  <thread>1</thread>
  <message>End action : println(&amp;quot;Preview clicked&amp;quot;)</message>
  <nestedLevel>1</nestedLevel>
  <escapedJava>false</escapedJava>
</record>
<record>
  <date>2026-05-26T21:37:17.531096900Z</date>
  <millis>1779831437531</millis>
  <nanos>96900</nanos>
  <sequence>1248</sequence>
  <level>START</level>
  <class>com.kms.katalon.core.logging.XmlKeywordLogger</class>
  <method>startKeyword</method>
  <thread>1</thread>
  <message>Start action : wait.until(ExpectedConditions.textToBePresentInElementLocated(By.xpath(&amp;quot;//button[contains(.,&amp;apos;Preview&amp;apos;) or contains(.,&amp;apos;Save&amp;apos;)]&amp;quot;), &amp;quot;Save&amp;quot;))</message>
  <nestedLevel>1</nestedLevel>
  <escapedJava>false</escapedJava>
  <property name="startLine">162</property>
  <property name="stepIndex">26</property>
</record>
<record>
  <date>2026-05-26T21:37:17.783210800Z</date>
  <millis>1779831437783</millis>
  <nanos>210800</nanos>
  <sequence>1249</sequence>
  <level>END</level>
  <class>com.kms.katalon.core.logging.XmlKeywordLogger</class>
  <method>endKeyword</method>
  <thread>1</thread>
  <message>End action : wait.until(ExpectedConditions.textToBePresentInElementLocated(By.xpath(&amp;quot;//button[contains(.,&amp;apos;Preview&amp;apos;) or contains(.,&amp;apos;Save&amp;apos;)]&amp;quot;), &amp;quot;Save&amp;quot;))</message>
  <nestedLevel>1</nestedLevel>
  <escapedJava>false</escapedJava>
</record>
<record>
  <date>2026-05-26T21:37:17.783210800Z</date>
  <millis>1779831437783</millis>
  <nanos>210800</nanos>
  <sequence>1250</sequence>
  <level>START</level>
  <class>com.kms.katalon.core.logging.XmlKeywordLogger</class>
  <method>startKeyword</method>
  <thread>1</thread>
  <message>Start action : saveBtn = wait.until(ExpectedConditions.elementToBeClickable(By.xpath(&amp;quot;//button[contains(.,&amp;apos;Save&amp;apos;)]&amp;quot;)))</message>
  <nestedLevel>1</nestedLevel>
  <escapedJava>false</escapedJava>
  <property name="startLine">169</property>
  <property name="stepIndex">27</property>
</record>
<record>
  <date>2026-05-26T21:37:17.950715400Z</date>
  <millis>1779831437950</millis>
  <nanos>715400</nanos>
  <sequence>1251</sequence>
  <level>END</level>
  <class>com.kms.katalon.core.logging.XmlKeywordLogger</class>
  <method>endKeyword</method>
  <thread>1</thread>
  <message>End action : saveBtn = wait.until(ExpectedConditions.elementToBeClickable(By.xpath(&amp;quot;//button[contains(.,&amp;apos;Save&amp;apos;)]&amp;quot;)))</message>
  <nestedLevel>1</nestedLevel>
  <escapedJava>false</escapedJava>
</record>
<record>
  <date>2026-05-26T21:37:17.952726600Z</date>
  <millis>1779831437952</millis>
  <nanos>726600</nanos>
  <sequence>1252</sequence>
  <level>START</level>
  <class>com.kms.katalon.core.logging.XmlKeywordLogger</class>
  <method>startKeyword</method>
  <thread>1</thread>
  <message>Start action : Thread.sleep(1000)</message>
  <nestedLevel>1</nestedLevel>
  <escapedJava>false</escapedJava>
  <property name="startLine">175</property>
  <property name="stepIndex">28</property>
</record>
<record>
  <date>2026-05-26T21:37:18.967396400Z</date>
  <millis>1779831438967</millis>
  <nanos>396400</nanos>
  <sequence>1253</sequence>
  <level>END</level>
  <class>com.kms.katalon.core.logging.XmlKeywordLogger</class>
  <method>endKeyword</method>
  <thread>1</thread>
  <message>End action : Thread.sleep(1000)</message>
  <nestedLevel>1</nestedLevel>
  <escapedJava>false</escapedJava>
</record>
<record>
  <date>2026-05-26T21:37:18.967396400Z</date>
  <millis>1779831438967</millis>
  <nanos>396400</nanos>
  <sequence>1254</sequence>
  <level>START</level>
  <class>com.kms.katalon.core.logging.XmlKeywordLogger</class>
  <method>startKeyword</method>
  <thread>1</thread>
  <message>Start action : driver.executeScript(&amp;quot;arguments[0].click();&amp;quot;, saveBtn)</message>
  <nestedLevel>1</nestedLevel>
  <escapedJava>false</escapedJava>
  <property name="startLine">177</property>
  <property name="stepIndex">29</property>
</record>
<record>
  <date>2026-05-26T21:37:19.026339500Z</date>
  <millis>1779831439026</millis>
  <nanos>339500</nanos>
  <sequence>1255</sequence>
  <level>END</level>
  <class>com.kms.katalon.core.logging.XmlKeywordLogger</class>
  <method>endKeyword</method>
  <thread>1</thread>
  <message>End action : driver.executeScript(&amp;quot;arguments[0].click();&amp;quot;, saveBtn)</message>
  <nestedLevel>1</nestedLevel>
  <escapedJava>false</escapedJava>
</record>
<record>
  <date>2026-05-26T21:37:19.026339500Z</date>
  <millis>1779831439026</millis>
  <nanos>339500</nanos>
  <sequence>1256</sequence>
  <level>START</level>
  <class>com.kms.katalon.core.logging.XmlKeywordLogger</class>
  <method>startKeyword</method>
  <thread>1</thread>
  <message>Start action : println(&amp;quot;Save clicked&amp;quot;)</message>
  <nestedLevel>1</nestedLevel>
  <escapedJava>false</escapedJava>
  <property name="startLine">183</property>
  <property name="stepIndex">30</property>
</record>
<record>
  <date>2026-05-26T21:37:19.029912600Z</date>
  <millis>1779831439029</millis>
  <nanos>912600</nanos>
  <sequence>1257</sequence>
  <level>END</level>
  <class>com.kms.katalon.core.logging.XmlKeywordLogger</class>
  <method>endKeyword</method>
  <thread>1</thread>
  <message>End action : println(&amp;quot;Save clicked&amp;quot;)</message>
  <nestedLevel>1</nestedLevel>
  <escapedJava>false</escapedJava>
</record>
<record>
  <date>2026-05-26T21:37:19.029912600Z</date>
  <millis>1779831439029</millis>
  <nanos>912600</nanos>
  <sequence>1258</sequence>
  <level>START</level>
  <class>com.kms.katalon.core.logging.XmlKeywordLogger</class>
  <method>startKeyword</method>
  <thread>1</thread>
  <message>Start action : switchToDefaultContent()</message>
  <nestedLevel>1</nestedLevel>
  <escapedJava>false</escapedJava>
  <property name="startLine">190</property>
  <property name="stepIndex">31</property>
</record>
<record>
  <date>2026-05-26T21:37:19.061236700Z</date>
  <millis>1779831439061</millis>
  <nanos>236700</nanos>
  <sequence>1261</sequence>
  <level>END</level>
  <class>com.kms.katalon.core.logging.XmlKeywordLogger</class>
  <method>endKeyword</method>
  <thread>1</thread>
  <message>End action : switchToDefaultContent()</message>
  <nestedLevel>1</nestedLevel>
  <escapedJava>false</escapedJava>
</record>
<record>
  <date>2026-05-26T21:37:19.062971300Z</date>
  <millis>1779831439062</millis>
  <nanos>971300</nanos>
  <sequence>1262</sequence>
  <level>START</level>
  <class>com.kms.katalon.core.logging.XmlKeywordLogger</class>
  <method>startKeyword</method>
  <thread>1</thread>
  <message>Start action : println(&amp;quot;Back to main page&amp;quot;)</message>
  <nestedLevel>1</nestedLevel>
  <escapedJava>false</escapedJava>
  <property name="startLine">192</property>
  <property name="stepIndex">32</property>
</record>
<record>
  <date>2026-05-26T21:37:19.062971300Z</date>
  <millis>1779831439062</millis>
  <nanos>971300</nanos>
  <sequence>1263</sequence>
  <level>END</level>
  <class>com.kms.katalon.core.logging.XmlKeywordLogger</class>
  <method>endKeyword</method>
  <thread>1</thread>
  <message>End action : println(&amp;quot;Back to main page&amp;quot;)</message>
  <nestedLevel>1</nestedLevel>
  <escapedJava>false</escapedJava>
</record>
<record>
  <date>2026-05-26T21:37:19.062971300Z</date>
  <millis>1779831439062</millis>
  <nanos>971300</nanos>
  <sequence>1264</sequence>
  <level>START</level>
  <class>com.kms.katalon.core.logging.XmlKeywordLogger</class>
  <method>startKeyword</method>
  <thread>1</thread>
  <message>Start action : okModalClosed = false</message>
  <nestedLevel>1</nestedLevel>
  <escapedJava>false</escapedJava>
  <property name="startLine">199</property>
  <property name="stepIndex">33</property>
</record>
<record>
  <date>2026-05-26T21:37:19.062971300Z</date>
  <millis>1779831439062</millis>
  <nanos>971300</nanos>
  <sequence>1265</sequence>
  <level>END</level>
  <class>com.kms.katalon.core.logging.XmlKeywordLogger</class>
  <method>endKeyword</method>
  <thread>1</thread>
  <message>End action : okModalClosed = false</message>
  <nestedLevel>1</nestedLevel>
  <escapedJava>false</escapedJava>
</record>
<record>
  <date>2026-05-26T21:37:19.070324Z</date>
  <millis>1779831439070</millis>
  <nanos>324000</nanos>
  <sequence>1266</sequence>
  <level>START</level>
  <class>com.kms.katalon.core.logging.XmlKeywordLogger</class>
  <method>startKeyword</method>
  <thread>1</thread>
  <message>Start action : try</message>
  <nestedLevel>1</nestedLevel>
  <escapedJava>false</escapedJava>
  <property name="startLine">201</property>
  <property name="stepIndex">34</property>
</record>
<record>
  <date>2026-05-26T21:37:19.074013900Z</date>
  <millis>1779831439074</millis>
  <nanos>13900</nanos>
  <sequence>1267</sequence>
  <level>START</level>
  <class>com.kms.katalon.core.logging.XmlKeywordLogger</class>
  <method>startKeyword</method>
  <thread>1</thread>
  <message>Start action : okBtn = new com.kms.katalon.core.testobject.TestObject()</message>
  <nestedLevel>2</nestedLevel>
  <escapedJava>false</escapedJava>
  <property name="startLine">203</property>
  <property name="stepIndex">1</property>
</record>
<record>
  <date>2026-05-26T21:37:19.080755900Z</date>
  <millis>1779831439080</millis>
  <nanos>755900</nanos>
  <sequence>1268</sequence>
  <level>END</level>
  <class>com.kms.katalon.core.logging.XmlKeywordLogger</class>
  <method>endKeyword</method>
  <thread>1</thread>
  <message>End action : okBtn = new com.kms.katalon.core.testobject.TestObject()</message>
  <nestedLevel>2</nestedLevel>
  <escapedJava>false</escapedJava>
</record>
<record>
  <date>2026-05-26T21:37:19.080755900Z</date>
  <millis>1779831439080</millis>
  <nanos>755900</nanos>
  <sequence>1269</sequence>
  <level>START</level>
  <class>com.kms.katalon.core.logging.XmlKeywordLogger</class>
  <method>startKeyword</method>
  <thread>1</thread>
  <message>Start action : okBtn.addProperty(&amp;quot;xpath&amp;quot;, EQUALS, &amp;quot;//button[normalize-space()=&amp;apos;OK&amp;apos;]&amp;quot;)</message>
  <nestedLevel>2</nestedLevel>
  <escapedJava>false</escapedJava>
  <property name="startLine">205</property>
  <property name="stepIndex">2</property>
</record>
<record>
  <date>2026-05-26T21:37:19.080755900Z</date>
  <millis>1779831439080</millis>
  <nanos>755900</nanos>
  <sequence>1270</sequence>
  <level>END</level>
  <class>com.kms.katalon.core.logging.XmlKeywordLogger</class>
  <method>endKeyword</method>
  <thread>1</thread>
  <message>End action : okBtn.addProperty(&amp;quot;xpath&amp;quot;, EQUALS, &amp;quot;//button[normalize-space()=&amp;apos;OK&amp;apos;]&amp;quot;)</message>
  <nestedLevel>2</nestedLevel>
  <escapedJava>false</escapedJava>
</record>
<record>
  <date>2026-05-26T21:37:19.080755900Z</date>
  <millis>1779831439080</millis>
  <nanos>755900</nanos>
  <sequence>1271</sequence>
  <level>START</level>
  <class>com.kms.katalon.core.logging.XmlKeywordLogger</class>
  <method>startKeyword</method>
  <thread>1</thread>
  <message>Start action : if (waitForElementVisible(okBtn, 10, OPTIONAL))</message>
  <nestedLevel>2</nestedLevel>
  <escapedJava>false</escapedJava>
  <property name="startLine">211</property>
  <property name="stepIndex">3</property>
</record>
<record>
  <date>2026-05-26T21:37:25.209652500Z</date>
  <millis>1779831445209</millis>
  <nanos>652500</nanos>
  <sequence>1277</sequence>
  <level>PASSED</level>
  <class>com.kms.katalon.core.logging.XmlKeywordLogger</class>
  <method>logMessage</method>
  <thread>1</thread>
  <message>Object &amp;apos;&amp;apos; is visible</message>
  <nestedLevel>1</nestedLevel>
  <escapedJava>false</escapedJava>
  <property name="testops-method-name">com.kms.katalon.core.webui.keyword.internal.WebUIKeywordMain.runKeywordUntilTimeout</property>
  <property name="testops-execution-stacktrace">com.kms.katalon.core.logging.KeywordLogger.logPassed(KeywordLogger.java:350)
com.kms.katalon.core.logging.KeywordLogger.logPassed(KeywordLogger.java:345)
com.kms.katalon.core.logging.KeywordLogger$logPassed$0.call(Unknown Source)
com.kms.katalon.core.webui.keyword.builtin.WaitForElementVisibleKeyword$_waitForElementVisible_closure1.doCall(WaitForElementVisibleKeyword.groovy:86)
java.base/jdk.internal.reflect.DirectMethodHandleAccessor.invoke(DirectMethodHandleAccessor.java:103)
jdk.proxy2/jdk.proxy2.$Proxy56.execute(Unknown Source)
com.kms.katalon.core.webui.model.SeleniumActionRetryController.performAction(SeleniumActionRetryController.java:96)
com.kms.katalon.core.webui.model.SeleniumActionRetryController.performAction(SeleniumActionRetryController.java:83)
com.kms.katalon.core.webui.keyword.internal.WebUIKeywordMain$_runKeywordUntilTimeout_closure2.doCall(WebUIKeywordMain.groovy:155)
com.kms.katalon.core.webui.keyword.internal.WebUIKeywordMain$_runKeywordUntilTimeout_closure2.call(WebUIKeywordMain.groovy)
com.kms.katalon.core.webui.keyword.internal.WebUIKeywordMain.runKeyword(WebUIKeywordMain.groovy:41)
com.kms.katalon.core.webui.keyword.internal.WebUIKeywordMain.runKeywordUntilTimeout(WebUIKeywordMain.groovy:152)
com.kms.katalon.core.webui.keyword.internal.WebUIKeywordMain$runKeywordUntilTimeout.call(Unknown Source)
com.kms.katalon.core.webui.keyword.builtin.WaitForElementVisibleKeyword.waitForElementVisible(WaitForElementVisibleKeyword.groovy:101)
com.kms.katalon.core.webui.keyword.builtin.WaitForElementVisibleKeyword.execute(WaitForElementVisibleKeyword.groovy:69)
com.kms.katalon.core.keyword.internal.KeywordExecutor.executeKeywordForPlatform(KeywordExecutor.groovy:99)
com.kms.katalon.core.webui.keyword.WebUiBuiltInKeywords.waitForElementVisible(WebUiBuiltInKeywords.groovy:499)
Esign.run(Esign:212)
</property>
</record>
<record>
  <date>2026-05-26T21:37:25.222443900Z</date>
  <millis>1779831445222</millis>
  <nanos>443900</nanos>
  <sequence>1278</sequence>
  <level>START</level>
  <class>com.kms.katalon.core.logging.XmlKeywordLogger</class>
  <method>startKeyword</method>
  <thread>1</thread>
  <message>Start action : click(okBtn)</message>
  <nestedLevel>3</nestedLevel>
  <escapedJava>false</escapedJava>
  <property name="startLine">219</property>
  <property name="stepIndex">1</property>
</record>
<record>
  <date>2026-05-26T21:37:25.958179Z</date>
  <millis>1779831445958</millis>
  <nanos>179000</nanos>
  <sequence>1288</sequence>
  <level>PASSED</level>
  <class>com.kms.katalon.core.logging.XmlKeywordLogger</class>
  <method>logMessage</method>
  <thread>1</thread>
  <message>Object: &amp;apos;&amp;apos; is clicked on</message>
  <nestedLevel>1</nestedLevel>
  <escapedJava>false</escapedJava>
  <property name="testops-method-name">com.kms.katalon.core.webui.keyword.internal.WebUIKeywordMain.runKeywordUntilTimeout</property>
  <property name="testops-execution-stacktrace">com.kms.katalon.core.logging.KeywordLogger.logPassed(KeywordLogger.java:350)
com.kms.katalon.core.logging.KeywordLogger.logPassed(KeywordLogger.java:345)
com.kms.katalon.core.webui.keyword.builtin.ClickKeyword$_click_closure1.doCall(ClickKeyword.groovy:66)
java.base/jdk.internal.reflect.DirectMethodHandleAccessor.invoke(DirectMethodHandleAccessor.java:103)
jdk.proxy2/jdk.proxy2.$Proxy56.execute(Unknown Source)
com.kms.katalon.core.webui.model.SeleniumActionRetryController.performAction(SeleniumActionRetryController.java:96)
com.kms.katalon.core.webui.model.SeleniumActionRetryController.performAction(SeleniumActionRetryController.java:83)
com.kms.katalon.core.webui.keyword.internal.WebUIKeywordMain$_runKeywordUntilTimeout_closure1.doCall(WebUIKeywordMain.groovy:135)
com.kms.katalon.core.webui.keyword.internal.WebUIKeywordMain$_runKeywordUntilTimeout_closure1.call(WebUIKeywordMain.groovy)
com.kms.katalon.core.webui.keyword.internal.WebUIKeywordMain.runKeyword(WebUIKeywordMain.groovy:41)
com.kms.katalon.core.webui.keyword.internal.WebUIKeywordMain.runKeywordUntilTimeout(WebUIKeywordMain.groovy:133)
com.kms.katalon.core.webui.keyword.builtin.ClickKeyword.click(ClickKeyword.groovy:72)
com.kms.katalon.core.webui.keyword.builtin.ClickKeyword.execute(ClickKeyword.groovy:38)
com.kms.katalon.core.keyword.internal.KeywordExecutor.executeKeywordForPlatform(KeywordExecutor.groovy:99)
com.kms.katalon.core.webui.keyword.WebUiBuiltInKeywords.click(WebUiBuiltInKeywords.groovy:722)
Esign.run(Esign:219)
</property>
</record>
<record>
  <date>2026-05-26T21:37:25.966514700Z</date>
  <millis>1779831445966</millis>
  <nanos>514700</nanos>
  <sequence>1289</sequence>
  <level>END</level>
  <class>com.kms.katalon.core.logging.XmlKeywordLogger</class>
  <method>endKeyword</method>
  <thread>1</thread>
  <message>End action : click(okBtn)</message>
  <nestedLevel>3</nestedLevel>
  <escapedJava>false</escapedJava>
</record>
<record>
  <date>2026-05-26T21:37:25.973148600Z</date>
  <millis>1779831445973</millis>
  <nanos>148600</nanos>
  <sequence>1290</sequence>
  <level>START</level>
  <class>com.kms.katalon.core.logging.XmlKeywordLogger</class>
  <method>startKeyword</method>
  <thread>1</thread>
  <message>Start action : okModalClosed = true</message>
  <nestedLevel>3</nestedLevel>
  <escapedJava>false</escapedJava>
  <property name="startLine">221</property>
  <property name="stepIndex">2</property>
</record>
<record>
  <date>2026-05-26T21:37:25.975281Z</date>
  <millis>1779831445975</millis>
  <nanos>281000</nanos>
  <sequence>1291</sequence>
  <level>END</level>
  <class>com.kms.katalon.core.logging.XmlKeywordLogger</class>
  <method>endKeyword</method>
  <thread>1</thread>
  <message>End action : okModalClosed = true</message>
  <nestedLevel>3</nestedLevel>
  <escapedJava>false</escapedJava>
</record>
<record>
  <date>2026-05-26T21:37:25.975281Z</date>
  <millis>1779831445975</millis>
  <nanos>281000</nanos>
  <sequence>1292</sequence>
  <level>START</level>
  <class>com.kms.katalon.core.logging.XmlKeywordLogger</class>
  <method>startKeyword</method>
  <thread>1</thread>
  <message>Start action : println(&amp;quot;Success modal closed&amp;quot;)</message>
  <nestedLevel>3</nestedLevel>
  <escapedJava>false</escapedJava>
  <property name="startLine">223</property>
  <property name="stepIndex">3</property>
</record>
<record>
  <date>2026-05-26T21:37:25.982678600Z</date>
  <millis>1779831445982</millis>
  <nanos>678600</nanos>
  <sequence>1293</sequence>
  <level>END</level>
  <class>com.kms.katalon.core.logging.XmlKeywordLogger</class>
  <method>endKeyword</method>
  <thread>1</thread>
  <message>End action : println(&amp;quot;Success modal closed&amp;quot;)</message>
  <nestedLevel>3</nestedLevel>
  <escapedJava>false</escapedJava>
</record>
<record>
  <date>2026-05-26T21:37:25.988727Z</date>
  <millis>1779831445988</millis>
  <nanos>727000</nanos>
  <sequence>1294</sequence>
  <level>END</level>
  <class>com.kms.katalon.core.logging.XmlKeywordLogger</class>
  <method>endKeyword</method>
  <thread>1</thread>
  <message>End action : if (waitForElementVisible(okBtn, 10, OPTIONAL))</message>
  <nestedLevel>2</nestedLevel>
  <escapedJava>false</escapedJava>
</record>
<record>
  <date>2026-05-26T21:37:25.992926700Z</date>
  <millis>1779831445992</millis>
  <nanos>926700</nanos>
  <sequence>1295</sequence>
  <level>END</level>
  <class>com.kms.katalon.core.logging.XmlKeywordLogger</class>
  <method>endKeyword</method>
  <thread>1</thread>
  <message>End action : try</message>
  <nestedLevel>1</nestedLevel>
  <escapedJava>false</escapedJava>
</record>
<record>
  <date>2026-05-26T21:37:25.993533800Z</date>
  <millis>1779831445993</millis>
  <nanos>533800</nanos>
  <sequence>1296</sequence>
  <level>START</level>
  <class>com.kms.katalon.core.logging.XmlKeywordLogger</class>
  <method>startKeyword</method>
  <thread>1</thread>
  <message>Start action : if (!(okModalClosed))</message>
  <nestedLevel>1</nestedLevel>
  <escapedJava>false</escapedJava>
  <property name="startLine">235</property>
  <property name="stepIndex">37</property>
</record>
<record>
  <date>2026-05-26T21:37:25.997592500Z</date>
  <millis>1779831445997</millis>
  <nanos>592500</nanos>
  <sequence>1297</sequence>
  <level>END</level>
  <class>com.kms.katalon.core.logging.XmlKeywordLogger</class>
  <method>endKeyword</method>
  <thread>1</thread>
  <message>End action : if (!(okModalClosed))</message>
  <nestedLevel>1</nestedLevel>
  <escapedJava>false</escapedJava>
</record>
<record>
  <date>2026-05-26T21:37:25.999115800Z</date>
  <millis>1779831445999</millis>
  <nanos>115800</nanos>
  <sequence>1298</sequence>
  <level>START</level>
  <class>com.kms.katalon.core.logging.XmlKeywordLogger</class>
  <method>startKeyword</method>
  <thread>1</thread>
  <message>Start action : modal = new com.kms.katalon.core.testobject.TestObject()</message>
  <nestedLevel>1</nestedLevel>
  <escapedJava>false</escapedJava>
  <property name="startLine">250</property>
  <property name="stepIndex">38</property>
</record>
<record>
  <date>2026-05-26T21:37:26.007151900Z</date>
  <millis>1779831446007</millis>
  <nanos>151900</nanos>
  <sequence>1299</sequence>
  <level>END</level>
  <class>com.kms.katalon.core.logging.XmlKeywordLogger</class>
  <method>endKeyword</method>
  <thread>1</thread>
  <message>End action : modal = new com.kms.katalon.core.testobject.TestObject()</message>
  <nestedLevel>1</nestedLevel>
  <escapedJava>false</escapedJava>
</record>
<record>
  <date>2026-05-26T21:37:26.007151900Z</date>
  <millis>1779831446007</millis>
  <nanos>151900</nanos>
  <sequence>1300</sequence>
  <level>START</level>
  <class>com.kms.katalon.core.logging.XmlKeywordLogger</class>
  <method>startKeyword</method>
  <thread>1</thread>
  <message>Start action : modal.addProperty(&amp;quot;xpath&amp;quot;, EQUALS, &amp;quot;//*[contains(@class,&amp;apos;modal&amp;apos;)]&amp;quot;)</message>
  <nestedLevel>1</nestedLevel>
  <escapedJava>false</escapedJava>
  <property name="startLine">252</property>
  <property name="stepIndex">39</property>
</record>
<record>
  <date>2026-05-26T21:37:26.007151900Z</date>
  <millis>1779831446007</millis>
  <nanos>151900</nanos>
  <sequence>1301</sequence>
  <level>END</level>
  <class>com.kms.katalon.core.logging.XmlKeywordLogger</class>
  <method>endKeyword</method>
  <thread>1</thread>
  <message>End action : modal.addProperty(&amp;quot;xpath&amp;quot;, EQUALS, &amp;quot;//*[contains(@class,&amp;apos;modal&amp;apos;)]&amp;quot;)</message>
  <nestedLevel>1</nestedLevel>
  <escapedJava>false</escapedJava>
</record>
<record>
  <date>2026-05-26T21:37:26.007151900Z</date>
  <millis>1779831446007</millis>
  <nanos>151900</nanos>
  <sequence>1302</sequence>
  <level>START</level>
  <class>com.kms.katalon.core.logging.XmlKeywordLogger</class>
  <method>startKeyword</method>
  <thread>1</thread>
  <message>Start action : waitForElementNotPresent(modal, 20, OPTIONAL)</message>
  <nestedLevel>1</nestedLevel>
  <escapedJava>false</escapedJava>
  <property name="startLine">258</property>
  <property name="stepIndex">40</property>
</record>
<record>
  <date>2026-05-26T21:37:46.256961800Z</date>
  <millis>1779831466256</millis>
  <nanos>961800</nanos>
  <sequence>1307</sequence>
  <level>WARNING</level>
  <class>com.kms.katalon.core.logging.XmlKeywordLogger</class>
  <method>logMessage</method>
  <thread>1</thread>
  <message>Web element with id: &amp;apos;&amp;apos; located by &amp;apos;By.xpath: //*[contains(@class,&amp;apos;modal&amp;apos;)]&amp;apos; is present after &amp;apos;20&amp;apos; second(s)</message>
  <nestedLevel>1</nestedLevel>
  <escapedJava>false</escapedJava>
</record>
<record>
  <date>2026-05-26T21:37:46.261011700Z</date>
  <millis>1779831466261</millis>
  <nanos>11700</nanos>
  <sequence>1308</sequence>
  <level>END</level>
  <class>com.kms.katalon.core.logging.XmlKeywordLogger</class>
  <method>endKeyword</method>
  <thread>1</thread>
  <message>End action : waitForElementNotPresent(modal, 20, OPTIONAL)</message>
  <nestedLevel>1</nestedLevel>
  <escapedJava>false</escapedJava>
</record>
<record>
  <date>2026-05-26T21:37:46.261011700Z</date>
  <millis>1779831466261</millis>
  <nanos>11700</nanos>
  <sequence>1309</sequence>
  <level>START</level>
  <class>com.kms.katalon.core.logging.XmlKeywordLogger</class>
  <method>startKeyword</method>
  <thread>1</thread>
  <message>Start action : println(&amp;quot;===== ESIGN SUCCESS =====&amp;quot;)</message>
  <nestedLevel>1</nestedLevel>
  <escapedJava>false</escapedJava>
  <property name="startLine">264</property>
  <property name="stepIndex">41</property>
</record>
<record>
  <date>2026-05-26T21:37:46.265078400Z</date>
  <millis>1779831466265</millis>
  <nanos>78400</nanos>
  <sequence>1310</sequence>
  <level>END</level>
  <class>com.kms.katalon.core.logging.XmlKeywordLogger</class>
  <method>endKeyword</method>
  <thread>1</thread>
  <message>End action : println(&amp;quot;===== ESIGN SUCCESS =====&amp;quot;)</message>
  <nestedLevel>1</nestedLevel>
  <escapedJava>false</escapedJava>
</record>
<record>
  <date>2026-05-26T21:37:46.266862200Z</date>
  <millis>1779831466266</millis>
  <nanos>862200</nanos>
  <sequence>1311</sequence>
  <level>PASSED</level>
  <class>com.kms.katalon.core.logging.XmlKeywordLogger</class>
  <method>logMessage</method>
  <thread>1</thread>
  <message>Test Cases/TaskActions/Table_Actions/Esign</message>
  <nestedLevel>1</nestedLevel>
  <escapedJava>false</escapedJava>
</record>
<record>
  <date>2026-05-26T21:37:46.267977200Z</date>
  <millis>1779831466267</millis>
  <nanos>977200</nanos>
  <sequence>1312</sequence>
  <level>END</level>
  <class>com.kms.katalon.core.logging.XmlKeywordLogger</class>
  <method>endTest</method>
  <thread>1</thread>
  <message>End Test Case : Test Cases/TaskActions/Table_Actions/Esign</message>
  <nestedLevel>0</nestedLevel>
  <escapedJava>false</escapedJava>
  <property name="executionBindingVariables">[]</property>
  <property name="applitools">false</property>
  <property name="remainingRetryCount">3</property>
  <property name="executedKeywords">{
  &quot;WebUI.switchToDefaultContent&quot;: 1,
  &quot;WebUI.waitForElementVisible&quot;: 1,
  &quot;WebUI.click&quot;: 2,
  &quot;WebUI.waitForPageLoad&quot;: 1,
  &quot;WebUI.switchToFrame&quot;: 1,
  &quot;WebUI.waitForElementNotPresent&quot;: 1,
  &quot;WebUI.waitForElementPresent&quot;: 1
}</property>
  <property name="currentRetryCount">0</property>
  <property name="keywordsUsage">{
  &quot;web_ui&quot;: true,
  &quot;web_service&quot;: false,
  &quot;cucumber&quot;: false,
  &quot;builtin&quot;: false,
  &quot;mobile&quot;: false,
  &quot;windows&quot;: false,
  &quot;testng&quot;: false
}</property>
</record>
<record>
  <date>2026-05-26T21:37:46.282096800Z</date>
  <millis>1779831466282</millis>
  <nanos>96800</nanos>
  <sequence>1313</sequence>
  <level>START</level>
  <class>com.kms.katalon.core.logging.XmlKeywordLogger</class>
  <method>startTest</method>
  <thread>1</thread>
  <message>Start Test Case : Test Cases/TaskActions/Comments/TC_Add_Comment</message>
  <nestedLevel>1</nestedLevel>
  <escapedJava>false</escapedJava>
  <property name="remainingRetryCount">3</property>
  <property name="origin"></property>
  <property name="name">Test Cases/TaskActions/Comments/TC_Add_Comment</property>
  <property name="description"></property>
  <property name="iteration"></property>
  <property name="id">Test Cases/TaskActions/Comments/TC_Add_Comment</property>
  <property name="source">C:\Users\CROWN-STAFF\git\convergence-qa-tests\Test Cases\TaskActions\Comments\TC_Add_Comment.tc</property>
  <property name="tag"></property>
  <property name="isOptional">false</property>
  <property name="uuid">1f3a9170-2f34-401f-921d-12bb17efa666</property>
  <property name="currentRetryCount">0</property>
</record>
<record>
  <date>2026-05-26T21:37:46.323342300Z</date>
  <millis>1779831466323</millis>
  <nanos>342300</nanos>
  <sequence>1315</sequence>
  <level>RUN_DATA</level>
  <class>com.kms.katalon.core.logging.XmlKeywordLogger</class>
  <method>logMessage</method>
  <thread>1</thread>
  <message>executionBindingVariables = []</message>
  <nestedLevel>1</nestedLevel>
  <escapedJava>false</escapedJava>
  <property name="executionBindingVariables">[]</property>
</record>
<record>
  <date>2026-05-26T21:37:46.720527900Z</date>
  <millis>1779831466720</millis>
  <nanos>527900</nanos>
  <sequence>1316</sequence>
  <level>START</level>
  <class>com.kms.katalon.core.logging.XmlKeywordLogger</class>
  <method>startKeyword</method>
  <thread>1</thread>
  <message>Start action : waitForPageLoad(20)</message>
  <nestedLevel>1</nestedLevel>
  <escapedJava>false</escapedJava>
  <property name="startLine">21</property>
  <property name="stepIndex">1</property>
</record>
<record>
  <date>2026-05-26T21:37:46.990302800Z</date>
  <millis>1779831466990</millis>
  <nanos>302800</nanos>
  <sequence>1320</sequence>
  <level>PASSED</level>
  <class>com.kms.katalon.core.logging.XmlKeywordLogger</class>
  <method>logMessage</method>
  <thread>1</thread>
  <message>Wait for page load successfully</message>
  <nestedLevel>1</nestedLevel>
  <escapedJava>false</escapedJava>
  <property name="testops-method-name">com.kms.katalon.core.webui.keyword.internal.WebUIKeywordMain$runKeyword$0.call</property>
  <property name="testops-execution-stacktrace">com.kms.katalon.core.logging.KeywordLogger.logPassed(KeywordLogger.java:350)
com.kms.katalon.core.logging.KeywordLogger.logPassed(KeywordLogger.java:345)
com.kms.katalon.core.logging.KeywordLogger$logPassed$0.call(Unknown Source)
com.kms.katalon.core.webui.keyword.builtin.WaitForPageLoadKeyword$_waitForPageLoad_closure1.doCall(WaitForPageLoadKeyword.groovy:94)
com.kms.katalon.core.webui.keyword.builtin.WaitForPageLoadKeyword$_waitForPageLoad_closure1.doCall(WaitForPageLoadKeyword.groovy)
java.base/jdk.internal.reflect.DirectMethodHandleAccessor.invoke(DirectMethodHandleAccessor.java:103)
com.kms.katalon.core.webui.keyword.internal.WebUIKeywordMain.runKeyword(WebUIKeywordMain.groovy:41)
com.kms.katalon.core.webui.keyword.internal.WebUIKeywordMain$runKeyword$0.call(Unknown Source)
com.kms.katalon.core.webui.keyword.builtin.WaitForPageLoadKeyword.waitForPageLoad(WaitForPageLoadKeyword.groovy:95)
com.kms.katalon.core.webui.keyword.builtin.WaitForPageLoadKeyword.execute(WaitForPageLoadKeyword.groovy:68)
com.kms.katalon.core.keyword.internal.KeywordExecutor.executeKeywordForPlatform(KeywordExecutor.groovy:99)
com.kms.katalon.core.webui.keyword.WebUiBuiltInKeywords.waitForPageLoad(WebUiBuiltInKeywords.groovy:2559)
TC_Add_Comment.run(TC_Add_Comment:21)
</property>
</record>
<record>
  <date>2026-05-26T21:37:46.999249900Z</date>
  <millis>1779831466999</millis>
  <nanos>249900</nanos>
  <sequence>1321</sequence>
  <level>END</level>
  <class>com.kms.katalon.core.logging.XmlKeywordLogger</class>
  <method>endKeyword</method>
  <thread>1</thread>
  <message>End action : waitForPageLoad(20)</message>
  <nestedLevel>1</nestedLevel>
  <escapedJava>false</escapedJava>
</record>
<record>
  <date>2026-05-26T21:37:47.001272300Z</date>
  <millis>1779831467001</millis>
  <nanos>272300</nanos>
  <sequence>1322</sequence>
  <level>START</level>
  <class>com.kms.katalon.core.logging.XmlKeywordLogger</class>
  <method>startKeyword</method>
  <thread>1</thread>
  <message>Start action : waitForElementPresent(findTestObject(&amp;quot;Page_Work Order  Index- Workforce Manager/input_Search&amp;quot;), 20)</message>
  <nestedLevel>1</nestedLevel>
  <escapedJava>false</escapedJava>
  <property name="startLine">23</property>
  <property name="stepIndex">2</property>
</record>
<record>
  <date>2026-05-26T21:38:07.205258Z</date>
  <millis>1779831487205</millis>
  <nanos>258000</nanos>
  <sequence>1328</sequence>
  <level>WARNING</level>
  <class>com.kms.katalon.core.logging.XmlKeywordLogger</class>
  <method>logMessage</method>
  <thread>1</thread>
  <message>Object &amp;apos;Object Repository/Page_Work Order  Index- Workforce Manager/input_Search&amp;apos; is not present after 20 second(s)</message>
  <nestedLevel>1</nestedLevel>
  <escapedJava>false</escapedJava>
  <property name="failed.exception.stacktrace">com.kms.katalon.core.webui.exception.WebElementNotFoundException: Web element with id: &apos;Object Repository/Page_Work Order  Index- Workforce Manager/input_Search&apos; located by &apos;By.xpath: //*[@id = &apos;created-by-me&apos;]//*[@id = &apos;search-table&apos;]&apos; not found
	at com.kms.katalon.core.webui.model.WebUiElementFinder.findElementByNormalMethods(WebUiElementFinder.java:201)
	at com.kms.katalon.core.webui.model.WebUiElementFinder.findElementsBySelectedMethod(WebUiElementFinder.java:99)
	at com.kms.katalon.core.webui.model.WebUiElementFinder.findElementsBySelectedMethod(WebUiElementFinder.java:82)
	at com.kms.katalon.core.webui.model.WebUiElementFinder.findElementsBySelectedMethod(WebUiElementFinder.java:77)
	at com.kms.katalon.core.webui.model.WebUiElementFinder.findElement(WebUiElementFinder.java:51)
	at com.kms.katalon.core.webui.model.WebUiElementFinderWithTimeout.basicFindElement(WebUiElementFinderWithTimeout.java:51)
	at com.kms.katalon.core.webui.model.WebUiElementFinderWithTimeout.lambda$0(WebUiElementFinderWithTimeout.java:29)
	at com.kms.katalon.core.webui.model.SeleniumActionRetryController.performAction(SeleniumActionRetryController.java:96)
	at com.kms.katalon.core.webui.model.SeleniumActionRetryController.performAction(SeleniumActionRetryController.java:83)
	at com.kms.katalon.core.webui.model.WebUiElementFinderWithTimeout.findElement(WebUiElementFinderWithTimeout.java:28)
	at com.kms.katalon.core.webui.keyword.internal.WebUIAbstractKeyword.lambda$1(WebUIAbstractKeyword.java:119)
	at com.kms.katalon.core.webui.model.SeleniumActionRetryController.performAction(SeleniumActionRetryController.java:96)
	at com.kms.katalon.core.webui.model.SeleniumActionRetryController.performAction(SeleniumActionRetryController.java:83)
	at com.kms.katalon.core.webui.model.SeleniumActionRetryController.retry(SeleniumActionRetryController.java:49)
	at com.kms.katalon.core.webui.model.SeleniumActionRetryController.retry(SeleniumActionRetryController.java:44)
	at com.kms.katalon.core.webui.keyword.internal.WebUIAbstractKeyword.findWebElement(WebUIAbstractKeyword.java:116)
	at com.kms.katalon.core.webui.keyword.builtin.WaitForElementPresentKeyword$_waitForElementPresent_closure1.doCall(WaitForElementPresentKeyword.groovy:54)
	at java.base/jdk.internal.reflect.DirectMethodHandleAccessor.invoke(DirectMethodHandleAccessor.java:103)
	at jdk.proxy2/jdk.proxy2.$Proxy56.execute(Unknown Source)
	at com.kms.katalon.core.webui.model.SeleniumActionRetryController.performAction(SeleniumActionRetryController.java:96)
	at com.kms.katalon.core.webui.model.SeleniumActionRetryController.performAction(SeleniumActionRetryController.java:83)
	at com.kms.katalon.core.webui.keyword.internal.WebUIKeywordMain$_runKeywordUntilTimeout_closure2.doCall(WebUIKeywordMain.groovy:155)
	at com.kms.katalon.core.webui.keyword.internal.WebUIKeywordMain$_runKeywordUntilTimeout_closure2.call(WebUIKeywordMain.groovy)
	at com.kms.katalon.core.webui.keyword.internal.WebUIKeywordMain.runKeyword(WebUIKeywordMain.groovy:41)
	at com.kms.katalon.core.webui.keyword.internal.WebUIKeywordMain.runKeywordUntilTimeout(WebUIKeywordMain.groovy:152)
	at com.kms.katalon.core.webui.keyword.builtin.WaitForElementPresentKeyword.waitForElementPresent(WaitForElementPresentKeyword.groovy:68)
	at com.kms.katalon.core.webui.keyword.builtin.WaitForElementPresentKeyword.execute(WaitForElementPresentKeyword.groovy:38)
	at com.kms.katalon.core.keyword.internal.KeywordExecutor.executeKeywordForPlatform(KeywordExecutor.groovy:99)
	at com.kms.katalon.core.webui.keyword.WebUiBuiltInKeywords.waitForElementPresent(WebUiBuiltInKeywords.groovy:424)
	at TC_Add_Comment.run(TC_Add_Comment:23)
	at com.kms.katalon.core.main.ScriptEngine.run(ScriptEngine.java:203)
	at com.kms.katalon.core.main.ScriptEngine.runScriptAsRawText(ScriptEngine.java:115)
	at com.kms.katalon.core.main.TestCaseExecutor.runScript(TestCaseExecutor.java:504)
	at com.kms.katalon.core.main.TestCaseExecutor.doExecute(TestCaseExecutor.java:495)
	at com.kms.katalon.core.main.TestCaseExecutor.processExecutionPhase(TestCaseExecutor.java:474)
	at com.kms.katalon.core.main.TestCaseExecutor.accessMainPhase(TestCaseExecutor.java:466)
	at com.kms.katalon.core.main.TestCaseExecutor.execute(TestCaseExecutor.java:336)
	at com.kms.katalon.core.common.CommonExecutor.accessTestCaseMainPhase(CommonExecutor.java:71)
	at com.kms.katalon.core.main.TestSuiteExecutor.accessTestSuiteMainPhase(TestSuiteExecutor.java:153)
	at com.kms.katalon.core.main.TestSuiteExecutor.execute(TestSuiteExecutor.java:110)
	at com.kms.katalon.core.main.TestCaseMain.startTestSuite(TestCaseMain.java:206)
	at S0526_53.run(S0526_53.groovy:40)
	at java.base/jdk.internal.reflect.DirectMethodHandleAccessor.invoke(DirectMethodHandleAccessor.java:103)
</property>
  <property name="failed.exception.class">com.kms.katalon.core.webui.exception.WebElementNotFoundException</property>
  <property name="failed.exception.message">Web element with id: &apos;Object Repository/Page_Work Order  Index- Workforce Manager/input_Search&apos; located by &apos;By.xpath: //*[@id = &apos;created-by-me&apos;]//*[@id = &apos;search-table&apos;]&apos; not found</property>
</record>
<record>
  <date>2026-05-26T21:38:07.215990600Z</date>
  <millis>1779831487215</millis>
  <nanos>990600</nanos>
  <sequence>1329</sequence>
  <level>END</level>
  <class>com.kms.katalon.core.logging.XmlKeywordLogger</class>
  <method>endKeyword</method>
  <thread>1</thread>
  <message>End action : waitForElementPresent(findTestObject(&amp;quot;Page_Work Order  Index- Workforce Manager/input_Search&amp;quot;), 20)</message>
  <nestedLevel>1</nestedLevel>
  <escapedJava>false</escapedJava>
</record>
<record>
  <date>2026-05-26T21:38:07.215990600Z</date>
  <millis>1779831487215</millis>
  <nanos>990600</nanos>
  <sequence>1330</sequence>
  <level>START</level>
  <class>com.kms.katalon.core.logging.XmlKeywordLogger</class>
  <method>startKeyword</method>
  <thread>1</thread>
  <message>Start action : waitForPageLoad(20)</message>
  <nestedLevel>1</nestedLevel>
  <escapedJava>false</escapedJava>
  <property name="startLine">26</property>
  <property name="stepIndex">3</property>
</record>
<record>
  <date>2026-05-26T21:38:07.255681900Z</date>
  <millis>1779831487255</millis>
  <nanos>681900</nanos>
  <sequence>1334</sequence>
  <level>PASSED</level>
  <class>com.kms.katalon.core.logging.XmlKeywordLogger</class>
  <method>logMessage</method>
  <thread>1</thread>
  <message>Wait for page load successfully</message>
  <nestedLevel>1</nestedLevel>
  <escapedJava>false</escapedJava>
  <property name="testops-method-name">com.kms.katalon.core.webui.keyword.internal.WebUIKeywordMain$runKeyword$0.call</property>
  <property name="testops-execution-stacktrace">com.kms.katalon.core.logging.KeywordLogger.logPassed(KeywordLogger.java:350)
com.kms.katalon.core.logging.KeywordLogger.logPassed(KeywordLogger.java:345)
com.kms.katalon.core.logging.KeywordLogger$logPassed$0.call(Unknown Source)
com.kms.katalon.core.webui.keyword.builtin.WaitForPageLoadKeyword$_waitForPageLoad_closure1.doCall(WaitForPageLoadKeyword.groovy:94)
com.kms.katalon.core.webui.keyword.builtin.WaitForPageLoadKeyword$_waitForPageLoad_closure1.doCall(WaitForPageLoadKeyword.groovy)
java.base/jdk.internal.reflect.DirectMethodHandleAccessor.invoke(DirectMethodHandleAccessor.java:103)
com.kms.katalon.core.webui.keyword.internal.WebUIKeywordMain.runKeyword(WebUIKeywordMain.groovy:41)
com.kms.katalon.core.webui.keyword.internal.WebUIKeywordMain$runKeyword$0.call(Unknown Source)
com.kms.katalon.core.webui.keyword.builtin.WaitForPageLoadKeyword.waitForPageLoad(WaitForPageLoadKeyword.groovy:95)
com.kms.katalon.core.webui.keyword.builtin.WaitForPageLoadKeyword.execute(WaitForPageLoadKeyword.groovy:68)
com.kms.katalon.core.keyword.internal.KeywordExecutor.executeKeywordForPlatform(KeywordExecutor.groovy:99)
com.kms.katalon.core.webui.keyword.WebUiBuiltInKeywords.waitForPageLoad(WebUiBuiltInKeywords.groovy:2559)
TC_Add_Comment.run(TC_Add_Comment:26)
</property>
</record>
<record>
  <date>2026-05-26T21:38:07.259731Z</date>
  <millis>1779831487259</millis>
  <nanos>731000</nanos>
  <sequence>1335</sequence>
  <level>END</level>
  <class>com.kms.katalon.core.logging.XmlKeywordLogger</class>
  <method>endKeyword</method>
  <thread>1</thread>
  <message>End action : waitForPageLoad(20)</message>
  <nestedLevel>1</nestedLevel>
  <escapedJava>false</escapedJava>
</record>
<record>
  <date>2026-05-26T21:38:07.259731Z</date>
  <millis>1779831487259</millis>
  <nanos>731000</nanos>
  <sequence>1336</sequence>
  <level>START</level>
  <class>com.kms.katalon.core.logging.XmlKeywordLogger</class>
  <method>startKeyword</method>
  <thread>1</thread>
  <message>Start action : waitForElementPresent(findTestObject(&amp;quot;Page_Work Order  Index- Workforce Manager/input_Search&amp;quot;), 20)</message>
  <nestedLevel>1</nestedLevel>
  <escapedJava>false</escapedJava>
  <property name="startLine">28</property>
  <property name="stepIndex">4</property>
</record>
<record>
  <date>2026-05-26T21:38:27.394778900Z</date>
  <millis>1779831507394</millis>
  <nanos>778900</nanos>
  <sequence>1342</sequence>
  <level>WARNING</level>
  <class>com.kms.katalon.core.logging.XmlKeywordLogger</class>
  <method>logMessage</method>
  <thread>1</thread>
  <message>Object &amp;apos;Object Repository/Page_Work Order  Index- Workforce Manager/input_Search&amp;apos; is not present after 20 second(s)</message>
  <nestedLevel>1</nestedLevel>
  <escapedJava>false</escapedJava>
  <property name="failed.exception.stacktrace">com.kms.katalon.core.webui.exception.WebElementNotFoundException: Web element with id: &apos;Object Repository/Page_Work Order  Index- Workforce Manager/input_Search&apos; located by &apos;By.xpath: //*[@id = &apos;created-by-me&apos;]//*[@id = &apos;search-table&apos;]&apos; not found
	at com.kms.katalon.core.webui.model.WebUiElementFinder.findElementByNormalMethods(WebUiElementFinder.java:201)
	at com.kms.katalon.core.webui.model.WebUiElementFinder.findElementsBySelectedMethod(WebUiElementFinder.java:99)
	at com.kms.katalon.core.webui.model.WebUiElementFinder.findElementsBySelectedMethod(WebUiElementFinder.java:82)
	at com.kms.katalon.core.webui.model.WebUiElementFinder.findElementsBySelectedMethod(WebUiElementFinder.java:77)
	at com.kms.katalon.core.webui.model.WebUiElementFinder.findElement(WebUiElementFinder.java:51)
	at com.kms.katalon.core.webui.model.WebUiElementFinderWithTimeout.basicFindElement(WebUiElementFinderWithTimeout.java:51)
	at com.kms.katalon.core.webui.model.WebUiElementFinderWithTimeout.lambda$0(WebUiElementFinderWithTimeout.java:29)
	at com.kms.katalon.core.webui.model.SeleniumActionRetryController.performAction(SeleniumActionRetryController.java:96)
	at com.kms.katalon.core.webui.model.SeleniumActionRetryController.performAction(SeleniumActionRetryController.java:83)
	at com.kms.katalon.core.webui.model.WebUiElementFinderWithTimeout.findElement(WebUiElementFinderWithTimeout.java:28)
	at com.kms.katalon.core.webui.keyword.internal.WebUIAbstractKeyword.lambda$1(WebUIAbstractKeyword.java:119)
	at com.kms.katalon.core.webui.model.SeleniumActionRetryController.performAction(SeleniumActionRetryController.java:96)
	at com.kms.katalon.core.webui.model.SeleniumActionRetryController.performAction(SeleniumActionRetryController.java:83)
	at com.kms.katalon.core.webui.model.SeleniumActionRetryController.retry(SeleniumActionRetryController.java:49)
	at com.kms.katalon.core.webui.model.SeleniumActionRetryController.retry(SeleniumActionRetryController.java:44)
	at com.kms.katalon.core.webui.keyword.internal.WebUIAbstractKeyword.findWebElement(WebUIAbstractKeyword.java:116)
	at com.kms.katalon.core.webui.keyword.builtin.WaitForElementPresentKeyword$_waitForElementPresent_closure1.doCall(WaitForElementPresentKeyword.groovy:54)
	at java.base/jdk.internal.reflect.DirectMethodHandleAccessor.invoke(DirectMethodHandleAccessor.java:103)
	at jdk.proxy2/jdk.proxy2.$Proxy56.execute(Unknown Source)
	at com.kms.katalon.core.webui.model.SeleniumActionRetryController.performAction(SeleniumActionRetryController.java:96)
	at com.kms.katalon.core.webui.model.SeleniumActionRetryController.performAction(SeleniumActionRetryController.java:83)
	at com.kms.katalon.core.webui.keyword.internal.WebUIKeywordMain$_runKeywordUntilTimeout_closure2.doCall(WebUIKeywordMain.groovy:155)
	at com.kms.katalon.core.webui.keyword.internal.WebUIKeywordMain$_runKeywordUntilTimeout_closure2.call(WebUIKeywordMain.groovy)
	at com.kms.katalon.core.webui.keyword.internal.WebUIKeywordMain.runKeyword(WebUIKeywordMain.groovy:41)
	at com.kms.katalon.core.webui.keyword.internal.WebUIKeywordMain.runKeywordUntilTimeout(WebUIKeywordMain.groovy:152)
	at com.kms.katalon.core.webui.keyword.builtin.WaitForElementPresentKeyword.waitForElementPresent(WaitForElementPresentKeyword.groovy:68)
	at com.kms.katalon.core.webui.keyword.builtin.WaitForElementPresentKeyword.execute(WaitForElementPresentKeyword.groovy:38)
	at com.kms.katalon.core.keyword.internal.KeywordExecutor.executeKeywordForPlatform(KeywordExecutor.groovy:99)
	at com.kms.katalon.core.webui.keyword.WebUiBuiltInKeywords.waitForElementPresent(WebUiBuiltInKeywords.groovy:424)
	at TC_Add_Comment.run(TC_Add_Comment:28)
	at com.kms.katalon.core.main.ScriptEngine.run(ScriptEngine.java:203)
	at com.kms.katalon.core.main.ScriptEngine.runScriptAsRawText(ScriptEngine.java:115)
	at com.kms.katalon.core.main.TestCaseExecutor.runScript(TestCaseExecutor.java:504)
	at com.kms.katalon.core.main.TestCaseExecutor.doExecute(TestCaseExecutor.java:495)
	at com.kms.katalon.core.main.TestCaseExecutor.processExecutionPhase(TestCaseExecutor.java:474)
	at com.kms.katalon.core.main.TestCaseExecutor.accessMainPhase(TestCaseExecutor.java:466)
	at com.kms.katalon.core.main.TestCaseExecutor.execute(TestCaseExecutor.java:336)
	at com.kms.katalon.core.common.CommonExecutor.accessTestCaseMainPhase(CommonExecutor.java:71)
	at com.kms.katalon.core.main.TestSuiteExecutor.accessTestSuiteMainPhase(TestSuiteExecutor.java:153)
	at com.kms.katalon.core.main.TestSuiteExecutor.execute(TestSuiteExecutor.java:110)
	at com.kms.katalon.core.main.TestCaseMain.startTestSuite(TestCaseMain.java:206)
	at S0526_53.run(S0526_53.groovy:40)
	at java.base/jdk.internal.reflect.DirectMethodHandleAccessor.invoke(DirectMethodHandleAccessor.java:103)
</property>
  <property name="failed.exception.class">com.kms.katalon.core.webui.exception.WebElementNotFoundException</property>
  <property name="failed.exception.message">Web element with id: &apos;Object Repository/Page_Work Order  Index- Workforce Manager/input_Search&apos; located by &apos;By.xpath: //*[@id = &apos;created-by-me&apos;]//*[@id = &apos;search-table&apos;]&apos; not found</property>
</record>
<record>
  <date>2026-05-26T21:38:27.394778900Z</date>
  <millis>1779831507394</millis>
  <nanos>778900</nanos>
  <sequence>1343</sequence>
  <level>END</level>
  <class>com.kms.katalon.core.logging.XmlKeywordLogger</class>
  <method>endKeyword</method>
  <thread>1</thread>
  <message>End action : waitForElementPresent(findTestObject(&amp;quot;Page_Work Order  Index- Workforce Manager/input_Search&amp;quot;), 20)</message>
  <nestedLevel>1</nestedLevel>
  <escapedJava>false</escapedJava>
</record>
<record>
  <date>2026-05-26T21:38:27.394778900Z</date>
  <millis>1779831507394</millis>
  <nanos>778900</nanos>
  <sequence>1344</sequence>
  <level>START</level>
  <class>com.kms.katalon.core.logging.XmlKeywordLogger</class>
  <method>startKeyword</method>
  <thread>1</thread>
  <message>Start action : click(findTestObject(&amp;quot;Page_Work Order  View- Workforce Manager/div_Hi there, For line manager escalation or app&amp;quot;))</message>
  <nestedLevel>1</nestedLevel>
  <escapedJava>false</escapedJava>
  <property name="startLine">30</property>
  <property name="stepIndex">5</property>
</record>
<record>
  <date>2026-05-26T21:38:28.012003600Z</date>
  <millis>1779831508012</millis>
  <nanos>3600</nanos>
  <sequence>1355</sequence>
  <level>PASSED</level>
  <class>com.kms.katalon.core.logging.XmlKeywordLogger</class>
  <method>logMessage</method>
  <thread>1</thread>
  <message>Object: &amp;apos;Object Repository/Page_Work Order  View- Workforce Manager/div_Hi there, For line manager escalation or app&amp;apos; is clicked on</message>
  <nestedLevel>1</nestedLevel>
  <escapedJava>false</escapedJava>
  <property name="testops-method-name">com.kms.katalon.core.webui.keyword.internal.WebUIKeywordMain.runKeywordUntilTimeout</property>
  <property name="testops-execution-stacktrace">com.kms.katalon.core.logging.KeywordLogger.logPassed(KeywordLogger.java:350)
com.kms.katalon.core.logging.KeywordLogger.logPassed(KeywordLogger.java:345)
com.kms.katalon.core.webui.keyword.builtin.ClickKeyword$_click_closure1.doCall(ClickKeyword.groovy:66)
java.base/jdk.internal.reflect.DirectMethodHandleAccessor.invoke(DirectMethodHandleAccessor.java:103)
jdk.proxy2/jdk.proxy2.$Proxy56.execute(Unknown Source)
com.kms.katalon.core.webui.model.SeleniumActionRetryController.performAction(SeleniumActionRetryController.java:96)
com.kms.katalon.core.webui.model.SeleniumActionRetryController.performAction(SeleniumActionRetryController.java:83)
com.kms.katalon.core.webui.keyword.internal.WebUIKeywordMain$_runKeywordUntilTimeout_closure1.doCall(WebUIKeywordMain.groovy:135)
com.kms.katalon.core.webui.keyword.internal.WebUIKeywordMain$_runKeywordUntilTimeout_closure1.call(WebUIKeywordMain.groovy)
com.kms.katalon.core.webui.keyword.internal.WebUIKeywordMain.runKeyword(WebUIKeywordMain.groovy:41)
com.kms.katalon.core.webui.keyword.internal.WebUIKeywordMain.runKeywordUntilTimeout(WebUIKeywordMain.groovy:133)
com.kms.katalon.core.webui.keyword.builtin.ClickKeyword.click(ClickKeyword.groovy:72)
com.kms.katalon.core.webui.keyword.builtin.ClickKeyword.execute(ClickKeyword.groovy:38)
com.kms.katalon.core.keyword.internal.KeywordExecutor.executeKeywordForPlatform(KeywordExecutor.groovy:99)
com.kms.katalon.core.webui.keyword.WebUiBuiltInKeywords.click(WebUiBuiltInKeywords.groovy:722)
TC_Add_Comment.run(TC_Add_Comment:30)
</property>
</record>
<record>
  <date>2026-05-26T21:38:28.015843600Z</date>
  <millis>1779831508015</millis>
  <nanos>843600</nanos>
  <sequence>1356</sequence>
  <level>END</level>
  <class>com.kms.katalon.core.logging.XmlKeywordLogger</class>
  <method>endKeyword</method>
  <thread>1</thread>
  <message>End action : click(findTestObject(&amp;quot;Page_Work Order  View- Workforce Manager/div_Hi there, For line manager escalation or app&amp;quot;))</message>
  <nestedLevel>1</nestedLevel>
  <escapedJava>false</escapedJava>
</record>
<record>
  <date>2026-05-26T21:38:28.015843600Z</date>
  <millis>1779831508015</millis>
  <nanos>843600</nanos>
  <sequence>1357</sequence>
  <level>START</level>
  <class>com.kms.katalon.core.logging.XmlKeywordLogger</class>
  <method>startKeyword</method>
  <thread>1</thread>
  <message>Start action : click(findTestObject(&amp;quot;Page_Work Order  View- Workforce Manager/button_assign-modal-close-btn_1&amp;quot;))</message>
  <nestedLevel>1</nestedLevel>
  <escapedJava>false</escapedJava>
  <property name="startLine">32</property>
  <property name="stepIndex">6</property>
</record>
<record>
  <date>2026-05-26T21:38:28.787905200Z</date>
  <millis>1779831508787</millis>
  <nanos>905200</nanos>
  <sequence>1368</sequence>
  <level>PASSED</level>
  <class>com.kms.katalon.core.logging.XmlKeywordLogger</class>
  <method>logMessage</method>
  <thread>1</thread>
  <message>Object: &amp;apos;Object Repository/Page_Work Order  View- Workforce Manager/button_assign-modal-close-btn_1&amp;apos; is clicked on</message>
  <nestedLevel>1</nestedLevel>
  <escapedJava>false</escapedJava>
  <property name="testops-method-name">com.kms.katalon.core.webui.keyword.internal.WebUIKeywordMain.runKeywordUntilTimeout</property>
  <property name="testops-execution-stacktrace">com.kms.katalon.core.logging.KeywordLogger.logPassed(KeywordLogger.java:350)
com.kms.katalon.core.logging.KeywordLogger.logPassed(KeywordLogger.java:345)
com.kms.katalon.core.webui.keyword.builtin.ClickKeyword$_click_closure1.doCall(ClickKeyword.groovy:66)
java.base/jdk.internal.reflect.DirectMethodHandleAccessor.invoke(DirectMethodHandleAccessor.java:103)
jdk.proxy2/jdk.proxy2.$Proxy56.execute(Unknown Source)
com.kms.katalon.core.webui.model.SeleniumActionRetryController.performAction(SeleniumActionRetryController.java:96)
com.kms.katalon.core.webui.model.SeleniumActionRetryController.performAction(SeleniumActionRetryController.java:83)
com.kms.katalon.core.webui.keyword.internal.WebUIKeywordMain$_runKeywordUntilTimeout_closure1.doCall(WebUIKeywordMain.groovy:135)
com.kms.katalon.core.webui.keyword.internal.WebUIKeywordMain$_runKeywordUntilTimeout_closure1.call(WebUIKeywordMain.groovy)
com.kms.katalon.core.webui.keyword.internal.WebUIKeywordMain.runKeyword(WebUIKeywordMain.groovy:41)
com.kms.katalon.core.webui.keyword.internal.WebUIKeywordMain.runKeywordUntilTimeout(WebUIKeywordMain.groovy:133)
com.kms.katalon.core.webui.keyword.builtin.ClickKeyword.click(ClickKeyword.groovy:72)
com.kms.katalon.core.webui.keyword.builtin.ClickKeyword.execute(ClickKeyword.groovy:38)
com.kms.katalon.core.keyword.internal.KeywordExecutor.executeKeywordForPlatform(KeywordExecutor.groovy:99)
com.kms.katalon.core.webui.keyword.WebUiBuiltInKeywords.click(WebUiBuiltInKeywords.groovy:722)
TC_Add_Comment.run(TC_Add_Comment:32)
</property>
</record>
<record>
  <date>2026-05-26T21:38:28.787905200Z</date>
  <millis>1779831508787</millis>
  <nanos>905200</nanos>
  <sequence>1369</sequence>
  <level>END</level>
  <class>com.kms.katalon.core.logging.XmlKeywordLogger</class>
  <method>endKeyword</method>
  <thread>1</thread>
  <message>End action : click(findTestObject(&amp;quot;Page_Work Order  View- Workforce Manager/button_assign-modal-close-btn_1&amp;quot;))</message>
  <nestedLevel>1</nestedLevel>
  <escapedJava>false</escapedJava>
</record>
<record>
  <date>2026-05-26T21:38:28.787905200Z</date>
  <millis>1779831508787</millis>
  <nanos>905200</nanos>
  <sequence>1370</sequence>
  <level>START</level>
  <class>com.kms.katalon.core.logging.XmlKeywordLogger</class>
  <method>startKeyword</method>
  <thread>1</thread>
  <message>Start action : click(findTestObject(&amp;quot;Page_Work Order  View- Workforce Manager/a_Add Comment&amp;quot;))</message>
  <nestedLevel>1</nestedLevel>
  <escapedJava>false</escapedJava>
  <property name="startLine">34</property>
  <property name="stepIndex">7</property>
</record>
<record>
  <date>2026-05-26T21:38:29.923298300Z</date>
  <millis>1779831509923</millis>
  <nanos>298300</nanos>
  <sequence>1381</sequence>
  <level>PASSED</level>
  <class>com.kms.katalon.core.logging.XmlKeywordLogger</class>
  <method>logMessage</method>
  <thread>1</thread>
  <message>Object: &amp;apos;Object Repository/Page_Work Order  View- Workforce Manager/a_Add Comment&amp;apos; is clicked on</message>
  <nestedLevel>1</nestedLevel>
  <escapedJava>false</escapedJava>
  <property name="testops-method-name">com.kms.katalon.core.webui.keyword.internal.WebUIKeywordMain.runKeywordUntilTimeout</property>
  <property name="testops-execution-stacktrace">com.kms.katalon.core.logging.KeywordLogger.logPassed(KeywordLogger.java:350)
com.kms.katalon.core.logging.KeywordLogger.logPassed(KeywordLogger.java:345)
com.kms.katalon.core.webui.keyword.builtin.ClickKeyword$_click_closure1.doCall(ClickKeyword.groovy:66)
java.base/jdk.internal.reflect.DirectMethodHandleAccessor.invoke(DirectMethodHandleAccessor.java:103)
jdk.proxy2/jdk.proxy2.$Proxy56.execute(Unknown Source)
com.kms.katalon.core.webui.model.SeleniumActionRetryController.performAction(SeleniumActionRetryController.java:96)
com.kms.katalon.core.webui.model.SeleniumActionRetryController.performAction(SeleniumActionRetryController.java:83)
com.kms.katalon.core.webui.keyword.internal.WebUIKeywordMain$_runKeywordUntilTimeout_closure1.doCall(WebUIKeywordMain.groovy:135)
com.kms.katalon.core.webui.keyword.internal.WebUIKeywordMain$_runKeywordUntilTimeout_closure1.call(WebUIKeywordMain.groovy)
com.kms.katalon.core.webui.keyword.internal.WebUIKeywordMain.runKeyword(WebUIKeywordMain.groovy:41)
com.kms.katalon.core.webui.keyword.internal.WebUIKeywordMain.runKeywordUntilTimeout(WebUIKeywordMain.groovy:133)
com.kms.katalon.core.webui.keyword.builtin.ClickKeyword.click(ClickKeyword.groovy:72)
com.kms.katalon.core.webui.keyword.builtin.ClickKeyword.execute(ClickKeyword.groovy:38)
com.kms.katalon.core.keyword.internal.KeywordExecutor.executeKeywordForPlatform(KeywordExecutor.groovy:99)
com.kms.katalon.core.webui.keyword.WebUiBuiltInKeywords.click(WebUiBuiltInKeywords.groovy:722)
TC_Add_Comment.run(TC_Add_Comment:34)
</property>
</record>
<record>
  <date>2026-05-26T21:38:29.923298300Z</date>
  <millis>1779831509923</millis>
  <nanos>298300</nanos>
  <sequence>1382</sequence>
  <level>END</level>
  <class>com.kms.katalon.core.logging.XmlKeywordLogger</class>
  <method>endKeyword</method>
  <thread>1</thread>
  <message>End action : click(findTestObject(&amp;quot;Page_Work Order  View- Workforce Manager/a_Add Comment&amp;quot;))</message>
  <nestedLevel>1</nestedLevel>
  <escapedJava>false</escapedJava>
</record>
<record>
  <date>2026-05-26T21:38:29.933545700Z</date>
  <millis>1779831509933</millis>
  <nanos>545700</nanos>
  <sequence>1383</sequence>
  <level>START</level>
  <class>com.kms.katalon.core.logging.XmlKeywordLogger</class>
  <method>startKeyword</method>
  <thread>1</thread>
  <message>Start action : setText(findTestObject(&amp;quot;Page_Work Order  View- Workforce Manager/textarea_To mention a user or role, type  in fr&amp;quot;), &amp;quot;@chubby&amp;quot;)</message>
  <nestedLevel>1</nestedLevel>
  <escapedJava>false</escapedJava>
  <property name="startLine">36</property>
  <property name="stepIndex">8</property>
</record>
<record>
  <date>2026-05-26T21:38:31.510160300Z</date>
  <millis>1779831511510</millis>
  <nanos>160300</nanos>
  <sequence>1397</sequence>
  <level>PASSED</level>
  <class>com.kms.katalon.core.logging.XmlKeywordLogger</class>
  <method>logMessage</method>
  <thread>1</thread>
  <message>Text &amp;apos;@chubby&amp;apos; is set on object &amp;apos;Object Repository/Page_Work Order  View- Workforce Manager/textarea_To mention a user or role, type  in fr&amp;apos;</message>
  <nestedLevel>1</nestedLevel>
  <escapedJava>false</escapedJava>
  <property name="testops-method-name">com.kms.katalon.core.webui.keyword.internal.WebUIKeywordMain.runKeywordUntilTimeout</property>
  <property name="testops-execution-stacktrace">com.kms.katalon.core.logging.KeywordLogger.logPassed(KeywordLogger.java:350)
com.kms.katalon.core.logging.KeywordLogger.logPassed(KeywordLogger.java:345)
com.kms.katalon.core.webui.keyword.builtin.SetTextKeyword$_setText_closure1.doCall(SetTextKeyword.groovy:99)
java.base/jdk.internal.reflect.DirectMethodHandleAccessor.invoke(DirectMethodHandleAccessor.java:103)
jdk.proxy2/jdk.proxy2.$Proxy56.execute(Unknown Source)
com.kms.katalon.core.webui.model.SeleniumActionRetryController.performAction(SeleniumActionRetryController.java:96)
com.kms.katalon.core.webui.model.SeleniumActionRetryController.performAction(SeleniumActionRetryController.java:83)
com.kms.katalon.core.webui.keyword.internal.WebUIKeywordMain$_runKeywordUntilTimeout_closure1.doCall(WebUIKeywordMain.groovy:135)
com.kms.katalon.core.webui.keyword.internal.WebUIKeywordMain$_runKeywordUntilTimeout_closure1.call(WebUIKeywordMain.groovy)
com.kms.katalon.core.webui.keyword.internal.WebUIKeywordMain.runKeyword(WebUIKeywordMain.groovy:41)
com.kms.katalon.core.webui.keyword.internal.WebUIKeywordMain.runKeywordUntilTimeout(WebUIKeywordMain.groovy:133)
com.kms.katalon.core.webui.keyword.builtin.SetTextKeyword.setText(SetTextKeyword.groovy:106)
com.kms.katalon.core.webui.keyword.builtin.SetTextKeyword.execute(SetTextKeyword.groovy:49)
com.kms.katalon.core.keyword.internal.KeywordExecutor.executeKeywordForPlatform(KeywordExecutor.groovy:99)
com.kms.katalon.core.webui.keyword.WebUiBuiltInKeywords.setText(WebUiBuiltInKeywords.groovy:1082)
TC_Add_Comment.run(TC_Add_Comment:36)
</property>
</record>
<record>
  <date>2026-05-26T21:38:31.517094600Z</date>
  <millis>1779831511517</millis>
  <nanos>94600</nanos>
  <sequence>1398</sequence>
  <level>END</level>
  <class>com.kms.katalon.core.logging.XmlKeywordLogger</class>
  <method>endKeyword</method>
  <thread>1</thread>
  <message>End action : setText(findTestObject(&amp;quot;Page_Work Order  View- Workforce Manager/textarea_To mention a user or role, type  in fr&amp;quot;), &amp;quot;@chubby&amp;quot;)</message>
  <nestedLevel>1</nestedLevel>
  <escapedJava>false</escapedJava>
</record>
<record>
  <date>2026-05-26T21:38:31.518267500Z</date>
  <millis>1779831511518</millis>
  <nanos>267500</nanos>
  <sequence>1399</sequence>
  <level>START</level>
  <class>com.kms.katalon.core.logging.XmlKeywordLogger</class>
  <method>startKeyword</method>
  <thread>1</thread>
  <message>Start action : click(findTestObject(&amp;quot;Page_Work Order  View- Workforce Manager/a_Chubby Chubbystandard user&amp;quot;))</message>
  <nestedLevel>1</nestedLevel>
  <escapedJava>false</escapedJava>
  <property name="startLine">39</property>
  <property name="stepIndex">9</property>
</record>
<record>
  <date>2026-05-26T21:38:33.625558300Z</date>
  <millis>1779831513625</millis>
  <nanos>558300</nanos>
  <sequence>1410</sequence>
  <level>PASSED</level>
  <class>com.kms.katalon.core.logging.XmlKeywordLogger</class>
  <method>logMessage</method>
  <thread>1</thread>
  <message>Object: &amp;apos;Object Repository/Page_Work Order  View- Workforce Manager/a_Chubby Chubbystandard user&amp;apos; is clicked on</message>
  <nestedLevel>1</nestedLevel>
  <escapedJava>false</escapedJava>
  <property name="testops-method-name">com.kms.katalon.core.webui.keyword.internal.WebUIKeywordMain.runKeywordUntilTimeout</property>
  <property name="testops-execution-stacktrace">com.kms.katalon.core.logging.KeywordLogger.logPassed(KeywordLogger.java:350)
com.kms.katalon.core.logging.KeywordLogger.logPassed(KeywordLogger.java:345)
com.kms.katalon.core.webui.keyword.builtin.ClickKeyword$_click_closure1.doCall(ClickKeyword.groovy:66)
java.base/jdk.internal.reflect.DirectMethodHandleAccessor.invoke(DirectMethodHandleAccessor.java:103)
jdk.proxy2/jdk.proxy2.$Proxy56.execute(Unknown Source)
com.kms.katalon.core.webui.model.SeleniumActionRetryController.performAction(SeleniumActionRetryController.java:96)
com.kms.katalon.core.webui.model.SeleniumActionRetryController.performAction(SeleniumActionRetryController.java:83)
com.kms.katalon.core.webui.keyword.internal.WebUIKeywordMain$_runKeywordUntilTimeout_closure1.doCall(WebUIKeywordMain.groovy:135)
com.kms.katalon.core.webui.keyword.internal.WebUIKeywordMain$_runKeywordUntilTimeout_closure1.call(WebUIKeywordMain.groovy)
com.kms.katalon.core.webui.keyword.internal.WebUIKeywordMain.runKeyword(WebUIKeywordMain.groovy:41)
com.kms.katalon.core.webui.keyword.internal.WebUIKeywordMain.runKeywordUntilTimeout(WebUIKeywordMain.groovy:133)
com.kms.katalon.core.webui.keyword.builtin.ClickKeyword.click(ClickKeyword.groovy:72)
com.kms.katalon.core.webui.keyword.builtin.ClickKeyword.execute(ClickKeyword.groovy:38)
com.kms.katalon.core.keyword.internal.KeywordExecutor.executeKeywordForPlatform(KeywordExecutor.groovy:99)
com.kms.katalon.core.webui.keyword.WebUiBuiltInKeywords.click(WebUiBuiltInKeywords.groovy:722)
TC_Add_Comment.run(TC_Add_Comment:39)
</property>
</record>
<record>
  <date>2026-05-26T21:38:33.628346300Z</date>
  <millis>1779831513628</millis>
  <nanos>346300</nanos>
  <sequence>1411</sequence>
  <level>END</level>
  <class>com.kms.katalon.core.logging.XmlKeywordLogger</class>
  <method>endKeyword</method>
  <thread>1</thread>
  <message>End action : click(findTestObject(&amp;quot;Page_Work Order  View- Workforce Manager/a_Chubby Chubbystandard user&amp;quot;))</message>
  <nestedLevel>1</nestedLevel>
  <escapedJava>false</escapedJava>
</record>
<record>
  <date>2026-05-26T21:38:33.635083400Z</date>
  <millis>1779831513635</millis>
  <nanos>83400</nanos>
  <sequence>1412</sequence>
  <level>START</level>
  <class>com.kms.katalon.core.logging.XmlKeywordLogger</class>
  <method>startKeyword</method>
  <thread>1</thread>
  <message>Start action : setText(findTestObject(&amp;quot;Page_Work Order  View- Workforce Manager/textarea_To mention a user or role, type  in fr&amp;quot;), &amp;quot;[~Chubby Chubby] &amp;quot;)</message>
  <nestedLevel>1</nestedLevel>
  <escapedJava>false</escapedJava>
  <property name="startLine">41</property>
  <property name="stepIndex">10</property>
</record>
<record>
  <date>2026-05-26T21:38:34.919490400Z</date>
  <millis>1779831514919</millis>
  <nanos>490400</nanos>
  <sequence>1426</sequence>
  <level>PASSED</level>
  <class>com.kms.katalon.core.logging.XmlKeywordLogger</class>
  <method>logMessage</method>
  <thread>1</thread>
  <message>Text &amp;apos;[~Chubby Chubby] &amp;apos; is set on object &amp;apos;Object Repository/Page_Work Order  View- Workforce Manager/textarea_To mention a user or role, type  in fr&amp;apos;</message>
  <nestedLevel>1</nestedLevel>
  <escapedJava>false</escapedJava>
  <property name="testops-method-name">com.kms.katalon.core.webui.keyword.internal.WebUIKeywordMain.runKeywordUntilTimeout</property>
  <property name="testops-execution-stacktrace">com.kms.katalon.core.logging.KeywordLogger.logPassed(KeywordLogger.java:350)
com.kms.katalon.core.logging.KeywordLogger.logPassed(KeywordLogger.java:345)
com.kms.katalon.core.webui.keyword.builtin.SetTextKeyword$_setText_closure1.doCall(SetTextKeyword.groovy:99)
java.base/jdk.internal.reflect.DirectMethodHandleAccessor.invoke(DirectMethodHandleAccessor.java:103)
jdk.proxy2/jdk.proxy2.$Proxy56.execute(Unknown Source)
com.kms.katalon.core.webui.model.SeleniumActionRetryController.performAction(SeleniumActionRetryController.java:96)
com.kms.katalon.core.webui.model.SeleniumActionRetryController.performAction(SeleniumActionRetryController.java:83)
com.kms.katalon.core.webui.keyword.internal.WebUIKeywordMain$_runKeywordUntilTimeout_closure1.doCall(WebUIKeywordMain.groovy:135)
com.kms.katalon.core.webui.keyword.internal.WebUIKeywordMain$_runKeywordUntilTimeout_closure1.call(WebUIKeywordMain.groovy)
com.kms.katalon.core.webui.keyword.internal.WebUIKeywordMain.runKeyword(WebUIKeywordMain.groovy:41)
com.kms.katalon.core.webui.keyword.internal.WebUIKeywordMain.runKeywordUntilTimeout(WebUIKeywordMain.groovy:133)
com.kms.katalon.core.webui.keyword.builtin.SetTextKeyword.setText(SetTextKeyword.groovy:106)
com.kms.katalon.core.webui.keyword.builtin.SetTextKeyword.execute(SetTextKeyword.groovy:49)
com.kms.katalon.core.keyword.internal.KeywordExecutor.executeKeywordForPlatform(KeywordExecutor.groovy:99)
com.kms.katalon.core.webui.keyword.WebUiBuiltInKeywords.setText(WebUiBuiltInKeywords.groovy:1082)
TC_Add_Comment.run(TC_Add_Comment:41)
</property>
</record>
<record>
  <date>2026-05-26T21:38:34.922678700Z</date>
  <millis>1779831514922</millis>
  <nanos>678700</nanos>
  <sequence>1427</sequence>
  <level>END</level>
  <class>com.kms.katalon.core.logging.XmlKeywordLogger</class>
  <method>endKeyword</method>
  <thread>1</thread>
  <message>End action : setText(findTestObject(&amp;quot;Page_Work Order  View- Workforce Manager/textarea_To mention a user or role, type  in fr&amp;quot;), &amp;quot;[~Chubby Chubby] &amp;quot;)</message>
  <nestedLevel>1</nestedLevel>
  <escapedJava>false</escapedJava>
</record>
<record>
  <date>2026-05-26T21:38:34.922678700Z</date>
  <millis>1779831514922</millis>
  <nanos>678700</nanos>
  <sequence>1428</sequence>
  <level>START</level>
  <class>com.kms.katalon.core.logging.XmlKeywordLogger</class>
  <method>startKeyword</method>
  <thread>1</thread>
  <message>Start action : setText(findTestObject(&amp;quot;Page_Work Order  View- Workforce Manager/textarea_To mention a user or role, type  in fr&amp;quot;), &amp;quot;[~Chubby Chubby] Smoke test comment Automation &amp;quot;)</message>
  <nestedLevel>1</nestedLevel>
  <escapedJava>false</escapedJava>
  <property name="startLine">44</property>
  <property name="stepIndex">11</property>
</record>
<record>
  <date>2026-05-26T21:38:36.603034500Z</date>
  <millis>1779831516603</millis>
  <nanos>34500</nanos>
  <sequence>1442</sequence>
  <level>PASSED</level>
  <class>com.kms.katalon.core.logging.XmlKeywordLogger</class>
  <method>logMessage</method>
  <thread>1</thread>
  <message>Text &amp;apos;[~Chubby Chubby] Smoke test comment Automation &amp;apos; is set on object &amp;apos;Object Repository/Page_Work Order  View- Workforce Manager/textarea_To mention a user or role, type  in fr&amp;apos;</message>
  <nestedLevel>1</nestedLevel>
  <escapedJava>false</escapedJava>
  <property name="testops-method-name">com.kms.katalon.core.webui.keyword.internal.WebUIKeywordMain.runKeywordUntilTimeout</property>
  <property name="testops-execution-stacktrace">com.kms.katalon.core.logging.KeywordLogger.logPassed(KeywordLogger.java:350)
com.kms.katalon.core.logging.KeywordLogger.logPassed(KeywordLogger.java:345)
com.kms.katalon.core.webui.keyword.builtin.SetTextKeyword$_setText_closure1.doCall(SetTextKeyword.groovy:99)
java.base/jdk.internal.reflect.DirectMethodHandleAccessor.invoke(DirectMethodHandleAccessor.java:103)
jdk.proxy2/jdk.proxy2.$Proxy56.execute(Unknown Source)
com.kms.katalon.core.webui.model.SeleniumActionRetryController.performAction(SeleniumActionRetryController.java:96)
com.kms.katalon.core.webui.model.SeleniumActionRetryController.performAction(SeleniumActionRetryController.java:83)
com.kms.katalon.core.webui.keyword.internal.WebUIKeywordMain$_runKeywordUntilTimeout_closure1.doCall(WebUIKeywordMain.groovy:135)
com.kms.katalon.core.webui.keyword.internal.WebUIKeywordMain$_runKeywordUntilTimeout_closure1.call(WebUIKeywordMain.groovy)
com.kms.katalon.core.webui.keyword.internal.WebUIKeywordMain.runKeyword(WebUIKeywordMain.groovy:41)
com.kms.katalon.core.webui.keyword.internal.WebUIKeywordMain.runKeywordUntilTimeout(WebUIKeywordMain.groovy:133)
com.kms.katalon.core.webui.keyword.builtin.SetTextKeyword.setText(SetTextKeyword.groovy:106)
com.kms.katalon.core.webui.keyword.builtin.SetTextKeyword.execute(SetTextKeyword.groovy:49)
com.kms.katalon.core.keyword.internal.KeywordExecutor.executeKeywordForPlatform(KeywordExecutor.groovy:99)
com.kms.katalon.core.webui.keyword.WebUiBuiltInKeywords.setText(WebUiBuiltInKeywords.groovy:1082)
TC_Add_Comment.run(TC_Add_Comment:44)
</property>
</record>
<record>
  <date>2026-05-26T21:38:36.613738900Z</date>
  <millis>1779831516613</millis>
  <nanos>738900</nanos>
  <sequence>1443</sequence>
  <level>END</level>
  <class>com.kms.katalon.core.logging.XmlKeywordLogger</class>
  <method>endKeyword</method>
  <thread>1</thread>
  <message>End action : setText(findTestObject(&amp;quot;Page_Work Order  View- Workforce Manager/textarea_To mention a user or role, type  in fr&amp;quot;), &amp;quot;[~Chubby Chubby] Smoke test comment Automation &amp;quot;)</message>
  <nestedLevel>1</nestedLevel>
  <escapedJava>false</escapedJava>
</record>
<record>
  <date>2026-05-26T21:38:36.619029200Z</date>
  <millis>1779831516619</millis>
  <nanos>29200</nanos>
  <sequence>1444</sequence>
  <level>START</level>
  <class>com.kms.katalon.core.logging.XmlKeywordLogger</class>
  <method>startKeyword</method>
  <thread>1</thread>
  <message>Start action : click(findTestObject(&amp;quot;Page_Work Order  View- Workforce Manager/a_save_comment&amp;quot;))</message>
  <nestedLevel>1</nestedLevel>
  <escapedJava>false</escapedJava>
  <property name="startLine">47</property>
  <property name="stepIndex">12</property>
</record>
<record>
  <date>2026-05-26T21:38:37.736918700Z</date>
  <millis>1779831517736</millis>
  <nanos>918700</nanos>
  <sequence>1455</sequence>
  <level>PASSED</level>
  <class>com.kms.katalon.core.logging.XmlKeywordLogger</class>
  <method>logMessage</method>
  <thread>1</thread>
  <message>Object: &amp;apos;Object Repository/Page_Work Order  View- Workforce Manager/a_save_comment&amp;apos; is clicked on</message>
  <nestedLevel>1</nestedLevel>
  <escapedJava>false</escapedJava>
  <property name="testops-method-name">com.kms.katalon.core.webui.keyword.internal.WebUIKeywordMain.runKeywordUntilTimeout</property>
  <property name="testops-execution-stacktrace">com.kms.katalon.core.logging.KeywordLogger.logPassed(KeywordLogger.java:350)
com.kms.katalon.core.logging.KeywordLogger.logPassed(KeywordLogger.java:345)
com.kms.katalon.core.webui.keyword.builtin.ClickKeyword$_click_closure1.doCall(ClickKeyword.groovy:66)
java.base/jdk.internal.reflect.DirectMethodHandleAccessor.invoke(DirectMethodHandleAccessor.java:103)
jdk.proxy2/jdk.proxy2.$Proxy56.execute(Unknown Source)
com.kms.katalon.core.webui.model.SeleniumActionRetryController.performAction(SeleniumActionRetryController.java:96)
com.kms.katalon.core.webui.model.SeleniumActionRetryController.performAction(SeleniumActionRetryController.java:83)
com.kms.katalon.core.webui.keyword.internal.WebUIKeywordMain$_runKeywordUntilTimeout_closure1.doCall(WebUIKeywordMain.groovy:135)
com.kms.katalon.core.webui.keyword.internal.WebUIKeywordMain$_runKeywordUntilTimeout_closure1.call(WebUIKeywordMain.groovy)
com.kms.katalon.core.webui.keyword.internal.WebUIKeywordMain.runKeyword(WebUIKeywordMain.groovy:41)
com.kms.katalon.core.webui.keyword.internal.WebUIKeywordMain.runKeywordUntilTimeout(WebUIKeywordMain.groovy:133)
com.kms.katalon.core.webui.keyword.builtin.ClickKeyword.click(ClickKeyword.groovy:72)
com.kms.katalon.core.webui.keyword.builtin.ClickKeyword.execute(ClickKeyword.groovy:38)
com.kms.katalon.core.keyword.internal.KeywordExecutor.executeKeywordForPlatform(KeywordExecutor.groovy:99)
com.kms.katalon.core.webui.keyword.WebUiBuiltInKeywords.click(WebUiBuiltInKeywords.groovy:722)
TC_Add_Comment.run(TC_Add_Comment:47)
</property>
</record>
<record>
  <date>2026-05-26T21:38:37.738936400Z</date>
  <millis>1779831517738</millis>
  <nanos>936400</nanos>
  <sequence>1456</sequence>
  <level>END</level>
  <class>com.kms.katalon.core.logging.XmlKeywordLogger</class>
  <method>endKeyword</method>
  <thread>1</thread>
  <message>End action : click(findTestObject(&amp;quot;Page_Work Order  View- Workforce Manager/a_save_comment&amp;quot;))</message>
  <nestedLevel>1</nestedLevel>
  <escapedJava>false</escapedJava>
</record>
<record>
  <date>2026-05-26T21:38:37.738936400Z</date>
  <millis>1779831517738</millis>
  <nanos>936400</nanos>
  <sequence>1457</sequence>
  <level>START</level>
  <class>com.kms.katalon.core.logging.XmlKeywordLogger</class>
  <method>startKeyword</method>
  <thread>1</thread>
  <message>Start action : waitForElementVisible(findTestObject(&amp;quot;Page_Work Order  View- Workforce Manager/div_Comment saved successfully&amp;quot;), 20)</message>
  <nestedLevel>1</nestedLevel>
  <escapedJava>false</escapedJava>
  <property name="startLine">49</property>
  <property name="stepIndex">13</property>
</record>
<record>
  <date>2026-05-26T21:38:58.364590400Z</date>
  <millis>1779831538364</millis>
  <nanos>590400</nanos>
  <sequence>1464</sequence>
  <level>WARNING</level>
  <class>com.kms.katalon.core.logging.XmlKeywordLogger</class>
  <method>logMessage</method>
  <thread>1</thread>
  <message>Object &amp;apos;Object Repository/Page_Work Order  View- Workforce Manager/div_Comment saved successfully&amp;apos; is not visible after 20 second(s)</message>
  <nestedLevel>1</nestedLevel>
  <escapedJava>false</escapedJava>
  <property name="failed.exception.stacktrace">org.openqa.selenium.TimeoutException: Expected condition failed: waiting for visibility of Decorated {[[CChromeDriver: chrome on windows (feee1791966b3f5b5643eea19541f7fb)] -&gt; xpath: //*[@id = &apos;notificationModal&apos;]//*[@class and contains(concat(&apos; &apos;, normalize-space(@class), &apos; &apos;), &apos; modal-body &apos;)]]} (tried for 20 second(s) with 500 milliseconds interval)
Build info: version: &apos;4.39.0&apos;, revision: &apos;126f156aee&apos;
System info: os.name: &apos;Windows 11&apos;, os.arch: &apos;amd64&apos;, os.version: &apos;10.0&apos;, java.version: &apos;21.0.9&apos;
Driver info: org.openqa.selenium.remote.RemoteWebDriver$ByteBuddy$3zQBbky1
Capabilities {acceptInsecureCerts: false, browserName: chrome, browserVersion: 148.0.7778.179, chrome: {chromedriverVersion: 148.0.7778.167 (65db666ac2c..., userDataDir: C:\Users\CROWN-~1\AppData\L...}, fedcm:accounts: true, goog:chromeOptions: {debuggerAddress: localhost:58016}, goog:processID: 40652, networkConnectionEnabled: false, pageLoadStrategy: normal, platformName: windows, proxy: Proxy(), se:cdp: ws://localhost:58016/devtoo..., se:cdpVersion: 148.0.7778.179, setWindowRect: true, strictFileInteractability: false, timeouts: {implicit: 0, pageLoad: 300000, script: 30000}, unhandledPromptBehavior: {alert: ignore, beforeUnload: ignore, confirm: ignore, default: ignore, file: ignore, prompt: ignore}, webSocketUrl: ws://localhost:3604/session..., webauthn:extension:credBlob: true, webauthn:extension:largeBlob: true, webauthn:extension:minPinLength: true, webauthn:extension:prf: true, webauthn:virtualAuthenticators: true}
Session ID: feee1791966b3f5b5643eea19541f7fb
	at org.openqa.selenium.support.ui.WebDriverWait.timeoutException(WebDriverWait.java:84)
	at org.openqa.selenium.support.ui.FluentWait.until(FluentWait.java:228)
	at org.openqa.selenium.support.ui.Wait$until.call(Unknown Source)
	at com.kms.katalon.core.webui.keyword.builtin.WaitForElementVisibleKeyword$_waitForElementVisible_closure1.doCall(WaitForElementVisibleKeyword.groovy:84)
	at java.base/jdk.internal.reflect.DirectMethodHandleAccessor.invoke(DirectMethodHandleAccessor.java:103)
	at jdk.proxy2/jdk.proxy2.$Proxy56.execute(Unknown Source)
	at com.kms.katalon.core.webui.model.SeleniumActionRetryController.performAction(SeleniumActionRetryController.java:96)
	at com.kms.katalon.core.webui.model.SeleniumActionRetryController.performAction(SeleniumActionRetryController.java:83)
	at com.kms.katalon.core.webui.keyword.internal.WebUIKeywordMain$_runKeywordUntilTimeout_closure2.doCall(WebUIKeywordMain.groovy:155)
	at com.kms.katalon.core.webui.keyword.internal.WebUIKeywordMain$_runKeywordUntilTimeout_closure2.call(WebUIKeywordMain.groovy)
	at com.kms.katalon.core.webui.keyword.internal.WebUIKeywordMain.runKeyword(WebUIKeywordMain.groovy:41)
	at com.kms.katalon.core.webui.keyword.internal.WebUIKeywordMain.runKeywordUntilTimeout(WebUIKeywordMain.groovy:152)
	at com.kms.katalon.core.webui.keyword.internal.WebUIKeywordMain$runKeywordUntilTimeout.call(Unknown Source)
	at com.kms.katalon.core.webui.keyword.builtin.WaitForElementVisibleKeyword.waitForElementVisible(WaitForElementVisibleKeyword.groovy:101)
	at com.kms.katalon.core.webui.keyword.builtin.WaitForElementVisibleKeyword.execute(WaitForElementVisibleKeyword.groovy:69)
	at com.kms.katalon.core.keyword.internal.KeywordExecutor.executeKeywordForPlatform(KeywordExecutor.groovy:99)
	at com.kms.katalon.core.webui.keyword.WebUiBuiltInKeywords.waitForElementVisible(WebUiBuiltInKeywords.groovy:515)
	at TC_Add_Comment.run(TC_Add_Comment:49)
	at com.kms.katalon.core.main.ScriptEngine.run(ScriptEngine.java:203)
	at com.kms.katalon.core.main.ScriptEngine.runScriptAsRawText(ScriptEngine.java:115)
	at com.kms.katalon.core.main.TestCaseExecutor.runScript(TestCaseExecutor.java:504)
	at com.kms.katalon.core.main.TestCaseExecutor.doExecute(TestCaseExecutor.java:495)
	at com.kms.katalon.core.main.TestCaseExecutor.processExecutionPhase(TestCaseExecutor.java:474)
	at com.kms.katalon.core.main.TestCaseExecutor.accessMainPhase(TestCaseExecutor.java:466)
	at com.kms.katalon.core.main.TestCaseExecutor.execute(TestCaseExecutor.java:336)
	at com.kms.katalon.core.common.CommonExecutor.accessTestCaseMainPhase(CommonExecutor.java:71)
	at com.kms.katalon.core.main.TestSuiteExecutor.accessTestSuiteMainPhase(TestSuiteExecutor.java:153)
	at com.kms.katalon.core.main.TestSuiteExecutor.execute(TestSuiteExecutor.java:110)
	at com.kms.katalon.core.main.TestCaseMain.startTestSuite(TestCaseMain.java:206)
	at S0526_53.run(S0526_53.groovy:40)
	at java.base/jdk.internal.reflect.DirectMethodHandleAccessor.invoke(DirectMethodHandleAccessor.java:103)
</property>
  <property name="failed.exception.class">org.openqa.selenium.TimeoutException</property>
  <property name="failed.exception.message">Expected condition failed: waiting for visibility of Decorated {[[CChromeDriver: chrome on windows (feee1791966b3f5b5643eea19541f7fb)] -&gt; xpath: //*[@id = &apos;notificationModal&apos;]//*[@class and contains(concat(&apos; &apos;, normalize-space(@class), &apos; &apos;), &apos; modal-body &apos;)]]} (tried for 20 second(s) with 500 milliseconds interval)
Build info: version: &apos;4.39.0&apos;, revision: &apos;126f156aee&apos;
System info: os.name: &apos;Windows 11&apos;, os.arch: &apos;amd64&apos;, os.version: &apos;10.0&apos;, java.version: &apos;21.0.9&apos;
Driver info: org.openqa.selenium.remote.RemoteWebDriver$ByteBuddy$3zQBbky1
Capabilities {acceptInsecureCerts: false, browserName: chrome, browserVersion: 148.0.7778.179, chrome: {chromedriverVersion: 148.0.7778.167 (65db666ac2c..., userDataDir: C:\Users\CROWN-~1\AppData\L...}, fedcm:accounts: true, goog:chromeOptions: {debuggerAddress: localhost:58016}, goog:processID: 40652, networkConnectionEnabled: false, pageLoadStrategy: normal, platformName: windows, proxy: Proxy(), se:cdp: ws://localhost:58016/devtoo..., se:cdpVersion: 148.0.7778.179, setWindowRect: true, strictFileInteractability: false, timeouts: {implicit: 0, pageLoad: 300000, script: 30000}, unhandledPromptBehavior: {alert: ignore, beforeUnload: ignore, confirm: ignore, default: ignore, file: ignore, prompt: ignore}, webSocketUrl: ws://localhost:3604/session..., webauthn:extension:credBlob: true, webauthn:extension:largeBlob: true, webauthn:extension:minPinLength: true, webauthn:extension:prf: true, webauthn:virtualAuthenticators: true}
Session ID: feee1791966b3f5b5643eea19541f7fb</property>
</record>
<record>
  <date>2026-05-26T21:38:58.379456200Z</date>
  <millis>1779831538379</millis>
  <nanos>456200</nanos>
  <sequence>1465</sequence>
  <level>END</level>
  <class>com.kms.katalon.core.logging.XmlKeywordLogger</class>
  <method>endKeyword</method>
  <thread>1</thread>
  <message>End action : waitForElementVisible(findTestObject(&amp;quot;Page_Work Order  View- Workforce Manager/div_Comment saved successfully&amp;quot;), 20)</message>
  <nestedLevel>1</nestedLevel>
  <escapedJava>false</escapedJava>
</record>
<record>
  <date>2026-05-26T21:38:58.381987100Z</date>
  <millis>1779831538381</millis>
  <nanos>987100</nanos>
  <sequence>1466</sequence>
  <level>START</level>
  <class>com.kms.katalon.core.logging.XmlKeywordLogger</class>
  <method>startKeyword</method>
  <thread>1</thread>
  <message>Start action : delay(2)</message>
  <nestedLevel>1</nestedLevel>
  <escapedJava>false</escapedJava>
  <property name="startLine">51</property>
  <property name="stepIndex">14</property>
</record>
<record>
  <date>2026-05-26T21:39:00.408025300Z</date>
  <millis>1779831540408</millis>
  <nanos>25300</nanos>
  <sequence>1469</sequence>
  <level>PASSED</level>
  <class>com.kms.katalon.core.logging.XmlKeywordLogger</class>
  <method>logMessage</method>
  <thread>1</thread>
  <message>Delayed 2 second(s)</message>
  <nestedLevel>1</nestedLevel>
  <escapedJava>false</escapedJava>
  <property name="testops-method-name">com.kms.katalon.core.keyword.builtin.DelayKeyword.delay</property>
  <property name="testops-execution-stacktrace"></property>
</record>
<record>
  <date>2026-05-26T21:39:00.410048500Z</date>
  <millis>1779831540410</millis>
  <nanos>48500</nanos>
  <sequence>1470</sequence>
  <level>END</level>
  <class>com.kms.katalon.core.logging.XmlKeywordLogger</class>
  <method>endKeyword</method>
  <thread>1</thread>
  <message>End action : delay(2)</message>
  <nestedLevel>1</nestedLevel>
  <escapedJava>false</escapedJava>
</record>
<record>
  <date>2026-05-26T21:39:00.412073600Z</date>
  <millis>1779831540412</millis>
  <nanos>73600</nanos>
  <sequence>1471</sequence>
  <level>START</level>
  <class>com.kms.katalon.core.logging.XmlKeywordLogger</class>
  <method>startKeyword</method>
  <thread>1</thread>
  <message>Start action : waitForElementClickable(findTestObject(&amp;quot;Page_Work Order  View- Workforce Manager/button_SaveComment&amp;quot;), 20)</message>
  <nestedLevel>1</nestedLevel>
  <escapedJava>false</escapedJava>
  <property name="startLine">54</property>
  <property name="stepIndex">15</property>
</record>
<record>
  <date>2026-05-26T21:39:07.754564300Z</date>
  <millis>1779831547754</millis>
  <nanos>564300</nanos>
  <sequence>1478</sequence>
  <level>PASSED</level>
  <class>com.kms.katalon.core.logging.XmlKeywordLogger</class>
  <method>logMessage</method>
  <thread>1</thread>
  <message>Object &amp;apos;Object Repository/Page_Work Order  View- Workforce Manager/button_SaveComment&amp;apos; is clickable</message>
  <nestedLevel>1</nestedLevel>
  <escapedJava>false</escapedJava>
  <property name="testops-method-name">com.kms.katalon.core.webui.keyword.internal.WebUIKeywordMain.runKeywordUntilTimeout</property>
  <property name="testops-execution-stacktrace">com.kms.katalon.core.logging.KeywordLogger.logPassed(KeywordLogger.java:350)
com.kms.katalon.core.logging.KeywordLogger.logPassed(KeywordLogger.java:345)
com.kms.katalon.core.logging.KeywordLogger$logPassed$0.call(Unknown Source)
com.kms.katalon.core.webui.keyword.builtin.WaitForElementClickableKeyword$_waitForElementClickable_closure1.doCall(WaitForElementClickableKeyword.groovy:59)
java.base/jdk.internal.reflect.DirectMethodHandleAccessor.invoke(DirectMethodHandleAccessor.java:103)
jdk.proxy2/jdk.proxy2.$Proxy56.execute(Unknown Source)
com.kms.katalon.core.webui.model.SeleniumActionRetryController.performAction(SeleniumActionRetryController.java:96)
com.kms.katalon.core.webui.model.SeleniumActionRetryController.performAction(SeleniumActionRetryController.java:83)
com.kms.katalon.core.webui.keyword.internal.WebUIKeywordMain$_runKeywordUntilTimeout_closure2.doCall(WebUIKeywordMain.groovy:155)
com.kms.katalon.core.webui.keyword.internal.WebUIKeywordMain$_runKeywordUntilTimeout_closure2.call(WebUIKeywordMain.groovy)
com.kms.katalon.core.webui.keyword.internal.WebUIKeywordMain.runKeyword(WebUIKeywordMain.groovy:41)
com.kms.katalon.core.webui.keyword.internal.WebUIKeywordMain.runKeywordUntilTimeout(WebUIKeywordMain.groovy:152)
com.kms.katalon.core.webui.keyword.internal.WebUIKeywordMain$runKeywordUntilTimeout.call(Unknown Source)
com.kms.katalon.core.webui.keyword.builtin.WaitForElementClickableKeyword.waitForElementClickable(WaitForElementClickableKeyword.groovy:76)
com.kms.katalon.core.webui.keyword.builtin.WaitForElementClickableKeyword.execute(WaitForElementClickableKeyword.groovy:42)
com.kms.katalon.core.keyword.internal.KeywordExecutor.executeKeywordForPlatform(KeywordExecutor.groovy:99)
com.kms.katalon.core.webui.keyword.WebUiBuiltInKeywords.waitForElementClickable(WebUiBuiltInKeywords.groovy:581)
TC_Add_Comment.run(TC_Add_Comment:54)
</property>
</record>
<record>
  <date>2026-05-26T21:39:07.756068Z</date>
  <millis>1779831547756</millis>
  <nanos>68000</nanos>
  <sequence>1479</sequence>
  <level>END</level>
  <class>com.kms.katalon.core.logging.XmlKeywordLogger</class>
  <method>endKeyword</method>
  <thread>1</thread>
  <message>End action : waitForElementClickable(findTestObject(&amp;quot;Page_Work Order  View- Workforce Manager/button_SaveComment&amp;quot;), 20)</message>
  <nestedLevel>1</nestedLevel>
  <escapedJava>false</escapedJava>
</record>
<record>
  <date>2026-05-26T21:39:07.756068Z</date>
  <millis>1779831547756</millis>
  <nanos>68000</nanos>
  <sequence>1480</sequence>
  <level>START</level>
  <class>com.kms.katalon.core.logging.XmlKeywordLogger</class>
  <method>startKeyword</method>
  <thread>1</thread>
  <message>Start action : click(findTestObject(&amp;quot;Page_Work Order  View- Workforce Manager/button_SaveComment&amp;quot;))</message>
  <nestedLevel>1</nestedLevel>
  <escapedJava>false</escapedJava>
  <property name="startLine">56</property>
  <property name="stepIndex">16</property>
</record>
<record>
  <date>2026-05-26T21:39:08.403044100Z</date>
  <millis>1779831548403</millis>
  <nanos>44100</nanos>
  <sequence>1491</sequence>
  <level>PASSED</level>
  <class>com.kms.katalon.core.logging.XmlKeywordLogger</class>
  <method>logMessage</method>
  <thread>1</thread>
  <message>Object: &amp;apos;Object Repository/Page_Work Order  View- Workforce Manager/button_SaveComment&amp;apos; is clicked on</message>
  <nestedLevel>1</nestedLevel>
  <escapedJava>false</escapedJava>
  <property name="testops-method-name">com.kms.katalon.core.webui.keyword.internal.WebUIKeywordMain.runKeywordUntilTimeout</property>
  <property name="testops-execution-stacktrace">com.kms.katalon.core.logging.KeywordLogger.logPassed(KeywordLogger.java:350)
com.kms.katalon.core.logging.KeywordLogger.logPassed(KeywordLogger.java:345)
com.kms.katalon.core.webui.keyword.builtin.ClickKeyword$_click_closure1.doCall(ClickKeyword.groovy:66)
java.base/jdk.internal.reflect.DirectMethodHandleAccessor.invoke(DirectMethodHandleAccessor.java:103)
jdk.proxy2/jdk.proxy2.$Proxy56.execute(Unknown Source)
com.kms.katalon.core.webui.model.SeleniumActionRetryController.performAction(SeleniumActionRetryController.java:96)
com.kms.katalon.core.webui.model.SeleniumActionRetryController.performAction(SeleniumActionRetryController.java:83)
com.kms.katalon.core.webui.keyword.internal.WebUIKeywordMain$_runKeywordUntilTimeout_closure1.doCall(WebUIKeywordMain.groovy:135)
com.kms.katalon.core.webui.keyword.internal.WebUIKeywordMain$_runKeywordUntilTimeout_closure1.call(WebUIKeywordMain.groovy)
com.kms.katalon.core.webui.keyword.internal.WebUIKeywordMain.runKeyword(WebUIKeywordMain.groovy:41)
com.kms.katalon.core.webui.keyword.internal.WebUIKeywordMain.runKeywordUntilTimeout(WebUIKeywordMain.groovy:133)
com.kms.katalon.core.webui.keyword.builtin.ClickKeyword.click(ClickKeyword.groovy:72)
com.kms.katalon.core.webui.keyword.builtin.ClickKeyword.execute(ClickKeyword.groovy:38)
com.kms.katalon.core.keyword.internal.KeywordExecutor.executeKeywordForPlatform(KeywordExecutor.groovy:99)
com.kms.katalon.core.webui.keyword.WebUiBuiltInKeywords.click(WebUiBuiltInKeywords.groovy:722)
TC_Add_Comment.run(TC_Add_Comment:56)
</property>
</record>
<record>
  <date>2026-05-26T21:39:08.407375400Z</date>
  <millis>1779831548407</millis>
  <nanos>375400</nanos>
  <sequence>1492</sequence>
  <level>END</level>
  <class>com.kms.katalon.core.logging.XmlKeywordLogger</class>
  <method>endKeyword</method>
  <thread>1</thread>
  <message>End action : click(findTestObject(&amp;quot;Page_Work Order  View- Workforce Manager/button_SaveComment&amp;quot;))</message>
  <nestedLevel>1</nestedLevel>
  <escapedJava>false</escapedJava>
</record>
<record>
  <date>2026-05-26T21:39:08.407375400Z</date>
  <millis>1779831548407</millis>
  <nanos>375400</nanos>
  <sequence>1493</sequence>
  <level>PASSED</level>
  <class>com.kms.katalon.core.logging.XmlKeywordLogger</class>
  <method>logMessage</method>
  <thread>1</thread>
  <message>Test Cases/TaskActions/Comments/TC_Add_Comment</message>
  <nestedLevel>1</nestedLevel>
  <escapedJava>false</escapedJava>
</record>
<record>
  <date>2026-05-26T21:39:08.410597700Z</date>
  <millis>1779831548410</millis>
  <nanos>597700</nanos>
  <sequence>1494</sequence>
  <level>END</level>
  <class>com.kms.katalon.core.logging.XmlKeywordLogger</class>
  <method>endTest</method>
  <thread>1</thread>
  <message>End Test Case : Test Cases/TaskActions/Comments/TC_Add_Comment</message>
  <nestedLevel>0</nestedLevel>
  <escapedJava>false</escapedJava>
  <property name="executionBindingVariables">[]</property>
  <property name="applitools">false</property>
  <property name="remainingRetryCount">3</property>
  <property name="executedKeywords">{
  &quot;WebUI.waitForElementVisible&quot;: 1,
  &quot;WebUI.click&quot;: 6,
  &quot;WebUI.waitForPageLoad&quot;: 2,
  &quot;WebUI.waitForElementPresent&quot;: 2,
  &quot;BuiltIn.delay&quot;: 1,
  &quot;WebUI.setText&quot;: 3,
  &quot;WebUI.waitForElementClickable&quot;: 1
}</property>
  <property name="currentRetryCount">0</property>
  <property name="keywordsUsage">{
  &quot;web_ui&quot;: true,
  &quot;web_service&quot;: false,
  &quot;cucumber&quot;: false,
  &quot;builtin&quot;: true,
  &quot;mobile&quot;: false,
  &quot;windows&quot;: false,
  &quot;testng&quot;: false
}</property>
</record>
<record>
  <date>2026-05-26T21:39:08.430813400Z</date>
  <millis>1779831548430</millis>
  <nanos>813400</nanos>
  <sequence>1495</sequence>
  <level>START</level>
  <class>com.kms.katalon.core.logging.XmlKeywordLogger</class>
  <method>startTest</method>
  <thread>1</thread>
  <message>Start Test Case : Test Cases/TaskActions/Change_Priority/Priority</message>
  <nestedLevel>1</nestedLevel>
  <escapedJava>false</escapedJava>
  <property name="remainingRetryCount">3</property>
  <property name="origin"></property>
  <property name="name">Test Cases/TaskActions/Change_Priority/Priority</property>
  <property name="description"></property>
  <property name="iteration"></property>
  <property name="id">Test Cases/TaskActions/Change_Priority/Priority</property>
  <property name="source">C:\Users\CROWN-STAFF\git\convergence-qa-tests\Test Cases\TaskActions\Change_Priority\Priority.tc</property>
  <property name="tag"></property>
  <property name="isOptional">false</property>
  <property name="uuid">322c0ae5-4b17-4921-8e2d-8f5c870d67be</property>
  <property name="currentRetryCount">0</property>
</record>
<record>
  <date>2026-05-26T21:39:08.471805200Z</date>
  <millis>1779831548471</millis>
  <nanos>805200</nanos>
  <sequence>1497</sequence>
  <level>RUN_DATA</level>
  <class>com.kms.katalon.core.logging.XmlKeywordLogger</class>
  <method>logMessage</method>
  <thread>1</thread>
  <message>executionBindingVariables = []</message>
  <nestedLevel>1</nestedLevel>
  <escapedJava>false</escapedJava>
  <property name="executionBindingVariables">[]</property>
</record>
<record>
  <date>2026-05-26T21:39:08.635567600Z</date>
  <millis>1779831548635</millis>
  <nanos>567600</nanos>
  <sequence>1498</sequence>
  <level>START</level>
  <class>com.kms.katalon.core.logging.XmlKeywordLogger</class>
  <method>startKeyword</method>
  <thread>1</thread>
  <message>Start action : waitForPageLoad(20)</message>
  <nestedLevel>1</nestedLevel>
  <escapedJava>false</escapedJava>
  <property name="startLine">5</property>
  <property name="stepIndex">1</property>
</record>
<record>
  <date>2026-05-26T21:39:08.671450700Z</date>
  <millis>1779831548671</millis>
  <nanos>450700</nanos>
  <sequence>1502</sequence>
  <level>PASSED</level>
  <class>com.kms.katalon.core.logging.XmlKeywordLogger</class>
  <method>logMessage</method>
  <thread>1</thread>
  <message>Wait for page load successfully</message>
  <nestedLevel>1</nestedLevel>
  <escapedJava>false</escapedJava>
  <property name="testops-method-name">com.kms.katalon.core.webui.keyword.internal.WebUIKeywordMain$runKeyword$0.call</property>
  <property name="testops-execution-stacktrace">com.kms.katalon.core.logging.KeywordLogger.logPassed(KeywordLogger.java:350)
com.kms.katalon.core.logging.KeywordLogger.logPassed(KeywordLogger.java:345)
com.kms.katalon.core.logging.KeywordLogger$logPassed$0.call(Unknown Source)
com.kms.katalon.core.webui.keyword.builtin.WaitForPageLoadKeyword$_waitForPageLoad_closure1.doCall(WaitForPageLoadKeyword.groovy:94)
com.kms.katalon.core.webui.keyword.builtin.WaitForPageLoadKeyword$_waitForPageLoad_closure1.doCall(WaitForPageLoadKeyword.groovy)
java.base/jdk.internal.reflect.DirectMethodHandleAccessor.invoke(DirectMethodHandleAccessor.java:103)
com.kms.katalon.core.webui.keyword.internal.WebUIKeywordMain.runKeyword(WebUIKeywordMain.groovy:41)
com.kms.katalon.core.webui.keyword.internal.WebUIKeywordMain$runKeyword$0.call(Unknown Source)
com.kms.katalon.core.webui.keyword.builtin.WaitForPageLoadKeyword.waitForPageLoad(WaitForPageLoadKeyword.groovy:95)
com.kms.katalon.core.webui.keyword.builtin.WaitForPageLoadKeyword.execute(WaitForPageLoadKeyword.groovy:68)
com.kms.katalon.core.keyword.internal.KeywordExecutor.executeKeywordForPlatform(KeywordExecutor.groovy:99)
com.kms.katalon.core.webui.keyword.WebUiBuiltInKeywords.waitForPageLoad(WebUiBuiltInKeywords.groovy:2559)
Priority.run(Priority:5)
</property>
</record>
<record>
  <date>2026-05-26T21:39:08.671450700Z</date>
  <millis>1779831548671</millis>
  <nanos>450700</nanos>
  <sequence>1503</sequence>
  <level>END</level>
  <class>com.kms.katalon.core.logging.XmlKeywordLogger</class>
  <method>endKeyword</method>
  <thread>1</thread>
  <message>End action : waitForPageLoad(20)</message>
  <nestedLevel>1</nestedLevel>
  <escapedJava>false</escapedJava>
</record>
<record>
  <date>2026-05-26T21:39:08.671450700Z</date>
  <millis>1779831548671</millis>
  <nanos>450700</nanos>
  <sequence>1504</sequence>
  <level>START</level>
  <class>com.kms.katalon.core.logging.XmlKeywordLogger</class>
  <method>startKeyword</method>
  <thread>1</thread>
  <message>Start action : waitForElementClickable(findTestObject(&amp;quot;Page_Work Order  View- Workforce Manager/i_fa fa-pencil text-interact-blue&amp;quot;), 20)</message>
  <nestedLevel>1</nestedLevel>
  <escapedJava>false</escapedJava>
  <property name="startLine">8</property>
  <property name="stepIndex">2</property>
</record>
<record>
  <date>2026-05-26T21:39:09.191079Z</date>
  <millis>1779831549191</millis>
  <nanos>79000</nanos>
  <sequence>1511</sequence>
  <level>PASSED</level>
  <class>com.kms.katalon.core.logging.XmlKeywordLogger</class>
  <method>logMessage</method>
  <thread>1</thread>
  <message>Object &amp;apos;Object Repository/Page_Work Order  View- Workforce Manager/i_fa fa-pencil text-interact-blue&amp;apos; is clickable</message>
  <nestedLevel>1</nestedLevel>
  <escapedJava>false</escapedJava>
  <property name="testops-method-name">com.kms.katalon.core.webui.keyword.internal.WebUIKeywordMain.runKeywordUntilTimeout</property>
  <property name="testops-execution-stacktrace">com.kms.katalon.core.logging.KeywordLogger.logPassed(KeywordLogger.java:350)
com.kms.katalon.core.logging.KeywordLogger.logPassed(KeywordLogger.java:345)
com.kms.katalon.core.logging.KeywordLogger$logPassed$0.call(Unknown Source)
com.kms.katalon.core.webui.keyword.builtin.WaitForElementClickableKeyword$_waitForElementClickable_closure1.doCall(WaitForElementClickableKeyword.groovy:59)
java.base/jdk.internal.reflect.DirectMethodHandleAccessor.invoke(DirectMethodHandleAccessor.java:103)
jdk.proxy2/jdk.proxy2.$Proxy56.execute(Unknown Source)
com.kms.katalon.core.webui.model.SeleniumActionRetryController.performAction(SeleniumActionRetryController.java:96)
com.kms.katalon.core.webui.model.SeleniumActionRetryController.performAction(SeleniumActionRetryController.java:83)
com.kms.katalon.core.webui.keyword.internal.WebUIKeywordMain$_runKeywordUntilTimeout_closure2.doCall(WebUIKeywordMain.groovy:155)
com.kms.katalon.core.webui.keyword.internal.WebUIKeywordMain$_runKeywordUntilTimeout_closure2.call(WebUIKeywordMain.groovy)
com.kms.katalon.core.webui.keyword.internal.WebUIKeywordMain.runKeyword(WebUIKeywordMain.groovy:41)
com.kms.katalon.core.webui.keyword.internal.WebUIKeywordMain.runKeywordUntilTimeout(WebUIKeywordMain.groovy:152)
com.kms.katalon.core.webui.keyword.internal.WebUIKeywordMain$runKeywordUntilTimeout.call(Unknown Source)
com.kms.katalon.core.webui.keyword.builtin.WaitForElementClickableKeyword.waitForElementClickable(WaitForElementClickableKeyword.groovy:76)
com.kms.katalon.core.webui.keyword.builtin.WaitForElementClickableKeyword.execute(WaitForElementClickableKeyword.groovy:42)
com.kms.katalon.core.keyword.internal.KeywordExecutor.executeKeywordForPlatform(KeywordExecutor.groovy:99)
com.kms.katalon.core.webui.keyword.WebUiBuiltInKeywords.waitForElementClickable(WebUiBuiltInKeywords.groovy:581)
Priority.run(Priority:9)
</property>
</record>
<record>
  <date>2026-05-26T21:39:09.191079Z</date>
  <millis>1779831549191</millis>
  <nanos>79000</nanos>
  <sequence>1512</sequence>
  <level>END</level>
  <class>com.kms.katalon.core.logging.XmlKeywordLogger</class>
  <method>endKeyword</method>
  <thread>1</thread>
  <message>End action : waitForElementClickable(findTestObject(&amp;quot;Page_Work Order  View- Workforce Manager/i_fa fa-pencil text-interact-blue&amp;quot;), 20)</message>
  <nestedLevel>1</nestedLevel>
  <escapedJava>false</escapedJava>
</record>
<record>
  <date>2026-05-26T21:39:09.191079Z</date>
  <millis>1779831549191</millis>
  <nanos>79000</nanos>
  <sequence>1513</sequence>
  <level>START</level>
  <class>com.kms.katalon.core.logging.XmlKeywordLogger</class>
  <method>startKeyword</method>
  <thread>1</thread>
  <message>Start action : click(findTestObject(&amp;quot;Page_Work Order  View- Workforce Manager/i_fa fa-pencil text-interact-blue&amp;quot;))</message>
  <nestedLevel>1</nestedLevel>
  <escapedJava>false</escapedJava>
  <property name="startLine">15</property>
  <property name="stepIndex">3</property>
</record>
<record>
  <date>2026-05-26T21:39:10.179226800Z</date>
  <millis>1779831550179</millis>
  <nanos>226800</nanos>
  <sequence>1524</sequence>
  <level>PASSED</level>
  <class>com.kms.katalon.core.logging.XmlKeywordLogger</class>
  <method>logMessage</method>
  <thread>1</thread>
  <message>Object: &amp;apos;Object Repository/Page_Work Order  View- Workforce Manager/i_fa fa-pencil text-interact-blue&amp;apos; is clicked on</message>
  <nestedLevel>1</nestedLevel>
  <escapedJava>false</escapedJava>
  <property name="testops-method-name">com.kms.katalon.core.webui.keyword.internal.WebUIKeywordMain.runKeywordUntilTimeout</property>
  <property name="testops-execution-stacktrace">com.kms.katalon.core.logging.KeywordLogger.logPassed(KeywordLogger.java:350)
com.kms.katalon.core.logging.KeywordLogger.logPassed(KeywordLogger.java:345)
com.kms.katalon.core.webui.keyword.builtin.ClickKeyword$_click_closure1.doCall(ClickKeyword.groovy:66)
java.base/jdk.internal.reflect.DirectMethodHandleAccessor.invoke(DirectMethodHandleAccessor.java:103)
jdk.proxy2/jdk.proxy2.$Proxy56.execute(Unknown Source)
com.kms.katalon.core.webui.model.SeleniumActionRetryController.performAction(SeleniumActionRetryController.java:96)
com.kms.katalon.core.webui.model.SeleniumActionRetryController.performAction(SeleniumActionRetryController.java:83)
com.kms.katalon.core.webui.keyword.internal.WebUIKeywordMain$_runKeywordUntilTimeout_closure1.doCall(WebUIKeywordMain.groovy:135)
com.kms.katalon.core.webui.keyword.internal.WebUIKeywordMain$_runKeywordUntilTimeout_closure1.call(WebUIKeywordMain.groovy)
com.kms.katalon.core.webui.keyword.internal.WebUIKeywordMain.runKeyword(WebUIKeywordMain.groovy:41)
com.kms.katalon.core.webui.keyword.internal.WebUIKeywordMain.runKeywordUntilTimeout(WebUIKeywordMain.groovy:133)
com.kms.katalon.core.webui.keyword.builtin.ClickKeyword.click(ClickKeyword.groovy:72)
com.kms.katalon.core.webui.keyword.builtin.ClickKeyword.execute(ClickKeyword.groovy:38)
com.kms.katalon.core.keyword.internal.KeywordExecutor.executeKeywordForPlatform(KeywordExecutor.groovy:99)
com.kms.katalon.core.webui.keyword.WebUiBuiltInKeywords.click(WebUiBuiltInKeywords.groovy:722)
Priority.run(Priority:16)
</property>
</record>
<record>
  <date>2026-05-26T21:39:10.186259500Z</date>
  <millis>1779831550186</millis>
  <nanos>259500</nanos>
  <sequence>1525</sequence>
  <level>END</level>
  <class>com.kms.katalon.core.logging.XmlKeywordLogger</class>
  <method>endKeyword</method>
  <thread>1</thread>
  <message>End action : click(findTestObject(&amp;quot;Page_Work Order  View- Workforce Manager/i_fa fa-pencil text-interact-blue&amp;quot;))</message>
  <nestedLevel>1</nestedLevel>
  <escapedJava>false</escapedJava>
</record>
<record>
  <date>2026-05-26T21:39:10.186259500Z</date>
  <millis>1779831550186</millis>
  <nanos>259500</nanos>
  <sequence>1526</sequence>
  <level>START</level>
  <class>com.kms.katalon.core.logging.XmlKeywordLogger</class>
  <method>startKeyword</method>
  <thread>1</thread>
  <message>Start action : waitForElementClickable(findTestObject(&amp;quot;Page_Work Order  View- Workforce Manager/small_High&amp;quot;), 20)</message>
  <nestedLevel>1</nestedLevel>
  <escapedJava>false</escapedJava>
  <property name="startLine">22</property>
  <property name="stepIndex">4</property>
</record>
<record>
  <date>2026-05-26T21:39:10.756018900Z</date>
  <millis>1779831550756</millis>
  <nanos>18900</nanos>
  <sequence>1533</sequence>
  <level>PASSED</level>
  <class>com.kms.katalon.core.logging.XmlKeywordLogger</class>
  <method>logMessage</method>
  <thread>1</thread>
  <message>Object &amp;apos;Object Repository/Page_Work Order  View- Workforce Manager/small_High&amp;apos; is clickable</message>
  <nestedLevel>1</nestedLevel>
  <escapedJava>false</escapedJava>
  <property name="testops-method-name">com.kms.katalon.core.webui.keyword.internal.WebUIKeywordMain.runKeywordUntilTimeout</property>
  <property name="testops-execution-stacktrace">com.kms.katalon.core.logging.KeywordLogger.logPassed(KeywordLogger.java:350)
com.kms.katalon.core.logging.KeywordLogger.logPassed(KeywordLogger.java:345)
com.kms.katalon.core.logging.KeywordLogger$logPassed$0.call(Unknown Source)
com.kms.katalon.core.webui.keyword.builtin.WaitForElementClickableKeyword$_waitForElementClickable_closure1.doCall(WaitForElementClickableKeyword.groovy:59)
java.base/jdk.internal.reflect.DirectMethodHandleAccessor.invoke(DirectMethodHandleAccessor.java:103)
jdk.proxy2/jdk.proxy2.$Proxy56.execute(Unknown Source)
com.kms.katalon.core.webui.model.SeleniumActionRetryController.performAction(SeleniumActionRetryController.java:96)
com.kms.katalon.core.webui.model.SeleniumActionRetryController.performAction(SeleniumActionRetryController.java:83)
com.kms.katalon.core.webui.keyword.internal.WebUIKeywordMain$_runKeywordUntilTimeout_closure2.doCall(WebUIKeywordMain.groovy:155)
com.kms.katalon.core.webui.keyword.internal.WebUIKeywordMain$_runKeywordUntilTimeout_closure2.call(WebUIKeywordMain.groovy)
com.kms.katalon.core.webui.keyword.internal.WebUIKeywordMain.runKeyword(WebUIKeywordMain.groovy:41)
com.kms.katalon.core.webui.keyword.internal.WebUIKeywordMain.runKeywordUntilTimeout(WebUIKeywordMain.groovy:152)
com.kms.katalon.core.webui.keyword.internal.WebUIKeywordMain$runKeywordUntilTimeout.call(Unknown Source)
com.kms.katalon.core.webui.keyword.builtin.WaitForElementClickableKeyword.waitForElementClickable(WaitForElementClickableKeyword.groovy:76)
com.kms.katalon.core.webui.keyword.builtin.WaitForElementClickableKeyword.execute(WaitForElementClickableKeyword.groovy:42)
com.kms.katalon.core.keyword.internal.KeywordExecutor.executeKeywordForPlatform(KeywordExecutor.groovy:99)
com.kms.katalon.core.webui.keyword.WebUiBuiltInKeywords.waitForElementClickable(WebUiBuiltInKeywords.groovy:581)
Priority.run(Priority:23)
</property>
</record>
<record>
  <date>2026-05-26T21:39:10.760062600Z</date>
  <millis>1779831550760</millis>
  <nanos>62600</nanos>
  <sequence>1534</sequence>
  <level>END</level>
  <class>com.kms.katalon.core.logging.XmlKeywordLogger</class>
  <method>endKeyword</method>
  <thread>1</thread>
  <message>End action : waitForElementClickable(findTestObject(&amp;quot;Page_Work Order  View- Workforce Manager/small_High&amp;quot;), 20)</message>
  <nestedLevel>1</nestedLevel>
  <escapedJava>false</escapedJava>
</record>
<record>
  <date>2026-05-26T21:39:10.764162600Z</date>
  <millis>1779831550764</millis>
  <nanos>162600</nanos>
  <sequence>1535</sequence>
  <level>START</level>
  <class>com.kms.katalon.core.logging.XmlKeywordLogger</class>
  <method>startKeyword</method>
  <thread>1</thread>
  <message>Start action : click(findTestObject(&amp;quot;Page_Work Order  View- Workforce Manager/small_High&amp;quot;))</message>
  <nestedLevel>1</nestedLevel>
  <escapedJava>false</escapedJava>
  <property name="startLine">29</property>
  <property name="stepIndex">5</property>
</record>
<record>
  <date>2026-05-26T21:39:16.033447700Z</date>
  <millis>1779831556033</millis>
  <nanos>447700</nanos>
  <sequence>1546</sequence>
  <level>PASSED</level>
  <class>com.kms.katalon.core.logging.XmlKeywordLogger</class>
  <method>logMessage</method>
  <thread>1</thread>
  <message>Object: &amp;apos;Object Repository/Page_Work Order  View- Workforce Manager/small_High&amp;apos; is clicked on</message>
  <nestedLevel>1</nestedLevel>
  <escapedJava>false</escapedJava>
  <property name="testops-method-name">com.kms.katalon.core.webui.keyword.internal.WebUIKeywordMain.runKeywordUntilTimeout</property>
  <property name="testops-execution-stacktrace">com.kms.katalon.core.logging.KeywordLogger.logPassed(KeywordLogger.java:350)
com.kms.katalon.core.logging.KeywordLogger.logPassed(KeywordLogger.java:345)
com.kms.katalon.core.webui.keyword.builtin.ClickKeyword$_click_closure1.doCall(ClickKeyword.groovy:66)
java.base/jdk.internal.reflect.DirectMethodHandleAccessor.invoke(DirectMethodHandleAccessor.java:103)
jdk.proxy2/jdk.proxy2.$Proxy56.execute(Unknown Source)
com.kms.katalon.core.webui.model.SeleniumActionRetryController.performAction(SeleniumActionRetryController.java:96)
com.kms.katalon.core.webui.model.SeleniumActionRetryController.performAction(SeleniumActionRetryController.java:83)
com.kms.katalon.core.webui.keyword.internal.WebUIKeywordMain$_runKeywordUntilTimeout_closure1.doCall(WebUIKeywordMain.groovy:135)
com.kms.katalon.core.webui.keyword.internal.WebUIKeywordMain$_runKeywordUntilTimeout_closure1.call(WebUIKeywordMain.groovy)
com.kms.katalon.core.webui.keyword.internal.WebUIKeywordMain.runKeyword(WebUIKeywordMain.groovy:41)
com.kms.katalon.core.webui.keyword.internal.WebUIKeywordMain.runKeywordUntilTimeout(WebUIKeywordMain.groovy:133)
com.kms.katalon.core.webui.keyword.builtin.ClickKeyword.click(ClickKeyword.groovy:72)
com.kms.katalon.core.webui.keyword.builtin.ClickKeyword.execute(ClickKeyword.groovy:38)
com.kms.katalon.core.keyword.internal.KeywordExecutor.executeKeywordForPlatform(KeywordExecutor.groovy:99)
com.kms.katalon.core.webui.keyword.WebUiBuiltInKeywords.click(WebUiBuiltInKeywords.groovy:722)
Priority.run(Priority:30)
</property>
</record>
<record>
  <date>2026-05-26T21:39:16.038996200Z</date>
  <millis>1779831556038</millis>
  <nanos>996200</nanos>
  <sequence>1547</sequence>
  <level>END</level>
  <class>com.kms.katalon.core.logging.XmlKeywordLogger</class>
  <method>endKeyword</method>
  <thread>1</thread>
  <message>End action : click(findTestObject(&amp;quot;Page_Work Order  View- Workforce Manager/small_High&amp;quot;))</message>
  <nestedLevel>1</nestedLevel>
  <escapedJava>false</escapedJava>
</record>
<record>
  <date>2026-05-26T21:39:16.038996200Z</date>
  <millis>1779831556038</millis>
  <nanos>996200</nanos>
  <sequence>1548</sequence>
  <level>START</level>
  <class>com.kms.katalon.core.logging.XmlKeywordLogger</class>
  <method>startKeyword</method>
  <thread>1</thread>
  <message>Start action : click(findTestObject(&amp;quot;Page_Work Order  View- Workforce Manager/div_Successful&amp;quot;))</message>
  <nestedLevel>1</nestedLevel>
  <escapedJava>false</escapedJava>
  <property name="startLine">36</property>
  <property name="stepIndex">6</property>
</record>
<record>
  <date>2026-05-26T21:39:18.009304500Z</date>
  <millis>1779831558009</millis>
  <nanos>304500</nanos>
  <sequence>1559</sequence>
  <level>PASSED</level>
  <class>com.kms.katalon.core.logging.XmlKeywordLogger</class>
  <method>logMessage</method>
  <thread>1</thread>
  <message>Object: &amp;apos;Object Repository/Page_Work Order  View- Workforce Manager/div_Successful&amp;apos; is clicked on</message>
  <nestedLevel>1</nestedLevel>
  <escapedJava>false</escapedJava>
  <property name="testops-method-name">com.kms.katalon.core.webui.keyword.internal.WebUIKeywordMain.runKeywordUntilTimeout</property>
  <property name="testops-execution-stacktrace">com.kms.katalon.core.logging.KeywordLogger.logPassed(KeywordLogger.java:350)
com.kms.katalon.core.logging.KeywordLogger.logPassed(KeywordLogger.java:345)
com.kms.katalon.core.webui.keyword.builtin.ClickKeyword$_click_closure1.doCall(ClickKeyword.groovy:66)
java.base/jdk.internal.reflect.DirectMethodHandleAccessor.invoke(DirectMethodHandleAccessor.java:103)
jdk.proxy2/jdk.proxy2.$Proxy56.execute(Unknown Source)
com.kms.katalon.core.webui.model.SeleniumActionRetryController.performAction(SeleniumActionRetryController.java:96)
com.kms.katalon.core.webui.model.SeleniumActionRetryController.performAction(SeleniumActionRetryController.java:83)
com.kms.katalon.core.webui.keyword.internal.WebUIKeywordMain$_runKeywordUntilTimeout_closure1.doCall(WebUIKeywordMain.groovy:135)
com.kms.katalon.core.webui.keyword.internal.WebUIKeywordMain$_runKeywordUntilTimeout_closure1.call(WebUIKeywordMain.groovy)
com.kms.katalon.core.webui.keyword.internal.WebUIKeywordMain.runKeyword(WebUIKeywordMain.groovy:41)
com.kms.katalon.core.webui.keyword.internal.WebUIKeywordMain.runKeywordUntilTimeout(WebUIKeywordMain.groovy:133)
com.kms.katalon.core.webui.keyword.builtin.ClickKeyword.click(ClickKeyword.groovy:72)
com.kms.katalon.core.webui.keyword.builtin.ClickKeyword.execute(ClickKeyword.groovy:38)
com.kms.katalon.core.keyword.internal.KeywordExecutor.executeKeywordForPlatform(KeywordExecutor.groovy:99)
com.kms.katalon.core.webui.keyword.WebUiBuiltInKeywords.click(WebUiBuiltInKeywords.groovy:722)
Priority.run(Priority:37)
</property>
</record>
<record>
  <date>2026-05-26T21:39:18.016023800Z</date>
  <millis>1779831558016</millis>
  <nanos>23800</nanos>
  <sequence>1560</sequence>
  <level>END</level>
  <class>com.kms.katalon.core.logging.XmlKeywordLogger</class>
  <method>endKeyword</method>
  <thread>1</thread>
  <message>End action : click(findTestObject(&amp;quot;Page_Work Order  View- Workforce Manager/div_Successful&amp;quot;))</message>
  <nestedLevel>1</nestedLevel>
  <escapedJava>false</escapedJava>
</record>
<record>
  <date>2026-05-26T21:39:18.017796900Z</date>
  <millis>1779831558017</millis>
  <nanos>796900</nanos>
  <sequence>1561</sequence>
  <level>START</level>
  <class>com.kms.katalon.core.logging.XmlKeywordLogger</class>
  <method>startKeyword</method>
  <thread>1</thread>
  <message>Start action : click(findTestObject(&amp;quot;Page_Work Order  View- Workforce Manager/button_OK&amp;quot;))</message>
  <nestedLevel>1</nestedLevel>
  <escapedJava>false</escapedJava>
  <property name="startLine">43</property>
  <property name="stepIndex">7</property>
</record>
<record>
  <date>2026-05-26T21:39:18.757314600Z</date>
  <millis>1779831558757</millis>
  <nanos>314600</nanos>
  <sequence>1572</sequence>
  <level>PASSED</level>
  <class>com.kms.katalon.core.logging.XmlKeywordLogger</class>
  <method>logMessage</method>
  <thread>1</thread>
  <message>Object: &amp;apos;Object Repository/Page_Work Order  View- Workforce Manager/button_OK&amp;apos; is clicked on</message>
  <nestedLevel>1</nestedLevel>
  <escapedJava>false</escapedJava>
  <property name="testops-method-name">com.kms.katalon.core.webui.keyword.internal.WebUIKeywordMain.runKeywordUntilTimeout</property>
  <property name="testops-execution-stacktrace">com.kms.katalon.core.logging.KeywordLogger.logPassed(KeywordLogger.java:350)
com.kms.katalon.core.logging.KeywordLogger.logPassed(KeywordLogger.java:345)
com.kms.katalon.core.webui.keyword.builtin.ClickKeyword$_click_closure1.doCall(ClickKeyword.groovy:66)
java.base/jdk.internal.reflect.DirectMethodHandleAccessor.invoke(DirectMethodHandleAccessor.java:103)
jdk.proxy2/jdk.proxy2.$Proxy56.execute(Unknown Source)
com.kms.katalon.core.webui.model.SeleniumActionRetryController.performAction(SeleniumActionRetryController.java:96)
com.kms.katalon.core.webui.model.SeleniumActionRetryController.performAction(SeleniumActionRetryController.java:83)
com.kms.katalon.core.webui.keyword.internal.WebUIKeywordMain$_runKeywordUntilTimeout_closure1.doCall(WebUIKeywordMain.groovy:135)
com.kms.katalon.core.webui.keyword.internal.WebUIKeywordMain$_runKeywordUntilTimeout_closure1.call(WebUIKeywordMain.groovy)
com.kms.katalon.core.webui.keyword.internal.WebUIKeywordMain.runKeyword(WebUIKeywordMain.groovy:41)
com.kms.katalon.core.webui.keyword.internal.WebUIKeywordMain.runKeywordUntilTimeout(WebUIKeywordMain.groovy:133)
com.kms.katalon.core.webui.keyword.builtin.ClickKeyword.click(ClickKeyword.groovy:72)
com.kms.katalon.core.webui.keyword.builtin.ClickKeyword.execute(ClickKeyword.groovy:38)
com.kms.katalon.core.keyword.internal.KeywordExecutor.executeKeywordForPlatform(KeywordExecutor.groovy:99)
com.kms.katalon.core.webui.keyword.WebUiBuiltInKeywords.click(WebUiBuiltInKeywords.groovy:722)
Priority.run(Priority:44)
</property>
</record>
<record>
  <date>2026-05-26T21:39:18.761365700Z</date>
  <millis>1779831558761</millis>
  <nanos>365700</nanos>
  <sequence>1573</sequence>
  <level>END</level>
  <class>com.kms.katalon.core.logging.XmlKeywordLogger</class>
  <method>endKeyword</method>
  <thread>1</thread>
  <message>End action : click(findTestObject(&amp;quot;Page_Work Order  View- Workforce Manager/button_OK&amp;quot;))</message>
  <nestedLevel>1</nestedLevel>
  <escapedJava>false</escapedJava>
</record>
<record>
  <date>2026-05-26T21:39:18.765440600Z</date>
  <millis>1779831558765</millis>
  <nanos>440600</nanos>
  <sequence>1574</sequence>
  <level>PASSED</level>
  <class>com.kms.katalon.core.logging.XmlKeywordLogger</class>
  <method>logMessage</method>
  <thread>1</thread>
  <message>Test Cases/TaskActions/Change_Priority/Priority</message>
  <nestedLevel>1</nestedLevel>
  <escapedJava>false</escapedJava>
</record>
<record>
  <date>2026-05-26T21:39:18.767462400Z</date>
  <millis>1779831558767</millis>
  <nanos>462400</nanos>
  <sequence>1575</sequence>
  <level>END</level>
  <class>com.kms.katalon.core.logging.XmlKeywordLogger</class>
  <method>endTest</method>
  <thread>1</thread>
  <message>End Test Case : Test Cases/TaskActions/Change_Priority/Priority</message>
  <nestedLevel>0</nestedLevel>
  <escapedJava>false</escapedJava>
  <property name="executionBindingVariables">[]</property>
  <property name="applitools">false</property>
  <property name="remainingRetryCount">3</property>
  <property name="executedKeywords">{
  &quot;WebUI.click&quot;: 4,
  &quot;WebUI.waitForPageLoad&quot;: 1,
  &quot;WebUI.waitForElementClickable&quot;: 2
}</property>
  <property name="currentRetryCount">0</property>
  <property name="keywordsUsage">{
  &quot;web_ui&quot;: true,
  &quot;web_service&quot;: false,
  &quot;cucumber&quot;: false,
  &quot;builtin&quot;: false,
  &quot;mobile&quot;: false,
  &quot;windows&quot;: false,
  &quot;testng&quot;: false
}</property>
</record>
<record>
  <date>2026-05-26T21:39:18.780003900Z</date>
  <millis>1779831558780</millis>
  <nanos>3900</nanos>
  <sequence>1576</sequence>
  <level>START</level>
  <class>com.kms.katalon.core.logging.XmlKeywordLogger</class>
  <method>startTest</method>
  <thread>1</thread>
  <message>Start Test Case : Test Cases/TaskActions/Table_Actions/Download_File</message>
  <nestedLevel>1</nestedLevel>
  <escapedJava>false</escapedJava>
  <property name="remainingRetryCount">3</property>
  <property name="origin"></property>
  <property name="name">Test Cases/TaskActions/Table_Actions/Download_File</property>
  <property name="description"></property>
  <property name="iteration"></property>
  <property name="id">Test Cases/TaskActions/Table_Actions/Download_File</property>
  <property name="source">C:\Users\CROWN-STAFF\git\convergence-qa-tests\Test Cases\TaskActions\Table_Actions\Download_File.tc</property>
  <property name="tag"></property>
  <property name="isOptional">false</property>
  <property name="uuid">ab786bd3-5219-4e46-9d77-ad968188e6d6</property>
  <property name="currentRetryCount">0</property>
</record>
<record>
  <date>2026-05-26T21:39:18.828191900Z</date>
  <millis>1779831558828</millis>
  <nanos>191900</nanos>
  <sequence>1578</sequence>
  <level>RUN_DATA</level>
  <class>com.kms.katalon.core.logging.XmlKeywordLogger</class>
  <method>logMessage</method>
  <thread>1</thread>
  <message>executionBindingVariables = []</message>
  <nestedLevel>1</nestedLevel>
  <escapedJava>false</escapedJava>
  <property name="executionBindingVariables">[]</property>
</record>
<record>
  <date>2026-05-26T21:39:19.152331900Z</date>
  <millis>1779831559152</millis>
  <nanos>331900</nanos>
  <sequence>1579</sequence>
  <level>START</level>
  <class>com.kms.katalon.core.logging.XmlKeywordLogger</class>
  <method>startKeyword</method>
  <thread>1</thread>
  <message>Start action : waitForPageLoad(20)</message>
  <nestedLevel>1</nestedLevel>
  <escapedJava>false</escapedJava>
  <property name="startLine">21</property>
  <property name="stepIndex">1</property>
</record>
<record>
  <date>2026-05-26T21:39:19.317238Z</date>
  <millis>1779831559317</millis>
  <nanos>238000</nanos>
  <sequence>1583</sequence>
  <level>PASSED</level>
  <class>com.kms.katalon.core.logging.XmlKeywordLogger</class>
  <method>logMessage</method>
  <thread>1</thread>
  <message>Wait for page load successfully</message>
  <nestedLevel>1</nestedLevel>
  <escapedJava>false</escapedJava>
  <property name="testops-method-name">com.kms.katalon.core.webui.keyword.internal.WebUIKeywordMain$runKeyword$0.call</property>
  <property name="testops-execution-stacktrace">com.kms.katalon.core.logging.KeywordLogger.logPassed(KeywordLogger.java:350)
com.kms.katalon.core.logging.KeywordLogger.logPassed(KeywordLogger.java:345)
com.kms.katalon.core.logging.KeywordLogger$logPassed$0.call(Unknown Source)
com.kms.katalon.core.webui.keyword.builtin.WaitForPageLoadKeyword$_waitForPageLoad_closure1.doCall(WaitForPageLoadKeyword.groovy:94)
com.kms.katalon.core.webui.keyword.builtin.WaitForPageLoadKeyword$_waitForPageLoad_closure1.doCall(WaitForPageLoadKeyword.groovy)
java.base/jdk.internal.reflect.DirectMethodHandleAccessor.invoke(DirectMethodHandleAccessor.java:103)
com.kms.katalon.core.webui.keyword.internal.WebUIKeywordMain.runKeyword(WebUIKeywordMain.groovy:41)
com.kms.katalon.core.webui.keyword.internal.WebUIKeywordMain$runKeyword$0.call(Unknown Source)
com.kms.katalon.core.webui.keyword.builtin.WaitForPageLoadKeyword.waitForPageLoad(WaitForPageLoadKeyword.groovy:95)
com.kms.katalon.core.webui.keyword.builtin.WaitForPageLoadKeyword.execute(WaitForPageLoadKeyword.groovy:68)
com.kms.katalon.core.keyword.internal.KeywordExecutor.executeKeywordForPlatform(KeywordExecutor.groovy:99)
com.kms.katalon.core.webui.keyword.WebUiBuiltInKeywords.waitForPageLoad(WebUiBuiltInKeywords.groovy:2559)
Download_File.run(Download_File:21)
</property>
</record>
<record>
  <date>2026-05-26T21:39:19.322177500Z</date>
  <millis>1779831559322</millis>
  <nanos>177500</nanos>
  <sequence>1584</sequence>
  <level>END</level>
  <class>com.kms.katalon.core.logging.XmlKeywordLogger</class>
  <method>endKeyword</method>
  <thread>1</thread>
  <message>End action : waitForPageLoad(20)</message>
  <nestedLevel>1</nestedLevel>
  <escapedJava>false</escapedJava>
</record>
<record>
  <date>2026-05-26T21:39:19.323037700Z</date>
  <millis>1779831559323</millis>
  <nanos>37700</nanos>
  <sequence>1585</sequence>
  <level>START</level>
  <class>com.kms.katalon.core.logging.XmlKeywordLogger</class>
  <method>startKeyword</method>
  <thread>1</thread>
  <message>Start action : waitForElementPresent(findTestObject(&amp;quot;Page_Work Order  Index- Workforce Manager/input_Search&amp;quot;), 20)</message>
  <nestedLevel>1</nestedLevel>
  <escapedJava>false</escapedJava>
  <property name="startLine">23</property>
  <property name="stepIndex">2</property>
</record>
<record>
  <date>2026-05-26T21:39:39.455198200Z</date>
  <millis>1779831579455</millis>
  <nanos>198200</nanos>
  <sequence>1591</sequence>
  <level>WARNING</level>
  <class>com.kms.katalon.core.logging.XmlKeywordLogger</class>
  <method>logMessage</method>
  <thread>1</thread>
  <message>Object &amp;apos;Object Repository/Page_Work Order  Index- Workforce Manager/input_Search&amp;apos; is not present after 20 second(s)</message>
  <nestedLevel>1</nestedLevel>
  <escapedJava>false</escapedJava>
  <property name="failed.exception.stacktrace">com.kms.katalon.core.webui.exception.WebElementNotFoundException: Web element with id: &apos;Object Repository/Page_Work Order  Index- Workforce Manager/input_Search&apos; located by &apos;By.xpath: //*[@id = &apos;created-by-me&apos;]//*[@id = &apos;search-table&apos;]&apos; not found
	at com.kms.katalon.core.webui.model.WebUiElementFinder.findElementByNormalMethods(WebUiElementFinder.java:201)
	at com.kms.katalon.core.webui.model.WebUiElementFinder.findElementsBySelectedMethod(WebUiElementFinder.java:99)
	at com.kms.katalon.core.webui.model.WebUiElementFinder.findElementsBySelectedMethod(WebUiElementFinder.java:82)
	at com.kms.katalon.core.webui.model.WebUiElementFinder.findElementsBySelectedMethod(WebUiElementFinder.java:77)
	at com.kms.katalon.core.webui.model.WebUiElementFinder.findElement(WebUiElementFinder.java:51)
	at com.kms.katalon.core.webui.model.WebUiElementFinderWithTimeout.basicFindElement(WebUiElementFinderWithTimeout.java:51)
	at com.kms.katalon.core.webui.model.WebUiElementFinderWithTimeout.lambda$0(WebUiElementFinderWithTimeout.java:29)
	at com.kms.katalon.core.webui.model.SeleniumActionRetryController.performAction(SeleniumActionRetryController.java:96)
	at com.kms.katalon.core.webui.model.SeleniumActionRetryController.performAction(SeleniumActionRetryController.java:83)
	at com.kms.katalon.core.webui.model.WebUiElementFinderWithTimeout.findElement(WebUiElementFinderWithTimeout.java:28)
	at com.kms.katalon.core.webui.keyword.internal.WebUIAbstractKeyword.lambda$1(WebUIAbstractKeyword.java:119)
	at com.kms.katalon.core.webui.model.SeleniumActionRetryController.performAction(SeleniumActionRetryController.java:96)
	at com.kms.katalon.core.webui.model.SeleniumActionRetryController.performAction(SeleniumActionRetryController.java:83)
	at com.kms.katalon.core.webui.model.SeleniumActionRetryController.retry(SeleniumActionRetryController.java:49)
	at com.kms.katalon.core.webui.model.SeleniumActionRetryController.retry(SeleniumActionRetryController.java:44)
	at com.kms.katalon.core.webui.keyword.internal.WebUIAbstractKeyword.findWebElement(WebUIAbstractKeyword.java:116)
	at com.kms.katalon.core.webui.keyword.builtin.WaitForElementPresentKeyword$_waitForElementPresent_closure1.doCall(WaitForElementPresentKeyword.groovy:54)
	at java.base/jdk.internal.reflect.DirectMethodHandleAccessor.invoke(DirectMethodHandleAccessor.java:103)
	at jdk.proxy2/jdk.proxy2.$Proxy56.execute(Unknown Source)
	at com.kms.katalon.core.webui.model.SeleniumActionRetryController.performAction(SeleniumActionRetryController.java:96)
	at com.kms.katalon.core.webui.model.SeleniumActionRetryController.performAction(SeleniumActionRetryController.java:83)
	at com.kms.katalon.core.webui.keyword.internal.WebUIKeywordMain$_runKeywordUntilTimeout_closure2.doCall(WebUIKeywordMain.groovy:155)
	at com.kms.katalon.core.webui.keyword.internal.WebUIKeywordMain$_runKeywordUntilTimeout_closure2.call(WebUIKeywordMain.groovy)
	at com.kms.katalon.core.webui.keyword.internal.WebUIKeywordMain.runKeyword(WebUIKeywordMain.groovy:41)
	at com.kms.katalon.core.webui.keyword.internal.WebUIKeywordMain.runKeywordUntilTimeout(WebUIKeywordMain.groovy:152)
	at com.kms.katalon.core.webui.keyword.builtin.WaitForElementPresentKeyword.waitForElementPresent(WaitForElementPresentKeyword.groovy:68)
	at com.kms.katalon.core.webui.keyword.builtin.WaitForElementPresentKeyword.execute(WaitForElementPresentKeyword.groovy:38)
	at com.kms.katalon.core.keyword.internal.KeywordExecutor.executeKeywordForPlatform(KeywordExecutor.groovy:99)
	at com.kms.katalon.core.webui.keyword.WebUiBuiltInKeywords.waitForElementPresent(WebUiBuiltInKeywords.groovy:424)
	at Download_File.run(Download_File:23)
	at com.kms.katalon.core.main.ScriptEngine.run(ScriptEngine.java:203)
	at com.kms.katalon.core.main.ScriptEngine.runScriptAsRawText(ScriptEngine.java:115)
	at com.kms.katalon.core.main.TestCaseExecutor.runScript(TestCaseExecutor.java:504)
	at com.kms.katalon.core.main.TestCaseExecutor.doExecute(TestCaseExecutor.java:495)
	at com.kms.katalon.core.main.TestCaseExecutor.processExecutionPhase(TestCaseExecutor.java:474)
	at com.kms.katalon.core.main.TestCaseExecutor.accessMainPhase(TestCaseExecutor.java:466)
	at com.kms.katalon.core.main.TestCaseExecutor.execute(TestCaseExecutor.java:336)
	at com.kms.katalon.core.common.CommonExecutor.accessTestCaseMainPhase(CommonExecutor.java:71)
	at com.kms.katalon.core.main.TestSuiteExecutor.accessTestSuiteMainPhase(TestSuiteExecutor.java:153)
	at com.kms.katalon.core.main.TestSuiteExecutor.execute(TestSuiteExecutor.java:110)
	at com.kms.katalon.core.main.TestCaseMain.startTestSuite(TestCaseMain.java:206)
	at S0526_53.run(S0526_53.groovy:40)
	at java.base/jdk.internal.reflect.DirectMethodHandleAccessor.invoke(DirectMethodHandleAccessor.java:103)
</property>
  <property name="failed.exception.class">com.kms.katalon.core.webui.exception.WebElementNotFoundException</property>
  <property name="failed.exception.message">Web element with id: &apos;Object Repository/Page_Work Order  Index- Workforce Manager/input_Search&apos; located by &apos;By.xpath: //*[@id = &apos;created-by-me&apos;]//*[@id = &apos;search-table&apos;]&apos; not found</property>
</record>
<record>
  <date>2026-05-26T21:39:39.458847Z</date>
  <millis>1779831579458</millis>
  <nanos>847000</nanos>
  <sequence>1592</sequence>
  <level>END</level>
  <class>com.kms.katalon.core.logging.XmlKeywordLogger</class>
  <method>endKeyword</method>
  <thread>1</thread>
  <message>End action : waitForElementPresent(findTestObject(&amp;quot;Page_Work Order  Index- Workforce Manager/input_Search&amp;quot;), 20)</message>
  <nestedLevel>1</nestedLevel>
  <escapedJava>false</escapedJava>
</record>
<record>
  <date>2026-05-26T21:39:39.458847Z</date>
  <millis>1779831579458</millis>
  <nanos>847000</nanos>
  <sequence>1593</sequence>
  <level>START</level>
  <class>com.kms.katalon.core.logging.XmlKeywordLogger</class>
  <method>startKeyword</method>
  <thread>1</thread>
  <message>Start action : click(findTestObject(&amp;quot;Page_Work Order  View- Workforce Manager/btn_Download&amp;quot;))</message>
  <nestedLevel>1</nestedLevel>
  <escapedJava>false</escapedJava>
  <property name="startLine">25</property>
  <property name="stepIndex">3</property>
</record>
<record>
  <date>2026-05-26T21:39:40.617200200Z</date>
  <millis>1779831580617</millis>
  <nanos>200200</nanos>
  <sequence>1604</sequence>
  <level>PASSED</level>
  <class>com.kms.katalon.core.logging.XmlKeywordLogger</class>
  <method>logMessage</method>
  <thread>1</thread>
  <message>Object: &amp;apos;Object Repository/Page_Work Order  View- Workforce Manager/btn_Download&amp;apos; is clicked on</message>
  <nestedLevel>1</nestedLevel>
  <escapedJava>false</escapedJava>
  <property name="testops-method-name">com.kms.katalon.core.webui.keyword.internal.WebUIKeywordMain.runKeywordUntilTimeout</property>
  <property name="testops-execution-stacktrace">com.kms.katalon.core.logging.KeywordLogger.logPassed(KeywordLogger.java:350)
com.kms.katalon.core.logging.KeywordLogger.logPassed(KeywordLogger.java:345)
com.kms.katalon.core.webui.keyword.builtin.ClickKeyword$_click_closure1.doCall(ClickKeyword.groovy:66)
java.base/jdk.internal.reflect.DirectMethodHandleAccessor.invoke(DirectMethodHandleAccessor.java:103)
jdk.proxy2/jdk.proxy2.$Proxy56.execute(Unknown Source)
com.kms.katalon.core.webui.model.SeleniumActionRetryController.performAction(SeleniumActionRetryController.java:96)
com.kms.katalon.core.webui.model.SeleniumActionRetryController.performAction(SeleniumActionRetryController.java:83)
com.kms.katalon.core.webui.keyword.internal.WebUIKeywordMain$_runKeywordUntilTimeout_closure1.doCall(WebUIKeywordMain.groovy:135)
com.kms.katalon.core.webui.keyword.internal.WebUIKeywordMain$_runKeywordUntilTimeout_closure1.call(WebUIKeywordMain.groovy)
com.kms.katalon.core.webui.keyword.internal.WebUIKeywordMain.runKeyword(WebUIKeywordMain.groovy:41)
com.kms.katalon.core.webui.keyword.internal.WebUIKeywordMain.runKeywordUntilTimeout(WebUIKeywordMain.groovy:133)
com.kms.katalon.core.webui.keyword.builtin.ClickKeyword.click(ClickKeyword.groovy:72)
com.kms.katalon.core.webui.keyword.builtin.ClickKeyword.execute(ClickKeyword.groovy:38)
com.kms.katalon.core.keyword.internal.KeywordExecutor.executeKeywordForPlatform(KeywordExecutor.groovy:99)
com.kms.katalon.core.webui.keyword.WebUiBuiltInKeywords.click(WebUiBuiltInKeywords.groovy:722)
Download_File.run(Download_File:25)
</property>
</record>
<record>
  <date>2026-05-26T21:39:40.624704900Z</date>
  <millis>1779831580624</millis>
  <nanos>704900</nanos>
  <sequence>1605</sequence>
  <level>END</level>
  <class>com.kms.katalon.core.logging.XmlKeywordLogger</class>
  <method>endKeyword</method>
  <thread>1</thread>
  <message>End action : click(findTestObject(&amp;quot;Page_Work Order  View- Workforce Manager/btn_Download&amp;quot;))</message>
  <nestedLevel>1</nestedLevel>
  <escapedJava>false</escapedJava>
</record>
<record>
  <date>2026-05-26T21:39:40.626728500Z</date>
  <millis>1779831580626</millis>
  <nanos>728500</nanos>
  <sequence>1606</sequence>
  <level>PASSED</level>
  <class>com.kms.katalon.core.logging.XmlKeywordLogger</class>
  <method>logMessage</method>
  <thread>1</thread>
  <message>Test Cases/TaskActions/Table_Actions/Download_File</message>
  <nestedLevel>1</nestedLevel>
  <escapedJava>false</escapedJava>
</record>
<record>
  <date>2026-05-26T21:39:40.629295Z</date>
  <millis>1779831580629</millis>
  <nanos>295000</nanos>
  <sequence>1607</sequence>
  <level>END</level>
  <class>com.kms.katalon.core.logging.XmlKeywordLogger</class>
  <method>endTest</method>
  <thread>1</thread>
  <message>End Test Case : Test Cases/TaskActions/Table_Actions/Download_File</message>
  <nestedLevel>0</nestedLevel>
  <escapedJava>false</escapedJava>
  <property name="executionBindingVariables">[]</property>
  <property name="applitools">false</property>
  <property name="remainingRetryCount">3</property>
  <property name="executedKeywords">{
  &quot;WebUI.click&quot;: 1,
  &quot;WebUI.waitForPageLoad&quot;: 1,
  &quot;WebUI.waitForElementPresent&quot;: 1
}</property>
  <property name="currentRetryCount">0</property>
  <property name="keywordsUsage">{
  &quot;web_ui&quot;: true,
  &quot;web_service&quot;: false,
  &quot;cucumber&quot;: false,
  &quot;builtin&quot;: false,
  &quot;mobile&quot;: false,
  &quot;windows&quot;: false,
  &quot;testng&quot;: false
}</property>
</record>
<record>
  <date>2026-05-26T21:39:40.643743800Z</date>
  <millis>1779831580643</millis>
  <nanos>743800</nanos>
  <sequence>1608</sequence>
  <level>START</level>
  <class>com.kms.katalon.core.logging.XmlKeywordLogger</class>
  <method>startTest</method>
  <thread>1</thread>
  <message>Start Test Case : Test Cases/TaskActions/Table_Actions/View_File</message>
  <nestedLevel>1</nestedLevel>
  <escapedJava>false</escapedJava>
  <property name="remainingRetryCount">3</property>
  <property name="origin"></property>
  <property name="name">Test Cases/TaskActions/Table_Actions/View_File</property>
  <property name="description"></property>
  <property name="iteration"></property>
  <property name="id">Test Cases/TaskActions/Table_Actions/View_File</property>
  <property name="source">C:\Users\CROWN-STAFF\git\convergence-qa-tests\Test Cases\TaskActions\Table_Actions\View_File.tc</property>
  <property name="tag"></property>
  <property name="isOptional">false</property>
  <property name="uuid">e90becb5-23c9-44a8-a662-ce01b516895a</property>
  <property name="currentRetryCount">0</property>
</record>
<record>
  <date>2026-05-26T21:39:40.676296200Z</date>
  <millis>1779831580676</millis>
  <nanos>296200</nanos>
  <sequence>1610</sequence>
  <level>RUN_DATA</level>
  <class>com.kms.katalon.core.logging.XmlKeywordLogger</class>
  <method>logMessage</method>
  <thread>1</thread>
  <message>executionBindingVariables = []</message>
  <nestedLevel>1</nestedLevel>
  <escapedJava>false</escapedJava>
  <property name="executionBindingVariables">[]</property>
</record>
<record>
  <date>2026-05-26T21:39:40.916511500Z</date>
  <millis>1779831580916</millis>
  <nanos>511500</nanos>
  <sequence>1611</sequence>
  <level>START</level>
  <class>com.kms.katalon.core.logging.XmlKeywordLogger</class>
  <method>startKeyword</method>
  <thread>1</thread>
  <message>Start action : waitForPageLoad(20)</message>
  <nestedLevel>1</nestedLevel>
  <escapedJava>false</escapedJava>
  <property name="startLine">21</property>
  <property name="stepIndex">1</property>
</record>
<record>
  <date>2026-05-26T21:39:40.942123100Z</date>
  <millis>1779831580942</millis>
  <nanos>123100</nanos>
  <sequence>1615</sequence>
  <level>PASSED</level>
  <class>com.kms.katalon.core.logging.XmlKeywordLogger</class>
  <method>logMessage</method>
  <thread>1</thread>
  <message>Wait for page load successfully</message>
  <nestedLevel>1</nestedLevel>
  <escapedJava>false</escapedJava>
  <property name="testops-method-name">com.kms.katalon.core.webui.keyword.internal.WebUIKeywordMain$runKeyword$0.call</property>
  <property name="testops-execution-stacktrace">com.kms.katalon.core.logging.KeywordLogger.logPassed(KeywordLogger.java:350)
com.kms.katalon.core.logging.KeywordLogger.logPassed(KeywordLogger.java:345)
com.kms.katalon.core.logging.KeywordLogger$logPassed$0.call(Unknown Source)
com.kms.katalon.core.webui.keyword.builtin.WaitForPageLoadKeyword$_waitForPageLoad_closure1.doCall(WaitForPageLoadKeyword.groovy:94)
com.kms.katalon.core.webui.keyword.builtin.WaitForPageLoadKeyword$_waitForPageLoad_closure1.doCall(WaitForPageLoadKeyword.groovy)
java.base/jdk.internal.reflect.DirectMethodHandleAccessor.invoke(DirectMethodHandleAccessor.java:103)
com.kms.katalon.core.webui.keyword.internal.WebUIKeywordMain.runKeyword(WebUIKeywordMain.groovy:41)
com.kms.katalon.core.webui.keyword.internal.WebUIKeywordMain$runKeyword$0.call(Unknown Source)
com.kms.katalon.core.webui.keyword.builtin.WaitForPageLoadKeyword.waitForPageLoad(WaitForPageLoadKeyword.groovy:95)
com.kms.katalon.core.webui.keyword.builtin.WaitForPageLoadKeyword.execute(WaitForPageLoadKeyword.groovy:68)
com.kms.katalon.core.keyword.internal.KeywordExecutor.executeKeywordForPlatform(KeywordExecutor.groovy:99)
com.kms.katalon.core.webui.keyword.WebUiBuiltInKeywords.waitForPageLoad(WebUiBuiltInKeywords.groovy:2559)
View_File.run(View_File:21)
</property>
</record>
<record>
  <date>2026-05-26T21:39:40.949438300Z</date>
  <millis>1779831580949</millis>
  <nanos>438300</nanos>
  <sequence>1616</sequence>
  <level>END</level>
  <class>com.kms.katalon.core.logging.XmlKeywordLogger</class>
  <method>endKeyword</method>
  <thread>1</thread>
  <message>End action : waitForPageLoad(20)</message>
  <nestedLevel>1</nestedLevel>
  <escapedJava>false</escapedJava>
</record>
<record>
  <date>2026-05-26T21:39:40.949438300Z</date>
  <millis>1779831580949</millis>
  <nanos>438300</nanos>
  <sequence>1617</sequence>
  <level>START</level>
  <class>com.kms.katalon.core.logging.XmlKeywordLogger</class>
  <method>startKeyword</method>
  <thread>1</thread>
  <message>Start action : waitForElementPresent(findTestObject(&amp;quot;Page_Work Order  Index- Workforce Manager/input_Search&amp;quot;), 20)</message>
  <nestedLevel>1</nestedLevel>
  <escapedJava>false</escapedJava>
  <property name="startLine">23</property>
  <property name="stepIndex">2</property>
</record>
<record>
  <date>2026-05-26T21:40:01.293791100Z</date>
  <millis>1779831601293</millis>
  <nanos>791100</nanos>
  <sequence>1623</sequence>
  <level>WARNING</level>
  <class>com.kms.katalon.core.logging.XmlKeywordLogger</class>
  <method>logMessage</method>
  <thread>1</thread>
  <message>Object &amp;apos;Object Repository/Page_Work Order  Index- Workforce Manager/input_Search&amp;apos; is not present after 20 second(s)</message>
  <nestedLevel>1</nestedLevel>
  <escapedJava>false</escapedJava>
  <property name="failed.exception.stacktrace">com.kms.katalon.core.webui.exception.WebElementNotFoundException: Web element with id: &apos;Object Repository/Page_Work Order  Index- Workforce Manager/input_Search&apos; located by &apos;By.xpath: //*[@id = &apos;created-by-me&apos;]//*[@id = &apos;search-table&apos;]&apos; not found
	at com.kms.katalon.core.webui.model.WebUiElementFinder.findElementByNormalMethods(WebUiElementFinder.java:201)
	at com.kms.katalon.core.webui.model.WebUiElementFinder.findElementsBySelectedMethod(WebUiElementFinder.java:99)
	at com.kms.katalon.core.webui.model.WebUiElementFinder.findElementsBySelectedMethod(WebUiElementFinder.java:82)
	at com.kms.katalon.core.webui.model.WebUiElementFinder.findElementsBySelectedMethod(WebUiElementFinder.java:77)
	at com.kms.katalon.core.webui.model.WebUiElementFinder.findElement(WebUiElementFinder.java:51)
	at com.kms.katalon.core.webui.model.WebUiElementFinderWithTimeout.basicFindElement(WebUiElementFinderWithTimeout.java:51)
	at com.kms.katalon.core.webui.model.WebUiElementFinderWithTimeout.lambda$0(WebUiElementFinderWithTimeout.java:29)
	at com.kms.katalon.core.webui.model.SeleniumActionRetryController.performAction(SeleniumActionRetryController.java:96)
	at com.kms.katalon.core.webui.model.SeleniumActionRetryController.performAction(SeleniumActionRetryController.java:83)
	at com.kms.katalon.core.webui.model.WebUiElementFinderWithTimeout.findElement(WebUiElementFinderWithTimeout.java:28)
	at com.kms.katalon.core.webui.keyword.internal.WebUIAbstractKeyword.lambda$1(WebUIAbstractKeyword.java:119)
	at com.kms.katalon.core.webui.model.SeleniumActionRetryController.performAction(SeleniumActionRetryController.java:96)
	at com.kms.katalon.core.webui.model.SeleniumActionRetryController.performAction(SeleniumActionRetryController.java:83)
	at com.kms.katalon.core.webui.model.SeleniumActionRetryController.retry(SeleniumActionRetryController.java:49)
	at com.kms.katalon.core.webui.model.SeleniumActionRetryController.retry(SeleniumActionRetryController.java:44)
	at com.kms.katalon.core.webui.keyword.internal.WebUIAbstractKeyword.findWebElement(WebUIAbstractKeyword.java:116)
	at com.kms.katalon.core.webui.keyword.builtin.WaitForElementPresentKeyword$_waitForElementPresent_closure1.doCall(WaitForElementPresentKeyword.groovy:54)
	at java.base/jdk.internal.reflect.DirectMethodHandleAccessor.invoke(DirectMethodHandleAccessor.java:103)
	at jdk.proxy2/jdk.proxy2.$Proxy56.execute(Unknown Source)
	at com.kms.katalon.core.webui.model.SeleniumActionRetryController.performAction(SeleniumActionRetryController.java:96)
	at com.kms.katalon.core.webui.model.SeleniumActionRetryController.performAction(SeleniumActionRetryController.java:83)
	at com.kms.katalon.core.webui.keyword.internal.WebUIKeywordMain$_runKeywordUntilTimeout_closure2.doCall(WebUIKeywordMain.groovy:155)
	at com.kms.katalon.core.webui.keyword.internal.WebUIKeywordMain$_runKeywordUntilTimeout_closure2.call(WebUIKeywordMain.groovy)
	at com.kms.katalon.core.webui.keyword.internal.WebUIKeywordMain.runKeyword(WebUIKeywordMain.groovy:41)
	at com.kms.katalon.core.webui.keyword.internal.WebUIKeywordMain.runKeywordUntilTimeout(WebUIKeywordMain.groovy:152)
	at com.kms.katalon.core.webui.keyword.builtin.WaitForElementPresentKeyword.waitForElementPresent(WaitForElementPresentKeyword.groovy:68)
	at com.kms.katalon.core.webui.keyword.builtin.WaitForElementPresentKeyword.execute(WaitForElementPresentKeyword.groovy:38)
	at com.kms.katalon.core.keyword.internal.KeywordExecutor.executeKeywordForPlatform(KeywordExecutor.groovy:99)
	at com.kms.katalon.core.webui.keyword.WebUiBuiltInKeywords.waitForElementPresent(WebUiBuiltInKeywords.groovy:424)
	at View_File.run(View_File:24)
	at com.kms.katalon.core.main.ScriptEngine.run(ScriptEngine.java:203)
	at com.kms.katalon.core.main.ScriptEngine.runScriptAsRawText(ScriptEngine.java:115)
	at com.kms.katalon.core.main.TestCaseExecutor.runScript(TestCaseExecutor.java:504)
	at com.kms.katalon.core.main.TestCaseExecutor.doExecute(TestCaseExecutor.java:495)
	at com.kms.katalon.core.main.TestCaseExecutor.processExecutionPhase(TestCaseExecutor.java:474)
	at com.kms.katalon.core.main.TestCaseExecutor.accessMainPhase(TestCaseExecutor.java:466)
	at com.kms.katalon.core.main.TestCaseExecutor.execute(TestCaseExecutor.java:336)
	at com.kms.katalon.core.common.CommonExecutor.accessTestCaseMainPhase(CommonExecutor.java:71)
	at com.kms.katalon.core.main.TestSuiteExecutor.accessTestSuiteMainPhase(TestSuiteExecutor.java:153)
	at com.kms.katalon.core.main.TestSuiteExecutor.execute(TestSuiteExecutor.java:110)
	at com.kms.katalon.core.main.TestCaseMain.startTestSuite(TestCaseMain.java:206)
	at S0526_53.run(S0526_53.groovy:40)
	at java.base/jdk.internal.reflect.DirectMethodHandleAccessor.invoke(DirectMethodHandleAccessor.java:103)
</property>
  <property name="failed.exception.class">com.kms.katalon.core.webui.exception.WebElementNotFoundException</property>
  <property name="failed.exception.message">Web element with id: &apos;Object Repository/Page_Work Order  Index- Workforce Manager/input_Search&apos; located by &apos;By.xpath: //*[@id = &apos;created-by-me&apos;]//*[@id = &apos;search-table&apos;]&apos; not found</property>
</record>
<record>
  <date>2026-05-26T21:40:01.302943100Z</date>
  <millis>1779831601302</millis>
  <nanos>943100</nanos>
  <sequence>1624</sequence>
  <level>END</level>
  <class>com.kms.katalon.core.logging.XmlKeywordLogger</class>
  <method>endKeyword</method>
  <thread>1</thread>
  <message>End action : waitForElementPresent(findTestObject(&amp;quot;Page_Work Order  Index- Workforce Manager/input_Search&amp;quot;), 20)</message>
  <nestedLevel>1</nestedLevel>
  <escapedJava>false</escapedJava>
</record>
<record>
  <date>2026-05-26T21:40:01.304902400Z</date>
  <millis>1779831601304</millis>
  <nanos>902400</nanos>
  <sequence>1625</sequence>
  <level>START</level>
  <class>com.kms.katalon.core.logging.XmlKeywordLogger</class>
  <method>startKeyword</method>
  <thread>1</thread>
  <message>Start action : click(findTestObject(&amp;quot;Page_Work Order  View- Workforce Manager/btn_View&amp;quot;))</message>
  <nestedLevel>1</nestedLevel>
  <escapedJava>false</escapedJava>
  <property name="startLine">31</property>
  <property name="stepIndex">3</property>
</record>
<record>
  <date>2026-05-26T21:40:02.494543600Z</date>
  <millis>1779831602494</millis>
  <nanos>543600</nanos>
  <sequence>1636</sequence>
  <level>PASSED</level>
  <class>com.kms.katalon.core.logging.XmlKeywordLogger</class>
  <method>logMessage</method>
  <thread>1</thread>
  <message>Object: &amp;apos;Object Repository/Page_Work Order  View- Workforce Manager/btn_View&amp;apos; is clicked on</message>
  <nestedLevel>1</nestedLevel>
  <escapedJava>false</escapedJava>
  <property name="testops-method-name">com.kms.katalon.core.webui.keyword.internal.WebUIKeywordMain.runKeywordUntilTimeout</property>
  <property name="testops-execution-stacktrace">com.kms.katalon.core.logging.KeywordLogger.logPassed(KeywordLogger.java:350)
com.kms.katalon.core.logging.KeywordLogger.logPassed(KeywordLogger.java:345)
com.kms.katalon.core.webui.keyword.builtin.ClickKeyword$_click_closure1.doCall(ClickKeyword.groovy:66)
java.base/jdk.internal.reflect.DirectMethodHandleAccessor.invoke(DirectMethodHandleAccessor.java:103)
jdk.proxy2/jdk.proxy2.$Proxy56.execute(Unknown Source)
com.kms.katalon.core.webui.model.SeleniumActionRetryController.performAction(SeleniumActionRetryController.java:96)
com.kms.katalon.core.webui.model.SeleniumActionRetryController.performAction(SeleniumActionRetryController.java:83)
com.kms.katalon.core.webui.keyword.internal.WebUIKeywordMain$_runKeywordUntilTimeout_closure1.doCall(WebUIKeywordMain.groovy:135)
com.kms.katalon.core.webui.keyword.internal.WebUIKeywordMain$_runKeywordUntilTimeout_closure1.call(WebUIKeywordMain.groovy)
com.kms.katalon.core.webui.keyword.internal.WebUIKeywordMain.runKeyword(WebUIKeywordMain.groovy:41)
com.kms.katalon.core.webui.keyword.internal.WebUIKeywordMain.runKeywordUntilTimeout(WebUIKeywordMain.groovy:133)
com.kms.katalon.core.webui.keyword.builtin.ClickKeyword.click(ClickKeyword.groovy:72)
com.kms.katalon.core.webui.keyword.builtin.ClickKeyword.execute(ClickKeyword.groovy:38)
com.kms.katalon.core.keyword.internal.KeywordExecutor.executeKeywordForPlatform(KeywordExecutor.groovy:99)
com.kms.katalon.core.webui.keyword.WebUiBuiltInKeywords.click(WebUiBuiltInKeywords.groovy:722)
View_File.run(View_File:32)
</property>
</record>
<record>
  <date>2026-05-26T21:40:02.501022500Z</date>
  <millis>1779831602501</millis>
  <nanos>22500</nanos>
  <sequence>1637</sequence>
  <level>END</level>
  <class>com.kms.katalon.core.logging.XmlKeywordLogger</class>
  <method>endKeyword</method>
  <thread>1</thread>
  <message>End action : click(findTestObject(&amp;quot;Page_Work Order  View- Workforce Manager/btn_View&amp;quot;))</message>
  <nestedLevel>1</nestedLevel>
  <escapedJava>false</escapedJava>
</record>
<record>
  <date>2026-05-26T21:40:02.503051100Z</date>
  <millis>1779831602503</millis>
  <nanos>51100</nanos>
  <sequence>1638</sequence>
  <level>START</level>
  <class>com.kms.katalon.core.logging.XmlKeywordLogger</class>
  <method>startKeyword</method>
  <thread>1</thread>
  <message>Start action : println(&amp;quot;Viewer opened&amp;quot;)</message>
  <nestedLevel>1</nestedLevel>
  <escapedJava>false</escapedJava>
  <property name="startLine">37</property>
  <property name="stepIndex">4</property>
</record>
<record>
  <date>2026-05-26T21:40:02.505086500Z</date>
  <millis>1779831602505</millis>
  <nanos>86500</nanos>
  <sequence>1639</sequence>
  <level>END</level>
  <class>com.kms.katalon.core.logging.XmlKeywordLogger</class>
  <method>endKeyword</method>
  <thread>1</thread>
  <message>End action : println(&amp;quot;Viewer opened&amp;quot;)</message>
  <nestedLevel>1</nestedLevel>
  <escapedJava>false</escapedJava>
</record>
<record>
  <date>2026-05-26T21:40:02.509134900Z</date>
  <millis>1779831602509</millis>
  <nanos>134900</nanos>
  <sequence>1640</sequence>
  <level>START</level>
  <class>com.kms.katalon.core.logging.XmlKeywordLogger</class>
  <method>startKeyword</method>
  <thread>1</thread>
  <message>Start action : delay(5)</message>
  <nestedLevel>1</nestedLevel>
  <escapedJava>false</escapedJava>
  <property name="startLine">40</property>
  <property name="stepIndex">5</property>
</record>
<record>
  <date>2026-05-26T21:40:07.525768Z</date>
  <millis>1779831607525</millis>
  <nanos>768000</nanos>
  <sequence>1643</sequence>
  <level>PASSED</level>
  <class>com.kms.katalon.core.logging.XmlKeywordLogger</class>
  <method>logMessage</method>
  <thread>1</thread>
  <message>Delayed 5 second(s)</message>
  <nestedLevel>1</nestedLevel>
  <escapedJava>false</escapedJava>
  <property name="testops-method-name">com.kms.katalon.core.keyword.builtin.DelayKeyword.delay</property>
  <property name="testops-execution-stacktrace"></property>
</record>
<record>
  <date>2026-05-26T21:40:07.529628400Z</date>
  <millis>1779831607529</millis>
  <nanos>628400</nanos>
  <sequence>1644</sequence>
  <level>END</level>
  <class>com.kms.katalon.core.logging.XmlKeywordLogger</class>
  <method>endKeyword</method>
  <thread>1</thread>
  <message>End action : delay(5)</message>
  <nestedLevel>1</nestedLevel>
  <escapedJava>false</escapedJava>
</record>
<record>
  <date>2026-05-26T21:40:07.529628400Z</date>
  <millis>1779831607529</millis>
  <nanos>628400</nanos>
  <sequence>1645</sequence>
  <level>START</level>
  <class>com.kms.katalon.core.logging.XmlKeywordLogger</class>
  <method>startKeyword</method>
  <thread>1</thread>
  <message>Start action : waitForElementVisible(findTestObject(&amp;quot;Page_Work Order  View- Workforce Manager/i_fa fa-chevron-right_1&amp;quot;), 20)</message>
  <nestedLevel>1</nestedLevel>
  <escapedJava>false</escapedJava>
  <property name="startLine">43</property>
  <property name="stepIndex">6</property>
</record>
<record>
  <date>2026-05-26T21:40:08.003808100Z</date>
  <millis>1779831608003</millis>
  <nanos>808100</nanos>
  <sequence>1652</sequence>
  <level>PASSED</level>
  <class>com.kms.katalon.core.logging.XmlKeywordLogger</class>
  <method>logMessage</method>
  <thread>1</thread>
  <message>Object &amp;apos;Object Repository/Page_Work Order  View- Workforce Manager/i_fa fa-chevron-right_1&amp;apos; is visible</message>
  <nestedLevel>1</nestedLevel>
  <escapedJava>false</escapedJava>
  <property name="testops-method-name">com.kms.katalon.core.webui.keyword.internal.WebUIKeywordMain.runKeywordUntilTimeout</property>
  <property name="testops-execution-stacktrace">com.kms.katalon.core.logging.KeywordLogger.logPassed(KeywordLogger.java:350)
com.kms.katalon.core.logging.KeywordLogger.logPassed(KeywordLogger.java:345)
com.kms.katalon.core.logging.KeywordLogger$logPassed$0.call(Unknown Source)
com.kms.katalon.core.webui.keyword.builtin.WaitForElementVisibleKeyword$_waitForElementVisible_closure1.doCall(WaitForElementVisibleKeyword.groovy:86)
java.base/jdk.internal.reflect.DirectMethodHandleAccessor.invoke(DirectMethodHandleAccessor.java:103)
jdk.proxy2/jdk.proxy2.$Proxy56.execute(Unknown Source)
com.kms.katalon.core.webui.model.SeleniumActionRetryController.performAction(SeleniumActionRetryController.java:96)
com.kms.katalon.core.webui.model.SeleniumActionRetryController.performAction(SeleniumActionRetryController.java:83)
com.kms.katalon.core.webui.keyword.internal.WebUIKeywordMain$_runKeywordUntilTimeout_closure2.doCall(WebUIKeywordMain.groovy:155)
com.kms.katalon.core.webui.keyword.internal.WebUIKeywordMain$_runKeywordUntilTimeout_closure2.call(WebUIKeywordMain.groovy)
com.kms.katalon.core.webui.keyword.internal.WebUIKeywordMain.runKeyword(WebUIKeywordMain.groovy:41)
com.kms.katalon.core.webui.keyword.internal.WebUIKeywordMain.runKeywordUntilTimeout(WebUIKeywordMain.groovy:152)
com.kms.katalon.core.webui.keyword.internal.WebUIKeywordMain$runKeywordUntilTimeout.call(Unknown Source)
com.kms.katalon.core.webui.keyword.builtin.WaitForElementVisibleKeyword.waitForElementVisible(WaitForElementVisibleKeyword.groovy:101)
com.kms.katalon.core.webui.keyword.builtin.WaitForElementVisibleKeyword.execute(WaitForElementVisibleKeyword.groovy:69)
com.kms.katalon.core.keyword.internal.KeywordExecutor.executeKeywordForPlatform(KeywordExecutor.groovy:99)
com.kms.katalon.core.webui.keyword.WebUiBuiltInKeywords.waitForElementVisible(WebUiBuiltInKeywords.groovy:515)
View_File.run(View_File:44)
</property>
</record>
<record>
  <date>2026-05-26T21:40:08.003808100Z</date>
  <millis>1779831608003</millis>
  <nanos>808100</nanos>
  <sequence>1653</sequence>
  <level>END</level>
  <class>com.kms.katalon.core.logging.XmlKeywordLogger</class>
  <method>endKeyword</method>
  <thread>1</thread>
  <message>End action : waitForElementVisible(findTestObject(&amp;quot;Page_Work Order  View- Workforce Manager/i_fa fa-chevron-right_1&amp;quot;), 20)</message>
  <nestedLevel>1</nestedLevel>
  <escapedJava>false</escapedJava>
</record>
<record>
  <date>2026-05-26T21:40:08.003808100Z</date>
  <millis>1779831608003</millis>
  <nanos>808100</nanos>
  <sequence>1654</sequence>
  <level>START</level>
  <class>com.kms.katalon.core.logging.XmlKeywordLogger</class>
  <method>startKeyword</method>
  <thread>1</thread>
  <message>Start action : click(findTestObject(&amp;quot;Page_Work Order  View- Workforce Manager/i_fa fa-chevron-right_1&amp;quot;))</message>
  <nestedLevel>1</nestedLevel>
  <escapedJava>false</escapedJava>
  <property name="startLine">51</property>
  <property name="stepIndex">7</property>
</record>
<record>
  <date>2026-05-26T21:40:08.753624900Z</date>
  <millis>1779831608753</millis>
  <nanos>624900</nanos>
  <sequence>1665</sequence>
  <level>PASSED</level>
  <class>com.kms.katalon.core.logging.XmlKeywordLogger</class>
  <method>logMessage</method>
  <thread>1</thread>
  <message>Object: &amp;apos;Object Repository/Page_Work Order  View- Workforce Manager/i_fa fa-chevron-right_1&amp;apos; is clicked on</message>
  <nestedLevel>1</nestedLevel>
  <escapedJava>false</escapedJava>
  <property name="testops-method-name">com.kms.katalon.core.webui.keyword.internal.WebUIKeywordMain.runKeywordUntilTimeout</property>
  <property name="testops-execution-stacktrace">com.kms.katalon.core.logging.KeywordLogger.logPassed(KeywordLogger.java:350)
com.kms.katalon.core.logging.KeywordLogger.logPassed(KeywordLogger.java:345)
com.kms.katalon.core.webui.keyword.builtin.ClickKeyword$_click_closure1.doCall(ClickKeyword.groovy:66)
java.base/jdk.internal.reflect.DirectMethodHandleAccessor.invoke(DirectMethodHandleAccessor.java:103)
jdk.proxy2/jdk.proxy2.$Proxy56.execute(Unknown Source)
com.kms.katalon.core.webui.model.SeleniumActionRetryController.performAction(SeleniumActionRetryController.java:96)
com.kms.katalon.core.webui.model.SeleniumActionRetryController.performAction(SeleniumActionRetryController.java:83)
com.kms.katalon.core.webui.keyword.internal.WebUIKeywordMain$_runKeywordUntilTimeout_closure1.doCall(WebUIKeywordMain.groovy:135)
com.kms.katalon.core.webui.keyword.internal.WebUIKeywordMain$_runKeywordUntilTimeout_closure1.call(WebUIKeywordMain.groovy)
com.kms.katalon.core.webui.keyword.internal.WebUIKeywordMain.runKeyword(WebUIKeywordMain.groovy:41)
com.kms.katalon.core.webui.keyword.internal.WebUIKeywordMain.runKeywordUntilTimeout(WebUIKeywordMain.groovy:133)
com.kms.katalon.core.webui.keyword.builtin.ClickKeyword.click(ClickKeyword.groovy:72)
com.kms.katalon.core.webui.keyword.builtin.ClickKeyword.execute(ClickKeyword.groovy:38)
com.kms.katalon.core.keyword.internal.KeywordExecutor.executeKeywordForPlatform(KeywordExecutor.groovy:99)
com.kms.katalon.core.webui.keyword.WebUiBuiltInKeywords.click(WebUiBuiltInKeywords.groovy:722)
View_File.run(View_File:52)
</property>
</record>
<record>
  <date>2026-05-26T21:40:08.764208500Z</date>
  <millis>1779831608764</millis>
  <nanos>208500</nanos>
  <sequence>1666</sequence>
  <level>END</level>
  <class>com.kms.katalon.core.logging.XmlKeywordLogger</class>
  <method>endKeyword</method>
  <thread>1</thread>
  <message>End action : click(findTestObject(&amp;quot;Page_Work Order  View- Workforce Manager/i_fa fa-chevron-right_1&amp;quot;))</message>
  <nestedLevel>1</nestedLevel>
  <escapedJava>false</escapedJava>
</record>
<record>
  <date>2026-05-26T21:40:08.766234200Z</date>
  <millis>1779831608766</millis>
  <nanos>234200</nanos>
  <sequence>1667</sequence>
  <level>START</level>
  <class>com.kms.katalon.core.logging.XmlKeywordLogger</class>
  <method>startKeyword</method>
  <thread>1</thread>
  <message>Start action : println(&amp;quot;Viewer closed&amp;quot;)</message>
  <nestedLevel>1</nestedLevel>
  <escapedJava>false</escapedJava>
  <property name="startLine">57</property>
  <property name="stepIndex">8</property>
</record>
<record>
  <date>2026-05-26T21:40:08.769025900Z</date>
  <millis>1779831608769</millis>
  <nanos>25900</nanos>
  <sequence>1668</sequence>
  <level>END</level>
  <class>com.kms.katalon.core.logging.XmlKeywordLogger</class>
  <method>endKeyword</method>
  <thread>1</thread>
  <message>End action : println(&amp;quot;Viewer closed&amp;quot;)</message>
  <nestedLevel>1</nestedLevel>
  <escapedJava>false</escapedJava>
</record>
<record>
  <date>2026-05-26T21:40:08.769025900Z</date>
  <millis>1779831608769</millis>
  <nanos>25900</nanos>
  <sequence>1669</sequence>
  <level>PASSED</level>
  <class>com.kms.katalon.core.logging.XmlKeywordLogger</class>
  <method>logMessage</method>
  <thread>1</thread>
  <message>Test Cases/TaskActions/Table_Actions/View_File</message>
  <nestedLevel>1</nestedLevel>
  <escapedJava>false</escapedJava>
</record>
<record>
  <date>2026-05-26T21:40:08.769025900Z</date>
  <millis>1779831608769</millis>
  <nanos>25900</nanos>
  <sequence>1670</sequence>
  <level>END</level>
  <class>com.kms.katalon.core.logging.XmlKeywordLogger</class>
  <method>endTest</method>
  <thread>1</thread>
  <message>End Test Case : Test Cases/TaskActions/Table_Actions/View_File</message>
  <nestedLevel>0</nestedLevel>
  <escapedJava>false</escapedJava>
  <property name="executionBindingVariables">[]</property>
  <property name="applitools">false</property>
  <property name="remainingRetryCount">3</property>
  <property name="executedKeywords">{
  &quot;WebUI.waitForElementPresent&quot;: 1,
  &quot;WebUI.waitForElementVisible&quot;: 1,
  &quot;BuiltIn.delay&quot;: 1,
  &quot;WebUI.click&quot;: 2,
  &quot;WebUI.waitForPageLoad&quot;: 1
}</property>
  <property name="currentRetryCount">0</property>
  <property name="keywordsUsage">{
  &quot;web_ui&quot;: true,
  &quot;web_service&quot;: false,
  &quot;cucumber&quot;: false,
  &quot;builtin&quot;: true,
  &quot;mobile&quot;: false,
  &quot;windows&quot;: false,
  &quot;testng&quot;: false
}</property>
</record>
<record>
  <date>2026-05-26T21:40:10.685373900Z</date>
  <millis>1779831610685</millis>
  <nanos>373900</nanos>
  <sequence>1671</sequence>
  <level>END</level>
  <class>com.kms.katalon.core.logging.XmlKeywordLogger</class>
  <method>endSuite</method>
  <thread>1</thread>
  <message>End Test Suite : Test Suites/Survey_suite_model</message>
  <nestedLevel>0</nestedLevel>
  <escapedJava>false</escapedJava>
</record>
</log>
