<?xml version="1.0" encoding="UTF-8" standalone="no"?>
<!DOCTYPE log SYSTEM "logger.dtd">
<log>
<record>
  <date>2026-05-28T11:05:43.602410700Z</date>
  <millis>1779966343602</millis>
  <nanos>410700</nanos>
  <sequence>0</sequence>
  <level>START</level>
  <class>com.kms.katalon.core.logging.XmlKeywordLogger</class>
  <method>startSuite</method>
  <thread>1</thread>
  <message>Start Test Suite : Test Suites/Survey_suite_model</message>
  <nestedLevel>0</nestedLevel>
  <escapedJava>false</escapedJava>
  <property name="rerunTestFailImmediately">true</property>
  <property name="retryCount">3</property>
  <property name="name">Survey_suite_model</property>
  <property name="description"></property>
  <property name="id">Test Suites/Survey_suite_model</property>
</record>
<record>
  <date>2026-05-28T11:05:43.650656Z</date>
  <millis>1779966343650</millis>
  <nanos>656000</nanos>
  <sequence>1</sequence>
  <level>RUN_DATA</level>
  <class>com.kms.katalon.core.logging.XmlKeywordLogger</class>
  <method>logMessage</method>
  <thread>1</thread>
  <message>userFullName = Chinwuba Okafor</message>
  <nestedLevel>0</nestedLevel>
  <escapedJava>false</escapedJava>
  <property name="userFullName">Chinwuba Okafor</property>
</record>
<record>
  <date>2026-05-28T11:05:43.652892100Z</date>
  <millis>1779966343652</millis>
  <nanos>892100</nanos>
  <sequence>2</sequence>
  <level>RUN_DATA</level>
  <class>com.kms.katalon.core.logging.XmlKeywordLogger</class>
  <method>logMessage</method>
  <thread>1</thread>
  <message>projectName = convergence-qa-tests</message>
  <nestedLevel>0</nestedLevel>
  <escapedJava>false</escapedJava>
  <property name="projectName">convergence-qa-tests</property>
</record>
<record>
  <date>2026-05-28T11:05:43.653891400Z</date>
  <millis>1779966343653</millis>
  <nanos>891400</nanos>
  <sequence>3</sequence>
  <level>RUN_DATA</level>
  <class>com.kms.katalon.core.logging.XmlKeywordLogger</class>
  <method>logMessage</method>
  <thread>1</thread>
  <message>hostName = CROWN-STAFF - DESKTOP-4SI0S1N</message>
  <nestedLevel>0</nestedLevel>
  <escapedJava>false</escapedJava>
  <property name="hostName">CROWN-STAFF - DESKTOP-4SI0S1N</property>
</record>
<record>
  <date>2026-05-28T11:05:43.655400700Z</date>
  <millis>1779966343655</millis>
  <nanos>400700</nanos>
  <sequence>4</sequence>
  <level>RUN_DATA</level>
  <class>com.kms.katalon.core.logging.XmlKeywordLogger</class>
  <method>logMessage</method>
  <thread>1</thread>
  <message>os = Windows 11 64bit</message>
  <nestedLevel>0</nestedLevel>
  <escapedJava>false</escapedJava>
  <property name="os">Windows 11 64bit</property>
</record>
<record>
  <date>2026-05-28T11:05:43.656414700Z</date>
  <millis>1779966343656</millis>
  <nanos>414700</nanos>
  <sequence>5</sequence>
  <level>RUN_DATA</level>
  <class>com.kms.katalon.core.logging.XmlKeywordLogger</class>
  <method>logMessage</method>
  <thread>1</thread>
  <message>hostAddress = 192.168.100.9</message>
  <nestedLevel>0</nestedLevel>
  <escapedJava>false</escapedJava>
  <property name="hostAddress">192.168.100.9</property>
</record>
<record>
  <date>2026-05-28T11:05:43.657425500Z</date>
  <millis>1779966343657</millis>
  <nanos>425500</nanos>
  <sequence>6</sequence>
  <level>RUN_DATA</level>
  <class>com.kms.katalon.core.logging.XmlKeywordLogger</class>
  <method>logMessage</method>
  <thread>1</thread>
  <message>katalonVersion = 11.1.3.0</message>
  <nestedLevel>0</nestedLevel>
  <escapedJava>false</escapedJava>
  <property name="katalonVersion">11.1.3.0</property>
</record>
<record>
  <date>2026-05-28T11:05:43.949380300Z</date>
  <millis>1779966343949</millis>
  <nanos>380300</nanos>
  <sequence>7</sequence>
  <level>START</level>
  <class>com.kms.katalon.core.logging.XmlKeywordLogger</class>
  <method>startTest</method>
  <thread>1</thread>
  <message>Start Test Case : Test Cases/Authentication/TC_Login</message>
  <nestedLevel>1</nestedLevel>
  <escapedJava>false</escapedJava>
  <property name="remainingRetryCount">3</property>
  <property name="origin"></property>
  <property name="name">Test Cases/Authentication/TC_Login</property>
  <property name="description"></property>
  <property name="iteration"></property>
  <property name="id">Test Cases/Authentication/TC_Login</property>
  <property name="source">C:\Users\CROWN-STAFF\git\convergence-qa-tests\Test Cases\Authentication\TC_Login.tc</property>
  <property name="tag"></property>
  <property name="isOptional">false</property>
  <property name="uuid">d1052ef9-7519-4cef-afed-4d9f80b2298e</property>
  <property name="currentRetryCount">0</property>
</record>
<record>
  <date>2026-05-28T11:05:44.026216900Z</date>
  <millis>1779966344026</millis>
  <nanos>216900</nanos>
  <sequence>9</sequence>
  <level>RUN_DATA</level>
  <class>com.kms.katalon.core.logging.XmlKeywordLogger</class>
  <method>logMessage</method>
  <thread>1</thread>
  <message>executionBindingVariables = []</message>
  <nestedLevel>1</nestedLevel>
  <escapedJava>false</escapedJava>
  <property name="executionBindingVariables">[]</property>
</record>
<record>
  <date>2026-05-28T11:05:44.716283900Z</date>
  <millis>1779966344716</millis>
  <nanos>283900</nanos>
  <sequence>10</sequence>
  <level>START</level>
  <class>com.kms.katalon.core.logging.XmlKeywordLogger</class>
  <method>startKeyword</method>
  <thread>1</thread>
  <message>Start action : openBrowser(&amp;quot;&amp;quot;)</message>
  <nestedLevel>1</nestedLevel>
  <escapedJava>false</escapedJava>
  <property name="startLine">20</property>
  <property name="stepIndex">1</property>
</record>
<record>
  <date>2026-05-28T11:05:45.387491Z</date>
  <millis>1779966345387</millis>
  <nanos>491000</nanos>
  <sequence>13</sequence>
  <level>INFO</level>
  <class>com.kms.katalon.core.logging.XmlKeywordLogger</class>
  <method>logMessage</method>
  <thread>1</thread>
  <message>Starting &amp;apos;Chrome&amp;apos; driver</message>
  <nestedLevel>1</nestedLevel>
  <escapedJava>false</escapedJava>
</record>
<record>
  <date>2026-05-28T11:05:45.519384400Z</date>
  <millis>1779966345519</millis>
  <nanos>384400</nanos>
  <sequence>14</sequence>
  <level>INFO</level>
  <class>com.kms.katalon.core.logging.XmlKeywordLogger</class>
  <method>logMessage</method>
  <thread>1</thread>
  <message>Action delay is set to 0 milliseconds</message>
  <nestedLevel>1</nestedLevel>
  <escapedJava>false</escapedJava>
</record>
<record>
  <date>2026-05-28T11:05:50.131332500Z</date>
  <millis>1779966350131</millis>
  <nanos>332500</nanos>
  <sequence>17</sequence>
  <level>RUN_DATA</level>
  <class>com.kms.katalon.core.logging.XmlKeywordLogger</class>
  <method>logMessage</method>
  <thread>1</thread>
  <message>sessionId = e43099d9a5ed4667c645b535b1e9b03f</message>
  <nestedLevel>1</nestedLevel>
  <escapedJava>false</escapedJava>
  <property name="sessionId">e43099d9a5ed4667c645b535b1e9b03f</property>
</record>
<record>
  <date>2026-05-28T11:05:50.134333300Z</date>
  <millis>1779966350134</millis>
  <nanos>333300</nanos>
  <sequence>18</sequence>
  <level>RUN_DATA</level>
  <class>com.kms.katalon.core.logging.XmlKeywordLogger</class>
  <method>logMessage</method>
  <thread>1</thread>
  <message>browser = Chrome 148.0.7778.179</message>
  <nestedLevel>1</nestedLevel>
  <escapedJava>false</escapedJava>
  <property name="browser">Chrome 148.0.7778.179</property>
</record>
<record>
  <date>2026-05-28T11:05:50.135847800Z</date>
  <millis>1779966350135</millis>
  <nanos>847800</nanos>
  <sequence>19</sequence>
  <level>RUN_DATA</level>
  <class>com.kms.katalon.core.logging.XmlKeywordLogger</class>
  <method>logMessage</method>
  <thread>1</thread>
  <message>platform = Windows 11</message>
  <nestedLevel>1</nestedLevel>
  <escapedJava>false</escapedJava>
  <property name="platform">Windows 11</property>
</record>
<record>
  <date>2026-05-28T11:05:50.137871500Z</date>
  <millis>1779966350137</millis>
  <nanos>871500</nanos>
  <sequence>20</sequence>
  <level>RUN_DATA</level>
  <class>com.kms.katalon.core.logging.XmlKeywordLogger</class>
  <method>logMessage</method>
  <thread>1</thread>
  <message>seleniumVersion = 4.39.0</message>
  <nestedLevel>1</nestedLevel>
  <escapedJava>false</escapedJava>
  <property name="seleniumVersion">4.39.0</property>
</record>
<record>
  <date>2026-05-28T11:05:50.168527400Z</date>
  <millis>1779966350168</millis>
  <nanos>527400</nanos>
  <sequence>21</sequence>
  <level>RUN_DATA</level>
  <class>com.kms.katalon.core.logging.XmlKeywordLogger</class>
  <method>logMessage</method>
  <thread>1</thread>
  <message>proxyInformation = ProxyInformation { proxyOption=NO_PROXY, proxyServerType=HTTP, username=, password=********, proxyServerAddress=, proxyServerPort=0, executionList=&amp;quot;&amp;quot;, isApplyToDesiredCapabilities=true }</message>
  <nestedLevel>1</nestedLevel>
  <escapedJava>false</escapedJava>
  <property name="proxyInformation">ProxyInformation { proxyOption=NO_PROXY, proxyServerType=HTTP, username=, password=********, proxyServerAddress=, proxyServerPort=0, executionList=&quot;&quot;, isApplyToDesiredCapabilities=true }</property>
</record>
<record>
  <date>2026-05-28T11:05:50.258376Z</date>
  <millis>1779966350258</millis>
  <nanos>376000</nanos>
  <sequence>22</sequence>
  <level>PASSED</level>
  <class>com.kms.katalon.core.logging.XmlKeywordLogger</class>
  <method>logMessage</method>
  <thread>1</thread>
  <message>Browser is opened with url: &amp;apos;&amp;apos;</message>
  <nestedLevel>1</nestedLevel>
  <escapedJava>false</escapedJava>
  <property name="testops-method-name">com.kms.katalon.core.webui.keyword.builtin.OpenBrowserKeyword.openBrowser</property>
  <property name="testops-execution-stacktrace"></property>
</record>
<record>
  <date>2026-05-28T11:05:50.263378900Z</date>
  <millis>1779966350263</millis>
  <nanos>378900</nanos>
  <sequence>23</sequence>
  <level>END</level>
  <class>com.kms.katalon.core.logging.XmlKeywordLogger</class>
  <method>endKeyword</method>
  <thread>1</thread>
  <message>End action : openBrowser(&amp;quot;&amp;quot;)</message>
  <nestedLevel>1</nestedLevel>
  <escapedJava>false</escapedJava>
</record>
<record>
  <date>2026-05-28T11:05:50.265899900Z</date>
  <millis>1779966350265</millis>
  <nanos>899900</nanos>
  <sequence>24</sequence>
  <level>START</level>
  <class>com.kms.katalon.core.logging.XmlKeywordLogger</class>
  <method>startKeyword</method>
  <thread>1</thread>
  <message>Start action : navigateToUrl(&amp;quot;https://convergenceondemand.com/login&amp;quot;)</message>
  <nestedLevel>1</nestedLevel>
  <escapedJava>false</escapedJava>
  <property name="startLine">22</property>
  <property name="stepIndex">2</property>
</record>
<record>
  <date>2026-05-28T11:05:51.224992100Z</date>
  <millis>1779966351224</millis>
  <nanos>992100</nanos>
  <sequence>28</sequence>
  <level>PASSED</level>
  <class>com.kms.katalon.core.logging.XmlKeywordLogger</class>
  <method>logMessage</method>
  <thread>1</thread>
  <message>Navigate to &amp;apos;https://convergenceondemand.com/login&amp;apos; successfully</message>
  <nestedLevel>1</nestedLevel>
  <escapedJava>false</escapedJava>
  <property name="testops-method-name">com.kms.katalon.core.webui.keyword.builtin.NavigateToUrlKeyword.navigateToUrl</property>
  <property name="testops-execution-stacktrace"></property>
</record>
<record>
  <date>2026-05-28T11:05:51.228014500Z</date>
  <millis>1779966351228</millis>
  <nanos>14500</nanos>
  <sequence>29</sequence>
  <level>END</level>
  <class>com.kms.katalon.core.logging.XmlKeywordLogger</class>
  <method>endKeyword</method>
  <thread>1</thread>
  <message>End action : navigateToUrl(&amp;quot;https://convergenceondemand.com/login&amp;quot;)</message>
  <nestedLevel>1</nestedLevel>
  <escapedJava>false</escapedJava>
</record>
<record>
  <date>2026-05-28T11:05:51.228014500Z</date>
  <millis>1779966351228</millis>
  <nanos>14500</nanos>
  <sequence>30</sequence>
  <level>START</level>
  <class>com.kms.katalon.core.logging.XmlKeywordLogger</class>
  <method>startKeyword</method>
  <thread>1</thread>
  <message>Start action : setText(findTestObject(&amp;quot;Page_1Government Login/input_Enter your MDA&amp;quot;), &amp;quot;govtest&amp;quot;)</message>
  <nestedLevel>1</nestedLevel>
  <escapedJava>false</escapedJava>
  <property name="startLine">24</property>
  <property name="stepIndex">3</property>
</record>
<record>
  <date>2026-05-28T11:05:52.607801800Z</date>
  <millis>1779966352607</millis>
  <nanos>801800</nanos>
  <sequence>44</sequence>
  <level>PASSED</level>
  <class>com.kms.katalon.core.logging.XmlKeywordLogger</class>
  <method>logMessage</method>
  <thread>1</thread>
  <message>Text &amp;apos;govtest&amp;apos; is set on object &amp;apos;Object Repository/Page_1Government Login/input_Enter your MDA&amp;apos;</message>
  <nestedLevel>1</nestedLevel>
  <escapedJava>false</escapedJava>
  <property name="testops-method-name">com.kms.katalon.core.webui.keyword.internal.WebUIKeywordMain.runKeywordUntilTimeout</property>
  <property name="testops-execution-stacktrace">com.kms.katalon.core.logging.KeywordLogger.logPassed(KeywordLogger.java:350)
com.kms.katalon.core.logging.KeywordLogger.logPassed(KeywordLogger.java:345)
com.kms.katalon.core.webui.keyword.builtin.SetTextKeyword$_setText_closure1.doCall(SetTextKeyword.groovy:99)
java.base/jdk.internal.reflect.DirectMethodHandleAccessor.invoke(DirectMethodHandleAccessor.java:103)
jdk.proxy2/jdk.proxy2.$Proxy56.execute(Unknown Source)
com.kms.katalon.core.webui.model.SeleniumActionRetryController.performAction(SeleniumActionRetryController.java:96)
com.kms.katalon.core.webui.model.SeleniumActionRetryController.performAction(SeleniumActionRetryController.java:83)
com.kms.katalon.core.webui.keyword.internal.WebUIKeywordMain$_runKeywordUntilTimeout_closure1.doCall(WebUIKeywordMain.groovy:135)
com.kms.katalon.core.webui.keyword.internal.WebUIKeywordMain$_runKeywordUntilTimeout_closure1.call(WebUIKeywordMain.groovy)
com.kms.katalon.core.webui.keyword.internal.WebUIKeywordMain.runKeyword(WebUIKeywordMain.groovy:41)
com.kms.katalon.core.webui.keyword.internal.WebUIKeywordMain.runKeywordUntilTimeout(WebUIKeywordMain.groovy:133)
com.kms.katalon.core.webui.keyword.builtin.SetTextKeyword.setText(SetTextKeyword.groovy:106)
com.kms.katalon.core.webui.keyword.builtin.SetTextKeyword.execute(SetTextKeyword.groovy:49)
com.kms.katalon.core.keyword.internal.KeywordExecutor.executeKeywordForPlatform(KeywordExecutor.groovy:99)
com.kms.katalon.core.webui.keyword.WebUiBuiltInKeywords.setText(WebUiBuiltInKeywords.groovy:1082)
TC_Login.run(TC_Login:24)
</property>
</record>
<record>
  <date>2026-05-28T11:05:52.611802Z</date>
  <millis>1779966352611</millis>
  <nanos>802000</nanos>
  <sequence>45</sequence>
  <level>END</level>
  <class>com.kms.katalon.core.logging.XmlKeywordLogger</class>
  <method>endKeyword</method>
  <thread>1</thread>
  <message>End action : setText(findTestObject(&amp;quot;Page_1Government Login/input_Enter your MDA&amp;quot;), &amp;quot;govtest&amp;quot;)</message>
  <nestedLevel>1</nestedLevel>
  <escapedJava>false</escapedJava>
</record>
<record>
  <date>2026-05-28T11:05:52.612781600Z</date>
  <millis>1779966352612</millis>
  <nanos>781600</nanos>
  <sequence>46</sequence>
  <level>START</level>
  <class>com.kms.katalon.core.logging.XmlKeywordLogger</class>
  <method>startKeyword</method>
  <thread>1</thread>
  <message>Start action : setText(findTestObject(&amp;quot;Page_1Government Login/input_Enter Email&amp;quot;), &amp;quot;apisupport@cicod.com&amp;quot;)</message>
  <nestedLevel>1</nestedLevel>
  <escapedJava>false</escapedJava>
  <property name="startLine">26</property>
  <property name="stepIndex">4</property>
</record>
<record>
  <date>2026-05-28T11:05:53.430041500Z</date>
  <millis>1779966353430</millis>
  <nanos>41500</nanos>
  <sequence>60</sequence>
  <level>PASSED</level>
  <class>com.kms.katalon.core.logging.XmlKeywordLogger</class>
  <method>logMessage</method>
  <thread>1</thread>
  <message>Text &amp;apos;apisupport@cicod.com&amp;apos; is set on object &amp;apos;Object Repository/Page_1Government Login/input_Enter Email&amp;apos;</message>
  <nestedLevel>1</nestedLevel>
  <escapedJava>false</escapedJava>
  <property name="testops-method-name">com.kms.katalon.core.webui.keyword.internal.WebUIKeywordMain.runKeywordUntilTimeout</property>
  <property name="testops-execution-stacktrace">com.kms.katalon.core.logging.KeywordLogger.logPassed(KeywordLogger.java:350)
com.kms.katalon.core.logging.KeywordLogger.logPassed(KeywordLogger.java:345)
com.kms.katalon.core.webui.keyword.builtin.SetTextKeyword$_setText_closure1.doCall(SetTextKeyword.groovy:99)
java.base/jdk.internal.reflect.DirectMethodHandleAccessor.invoke(DirectMethodHandleAccessor.java:103)
jdk.proxy2/jdk.proxy2.$Proxy56.execute(Unknown Source)
com.kms.katalon.core.webui.model.SeleniumActionRetryController.performAction(SeleniumActionRetryController.java:96)
com.kms.katalon.core.webui.model.SeleniumActionRetryController.performAction(SeleniumActionRetryController.java:83)
com.kms.katalon.core.webui.keyword.internal.WebUIKeywordMain$_runKeywordUntilTimeout_closure1.doCall(WebUIKeywordMain.groovy:135)
com.kms.katalon.core.webui.keyword.internal.WebUIKeywordMain$_runKeywordUntilTimeout_closure1.call(WebUIKeywordMain.groovy)
com.kms.katalon.core.webui.keyword.internal.WebUIKeywordMain.runKeyword(WebUIKeywordMain.groovy:41)
com.kms.katalon.core.webui.keyword.internal.WebUIKeywordMain.runKeywordUntilTimeout(WebUIKeywordMain.groovy:133)
com.kms.katalon.core.webui.keyword.builtin.SetTextKeyword.setText(SetTextKeyword.groovy:106)
com.kms.katalon.core.webui.keyword.builtin.SetTextKeyword.execute(SetTextKeyword.groovy:49)
com.kms.katalon.core.keyword.internal.KeywordExecutor.executeKeywordForPlatform(KeywordExecutor.groovy:99)
com.kms.katalon.core.webui.keyword.WebUiBuiltInKeywords.setText(WebUiBuiltInKeywords.groovy:1082)
TC_Login.run(TC_Login:26)
</property>
</record>
<record>
  <date>2026-05-28T11:05:53.432059600Z</date>
  <millis>1779966353432</millis>
  <nanos>59600</nanos>
  <sequence>61</sequence>
  <level>END</level>
  <class>com.kms.katalon.core.logging.XmlKeywordLogger</class>
  <method>endKeyword</method>
  <thread>1</thread>
  <message>End action : setText(findTestObject(&amp;quot;Page_1Government Login/input_Enter Email&amp;quot;), &amp;quot;apisupport@cicod.com&amp;quot;)</message>
  <nestedLevel>1</nestedLevel>
  <escapedJava>false</escapedJava>
</record>
<record>
  <date>2026-05-28T11:05:53.433057300Z</date>
  <millis>1779966353433</millis>
  <nanos>57300</nanos>
  <sequence>62</sequence>
  <level>START</level>
  <class>com.kms.katalon.core.logging.XmlKeywordLogger</class>
  <method>startKeyword</method>
  <thread>1</thread>
  <message>Start action : setEncryptedText(findTestObject(&amp;quot;Page_1Government Login/input_Enter password&amp;quot;), &amp;quot;9zJdpvfgkgtFa8MQRHGI0w==&amp;quot;)</message>
  <nestedLevel>1</nestedLevel>
  <escapedJava>false</escapedJava>
  <property name="startLine">28</property>
  <property name="stepIndex">5</property>
</record>
<record>
  <date>2026-05-28T11:05:53.903404200Z</date>
  <millis>1779966353903</millis>
  <nanos>404200</nanos>
  <sequence>75</sequence>
  <level>PASSED</level>
  <class>com.kms.katalon.core.logging.XmlKeywordLogger</class>
  <method>logMessage</method>
  <thread>1</thread>
  <message>Text ****** has been set on object &amp;apos;Object Repository/Page_1Government Login/input_Enter password&amp;apos;</message>
  <nestedLevel>1</nestedLevel>
  <escapedJava>false</escapedJava>
  <property name="testops-method-name">com.kms.katalon.core.webui.keyword.internal.WebUIKeywordMain.runKeywordUntilTimeout</property>
  <property name="testops-execution-stacktrace">com.kms.katalon.core.logging.KeywordLogger.logPassed(KeywordLogger.java:350)
com.kms.katalon.core.logging.KeywordLogger.logPassed(KeywordLogger.java:345)
com.kms.katalon.core.webui.keyword.builtin.SetEncryptedTextKeyword$_setEncryptedText_closure1.doCall(SetEncryptedTextKeyword.groovy:82)
java.base/jdk.internal.reflect.DirectMethodHandleAccessor.invoke(DirectMethodHandleAccessor.java:103)
jdk.proxy2/jdk.proxy2.$Proxy56.execute(Unknown Source)
com.kms.katalon.core.webui.model.SeleniumActionRetryController.performAction(SeleniumActionRetryController.java:96)
com.kms.katalon.core.webui.model.SeleniumActionRetryController.performAction(SeleniumActionRetryController.java:83)
com.kms.katalon.core.webui.keyword.internal.WebUIKeywordMain$_runKeywordUntilTimeout_closure1.doCall(WebUIKeywordMain.groovy:135)
com.kms.katalon.core.webui.keyword.internal.WebUIKeywordMain$_runKeywordUntilTimeout_closure1.call(WebUIKeywordMain.groovy)
com.kms.katalon.core.webui.keyword.internal.WebUIKeywordMain.runKeyword(WebUIKeywordMain.groovy:41)
com.kms.katalon.core.webui.keyword.internal.WebUIKeywordMain.runKeywordUntilTimeout(WebUIKeywordMain.groovy:133)
com.kms.katalon.core.webui.keyword.builtin.SetEncryptedTextKeyword.setEncryptedText(SetEncryptedTextKeyword.groovy:88)
com.kms.katalon.core.webui.keyword.builtin.SetEncryptedTextKeyword.execute(SetEncryptedTextKeyword.groovy:48)
com.kms.katalon.core.keyword.internal.KeywordExecutor.executeKeywordForPlatform(KeywordExecutor.groovy:99)
com.kms.katalon.core.webui.keyword.WebUiBuiltInKeywords.setEncryptedText(WebUiBuiltInKeywords.groovy:1113)
TC_Login.run(TC_Login:28)
</property>
</record>
<record>
  <date>2026-05-28T11:05:53.905935Z</date>
  <millis>1779966353905</millis>
  <nanos>935000</nanos>
  <sequence>76</sequence>
  <level>END</level>
  <class>com.kms.katalon.core.logging.XmlKeywordLogger</class>
  <method>endKeyword</method>
  <thread>1</thread>
  <message>End action : setEncryptedText(findTestObject(&amp;quot;Page_1Government Login/input_Enter password&amp;quot;), &amp;quot;9zJdpvfgkgtFa8MQRHGI0w==&amp;quot;)</message>
  <nestedLevel>1</nestedLevel>
  <escapedJava>false</escapedJava>
</record>
<record>
  <date>2026-05-28T11:05:53.906936400Z</date>
  <millis>1779966353906</millis>
  <nanos>936400</nanos>
  <sequence>77</sequence>
  <level>START</level>
  <class>com.kms.katalon.core.logging.XmlKeywordLogger</class>
  <method>startKeyword</method>
  <thread>1</thread>
  <message>Start action : click(findTestObject(&amp;quot;Page_1Government Login/button_Login&amp;quot;))</message>
  <nestedLevel>1</nestedLevel>
  <escapedJava>false</escapedJava>
  <property name="startLine">30</property>
  <property name="stepIndex">6</property>
</record>
<record>
  <date>2026-05-28T11:05:54.317005600Z</date>
  <millis>1779966354317</millis>
  <nanos>5600</nanos>
  <sequence>88</sequence>
  <level>PASSED</level>
  <class>com.kms.katalon.core.logging.XmlKeywordLogger</class>
  <method>logMessage</method>
  <thread>1</thread>
  <message>Object: &amp;apos;Object Repository/Page_1Government Login/button_Login&amp;apos; is clicked on</message>
  <nestedLevel>1</nestedLevel>
  <escapedJava>false</escapedJava>
  <property name="testops-method-name">com.kms.katalon.core.webui.keyword.internal.WebUIKeywordMain.runKeywordUntilTimeout</property>
  <property name="testops-execution-stacktrace">com.kms.katalon.core.logging.KeywordLogger.logPassed(KeywordLogger.java:350)
com.kms.katalon.core.logging.KeywordLogger.logPassed(KeywordLogger.java:345)
com.kms.katalon.core.webui.keyword.builtin.ClickKeyword$_click_closure1.doCall(ClickKeyword.groovy:66)
java.base/jdk.internal.reflect.DirectMethodHandleAccessor.invoke(DirectMethodHandleAccessor.java:103)
jdk.proxy2/jdk.proxy2.$Proxy56.execute(Unknown Source)
com.kms.katalon.core.webui.model.SeleniumActionRetryController.performAction(SeleniumActionRetryController.java:96)
com.kms.katalon.core.webui.model.SeleniumActionRetryController.performAction(SeleniumActionRetryController.java:83)
com.kms.katalon.core.webui.keyword.internal.WebUIKeywordMain$_runKeywordUntilTimeout_closure1.doCall(WebUIKeywordMain.groovy:135)
com.kms.katalon.core.webui.keyword.internal.WebUIKeywordMain$_runKeywordUntilTimeout_closure1.call(WebUIKeywordMain.groovy)
com.kms.katalon.core.webui.keyword.internal.WebUIKeywordMain.runKeyword(WebUIKeywordMain.groovy:41)
com.kms.katalon.core.webui.keyword.internal.WebUIKeywordMain.runKeywordUntilTimeout(WebUIKeywordMain.groovy:133)
com.kms.katalon.core.webui.keyword.builtin.ClickKeyword.click(ClickKeyword.groovy:72)
com.kms.katalon.core.webui.keyword.builtin.ClickKeyword.execute(ClickKeyword.groovy:38)
com.kms.katalon.core.keyword.internal.KeywordExecutor.executeKeywordForPlatform(KeywordExecutor.groovy:99)
com.kms.katalon.core.webui.keyword.WebUiBuiltInKeywords.click(WebUiBuiltInKeywords.groovy:722)
TC_Login.run(TC_Login:30)
</property>
</record>
<record>
  <date>2026-05-28T11:05:54.318003200Z</date>
  <millis>1779966354318</millis>
  <nanos>3200</nanos>
  <sequence>89</sequence>
  <level>END</level>
  <class>com.kms.katalon.core.logging.XmlKeywordLogger</class>
  <method>endKeyword</method>
  <thread>1</thread>
  <message>End action : click(findTestObject(&amp;quot;Page_1Government Login/button_Login&amp;quot;))</message>
  <nestedLevel>1</nestedLevel>
  <escapedJava>false</escapedJava>
</record>
<record>
  <date>2026-05-28T11:05:54.319004200Z</date>
  <millis>1779966354319</millis>
  <nanos>4200</nanos>
  <sequence>90</sequence>
  <level>PASSED</level>
  <class>com.kms.katalon.core.logging.XmlKeywordLogger</class>
  <method>logMessage</method>
  <thread>1</thread>
  <message>Test Cases/Authentication/TC_Login</message>
  <nestedLevel>1</nestedLevel>
  <escapedJava>false</escapedJava>
</record>
<record>
  <date>2026-05-28T11:05:54.320464300Z</date>
  <millis>1779966354320</millis>
  <nanos>464300</nanos>
  <sequence>91</sequence>
  <level>END</level>
  <class>com.kms.katalon.core.logging.XmlKeywordLogger</class>
  <method>endTest</method>
  <thread>1</thread>
  <message>End Test Case : Test Cases/Authentication/TC_Login</message>
  <nestedLevel>0</nestedLevel>
  <escapedJava>false</escapedJava>
  <property name="executionBindingVariables">[]</property>
  <property name="applitools">false</property>
  <property name="remainingRetryCount">3</property>
  <property name="executedKeywords">{
  &quot;WebUI.setEncryptedText&quot;: 1,
  &quot;WebUI.navigateToUrl&quot;: 1,
  &quot;WebUI.click&quot;: 1,
  &quot;WebUI.openBrowser&quot;: 1,
  &quot;WebUI.setText&quot;: 2
}</property>
  <property name="currentRetryCount">0</property>
  <property name="keywordsUsage">{
  &quot;web_ui&quot;: true,
  &quot;web_service&quot;: false,
  &quot;cucumber&quot;: false,
  &quot;builtin&quot;: false,
  &quot;mobile&quot;: false,
  &quot;windows&quot;: false,
  &quot;testng&quot;: false
}</property>
</record>
<record>
  <date>2026-05-28T11:05:54.329933800Z</date>
  <millis>1779966354329</millis>
  <nanos>933800</nanos>
  <sequence>92</sequence>
  <level>START</level>
  <class>com.kms.katalon.core.logging.XmlKeywordLogger</class>
  <method>startTest</method>
  <thread>1</thread>
  <message>Start Test Case : Test Cases/Navigation/TC_Open_Task_Module</message>
  <nestedLevel>1</nestedLevel>
  <escapedJava>false</escapedJava>
  <property name="remainingRetryCount">3</property>
  <property name="origin">WEB_RECORDER</property>
  <property name="name">Test Cases/Navigation/TC_Open_Task_Module</property>
  <property name="description"></property>
  <property name="iteration"></property>
  <property name="id">Test Cases/Navigation/TC_Open_Task_Module</property>
  <property name="source">C:\Users\CROWN-STAFF\git\convergence-qa-tests\Test Cases\Navigation\TC_Open_Task_Module.tc</property>
  <property name="tag"></property>
  <property name="isOptional">false</property>
  <property name="uuid">44fd6e64-3e45-4070-a2a5-b69379a1953e</property>
  <property name="currentRetryCount">0</property>
</record>
<record>
  <date>2026-05-28T11:05:54.348275800Z</date>
  <millis>1779966354348</millis>
  <nanos>275800</nanos>
  <sequence>94</sequence>
  <level>RUN_DATA</level>
  <class>com.kms.katalon.core.logging.XmlKeywordLogger</class>
  <method>logMessage</method>
  <thread>1</thread>
  <message>executionBindingVariables = []</message>
  <nestedLevel>1</nestedLevel>
  <escapedJava>false</escapedJava>
  <property name="executionBindingVariables">[]</property>
</record>
<record>
  <date>2026-05-28T11:05:54.431569900Z</date>
  <millis>1779966354431</millis>
  <nanos>569900</nanos>
  <sequence>95</sequence>
  <level>START</level>
  <class>com.kms.katalon.core.logging.XmlKeywordLogger</class>
  <method>startKeyword</method>
  <thread>1</thread>
  <message>Start action : click(findTestObject(&amp;quot;Page_1Gov/p_Automate Government MDAs critical operations,&amp;quot;))</message>
  <nestedLevel>1</nestedLevel>
  <escapedJava>false</escapedJava>
  <property name="startLine">20</property>
  <property name="stepIndex">1</property>
</record>
<record>
  <date>2026-05-28T11:05:59.402814100Z</date>
  <millis>1779966359402</millis>
  <nanos>814100</nanos>
  <sequence>106</sequence>
  <level>PASSED</level>
  <class>com.kms.katalon.core.logging.XmlKeywordLogger</class>
  <method>logMessage</method>
  <thread>1</thread>
  <message>Object: &amp;apos;Object Repository/Page_1Gov/p_Automate Government MDAs critical operations,&amp;apos; is clicked on</message>
  <nestedLevel>1</nestedLevel>
  <escapedJava>false</escapedJava>
  <property name="testops-method-name">com.kms.katalon.core.webui.keyword.internal.WebUIKeywordMain.runKeywordUntilTimeout</property>
  <property name="testops-execution-stacktrace">com.kms.katalon.core.logging.KeywordLogger.logPassed(KeywordLogger.java:350)
com.kms.katalon.core.logging.KeywordLogger.logPassed(KeywordLogger.java:345)
com.kms.katalon.core.webui.keyword.builtin.ClickKeyword$_click_closure1.doCall(ClickKeyword.groovy:66)
java.base/jdk.internal.reflect.DirectMethodHandleAccessor.invoke(DirectMethodHandleAccessor.java:103)
jdk.proxy2/jdk.proxy2.$Proxy56.execute(Unknown Source)
com.kms.katalon.core.webui.model.SeleniumActionRetryController.performAction(SeleniumActionRetryController.java:96)
com.kms.katalon.core.webui.model.SeleniumActionRetryController.performAction(SeleniumActionRetryController.java:83)
com.kms.katalon.core.webui.keyword.internal.WebUIKeywordMain$_runKeywordUntilTimeout_closure1.doCall(WebUIKeywordMain.groovy:135)
com.kms.katalon.core.webui.keyword.internal.WebUIKeywordMain$_runKeywordUntilTimeout_closure1.call(WebUIKeywordMain.groovy)
com.kms.katalon.core.webui.keyword.internal.WebUIKeywordMain.runKeyword(WebUIKeywordMain.groovy:41)
com.kms.katalon.core.webui.keyword.internal.WebUIKeywordMain.runKeywordUntilTimeout(WebUIKeywordMain.groovy:133)
com.kms.katalon.core.webui.keyword.builtin.ClickKeyword.click(ClickKeyword.groovy:72)
com.kms.katalon.core.webui.keyword.builtin.ClickKeyword.execute(ClickKeyword.groovy:38)
com.kms.katalon.core.keyword.internal.KeywordExecutor.executeKeywordForPlatform(KeywordExecutor.groovy:99)
com.kms.katalon.core.webui.keyword.WebUiBuiltInKeywords.click(WebUiBuiltInKeywords.groovy:722)
TC_Open_Task_Module.run(TC_Open_Task_Module:20)
</property>
</record>
<record>
  <date>2026-05-28T11:05:59.403816900Z</date>
  <millis>1779966359403</millis>
  <nanos>816900</nanos>
  <sequence>107</sequence>
  <level>END</level>
  <class>com.kms.katalon.core.logging.XmlKeywordLogger</class>
  <method>endKeyword</method>
  <thread>1</thread>
  <message>End action : click(findTestObject(&amp;quot;Page_1Gov/p_Automate Government MDAs critical operations,&amp;quot;))</message>
  <nestedLevel>1</nestedLevel>
  <escapedJava>false</escapedJava>
</record>
<record>
  <date>2026-05-28T11:05:59.405324800Z</date>
  <millis>1779966359405</millis>
  <nanos>324800</nanos>
  <sequence>108</sequence>
  <level>PASSED</level>
  <class>com.kms.katalon.core.logging.XmlKeywordLogger</class>
  <method>logMessage</method>
  <thread>1</thread>
  <message>Test Cases/Navigation/TC_Open_Task_Module</message>
  <nestedLevel>1</nestedLevel>
  <escapedJava>false</escapedJava>
</record>
<record>
  <date>2026-05-28T11:05:59.406985400Z</date>
  <millis>1779966359406</millis>
  <nanos>985400</nanos>
  <sequence>109</sequence>
  <level>END</level>
  <class>com.kms.katalon.core.logging.XmlKeywordLogger</class>
  <method>endTest</method>
  <thread>1</thread>
  <message>End Test Case : Test Cases/Navigation/TC_Open_Task_Module</message>
  <nestedLevel>0</nestedLevel>
  <escapedJava>false</escapedJava>
  <property name="executionBindingVariables">[]</property>
  <property name="applitools">false</property>
  <property name="remainingRetryCount">3</property>
  <property name="executedKeywords">{
  &quot;WebUI.click&quot;: 1
}</property>
  <property name="currentRetryCount">0</property>
  <property name="keywordsUsage">{
  &quot;web_ui&quot;: true,
  &quot;web_service&quot;: false,
  &quot;cucumber&quot;: false,
  &quot;builtin&quot;: false,
  &quot;mobile&quot;: false,
  &quot;windows&quot;: false,
  &quot;testng&quot;: false
}</property>
</record>
<record>
  <date>2026-05-28T11:05:59.416216200Z</date>
  <millis>1779966359416</millis>
  <nanos>216200</nanos>
  <sequence>110</sequence>
  <level>START</level>
  <class>com.kms.katalon.core.logging.XmlKeywordLogger</class>
  <method>startTest</method>
  <thread>1</thread>
  <message>Start Test Case : Test Cases/Setup/TC_Create_Task</message>
  <nestedLevel>1</nestedLevel>
  <escapedJava>false</escapedJava>
  <property name="remainingRetryCount">3</property>
  <property name="origin"></property>
  <property name="name">Test Cases/Setup/TC_Create_Task</property>
  <property name="description"></property>
  <property name="iteration"></property>
  <property name="id">Test Cases/Setup/TC_Create_Task</property>
  <property name="source">C:\Users\CROWN-STAFF\git\convergence-qa-tests\Test Cases\Setup\TC_Create_Task.tc</property>
  <property name="tag"></property>
  <property name="isOptional">false</property>
  <property name="uuid">ca30073a-4dc0-4f12-84e4-aa10b6ef97fc</property>
  <property name="currentRetryCount">0</property>
</record>
<record>
  <date>2026-05-28T11:05:59.500072100Z</date>
  <millis>1779966359500</millis>
  <nanos>72100</nanos>
  <sequence>112</sequence>
  <level>RUN_DATA</level>
  <class>com.kms.katalon.core.logging.XmlKeywordLogger</class>
  <method>logMessage</method>
  <thread>1</thread>
  <message>executionBindingVariables = []</message>
  <nestedLevel>1</nestedLevel>
  <escapedJava>false</escapedJava>
  <property name="executionBindingVariables">[]</property>
</record>
<record>
  <date>2026-05-28T11:05:59.729723Z</date>
  <millis>1779966359729</millis>
  <nanos>723000</nanos>
  <sequence>113</sequence>
  <level>START</level>
  <class>com.kms.katalon.core.logging.XmlKeywordLogger</class>
  <method>startKeyword</method>
  <thread>1</thread>
  <message>Start action : navigateToUrl(&amp;quot;https://govtest.convergenceondemand.com/wfm/index.php?r=workOrder#active-tickets&amp;quot;)</message>
  <nestedLevel>1</nestedLevel>
  <escapedJava>false</escapedJava>
  <property name="startLine">23</property>
  <property name="stepIndex">1</property>
</record>
<record>
  <date>2026-05-28T11:05:59.750656900Z</date>
  <millis>1779966359750</millis>
  <nanos>656900</nanos>
  <sequence>117</sequence>
  <level>PASSED</level>
  <class>com.kms.katalon.core.logging.XmlKeywordLogger</class>
  <method>logMessage</method>
  <thread>1</thread>
  <message>Navigate to &amp;apos;https://govtest.convergenceondemand.com/wfm/index.php?r=workOrder#active-tickets&amp;apos; successfully</message>
  <nestedLevel>1</nestedLevel>
  <escapedJava>false</escapedJava>
  <property name="testops-method-name">com.kms.katalon.core.webui.keyword.builtin.NavigateToUrlKeyword.navigateToUrl</property>
  <property name="testops-execution-stacktrace"></property>
</record>
<record>
  <date>2026-05-28T11:05:59.753656700Z</date>
  <millis>1779966359753</millis>
  <nanos>656700</nanos>
  <sequence>118</sequence>
  <level>END</level>
  <class>com.kms.katalon.core.logging.XmlKeywordLogger</class>
  <method>endKeyword</method>
  <thread>1</thread>
  <message>End action : navigateToUrl(&amp;quot;https://govtest.convergenceondemand.com/wfm/index.php?r=workOrder#active-tickets&amp;quot;)</message>
  <nestedLevel>1</nestedLevel>
  <escapedJava>false</escapedJava>
</record>
<record>
  <date>2026-05-28T11:05:59.753656700Z</date>
  <millis>1779966359753</millis>
  <nanos>656700</nanos>
  <sequence>119</sequence>
  <level>START</level>
  <class>com.kms.katalon.core.logging.XmlKeywordLogger</class>
  <method>startKeyword</method>
  <thread>1</thread>
  <message>Start action : delay(5)</message>
  <nestedLevel>1</nestedLevel>
  <escapedJava>false</escapedJava>
  <property name="startLine">26</property>
  <property name="stepIndex">2</property>
</record>
<record>
  <date>2026-05-28T11:06:04.826705700Z</date>
  <millis>1779966364826</millis>
  <nanos>705700</nanos>
  <sequence>122</sequence>
  <level>PASSED</level>
  <class>com.kms.katalon.core.logging.XmlKeywordLogger</class>
  <method>logMessage</method>
  <thread>1</thread>
  <message>Delayed 5 second(s)</message>
  <nestedLevel>1</nestedLevel>
  <escapedJava>false</escapedJava>
  <property name="testops-method-name">com.kms.katalon.core.keyword.builtin.DelayKeyword.delay</property>
  <property name="testops-execution-stacktrace"></property>
</record>
<record>
  <date>2026-05-28T11:06:04.828311600Z</date>
  <millis>1779966364828</millis>
  <nanos>311600</nanos>
  <sequence>123</sequence>
  <level>END</level>
  <class>com.kms.katalon.core.logging.XmlKeywordLogger</class>
  <method>endKeyword</method>
  <thread>1</thread>
  <message>End action : delay(5)</message>
  <nestedLevel>1</nestedLevel>
  <escapedJava>false</escapedJava>
</record>
<record>
  <date>2026-05-28T11:06:04.828311600Z</date>
  <millis>1779966364828</millis>
  <nanos>311600</nanos>
  <sequence>124</sequence>
  <level>START</level>
  <class>com.kms.katalon.core.logging.XmlKeywordLogger</class>
  <method>startKeyword</method>
  <thread>1</thread>
  <message>Start action : maximizeWindow()</message>
  <nestedLevel>1</nestedLevel>
  <escapedJava>false</escapedJava>
  <property name="startLine">30</property>
  <property name="stepIndex">3</property>
  <property name="description">// Maximize Browser</property>
</record>
<record>
  <date>2026-05-28T11:06:05.175169500Z</date>
  <millis>1779966365175</millis>
  <nanos>169500</nanos>
  <sequence>127</sequence>
  <level>PASSED</level>
  <class>com.kms.katalon.core.logging.XmlKeywordLogger</class>
  <method>logMessage</method>
  <thread>1</thread>
  <message>Current window maximized</message>
  <nestedLevel>1</nestedLevel>
  <escapedJava>false</escapedJava>
  <property name="testops-method-name">com.kms.katalon.core.webui.keyword.builtin.MaximizeWindowKeyword.maximizeWindow</property>
  <property name="testops-execution-stacktrace"></property>
</record>
<record>
  <date>2026-05-28T11:06:05.177621700Z</date>
  <millis>1779966365177</millis>
  <nanos>621700</nanos>
  <sequence>128</sequence>
  <level>END</level>
  <class>com.kms.katalon.core.logging.XmlKeywordLogger</class>
  <method>endKeyword</method>
  <thread>1</thread>
  <message>End action : maximizeWindow()</message>
  <nestedLevel>1</nestedLevel>
  <escapedJava>false</escapedJava>
</record>
<record>
  <date>2026-05-28T11:06:05.178622900Z</date>
  <millis>1779966365178</millis>
  <nanos>622900</nanos>
  <sequence>129</sequence>
  <level>START</level>
  <class>com.kms.katalon.core.logging.XmlKeywordLogger</class>
  <method>startKeyword</method>
  <thread>1</thread>
  <message>Start action : click(findTestObject(&amp;quot;Page_Work Order  Index- Workforce Manager/a_Create Task&amp;quot;))</message>
  <nestedLevel>1</nestedLevel>
  <escapedJava>false</escapedJava>
  <property name="startLine">32</property>
  <property name="stepIndex">4</property>
</record>
<record>
  <date>2026-05-28T11:06:07.264880600Z</date>
  <millis>1779966367264</millis>
  <nanos>880600</nanos>
  <sequence>140</sequence>
  <level>PASSED</level>
  <class>com.kms.katalon.core.logging.XmlKeywordLogger</class>
  <method>logMessage</method>
  <thread>1</thread>
  <message>Object: &amp;apos;Object Repository/Page_Work Order  Index- Workforce Manager/a_Create Task&amp;apos; is clicked on</message>
  <nestedLevel>1</nestedLevel>
  <escapedJava>false</escapedJava>
  <property name="testops-method-name">com.kms.katalon.core.webui.keyword.internal.WebUIKeywordMain.runKeywordUntilTimeout</property>
  <property name="testops-execution-stacktrace">com.kms.katalon.core.logging.KeywordLogger.logPassed(KeywordLogger.java:350)
com.kms.katalon.core.logging.KeywordLogger.logPassed(KeywordLogger.java:345)
com.kms.katalon.core.webui.keyword.builtin.ClickKeyword$_click_closure1.doCall(ClickKeyword.groovy:66)
java.base/jdk.internal.reflect.DirectMethodHandleAccessor.invoke(DirectMethodHandleAccessor.java:103)
jdk.proxy2/jdk.proxy2.$Proxy56.execute(Unknown Source)
com.kms.katalon.core.webui.model.SeleniumActionRetryController.performAction(SeleniumActionRetryController.java:96)
com.kms.katalon.core.webui.model.SeleniumActionRetryController.performAction(SeleniumActionRetryController.java:83)
com.kms.katalon.core.webui.keyword.internal.WebUIKeywordMain$_runKeywordUntilTimeout_closure1.doCall(WebUIKeywordMain.groovy:135)
com.kms.katalon.core.webui.keyword.internal.WebUIKeywordMain$_runKeywordUntilTimeout_closure1.call(WebUIKeywordMain.groovy)
com.kms.katalon.core.webui.keyword.internal.WebUIKeywordMain.runKeyword(WebUIKeywordMain.groovy:41)
com.kms.katalon.core.webui.keyword.internal.WebUIKeywordMain.runKeywordUntilTimeout(WebUIKeywordMain.groovy:133)
com.kms.katalon.core.webui.keyword.builtin.ClickKeyword.click(ClickKeyword.groovy:72)
com.kms.katalon.core.webui.keyword.builtin.ClickKeyword.execute(ClickKeyword.groovy:38)
com.kms.katalon.core.keyword.internal.KeywordExecutor.executeKeywordForPlatform(KeywordExecutor.groovy:99)
com.kms.katalon.core.webui.keyword.WebUiBuiltInKeywords.click(WebUiBuiltInKeywords.groovy:722)
TC_Create_Task.run(TC_Create_Task:32)
</property>
</record>
<record>
  <date>2026-05-28T11:06:07.267251500Z</date>
  <millis>1779966367267</millis>
  <nanos>251500</nanos>
  <sequence>141</sequence>
  <level>END</level>
  <class>com.kms.katalon.core.logging.XmlKeywordLogger</class>
  <method>endKeyword</method>
  <thread>1</thread>
  <message>End action : click(findTestObject(&amp;quot;Page_Work Order  Index- Workforce Manager/a_Create Task&amp;quot;))</message>
  <nestedLevel>1</nestedLevel>
  <escapedJava>false</escapedJava>
</record>
<record>
  <date>2026-05-28T11:06:07.268260300Z</date>
  <millis>1779966367268</millis>
  <nanos>260300</nanos>
  <sequence>142</sequence>
  <level>START</level>
  <class>com.kms.katalon.core.logging.XmlKeywordLogger</class>
  <method>startKeyword</method>
  <thread>1</thread>
  <message>Start action : click(findTestObject(&amp;quot;Page_Work Order  Create- Workforce Manager/span_Select Queue&amp;quot;))</message>
  <nestedLevel>1</nestedLevel>
  <escapedJava>false</escapedJava>
  <property name="startLine">34</property>
  <property name="stepIndex">5</property>
</record>
<record>
  <date>2026-05-28T11:06:10.040501900Z</date>
  <millis>1779966370040</millis>
  <nanos>501900</nanos>
  <sequence>153</sequence>
  <level>PASSED</level>
  <class>com.kms.katalon.core.logging.XmlKeywordLogger</class>
  <method>logMessage</method>
  <thread>1</thread>
  <message>Object: &amp;apos;Object Repository/Page_Work Order  Create- Workforce Manager/span_Select Queue&amp;apos; is clicked on</message>
  <nestedLevel>1</nestedLevel>
  <escapedJava>false</escapedJava>
  <property name="testops-method-name">com.kms.katalon.core.webui.keyword.internal.WebUIKeywordMain.runKeywordUntilTimeout</property>
  <property name="testops-execution-stacktrace">com.kms.katalon.core.logging.KeywordLogger.logPassed(KeywordLogger.java:350)
com.kms.katalon.core.logging.KeywordLogger.logPassed(KeywordLogger.java:345)
com.kms.katalon.core.webui.keyword.builtin.ClickKeyword$_click_closure1.doCall(ClickKeyword.groovy:66)
java.base/jdk.internal.reflect.DirectMethodHandleAccessor.invoke(DirectMethodHandleAccessor.java:103)
jdk.proxy2/jdk.proxy2.$Proxy56.execute(Unknown Source)
com.kms.katalon.core.webui.model.SeleniumActionRetryController.performAction(SeleniumActionRetryController.java:96)
com.kms.katalon.core.webui.model.SeleniumActionRetryController.performAction(SeleniumActionRetryController.java:83)
com.kms.katalon.core.webui.keyword.internal.WebUIKeywordMain$_runKeywordUntilTimeout_closure1.doCall(WebUIKeywordMain.groovy:135)
com.kms.katalon.core.webui.keyword.internal.WebUIKeywordMain$_runKeywordUntilTimeout_closure1.call(WebUIKeywordMain.groovy)
com.kms.katalon.core.webui.keyword.internal.WebUIKeywordMain.runKeyword(WebUIKeywordMain.groovy:41)
com.kms.katalon.core.webui.keyword.internal.WebUIKeywordMain.runKeywordUntilTimeout(WebUIKeywordMain.groovy:133)
com.kms.katalon.core.webui.keyword.builtin.ClickKeyword.click(ClickKeyword.groovy:72)
com.kms.katalon.core.webui.keyword.builtin.ClickKeyword.execute(ClickKeyword.groovy:38)
com.kms.katalon.core.keyword.internal.KeywordExecutor.executeKeywordForPlatform(KeywordExecutor.groovy:99)
com.kms.katalon.core.webui.keyword.WebUiBuiltInKeywords.click(WebUiBuiltInKeywords.groovy:722)
TC_Create_Task.run(TC_Create_Task:34)
</property>
</record>
<record>
  <date>2026-05-28T11:06:10.041502100Z</date>
  <millis>1779966370041</millis>
  <nanos>502100</nanos>
  <sequence>154</sequence>
  <level>END</level>
  <class>com.kms.katalon.core.logging.XmlKeywordLogger</class>
  <method>endKeyword</method>
  <thread>1</thread>
  <message>End action : click(findTestObject(&amp;quot;Page_Work Order  Create- Workforce Manager/span_Select Queue&amp;quot;))</message>
  <nestedLevel>1</nestedLevel>
  <escapedJava>false</escapedJava>
</record>
<record>
  <date>2026-05-28T11:06:10.042502300Z</date>
  <millis>1779966370042</millis>
  <nanos>502300</nanos>
  <sequence>155</sequence>
  <level>START</level>
  <class>com.kms.katalon.core.logging.XmlKeywordLogger</class>
  <method>startKeyword</method>
  <thread>1</thread>
  <message>Start action : setText(findTestObject(&amp;quot;Page_Work Order  Create- Workforce Manager/input_Search&amp;quot;), &amp;quot;aut&amp;quot;)</message>
  <nestedLevel>1</nestedLevel>
  <escapedJava>false</escapedJava>
  <property name="startLine">36</property>
  <property name="stepIndex">6</property>
</record>
<record>
  <date>2026-05-28T11:06:11.116230500Z</date>
  <millis>1779966371116</millis>
  <nanos>230500</nanos>
  <sequence>169</sequence>
  <level>PASSED</level>
  <class>com.kms.katalon.core.logging.XmlKeywordLogger</class>
  <method>logMessage</method>
  <thread>1</thread>
  <message>Text &amp;apos;aut&amp;apos; is set on object &amp;apos;Object Repository/Page_Work Order  Create- Workforce Manager/input_Search&amp;apos;</message>
  <nestedLevel>1</nestedLevel>
  <escapedJava>false</escapedJava>
  <property name="testops-method-name">com.kms.katalon.core.webui.keyword.internal.WebUIKeywordMain.runKeywordUntilTimeout</property>
  <property name="testops-execution-stacktrace">com.kms.katalon.core.logging.KeywordLogger.logPassed(KeywordLogger.java:350)
com.kms.katalon.core.logging.KeywordLogger.logPassed(KeywordLogger.java:345)
com.kms.katalon.core.webui.keyword.builtin.SetTextKeyword$_setText_closure1.doCall(SetTextKeyword.groovy:99)
java.base/jdk.internal.reflect.DirectMethodHandleAccessor.invoke(DirectMethodHandleAccessor.java:103)
jdk.proxy2/jdk.proxy2.$Proxy56.execute(Unknown Source)
com.kms.katalon.core.webui.model.SeleniumActionRetryController.performAction(SeleniumActionRetryController.java:96)
com.kms.katalon.core.webui.model.SeleniumActionRetryController.performAction(SeleniumActionRetryController.java:83)
com.kms.katalon.core.webui.keyword.internal.WebUIKeywordMain$_runKeywordUntilTimeout_closure1.doCall(WebUIKeywordMain.groovy:135)
com.kms.katalon.core.webui.keyword.internal.WebUIKeywordMain$_runKeywordUntilTimeout_closure1.call(WebUIKeywordMain.groovy)
com.kms.katalon.core.webui.keyword.internal.WebUIKeywordMain.runKeyword(WebUIKeywordMain.groovy:41)
com.kms.katalon.core.webui.keyword.internal.WebUIKeywordMain.runKeywordUntilTimeout(WebUIKeywordMain.groovy:133)
com.kms.katalon.core.webui.keyword.builtin.SetTextKeyword.setText(SetTextKeyword.groovy:106)
com.kms.katalon.core.webui.keyword.builtin.SetTextKeyword.execute(SetTextKeyword.groovy:49)
com.kms.katalon.core.keyword.internal.KeywordExecutor.executeKeywordForPlatform(KeywordExecutor.groovy:99)
com.kms.katalon.core.webui.keyword.WebUiBuiltInKeywords.setText(WebUiBuiltInKeywords.groovy:1082)
TC_Create_Task.run(TC_Create_Task:36)
</property>
</record>
<record>
  <date>2026-05-28T11:06:11.117693300Z</date>
  <millis>1779966371117</millis>
  <nanos>693300</nanos>
  <sequence>170</sequence>
  <level>END</level>
  <class>com.kms.katalon.core.logging.XmlKeywordLogger</class>
  <method>endKeyword</method>
  <thread>1</thread>
  <message>End action : setText(findTestObject(&amp;quot;Page_Work Order  Create- Workforce Manager/input_Search&amp;quot;), &amp;quot;aut&amp;quot;)</message>
  <nestedLevel>1</nestedLevel>
  <escapedJava>false</escapedJava>
</record>
<record>
  <date>2026-05-28T11:06:11.117693300Z</date>
  <millis>1779966371117</millis>
  <nanos>693300</nanos>
  <sequence>171</sequence>
  <level>START</level>
  <class>com.kms.katalon.core.logging.XmlKeywordLogger</class>
  <method>startKeyword</method>
  <thread>1</thread>
  <message>Start action : click(findTestObject(&amp;quot;Page_Work Order  Create- Workforce Manager/a_TEST AUTOMATION&amp;quot;))</message>
  <nestedLevel>1</nestedLevel>
  <escapedJava>false</escapedJava>
  <property name="startLine">38</property>
  <property name="stepIndex">7</property>
</record>
<record>
  <date>2026-05-28T11:06:11.511139400Z</date>
  <millis>1779966371511</millis>
  <nanos>139400</nanos>
  <sequence>182</sequence>
  <level>PASSED</level>
  <class>com.kms.katalon.core.logging.XmlKeywordLogger</class>
  <method>logMessage</method>
  <thread>1</thread>
  <message>Object: &amp;apos;Object Repository/Page_Work Order  Create- Workforce Manager/a_TEST AUTOMATION&amp;apos; is clicked on</message>
  <nestedLevel>1</nestedLevel>
  <escapedJava>false</escapedJava>
  <property name="testops-method-name">com.kms.katalon.core.webui.keyword.internal.WebUIKeywordMain.runKeywordUntilTimeout</property>
  <property name="testops-execution-stacktrace">com.kms.katalon.core.logging.KeywordLogger.logPassed(KeywordLogger.java:350)
com.kms.katalon.core.logging.KeywordLogger.logPassed(KeywordLogger.java:345)
com.kms.katalon.core.webui.keyword.builtin.ClickKeyword$_click_closure1.doCall(ClickKeyword.groovy:66)
java.base/jdk.internal.reflect.DirectMethodHandleAccessor.invoke(DirectMethodHandleAccessor.java:103)
jdk.proxy2/jdk.proxy2.$Proxy56.execute(Unknown Source)
com.kms.katalon.core.webui.model.SeleniumActionRetryController.performAction(SeleniumActionRetryController.java:96)
com.kms.katalon.core.webui.model.SeleniumActionRetryController.performAction(SeleniumActionRetryController.java:83)
com.kms.katalon.core.webui.keyword.internal.WebUIKeywordMain$_runKeywordUntilTimeout_closure1.doCall(WebUIKeywordMain.groovy:135)
com.kms.katalon.core.webui.keyword.internal.WebUIKeywordMain$_runKeywordUntilTimeout_closure1.call(WebUIKeywordMain.groovy)
com.kms.katalon.core.webui.keyword.internal.WebUIKeywordMain.runKeyword(WebUIKeywordMain.groovy:41)
com.kms.katalon.core.webui.keyword.internal.WebUIKeywordMain.runKeywordUntilTimeout(WebUIKeywordMain.groovy:133)
com.kms.katalon.core.webui.keyword.builtin.ClickKeyword.click(ClickKeyword.groovy:72)
com.kms.katalon.core.webui.keyword.builtin.ClickKeyword.execute(ClickKeyword.groovy:38)
com.kms.katalon.core.keyword.internal.KeywordExecutor.executeKeywordForPlatform(KeywordExecutor.groovy:99)
com.kms.katalon.core.webui.keyword.WebUiBuiltInKeywords.click(WebUiBuiltInKeywords.groovy:722)
TC_Create_Task.run(TC_Create_Task:38)
</property>
</record>
<record>
  <date>2026-05-28T11:06:11.513563500Z</date>
  <millis>1779966371513</millis>
  <nanos>563500</nanos>
  <sequence>183</sequence>
  <level>END</level>
  <class>com.kms.katalon.core.logging.XmlKeywordLogger</class>
  <method>endKeyword</method>
  <thread>1</thread>
  <message>End action : click(findTestObject(&amp;quot;Page_Work Order  Create- Workforce Manager/a_TEST AUTOMATION&amp;quot;))</message>
  <nestedLevel>1</nestedLevel>
  <escapedJava>false</escapedJava>
</record>
<record>
  <date>2026-05-28T11:06:11.513563500Z</date>
  <millis>1779966371513</millis>
  <nanos>563500</nanos>
  <sequence>184</sequence>
  <level>START</level>
  <class>com.kms.katalon.core.logging.XmlKeywordLogger</class>
  <method>startKeyword</method>
  <thread>1</thread>
  <message>Start action : click(findTestObject(&amp;quot;Page_Work Order  Create- Workforce Manager/span_Select Queue Type&amp;quot;))</message>
  <nestedLevel>1</nestedLevel>
  <escapedJava>false</escapedJava>
  <property name="startLine">40</property>
  <property name="stepIndex">8</property>
</record>
<record>
  <date>2026-05-28T11:06:14.095910900Z</date>
  <millis>1779966374095</millis>
  <nanos>910900</nanos>
  <sequence>195</sequence>
  <level>PASSED</level>
  <class>com.kms.katalon.core.logging.XmlKeywordLogger</class>
  <method>logMessage</method>
  <thread>1</thread>
  <message>Object: &amp;apos;Object Repository/Page_Work Order  Create- Workforce Manager/span_Select Queue Type&amp;apos; is clicked on</message>
  <nestedLevel>1</nestedLevel>
  <escapedJava>false</escapedJava>
  <property name="testops-method-name">com.kms.katalon.core.webui.keyword.internal.WebUIKeywordMain.runKeywordUntilTimeout</property>
  <property name="testops-execution-stacktrace">com.kms.katalon.core.logging.KeywordLogger.logPassed(KeywordLogger.java:350)
com.kms.katalon.core.logging.KeywordLogger.logPassed(KeywordLogger.java:345)
com.kms.katalon.core.webui.keyword.builtin.ClickKeyword$_click_closure1.doCall(ClickKeyword.groovy:66)
java.base/jdk.internal.reflect.DirectMethodHandleAccessor.invoke(DirectMethodHandleAccessor.java:103)
jdk.proxy2/jdk.proxy2.$Proxy56.execute(Unknown Source)
com.kms.katalon.core.webui.model.SeleniumActionRetryController.performAction(SeleniumActionRetryController.java:96)
com.kms.katalon.core.webui.model.SeleniumActionRetryController.performAction(SeleniumActionRetryController.java:83)
com.kms.katalon.core.webui.keyword.internal.WebUIKeywordMain$_runKeywordUntilTimeout_closure1.doCall(WebUIKeywordMain.groovy:135)
com.kms.katalon.core.webui.keyword.internal.WebUIKeywordMain$_runKeywordUntilTimeout_closure1.call(WebUIKeywordMain.groovy)
com.kms.katalon.core.webui.keyword.internal.WebUIKeywordMain.runKeyword(WebUIKeywordMain.groovy:41)
com.kms.katalon.core.webui.keyword.internal.WebUIKeywordMain.runKeywordUntilTimeout(WebUIKeywordMain.groovy:133)
com.kms.katalon.core.webui.keyword.builtin.ClickKeyword.click(ClickKeyword.groovy:72)
com.kms.katalon.core.webui.keyword.builtin.ClickKeyword.execute(ClickKeyword.groovy:38)
com.kms.katalon.core.keyword.internal.KeywordExecutor.executeKeywordForPlatform(KeywordExecutor.groovy:99)
com.kms.katalon.core.webui.keyword.WebUiBuiltInKeywords.click(WebUiBuiltInKeywords.groovy:722)
TC_Create_Task.run(TC_Create_Task:40)
</property>
</record>
<record>
  <date>2026-05-28T11:06:14.098285700Z</date>
  <millis>1779966374098</millis>
  <nanos>285700</nanos>
  <sequence>196</sequence>
  <level>END</level>
  <class>com.kms.katalon.core.logging.XmlKeywordLogger</class>
  <method>endKeyword</method>
  <thread>1</thread>
  <message>End action : click(findTestObject(&amp;quot;Page_Work Order  Create- Workforce Manager/span_Select Queue Type&amp;quot;))</message>
  <nestedLevel>1</nestedLevel>
  <escapedJava>false</escapedJava>
</record>
<record>
  <date>2026-05-28T11:06:14.098285700Z</date>
  <millis>1779966374098</millis>
  <nanos>285700</nanos>
  <sequence>197</sequence>
  <level>START</level>
  <class>com.kms.katalon.core.logging.XmlKeywordLogger</class>
  <method>startKeyword</method>
  <thread>1</thread>
  <message>Start action : click(findTestObject(&amp;quot;Page_Work Order  Create- Workforce Manager/span_Automated Testing&amp;quot;))</message>
  <nestedLevel>1</nestedLevel>
  <escapedJava>false</escapedJava>
  <property name="startLine">42</property>
  <property name="stepIndex">9</property>
</record>
<record>
  <date>2026-05-28T11:06:14.517418500Z</date>
  <millis>1779966374517</millis>
  <nanos>418500</nanos>
  <sequence>208</sequence>
  <level>PASSED</level>
  <class>com.kms.katalon.core.logging.XmlKeywordLogger</class>
  <method>logMessage</method>
  <thread>1</thread>
  <message>Object: &amp;apos;Object Repository/Page_Work Order  Create- Workforce Manager/span_Automated Testing&amp;apos; is clicked on</message>
  <nestedLevel>1</nestedLevel>
  <escapedJava>false</escapedJava>
  <property name="testops-method-name">com.kms.katalon.core.webui.keyword.internal.WebUIKeywordMain.runKeywordUntilTimeout</property>
  <property name="testops-execution-stacktrace">com.kms.katalon.core.logging.KeywordLogger.logPassed(KeywordLogger.java:350)
com.kms.katalon.core.logging.KeywordLogger.logPassed(KeywordLogger.java:345)
com.kms.katalon.core.webui.keyword.builtin.ClickKeyword$_click_closure1.doCall(ClickKeyword.groovy:66)
java.base/jdk.internal.reflect.DirectMethodHandleAccessor.invoke(DirectMethodHandleAccessor.java:103)
jdk.proxy2/jdk.proxy2.$Proxy56.execute(Unknown Source)
com.kms.katalon.core.webui.model.SeleniumActionRetryController.performAction(SeleniumActionRetryController.java:96)
com.kms.katalon.core.webui.model.SeleniumActionRetryController.performAction(SeleniumActionRetryController.java:83)
com.kms.katalon.core.webui.keyword.internal.WebUIKeywordMain$_runKeywordUntilTimeout_closure1.doCall(WebUIKeywordMain.groovy:135)
com.kms.katalon.core.webui.keyword.internal.WebUIKeywordMain$_runKeywordUntilTimeout_closure1.call(WebUIKeywordMain.groovy)
com.kms.katalon.core.webui.keyword.internal.WebUIKeywordMain.runKeyword(WebUIKeywordMain.groovy:41)
com.kms.katalon.core.webui.keyword.internal.WebUIKeywordMain.runKeywordUntilTimeout(WebUIKeywordMain.groovy:133)
com.kms.katalon.core.webui.keyword.builtin.ClickKeyword.click(ClickKeyword.groovy:72)
com.kms.katalon.core.webui.keyword.builtin.ClickKeyword.execute(ClickKeyword.groovy:38)
com.kms.katalon.core.keyword.internal.KeywordExecutor.executeKeywordForPlatform(KeywordExecutor.groovy:99)
com.kms.katalon.core.webui.keyword.WebUiBuiltInKeywords.click(WebUiBuiltInKeywords.groovy:722)
TC_Create_Task.run(TC_Create_Task:42)
</property>
</record>
<record>
  <date>2026-05-28T11:06:14.520328700Z</date>
  <millis>1779966374520</millis>
  <nanos>328700</nanos>
  <sequence>209</sequence>
  <level>END</level>
  <class>com.kms.katalon.core.logging.XmlKeywordLogger</class>
  <method>endKeyword</method>
  <thread>1</thread>
  <message>End action : click(findTestObject(&amp;quot;Page_Work Order  Create- Workforce Manager/span_Automated Testing&amp;quot;))</message>
  <nestedLevel>1</nestedLevel>
  <escapedJava>false</escapedJava>
</record>
<record>
  <date>2026-05-28T11:06:14.522476400Z</date>
  <millis>1779966374522</millis>
  <nanos>476400</nanos>
  <sequence>210</sequence>
  <level>START</level>
  <class>com.kms.katalon.core.logging.XmlKeywordLogger</class>
  <method>startKeyword</method>
  <thread>1</thread>
  <message>Start action : setText(findTestObject(&amp;quot;Page_Work Order  Create- Workforce Manager/input_Task Title _&amp;quot;), &amp;quot;TEST AUTOMATION 10028791&amp;quot;)</message>
  <nestedLevel>1</nestedLevel>
  <escapedJava>false</escapedJava>
  <property name="startLine">44</property>
  <property name="stepIndex">10</property>
</record>
<record>
  <date>2026-05-28T11:06:17.185021200Z</date>
  <millis>1779966377185</millis>
  <nanos>21200</nanos>
  <sequence>224</sequence>
  <level>PASSED</level>
  <class>com.kms.katalon.core.logging.XmlKeywordLogger</class>
  <method>logMessage</method>
  <thread>1</thread>
  <message>Text &amp;apos;TEST AUTOMATION 10028791&amp;apos; is set on object &amp;apos;Object Repository/Page_Work Order  Create- Workforce Manager/input_Task Title _&amp;apos;</message>
  <nestedLevel>1</nestedLevel>
  <escapedJava>false</escapedJava>
  <property name="testops-method-name">com.kms.katalon.core.webui.keyword.internal.WebUIKeywordMain.runKeywordUntilTimeout</property>
  <property name="testops-execution-stacktrace">com.kms.katalon.core.logging.KeywordLogger.logPassed(KeywordLogger.java:350)
com.kms.katalon.core.logging.KeywordLogger.logPassed(KeywordLogger.java:345)
com.kms.katalon.core.webui.keyword.builtin.SetTextKeyword$_setText_closure1.doCall(SetTextKeyword.groovy:99)
java.base/jdk.internal.reflect.DirectMethodHandleAccessor.invoke(DirectMethodHandleAccessor.java:103)
jdk.proxy2/jdk.proxy2.$Proxy56.execute(Unknown Source)
com.kms.katalon.core.webui.model.SeleniumActionRetryController.performAction(SeleniumActionRetryController.java:96)
com.kms.katalon.core.webui.model.SeleniumActionRetryController.performAction(SeleniumActionRetryController.java:83)
com.kms.katalon.core.webui.keyword.internal.WebUIKeywordMain$_runKeywordUntilTimeout_closure1.doCall(WebUIKeywordMain.groovy:135)
com.kms.katalon.core.webui.keyword.internal.WebUIKeywordMain$_runKeywordUntilTimeout_closure1.call(WebUIKeywordMain.groovy)
com.kms.katalon.core.webui.keyword.internal.WebUIKeywordMain.runKeyword(WebUIKeywordMain.groovy:41)
com.kms.katalon.core.webui.keyword.internal.WebUIKeywordMain.runKeywordUntilTimeout(WebUIKeywordMain.groovy:133)
com.kms.katalon.core.webui.keyword.builtin.SetTextKeyword.setText(SetTextKeyword.groovy:106)
com.kms.katalon.core.webui.keyword.builtin.SetTextKeyword.execute(SetTextKeyword.groovy:49)
com.kms.katalon.core.keyword.internal.KeywordExecutor.executeKeywordForPlatform(KeywordExecutor.groovy:99)
com.kms.katalon.core.webui.keyword.WebUiBuiltInKeywords.setText(WebUiBuiltInKeywords.groovy:1082)
TC_Create_Task.run(TC_Create_Task:44)
</property>
</record>
<record>
  <date>2026-05-28T11:06:17.188030900Z</date>
  <millis>1779966377188</millis>
  <nanos>30900</nanos>
  <sequence>225</sequence>
  <level>END</level>
  <class>com.kms.katalon.core.logging.XmlKeywordLogger</class>
  <method>endKeyword</method>
  <thread>1</thread>
  <message>End action : setText(findTestObject(&amp;quot;Page_Work Order  Create- Workforce Manager/input_Task Title _&amp;quot;), &amp;quot;TEST AUTOMATION 10028791&amp;quot;)</message>
  <nestedLevel>1</nestedLevel>
  <escapedJava>false</escapedJava>
</record>
<record>
  <date>2026-05-28T11:06:17.189289500Z</date>
  <millis>1779966377189</millis>
  <nanos>289500</nanos>
  <sequence>226</sequence>
  <level>START</level>
  <class>com.kms.katalon.core.logging.XmlKeywordLogger</class>
  <method>startKeyword</method>
  <thread>1</thread>
  <message>Start action : setText(findTestObject(&amp;quot;Page_Work Order  Create- Workforce Manager/textarea_Description&amp;quot;), &amp;quot;Smoke Test&amp;quot;)</message>
  <nestedLevel>1</nestedLevel>
  <escapedJava>false</escapedJava>
  <property name="startLine">46</property>
  <property name="stepIndex">11</property>
</record>
<record>
  <date>2026-05-28T11:06:17.950841700Z</date>
  <millis>1779966377950</millis>
  <nanos>841700</nanos>
  <sequence>240</sequence>
  <level>PASSED</level>
  <class>com.kms.katalon.core.logging.XmlKeywordLogger</class>
  <method>logMessage</method>
  <thread>1</thread>
  <message>Text &amp;apos;Smoke Test&amp;apos; is set on object &amp;apos;Object Repository/Page_Work Order  Create- Workforce Manager/textarea_Description&amp;apos;</message>
  <nestedLevel>1</nestedLevel>
  <escapedJava>false</escapedJava>
  <property name="testops-method-name">com.kms.katalon.core.webui.keyword.internal.WebUIKeywordMain.runKeywordUntilTimeout</property>
  <property name="testops-execution-stacktrace">com.kms.katalon.core.logging.KeywordLogger.logPassed(KeywordLogger.java:350)
com.kms.katalon.core.logging.KeywordLogger.logPassed(KeywordLogger.java:345)
com.kms.katalon.core.webui.keyword.builtin.SetTextKeyword$_setText_closure1.doCall(SetTextKeyword.groovy:99)
java.base/jdk.internal.reflect.DirectMethodHandleAccessor.invoke(DirectMethodHandleAccessor.java:103)
jdk.proxy2/jdk.proxy2.$Proxy56.execute(Unknown Source)
com.kms.katalon.core.webui.model.SeleniumActionRetryController.performAction(SeleniumActionRetryController.java:96)
com.kms.katalon.core.webui.model.SeleniumActionRetryController.performAction(SeleniumActionRetryController.java:83)
com.kms.katalon.core.webui.keyword.internal.WebUIKeywordMain$_runKeywordUntilTimeout_closure1.doCall(WebUIKeywordMain.groovy:135)
com.kms.katalon.core.webui.keyword.internal.WebUIKeywordMain$_runKeywordUntilTimeout_closure1.call(WebUIKeywordMain.groovy)
com.kms.katalon.core.webui.keyword.internal.WebUIKeywordMain.runKeyword(WebUIKeywordMain.groovy:41)
com.kms.katalon.core.webui.keyword.internal.WebUIKeywordMain.runKeywordUntilTimeout(WebUIKeywordMain.groovy:133)
com.kms.katalon.core.webui.keyword.builtin.SetTextKeyword.setText(SetTextKeyword.groovy:106)
com.kms.katalon.core.webui.keyword.builtin.SetTextKeyword.execute(SetTextKeyword.groovy:49)
com.kms.katalon.core.keyword.internal.KeywordExecutor.executeKeywordForPlatform(KeywordExecutor.groovy:99)
com.kms.katalon.core.webui.keyword.WebUiBuiltInKeywords.setText(WebUiBuiltInKeywords.groovy:1082)
TC_Create_Task.run(TC_Create_Task:46)
</property>
</record>
<record>
  <date>2026-05-28T11:06:17.952852100Z</date>
  <millis>1779966377952</millis>
  <nanos>852100</nanos>
  <sequence>241</sequence>
  <level>END</level>
  <class>com.kms.katalon.core.logging.XmlKeywordLogger</class>
  <method>endKeyword</method>
  <thread>1</thread>
  <message>End action : setText(findTestObject(&amp;quot;Page_Work Order  Create- Workforce Manager/textarea_Description&amp;quot;), &amp;quot;Smoke Test&amp;quot;)</message>
  <nestedLevel>1</nestedLevel>
  <escapedJava>false</escapedJava>
</record>
<record>
  <date>2026-05-28T11:06:17.955983900Z</date>
  <millis>1779966377955</millis>
  <nanos>983900</nanos>
  <sequence>242</sequence>
  <level>START</level>
  <class>com.kms.katalon.core.logging.XmlKeywordLogger</class>
  <method>startKeyword</method>
  <thread>1</thread>
  <message>Start action : setText(findTestObject(&amp;quot;Page_Work Order  Create- Workforce Manager/input_Input First Name&amp;quot;), &amp;quot;Mr&amp;quot;)</message>
  <nestedLevel>1</nestedLevel>
  <escapedJava>false</escapedJava>
  <property name="startLine">48</property>
  <property name="stepIndex">12</property>
</record>
<record>
  <date>2026-05-28T11:06:18.821356400Z</date>
  <millis>1779966378821</millis>
  <nanos>356400</nanos>
  <sequence>256</sequence>
  <level>PASSED</level>
  <class>com.kms.katalon.core.logging.XmlKeywordLogger</class>
  <method>logMessage</method>
  <thread>1</thread>
  <message>Text &amp;apos;Mr&amp;apos; is set on object &amp;apos;Object Repository/Page_Work Order  Create- Workforce Manager/input_Input First Name&amp;apos;</message>
  <nestedLevel>1</nestedLevel>
  <escapedJava>false</escapedJava>
  <property name="testops-method-name">com.kms.katalon.core.webui.keyword.internal.WebUIKeywordMain.runKeywordUntilTimeout</property>
  <property name="testops-execution-stacktrace">com.kms.katalon.core.logging.KeywordLogger.logPassed(KeywordLogger.java:350)
com.kms.katalon.core.logging.KeywordLogger.logPassed(KeywordLogger.java:345)
com.kms.katalon.core.webui.keyword.builtin.SetTextKeyword$_setText_closure1.doCall(SetTextKeyword.groovy:99)
java.base/jdk.internal.reflect.DirectMethodHandleAccessor.invoke(DirectMethodHandleAccessor.java:103)
jdk.proxy2/jdk.proxy2.$Proxy56.execute(Unknown Source)
com.kms.katalon.core.webui.model.SeleniumActionRetryController.performAction(SeleniumActionRetryController.java:96)
com.kms.katalon.core.webui.model.SeleniumActionRetryController.performAction(SeleniumActionRetryController.java:83)
com.kms.katalon.core.webui.keyword.internal.WebUIKeywordMain$_runKeywordUntilTimeout_closure1.doCall(WebUIKeywordMain.groovy:135)
com.kms.katalon.core.webui.keyword.internal.WebUIKeywordMain$_runKeywordUntilTimeout_closure1.call(WebUIKeywordMain.groovy)
com.kms.katalon.core.webui.keyword.internal.WebUIKeywordMain.runKeyword(WebUIKeywordMain.groovy:41)
com.kms.katalon.core.webui.keyword.internal.WebUIKeywordMain.runKeywordUntilTimeout(WebUIKeywordMain.groovy:133)
com.kms.katalon.core.webui.keyword.builtin.SetTextKeyword.setText(SetTextKeyword.groovy:106)
com.kms.katalon.core.webui.keyword.builtin.SetTextKeyword.execute(SetTextKeyword.groovy:49)
com.kms.katalon.core.keyword.internal.KeywordExecutor.executeKeywordForPlatform(KeywordExecutor.groovy:99)
com.kms.katalon.core.webui.keyword.WebUiBuiltInKeywords.setText(WebUiBuiltInKeywords.groovy:1082)
TC_Create_Task.run(TC_Create_Task:48)
</property>
</record>
<record>
  <date>2026-05-28T11:06:18.825828800Z</date>
  <millis>1779966378825</millis>
  <nanos>828800</nanos>
  <sequence>257</sequence>
  <level>END</level>
  <class>com.kms.katalon.core.logging.XmlKeywordLogger</class>
  <method>endKeyword</method>
  <thread>1</thread>
  <message>End action : setText(findTestObject(&amp;quot;Page_Work Order  Create- Workforce Manager/input_Input First Name&amp;quot;), &amp;quot;Mr&amp;quot;)</message>
  <nestedLevel>1</nestedLevel>
  <escapedJava>false</escapedJava>
</record>
<record>
  <date>2026-05-28T11:06:18.826334500Z</date>
  <millis>1779966378826</millis>
  <nanos>334500</nanos>
  <sequence>258</sequence>
  <level>START</level>
  <class>com.kms.katalon.core.logging.XmlKeywordLogger</class>
  <method>startKeyword</method>
  <thread>1</thread>
  <message>Start action : setText(findTestObject(&amp;quot;Page_Work Order  Create- Workforce Manager/input_Input Last Name&amp;quot;), &amp;quot;Adekola&amp;quot;)</message>
  <nestedLevel>1</nestedLevel>
  <escapedJava>false</escapedJava>
  <property name="startLine">50</property>
  <property name="stepIndex">13</property>
</record>
<record>
  <date>2026-05-28T11:06:19.760961800Z</date>
  <millis>1779966379760</millis>
  <nanos>961800</nanos>
  <sequence>272</sequence>
  <level>PASSED</level>
  <class>com.kms.katalon.core.logging.XmlKeywordLogger</class>
  <method>logMessage</method>
  <thread>1</thread>
  <message>Text &amp;apos;Adekola&amp;apos; is set on object &amp;apos;Object Repository/Page_Work Order  Create- Workforce Manager/input_Input Last Name&amp;apos;</message>
  <nestedLevel>1</nestedLevel>
  <escapedJava>false</escapedJava>
  <property name="testops-method-name">com.kms.katalon.core.webui.keyword.internal.WebUIKeywordMain.runKeywordUntilTimeout</property>
  <property name="testops-execution-stacktrace">com.kms.katalon.core.logging.KeywordLogger.logPassed(KeywordLogger.java:350)
com.kms.katalon.core.logging.KeywordLogger.logPassed(KeywordLogger.java:345)
com.kms.katalon.core.webui.keyword.builtin.SetTextKeyword$_setText_closure1.doCall(SetTextKeyword.groovy:99)
java.base/jdk.internal.reflect.DirectMethodHandleAccessor.invoke(DirectMethodHandleAccessor.java:103)
jdk.proxy2/jdk.proxy2.$Proxy56.execute(Unknown Source)
com.kms.katalon.core.webui.model.SeleniumActionRetryController.performAction(SeleniumActionRetryController.java:96)
com.kms.katalon.core.webui.model.SeleniumActionRetryController.performAction(SeleniumActionRetryController.java:83)
com.kms.katalon.core.webui.keyword.internal.WebUIKeywordMain$_runKeywordUntilTimeout_closure1.doCall(WebUIKeywordMain.groovy:135)
com.kms.katalon.core.webui.keyword.internal.WebUIKeywordMain$_runKeywordUntilTimeout_closure1.call(WebUIKeywordMain.groovy)
com.kms.katalon.core.webui.keyword.internal.WebUIKeywordMain.runKeyword(WebUIKeywordMain.groovy:41)
com.kms.katalon.core.webui.keyword.internal.WebUIKeywordMain.runKeywordUntilTimeout(WebUIKeywordMain.groovy:133)
com.kms.katalon.core.webui.keyword.builtin.SetTextKeyword.setText(SetTextKeyword.groovy:106)
com.kms.katalon.core.webui.keyword.builtin.SetTextKeyword.execute(SetTextKeyword.groovy:49)
com.kms.katalon.core.keyword.internal.KeywordExecutor.executeKeywordForPlatform(KeywordExecutor.groovy:99)
com.kms.katalon.core.webui.keyword.WebUiBuiltInKeywords.setText(WebUiBuiltInKeywords.groovy:1082)
TC_Create_Task.run(TC_Create_Task:50)
</property>
</record>
<record>
  <date>2026-05-28T11:06:19.765181200Z</date>
  <millis>1779966379765</millis>
  <nanos>181200</nanos>
  <sequence>273</sequence>
  <level>END</level>
  <class>com.kms.katalon.core.logging.XmlKeywordLogger</class>
  <method>endKeyword</method>
  <thread>1</thread>
  <message>End action : setText(findTestObject(&amp;quot;Page_Work Order  Create- Workforce Manager/input_Input Last Name&amp;quot;), &amp;quot;Adekola&amp;quot;)</message>
  <nestedLevel>1</nestedLevel>
  <escapedJava>false</escapedJava>
</record>
<record>
  <date>2026-05-28T11:06:19.767653600Z</date>
  <millis>1779966379767</millis>
  <nanos>653600</nanos>
  <sequence>274</sequence>
  <level>START</level>
  <class>com.kms.katalon.core.logging.XmlKeywordLogger</class>
  <method>startKeyword</method>
  <thread>1</thread>
  <message>Start action : setText(findTestObject(&amp;quot;Page_Work Order  Create- Workforce Manager/input_Input Phone Number&amp;quot;), &amp;quot;Cole&amp;quot;)</message>
  <nestedLevel>1</nestedLevel>
  <escapedJava>false</escapedJava>
  <property name="startLine">52</property>
  <property name="stepIndex">14</property>
</record>
<record>
  <date>2026-05-28T11:06:20.693508100Z</date>
  <millis>1779966380693</millis>
  <nanos>508100</nanos>
  <sequence>288</sequence>
  <level>PASSED</level>
  <class>com.kms.katalon.core.logging.XmlKeywordLogger</class>
  <method>logMessage</method>
  <thread>1</thread>
  <message>Text &amp;apos;Cole&amp;apos; is set on object &amp;apos;Object Repository/Page_Work Order  Create- Workforce Manager/input_Input Phone Number&amp;apos;</message>
  <nestedLevel>1</nestedLevel>
  <escapedJava>false</escapedJava>
  <property name="testops-method-name">com.kms.katalon.core.webui.keyword.internal.WebUIKeywordMain.runKeywordUntilTimeout</property>
  <property name="testops-execution-stacktrace">com.kms.katalon.core.logging.KeywordLogger.logPassed(KeywordLogger.java:350)
com.kms.katalon.core.logging.KeywordLogger.logPassed(KeywordLogger.java:345)
com.kms.katalon.core.webui.keyword.builtin.SetTextKeyword$_setText_closure1.doCall(SetTextKeyword.groovy:99)
java.base/jdk.internal.reflect.DirectMethodHandleAccessor.invoke(DirectMethodHandleAccessor.java:103)
jdk.proxy2/jdk.proxy2.$Proxy56.execute(Unknown Source)
com.kms.katalon.core.webui.model.SeleniumActionRetryController.performAction(SeleniumActionRetryController.java:96)
com.kms.katalon.core.webui.model.SeleniumActionRetryController.performAction(SeleniumActionRetryController.java:83)
com.kms.katalon.core.webui.keyword.internal.WebUIKeywordMain$_runKeywordUntilTimeout_closure1.doCall(WebUIKeywordMain.groovy:135)
com.kms.katalon.core.webui.keyword.internal.WebUIKeywordMain$_runKeywordUntilTimeout_closure1.call(WebUIKeywordMain.groovy)
com.kms.katalon.core.webui.keyword.internal.WebUIKeywordMain.runKeyword(WebUIKeywordMain.groovy:41)
com.kms.katalon.core.webui.keyword.internal.WebUIKeywordMain.runKeywordUntilTimeout(WebUIKeywordMain.groovy:133)
com.kms.katalon.core.webui.keyword.builtin.SetTextKeyword.setText(SetTextKeyword.groovy:106)
com.kms.katalon.core.webui.keyword.builtin.SetTextKeyword.execute(SetTextKeyword.groovy:49)
com.kms.katalon.core.keyword.internal.KeywordExecutor.executeKeywordForPlatform(KeywordExecutor.groovy:99)
com.kms.katalon.core.webui.keyword.WebUiBuiltInKeywords.setText(WebUiBuiltInKeywords.groovy:1082)
TC_Create_Task.run(TC_Create_Task:52)
</property>
</record>
<record>
  <date>2026-05-28T11:06:20.695021Z</date>
  <millis>1779966380695</millis>
  <nanos>21000</nanos>
  <sequence>289</sequence>
  <level>END</level>
  <class>com.kms.katalon.core.logging.XmlKeywordLogger</class>
  <method>endKeyword</method>
  <thread>1</thread>
  <message>End action : setText(findTestObject(&amp;quot;Page_Work Order  Create- Workforce Manager/input_Input Phone Number&amp;quot;), &amp;quot;Cole&amp;quot;)</message>
  <nestedLevel>1</nestedLevel>
  <escapedJava>false</escapedJava>
</record>
<record>
  <date>2026-05-28T11:06:20.695021Z</date>
  <millis>1779966380695</millis>
  <nanos>21000</nanos>
  <sequence>290</sequence>
  <level>START</level>
  <class>com.kms.katalon.core.logging.XmlKeywordLogger</class>
  <method>startKeyword</method>
  <thread>1</thread>
  <message>Start action : setText(findTestObject(&amp;quot;Page_Work Order  Create- Workforce Manager/input_Input Email Address&amp;quot;), &amp;quot;testautomation@cicod.com&amp;quot;)</message>
  <nestedLevel>1</nestedLevel>
  <escapedJava>false</escapedJava>
  <property name="startLine">54</property>
  <property name="stepIndex">15</property>
</record>
<record>
  <date>2026-05-28T11:06:21.690632Z</date>
  <millis>1779966381690</millis>
  <nanos>632000</nanos>
  <sequence>304</sequence>
  <level>PASSED</level>
  <class>com.kms.katalon.core.logging.XmlKeywordLogger</class>
  <method>logMessage</method>
  <thread>1</thread>
  <message>Text &amp;apos;testautomation@cicod.com&amp;apos; is set on object &amp;apos;Object Repository/Page_Work Order  Create- Workforce Manager/input_Input Email Address&amp;apos;</message>
  <nestedLevel>1</nestedLevel>
  <escapedJava>false</escapedJava>
  <property name="testops-method-name">com.kms.katalon.core.webui.keyword.internal.WebUIKeywordMain.runKeywordUntilTimeout</property>
  <property name="testops-execution-stacktrace">com.kms.katalon.core.logging.KeywordLogger.logPassed(KeywordLogger.java:350)
com.kms.katalon.core.logging.KeywordLogger.logPassed(KeywordLogger.java:345)
com.kms.katalon.core.webui.keyword.builtin.SetTextKeyword$_setText_closure1.doCall(SetTextKeyword.groovy:99)
java.base/jdk.internal.reflect.DirectMethodHandleAccessor.invoke(DirectMethodHandleAccessor.java:103)
jdk.proxy2/jdk.proxy2.$Proxy56.execute(Unknown Source)
com.kms.katalon.core.webui.model.SeleniumActionRetryController.performAction(SeleniumActionRetryController.java:96)
com.kms.katalon.core.webui.model.SeleniumActionRetryController.performAction(SeleniumActionRetryController.java:83)
com.kms.katalon.core.webui.keyword.internal.WebUIKeywordMain$_runKeywordUntilTimeout_closure1.doCall(WebUIKeywordMain.groovy:135)
com.kms.katalon.core.webui.keyword.internal.WebUIKeywordMain$_runKeywordUntilTimeout_closure1.call(WebUIKeywordMain.groovy)
com.kms.katalon.core.webui.keyword.internal.WebUIKeywordMain.runKeyword(WebUIKeywordMain.groovy:41)
com.kms.katalon.core.webui.keyword.internal.WebUIKeywordMain.runKeywordUntilTimeout(WebUIKeywordMain.groovy:133)
com.kms.katalon.core.webui.keyword.builtin.SetTextKeyword.setText(SetTextKeyword.groovy:106)
com.kms.katalon.core.webui.keyword.builtin.SetTextKeyword.execute(SetTextKeyword.groovy:49)
com.kms.katalon.core.keyword.internal.KeywordExecutor.executeKeywordForPlatform(KeywordExecutor.groovy:99)
com.kms.katalon.core.webui.keyword.WebUiBuiltInKeywords.setText(WebUiBuiltInKeywords.groovy:1082)
TC_Create_Task.run(TC_Create_Task:54)
</property>
</record>
<record>
  <date>2026-05-28T11:06:21.693656100Z</date>
  <millis>1779966381693</millis>
  <nanos>656100</nanos>
  <sequence>305</sequence>
  <level>END</level>
  <class>com.kms.katalon.core.logging.XmlKeywordLogger</class>
  <method>endKeyword</method>
  <thread>1</thread>
  <message>End action : setText(findTestObject(&amp;quot;Page_Work Order  Create- Workforce Manager/input_Input Email Address&amp;quot;), &amp;quot;testautomation@cicod.com&amp;quot;)</message>
  <nestedLevel>1</nestedLevel>
  <escapedJava>false</escapedJava>
</record>
<record>
  <date>2026-05-28T11:06:21.695193700Z</date>
  <millis>1779966381695</millis>
  <nanos>193700</nanos>
  <sequence>306</sequence>
  <level>START</level>
  <class>com.kms.katalon.core.logging.XmlKeywordLogger</class>
  <method>startKeyword</method>
  <thread>1</thread>
  <message>Start action : setText(findTestObject(&amp;quot;Page_Work Order  Create- Workforce Manager/input_house_no&amp;quot;), &amp;quot;45b&amp;quot;)</message>
  <nestedLevel>1</nestedLevel>
  <escapedJava>false</escapedJava>
  <property name="startLine">56</property>
  <property name="stepIndex">16</property>
</record>
<record>
  <date>2026-05-28T11:06:22.575347400Z</date>
  <millis>1779966382575</millis>
  <nanos>347400</nanos>
  <sequence>320</sequence>
  <level>PASSED</level>
  <class>com.kms.katalon.core.logging.XmlKeywordLogger</class>
  <method>logMessage</method>
  <thread>1</thread>
  <message>Text &amp;apos;45b&amp;apos; is set on object &amp;apos;Object Repository/Page_Work Order  Create- Workforce Manager/input_house_no&amp;apos;</message>
  <nestedLevel>1</nestedLevel>
  <escapedJava>false</escapedJava>
  <property name="testops-method-name">com.kms.katalon.core.webui.keyword.internal.WebUIKeywordMain.runKeywordUntilTimeout</property>
  <property name="testops-execution-stacktrace">com.kms.katalon.core.logging.KeywordLogger.logPassed(KeywordLogger.java:350)
com.kms.katalon.core.logging.KeywordLogger.logPassed(KeywordLogger.java:345)
com.kms.katalon.core.webui.keyword.builtin.SetTextKeyword$_setText_closure1.doCall(SetTextKeyword.groovy:99)
java.base/jdk.internal.reflect.DirectMethodHandleAccessor.invoke(DirectMethodHandleAccessor.java:103)
jdk.proxy2/jdk.proxy2.$Proxy56.execute(Unknown Source)
com.kms.katalon.core.webui.model.SeleniumActionRetryController.performAction(SeleniumActionRetryController.java:96)
com.kms.katalon.core.webui.model.SeleniumActionRetryController.performAction(SeleniumActionRetryController.java:83)
com.kms.katalon.core.webui.keyword.internal.WebUIKeywordMain$_runKeywordUntilTimeout_closure1.doCall(WebUIKeywordMain.groovy:135)
com.kms.katalon.core.webui.keyword.internal.WebUIKeywordMain$_runKeywordUntilTimeout_closure1.call(WebUIKeywordMain.groovy)
com.kms.katalon.core.webui.keyword.internal.WebUIKeywordMain.runKeyword(WebUIKeywordMain.groovy:41)
com.kms.katalon.core.webui.keyword.internal.WebUIKeywordMain.runKeywordUntilTimeout(WebUIKeywordMain.groovy:133)
com.kms.katalon.core.webui.keyword.builtin.SetTextKeyword.setText(SetTextKeyword.groovy:106)
com.kms.katalon.core.webui.keyword.builtin.SetTextKeyword.execute(SetTextKeyword.groovy:49)
com.kms.katalon.core.keyword.internal.KeywordExecutor.executeKeywordForPlatform(KeywordExecutor.groovy:99)
com.kms.katalon.core.webui.keyword.WebUiBuiltInKeywords.setText(WebUiBuiltInKeywords.groovy:1082)
TC_Create_Task.run(TC_Create_Task:56)
</property>
</record>
<record>
  <date>2026-05-28T11:06:22.582355500Z</date>
  <millis>1779966382582</millis>
  <nanos>355500</nanos>
  <sequence>321</sequence>
  <level>END</level>
  <class>com.kms.katalon.core.logging.XmlKeywordLogger</class>
  <method>endKeyword</method>
  <thread>1</thread>
  <message>End action : setText(findTestObject(&amp;quot;Page_Work Order  Create- Workforce Manager/input_house_no&amp;quot;), &amp;quot;45b&amp;quot;)</message>
  <nestedLevel>1</nestedLevel>
  <escapedJava>false</escapedJava>
</record>
<record>
  <date>2026-05-28T11:06:22.582355500Z</date>
  <millis>1779966382582</millis>
  <nanos>355500</nanos>
  <sequence>322</sequence>
  <level>START</level>
  <class>com.kms.katalon.core.logging.XmlKeywordLogger</class>
  <method>startKeyword</method>
  <thread>1</thread>
  <message>Start action : setText(findTestObject(&amp;quot;Page_Work Order  Create- Workforce Manager/input_street&amp;quot;), &amp;quot;Admiralty Way&amp;quot;)</message>
  <nestedLevel>1</nestedLevel>
  <escapedJava>false</escapedJava>
  <property name="startLine">58</property>
  <property name="stepIndex">17</property>
</record>
<record>
  <date>2026-05-28T11:06:23.459180600Z</date>
  <millis>1779966383459</millis>
  <nanos>180600</nanos>
  <sequence>336</sequence>
  <level>PASSED</level>
  <class>com.kms.katalon.core.logging.XmlKeywordLogger</class>
  <method>logMessage</method>
  <thread>1</thread>
  <message>Text &amp;apos;Admiralty Way&amp;apos; is set on object &amp;apos;Object Repository/Page_Work Order  Create- Workforce Manager/input_street&amp;apos;</message>
  <nestedLevel>1</nestedLevel>
  <escapedJava>false</escapedJava>
  <property name="testops-method-name">com.kms.katalon.core.webui.keyword.internal.WebUIKeywordMain.runKeywordUntilTimeout</property>
  <property name="testops-execution-stacktrace">com.kms.katalon.core.logging.KeywordLogger.logPassed(KeywordLogger.java:350)
com.kms.katalon.core.logging.KeywordLogger.logPassed(KeywordLogger.java:345)
com.kms.katalon.core.webui.keyword.builtin.SetTextKeyword$_setText_closure1.doCall(SetTextKeyword.groovy:99)
java.base/jdk.internal.reflect.DirectMethodHandleAccessor.invoke(DirectMethodHandleAccessor.java:103)
jdk.proxy2/jdk.proxy2.$Proxy56.execute(Unknown Source)
com.kms.katalon.core.webui.model.SeleniumActionRetryController.performAction(SeleniumActionRetryController.java:96)
com.kms.katalon.core.webui.model.SeleniumActionRetryController.performAction(SeleniumActionRetryController.java:83)
com.kms.katalon.core.webui.keyword.internal.WebUIKeywordMain$_runKeywordUntilTimeout_closure1.doCall(WebUIKeywordMain.groovy:135)
com.kms.katalon.core.webui.keyword.internal.WebUIKeywordMain$_runKeywordUntilTimeout_closure1.call(WebUIKeywordMain.groovy)
com.kms.katalon.core.webui.keyword.internal.WebUIKeywordMain.runKeyword(WebUIKeywordMain.groovy:41)
com.kms.katalon.core.webui.keyword.internal.WebUIKeywordMain.runKeywordUntilTimeout(WebUIKeywordMain.groovy:133)
com.kms.katalon.core.webui.keyword.builtin.SetTextKeyword.setText(SetTextKeyword.groovy:106)
com.kms.katalon.core.webui.keyword.builtin.SetTextKeyword.execute(SetTextKeyword.groovy:49)
com.kms.katalon.core.keyword.internal.KeywordExecutor.executeKeywordForPlatform(KeywordExecutor.groovy:99)
com.kms.katalon.core.webui.keyword.WebUiBuiltInKeywords.setText(WebUiBuiltInKeywords.groovy:1082)
TC_Create_Task.run(TC_Create_Task:58)
</property>
</record>
<record>
  <date>2026-05-28T11:06:23.459180600Z</date>
  <millis>1779966383459</millis>
  <nanos>180600</nanos>
  <sequence>337</sequence>
  <level>END</level>
  <class>com.kms.katalon.core.logging.XmlKeywordLogger</class>
  <method>endKeyword</method>
  <thread>1</thread>
  <message>End action : setText(findTestObject(&amp;quot;Page_Work Order  Create- Workforce Manager/input_street&amp;quot;), &amp;quot;Admiralty Way&amp;quot;)</message>
  <nestedLevel>1</nestedLevel>
  <escapedJava>false</escapedJava>
</record>
<record>
  <date>2026-05-28T11:06:23.465424100Z</date>
  <millis>1779966383465</millis>
  <nanos>424100</nanos>
  <sequence>338</sequence>
  <level>START</level>
  <class>com.kms.katalon.core.logging.XmlKeywordLogger</class>
  <method>startKeyword</method>
  <thread>1</thread>
  <message>Start action : selectOptionByValue(findTestObject(&amp;quot;Page_Work Order  Create- Workforce Manager/select_AngolaCameroonCongoEthopiaNigeriaSouth Af&amp;quot;), &amp;quot;Nigeria&amp;quot;, false)</message>
  <nestedLevel>1</nestedLevel>
  <escapedJava>false</escapedJava>
  <property name="startLine">60</property>
  <property name="stepIndex">18</property>
</record>
<record>
  <date>2026-05-28T11:06:24.274250500Z</date>
  <millis>1779966384274</millis>
  <nanos>250500</nanos>
  <sequence>350</sequence>
  <level>PASSED</level>
  <class>com.kms.katalon.core.logging.XmlKeywordLogger</class>
  <method>logMessage</method>
  <thread>1</thread>
  <message>All options with value &amp;apos;Nigeria&amp;apos; are selected in object &amp;apos;Object Repository/Page_Work Order  Create- Workforce Manager/select_AngolaCameroonCongoEthopiaNigeriaSouth Af&amp;apos; </message>
  <nestedLevel>1</nestedLevel>
  <escapedJava>false</escapedJava>
  <property name="testops-method-name">com.kms.katalon.core.webui.keyword.internal.WebUIKeywordMain.runKeywordUntilTimeout</property>
  <property name="testops-execution-stacktrace">com.kms.katalon.core.logging.KeywordLogger.logPassed(KeywordLogger.java:350)
com.kms.katalon.core.logging.KeywordLogger.logPassed(KeywordLogger.java:345)
com.kms.katalon.core.webui.keyword.builtin.SelectOptionByValueKeyword$_selectOptionByValue_closure1.doCall(SelectOptionByValueKeyword.groovy:70)
java.base/jdk.internal.reflect.DirectMethodHandleAccessor.invoke(DirectMethodHandleAccessor.java:103)
jdk.proxy2/jdk.proxy2.$Proxy56.execute(Unknown Source)
com.kms.katalon.core.webui.model.SeleniumActionRetryController.performAction(SeleniumActionRetryController.java:96)
com.kms.katalon.core.webui.model.SeleniumActionRetryController.performAction(SeleniumActionRetryController.java:83)
com.kms.katalon.core.webui.keyword.internal.WebUIKeywordMain$_runKeywordUntilTimeout_closure1.doCall(WebUIKeywordMain.groovy:135)
com.kms.katalon.core.webui.keyword.internal.WebUIKeywordMain$_runKeywordUntilTimeout_closure1.call(WebUIKeywordMain.groovy)
com.kms.katalon.core.webui.keyword.internal.WebUIKeywordMain.runKeyword(WebUIKeywordMain.groovy:41)
com.kms.katalon.core.webui.keyword.internal.WebUIKeywordMain.runKeywordUntilTimeout(WebUIKeywordMain.groovy:133)
com.kms.katalon.core.webui.keyword.builtin.SelectOptionByValueKeyword.selectOptionByValue(SelectOptionByValueKeyword.groovy:79)
com.kms.katalon.core.webui.keyword.builtin.SelectOptionByValueKeyword.execute(SelectOptionByValueKeyword.groovy:44)
com.kms.katalon.core.keyword.internal.KeywordExecutor.executeKeywordForPlatform(KeywordExecutor.groovy:99)
com.kms.katalon.core.webui.keyword.WebUiBuiltInKeywords.selectOptionByValue(WebUiBuiltInKeywords.groovy:1270)
TC_Create_Task.run(TC_Create_Task:60)
</property>
</record>
<record>
  <date>2026-05-28T11:06:24.275664400Z</date>
  <millis>1779966384275</millis>
  <nanos>664400</nanos>
  <sequence>351</sequence>
  <level>END</level>
  <class>com.kms.katalon.core.logging.XmlKeywordLogger</class>
  <method>endKeyword</method>
  <thread>1</thread>
  <message>End action : selectOptionByValue(findTestObject(&amp;quot;Page_Work Order  Create- Workforce Manager/select_AngolaCameroonCongoEthopiaNigeriaSouth Af&amp;quot;), &amp;quot;Nigeria&amp;quot;, false)</message>
  <nestedLevel>1</nestedLevel>
  <escapedJava>false</escapedJava>
</record>
<record>
  <date>2026-05-28T11:06:24.275664400Z</date>
  <millis>1779966384275</millis>
  <nanos>664400</nanos>
  <sequence>352</sequence>
  <level>START</level>
  <class>com.kms.katalon.core.logging.XmlKeywordLogger</class>
  <method>startKeyword</method>
  <thread>1</thread>
  <message>Start action : selectOptionByValue(findTestObject(&amp;quot;Page_Work Order  Create- Workforce Manager/select_Select StateAbiaAbujaAdamawaAkwa IbomAnam&amp;quot;), &amp;quot;Lagos&amp;quot;, false)</message>
  <nestedLevel>1</nestedLevel>
  <escapedJava>false</escapedJava>
  <property name="startLine">63</property>
  <property name="stepIndex">19</property>
</record>
<record>
  <date>2026-05-28T11:06:24.974356700Z</date>
  <millis>1779966384974</millis>
  <nanos>356700</nanos>
  <sequence>364</sequence>
  <level>PASSED</level>
  <class>com.kms.katalon.core.logging.XmlKeywordLogger</class>
  <method>logMessage</method>
  <thread>1</thread>
  <message>All options with value &amp;apos;Lagos&amp;apos; are selected in object &amp;apos;Object Repository/Page_Work Order  Create- Workforce Manager/select_Select StateAbiaAbujaAdamawaAkwa IbomAnam&amp;apos; </message>
  <nestedLevel>1</nestedLevel>
  <escapedJava>false</escapedJava>
  <property name="testops-method-name">com.kms.katalon.core.webui.keyword.internal.WebUIKeywordMain.runKeywordUntilTimeout</property>
  <property name="testops-execution-stacktrace">com.kms.katalon.core.logging.KeywordLogger.logPassed(KeywordLogger.java:350)
com.kms.katalon.core.logging.KeywordLogger.logPassed(KeywordLogger.java:345)
com.kms.katalon.core.webui.keyword.builtin.SelectOptionByValueKeyword$_selectOptionByValue_closure1.doCall(SelectOptionByValueKeyword.groovy:70)
java.base/jdk.internal.reflect.DirectMethodHandleAccessor.invoke(DirectMethodHandleAccessor.java:103)
jdk.proxy2/jdk.proxy2.$Proxy56.execute(Unknown Source)
com.kms.katalon.core.webui.model.SeleniumActionRetryController.performAction(SeleniumActionRetryController.java:96)
com.kms.katalon.core.webui.model.SeleniumActionRetryController.performAction(SeleniumActionRetryController.java:83)
com.kms.katalon.core.webui.keyword.internal.WebUIKeywordMain$_runKeywordUntilTimeout_closure1.doCall(WebUIKeywordMain.groovy:135)
com.kms.katalon.core.webui.keyword.internal.WebUIKeywordMain$_runKeywordUntilTimeout_closure1.call(WebUIKeywordMain.groovy)
com.kms.katalon.core.webui.keyword.internal.WebUIKeywordMain.runKeyword(WebUIKeywordMain.groovy:41)
com.kms.katalon.core.webui.keyword.internal.WebUIKeywordMain.runKeywordUntilTimeout(WebUIKeywordMain.groovy:133)
com.kms.katalon.core.webui.keyword.builtin.SelectOptionByValueKeyword.selectOptionByValue(SelectOptionByValueKeyword.groovy:79)
com.kms.katalon.core.webui.keyword.builtin.SelectOptionByValueKeyword.execute(SelectOptionByValueKeyword.groovy:44)
com.kms.katalon.core.keyword.internal.KeywordExecutor.executeKeywordForPlatform(KeywordExecutor.groovy:99)
com.kms.katalon.core.webui.keyword.WebUiBuiltInKeywords.selectOptionByValue(WebUiBuiltInKeywords.groovy:1270)
TC_Create_Task.run(TC_Create_Task:63)
</property>
</record>
<record>
  <date>2026-05-28T11:06:24.976875300Z</date>
  <millis>1779966384976</millis>
  <nanos>875300</nanos>
  <sequence>365</sequence>
  <level>END</level>
  <class>com.kms.katalon.core.logging.XmlKeywordLogger</class>
  <method>endKeyword</method>
  <thread>1</thread>
  <message>End action : selectOptionByValue(findTestObject(&amp;quot;Page_Work Order  Create- Workforce Manager/select_Select StateAbiaAbujaAdamawaAkwa IbomAnam&amp;quot;), &amp;quot;Lagos&amp;quot;, false)</message>
  <nestedLevel>1</nestedLevel>
  <escapedJava>false</escapedJava>
</record>
<record>
  <date>2026-05-28T11:06:24.976875300Z</date>
  <millis>1779966384976</millis>
  <nanos>875300</nanos>
  <sequence>366</sequence>
  <level>START</level>
  <class>com.kms.katalon.core.logging.XmlKeywordLogger</class>
  <method>startKeyword</method>
  <thread>1</thread>
  <message>Start action : switchToWindowTitle(&amp;quot;Work Order | Create- Workforce Manager&amp;quot;)</message>
  <nestedLevel>1</nestedLevel>
  <escapedJava>false</escapedJava>
  <property name="startLine">66</property>
  <property name="stepIndex">20</property>
</record>
<record>
  <date>2026-05-28T11:06:25.030496700Z</date>
  <millis>1779966385030</millis>
  <nanos>496700</nanos>
  <sequence>371</sequence>
  <level>PASSED</level>
  <class>com.kms.katalon.core.logging.XmlKeywordLogger</class>
  <method>logMessage</method>
  <thread>1</thread>
  <message>Switched to window with title: &amp;apos;Work Order | Create- Workforce Manager&amp;apos;</message>
  <nestedLevel>1</nestedLevel>
  <escapedJava>false</escapedJava>
  <property name="testops-method-name">com.kms.katalon.core.webui.keyword.builtin.SwitchToWindowTitleKeyword.switchToWindowTitle</property>
  <property name="testops-execution-stacktrace"></property>
</record>
<record>
  <date>2026-05-28T11:06:25.036686700Z</date>
  <millis>1779966385036</millis>
  <nanos>686700</nanos>
  <sequence>372</sequence>
  <level>END</level>
  <class>com.kms.katalon.core.logging.XmlKeywordLogger</class>
  <method>endKeyword</method>
  <thread>1</thread>
  <message>End action : switchToWindowTitle(&amp;quot;Work Order | Create- Workforce Manager&amp;quot;)</message>
  <nestedLevel>1</nestedLevel>
  <escapedJava>false</escapedJava>
</record>
<record>
  <date>2026-05-28T11:06:25.040032Z</date>
  <millis>1779966385040</millis>
  <nanos>32000</nanos>
  <sequence>373</sequence>
  <level>START</level>
  <class>com.kms.katalon.core.logging.XmlKeywordLogger</class>
  <method>startKeyword</method>
  <thread>1</thread>
  <message>Start action : click(findTestObject(&amp;quot;Page_Work Order  Create- Workforce Manager/input_optionsRadios1&amp;quot;))</message>
  <nestedLevel>1</nestedLevel>
  <escapedJava>false</escapedJava>
  <property name="startLine">68</property>
  <property name="stepIndex">21</property>
</record>
<record>
  <date>2026-05-28T11:06:25.521165900Z</date>
  <millis>1779966385521</millis>
  <nanos>165900</nanos>
  <sequence>384</sequence>
  <level>PASSED</level>
  <class>com.kms.katalon.core.logging.XmlKeywordLogger</class>
  <method>logMessage</method>
  <thread>1</thread>
  <message>Object: &amp;apos;Object Repository/Page_Work Order  Create- Workforce Manager/input_optionsRadios1&amp;apos; is clicked on</message>
  <nestedLevel>1</nestedLevel>
  <escapedJava>false</escapedJava>
  <property name="testops-method-name">com.kms.katalon.core.webui.keyword.internal.WebUIKeywordMain.runKeywordUntilTimeout</property>
  <property name="testops-execution-stacktrace">com.kms.katalon.core.logging.KeywordLogger.logPassed(KeywordLogger.java:350)
com.kms.katalon.core.logging.KeywordLogger.logPassed(KeywordLogger.java:345)
com.kms.katalon.core.webui.keyword.builtin.ClickKeyword$_click_closure1.doCall(ClickKeyword.groovy:66)
java.base/jdk.internal.reflect.DirectMethodHandleAccessor.invoke(DirectMethodHandleAccessor.java:103)
jdk.proxy2/jdk.proxy2.$Proxy56.execute(Unknown Source)
com.kms.katalon.core.webui.model.SeleniumActionRetryController.performAction(SeleniumActionRetryController.java:96)
com.kms.katalon.core.webui.model.SeleniumActionRetryController.performAction(SeleniumActionRetryController.java:83)
com.kms.katalon.core.webui.keyword.internal.WebUIKeywordMain$_runKeywordUntilTimeout_closure1.doCall(WebUIKeywordMain.groovy:135)
com.kms.katalon.core.webui.keyword.internal.WebUIKeywordMain$_runKeywordUntilTimeout_closure1.call(WebUIKeywordMain.groovy)
com.kms.katalon.core.webui.keyword.internal.WebUIKeywordMain.runKeyword(WebUIKeywordMain.groovy:41)
com.kms.katalon.core.webui.keyword.internal.WebUIKeywordMain.runKeywordUntilTimeout(WebUIKeywordMain.groovy:133)
com.kms.katalon.core.webui.keyword.builtin.ClickKeyword.click(ClickKeyword.groovy:72)
com.kms.katalon.core.webui.keyword.builtin.ClickKeyword.execute(ClickKeyword.groovy:38)
com.kms.katalon.core.keyword.internal.KeywordExecutor.executeKeywordForPlatform(KeywordExecutor.groovy:99)
com.kms.katalon.core.webui.keyword.WebUiBuiltInKeywords.click(WebUiBuiltInKeywords.groovy:722)
TC_Create_Task.run(TC_Create_Task:68)
</property>
</record>
<record>
  <date>2026-05-28T11:06:25.523670500Z</date>
  <millis>1779966385523</millis>
  <nanos>670500</nanos>
  <sequence>385</sequence>
  <level>END</level>
  <class>com.kms.katalon.core.logging.XmlKeywordLogger</class>
  <method>endKeyword</method>
  <thread>1</thread>
  <message>End action : click(findTestObject(&amp;quot;Page_Work Order  Create- Workforce Manager/input_optionsRadios1&amp;quot;))</message>
  <nestedLevel>1</nestedLevel>
  <escapedJava>false</escapedJava>
</record>
<record>
  <date>2026-05-28T11:06:25.525177200Z</date>
  <millis>1779966385525</millis>
  <nanos>177200</nanos>
  <sequence>386</sequence>
  <level>START</level>
  <class>com.kms.katalon.core.logging.XmlKeywordLogger</class>
  <method>startKeyword</method>
  <thread>1</thread>
  <message>Start action : click(findTestObject(&amp;quot;Page_Work Order  Create- Workforce Manager/input_optionsChecks1&amp;quot;))</message>
  <nestedLevel>1</nestedLevel>
  <escapedJava>false</escapedJava>
  <property name="startLine">70</property>
  <property name="stepIndex">22</property>
</record>
<record>
  <date>2026-05-28T11:06:25.990337200Z</date>
  <millis>1779966385990</millis>
  <nanos>337200</nanos>
  <sequence>397</sequence>
  <level>PASSED</level>
  <class>com.kms.katalon.core.logging.XmlKeywordLogger</class>
  <method>logMessage</method>
  <thread>1</thread>
  <message>Object: &amp;apos;Object Repository/Page_Work Order  Create- Workforce Manager/input_optionsChecks1&amp;apos; is clicked on</message>
  <nestedLevel>1</nestedLevel>
  <escapedJava>false</escapedJava>
  <property name="testops-method-name">com.kms.katalon.core.webui.keyword.internal.WebUIKeywordMain.runKeywordUntilTimeout</property>
  <property name="testops-execution-stacktrace">com.kms.katalon.core.logging.KeywordLogger.logPassed(KeywordLogger.java:350)
com.kms.katalon.core.logging.KeywordLogger.logPassed(KeywordLogger.java:345)
com.kms.katalon.core.webui.keyword.builtin.ClickKeyword$_click_closure1.doCall(ClickKeyword.groovy:66)
java.base/jdk.internal.reflect.DirectMethodHandleAccessor.invoke(DirectMethodHandleAccessor.java:103)
jdk.proxy2/jdk.proxy2.$Proxy56.execute(Unknown Source)
com.kms.katalon.core.webui.model.SeleniumActionRetryController.performAction(SeleniumActionRetryController.java:96)
com.kms.katalon.core.webui.model.SeleniumActionRetryController.performAction(SeleniumActionRetryController.java:83)
com.kms.katalon.core.webui.keyword.internal.WebUIKeywordMain$_runKeywordUntilTimeout_closure1.doCall(WebUIKeywordMain.groovy:135)
com.kms.katalon.core.webui.keyword.internal.WebUIKeywordMain$_runKeywordUntilTimeout_closure1.call(WebUIKeywordMain.groovy)
com.kms.katalon.core.webui.keyword.internal.WebUIKeywordMain.runKeyword(WebUIKeywordMain.groovy:41)
com.kms.katalon.core.webui.keyword.internal.WebUIKeywordMain.runKeywordUntilTimeout(WebUIKeywordMain.groovy:133)
com.kms.katalon.core.webui.keyword.builtin.ClickKeyword.click(ClickKeyword.groovy:72)
com.kms.katalon.core.webui.keyword.builtin.ClickKeyword.execute(ClickKeyword.groovy:38)
com.kms.katalon.core.keyword.internal.KeywordExecutor.executeKeywordForPlatform(KeywordExecutor.groovy:99)
com.kms.katalon.core.webui.keyword.WebUiBuiltInKeywords.click(WebUiBuiltInKeywords.groovy:722)
TC_Create_Task.run(TC_Create_Task:70)
</property>
</record>
<record>
  <date>2026-05-28T11:06:25.993373400Z</date>
  <millis>1779966385993</millis>
  <nanos>373400</nanos>
  <sequence>398</sequence>
  <level>END</level>
  <class>com.kms.katalon.core.logging.XmlKeywordLogger</class>
  <method>endKeyword</method>
  <thread>1</thread>
  <message>End action : click(findTestObject(&amp;quot;Page_Work Order  Create- Workforce Manager/input_optionsChecks1&amp;quot;))</message>
  <nestedLevel>1</nestedLevel>
  <escapedJava>false</escapedJava>
</record>
<record>
  <date>2026-05-28T11:06:25.993373400Z</date>
  <millis>1779966385993</millis>
  <nanos>373400</nanos>
  <sequence>399</sequence>
  <level>START</level>
  <class>com.kms.katalon.core.logging.XmlKeywordLogger</class>
  <method>startKeyword</method>
  <thread>1</thread>
  <message>Start action : setText(findTestObject(&amp;quot;Page_Work Order  Create- Workforce Manager/input_Select Date&amp;quot;), &amp;quot;2026-05-20&amp;quot;)</message>
  <nestedLevel>1</nestedLevel>
  <escapedJava>false</escapedJava>
  <property name="startLine">72</property>
  <property name="stepIndex">23</property>
</record>
<record>
  <date>2026-05-28T11:06:26.790999300Z</date>
  <millis>1779966386790</millis>
  <nanos>999300</nanos>
  <sequence>413</sequence>
  <level>PASSED</level>
  <class>com.kms.katalon.core.logging.XmlKeywordLogger</class>
  <method>logMessage</method>
  <thread>1</thread>
  <message>Text &amp;apos;2026-05-20&amp;apos; is set on object &amp;apos;Object Repository/Page_Work Order  Create- Workforce Manager/input_Select Date&amp;apos;</message>
  <nestedLevel>1</nestedLevel>
  <escapedJava>false</escapedJava>
  <property name="testops-method-name">com.kms.katalon.core.webui.keyword.internal.WebUIKeywordMain.runKeywordUntilTimeout</property>
  <property name="testops-execution-stacktrace">com.kms.katalon.core.logging.KeywordLogger.logPassed(KeywordLogger.java:350)
com.kms.katalon.core.logging.KeywordLogger.logPassed(KeywordLogger.java:345)
com.kms.katalon.core.webui.keyword.builtin.SetTextKeyword$_setText_closure1.doCall(SetTextKeyword.groovy:99)
java.base/jdk.internal.reflect.DirectMethodHandleAccessor.invoke(DirectMethodHandleAccessor.java:103)
jdk.proxy2/jdk.proxy2.$Proxy56.execute(Unknown Source)
com.kms.katalon.core.webui.model.SeleniumActionRetryController.performAction(SeleniumActionRetryController.java:96)
com.kms.katalon.core.webui.model.SeleniumActionRetryController.performAction(SeleniumActionRetryController.java:83)
com.kms.katalon.core.webui.keyword.internal.WebUIKeywordMain$_runKeywordUntilTimeout_closure1.doCall(WebUIKeywordMain.groovy:135)
com.kms.katalon.core.webui.keyword.internal.WebUIKeywordMain$_runKeywordUntilTimeout_closure1.call(WebUIKeywordMain.groovy)
com.kms.katalon.core.webui.keyword.internal.WebUIKeywordMain.runKeyword(WebUIKeywordMain.groovy:41)
com.kms.katalon.core.webui.keyword.internal.WebUIKeywordMain.runKeywordUntilTimeout(WebUIKeywordMain.groovy:133)
com.kms.katalon.core.webui.keyword.builtin.SetTextKeyword.setText(SetTextKeyword.groovy:106)
com.kms.katalon.core.webui.keyword.builtin.SetTextKeyword.execute(SetTextKeyword.groovy:49)
com.kms.katalon.core.keyword.internal.KeywordExecutor.executeKeywordForPlatform(KeywordExecutor.groovy:99)
com.kms.katalon.core.webui.keyword.WebUiBuiltInKeywords.setText(WebUiBuiltInKeywords.groovy:1082)
TC_Create_Task.run(TC_Create_Task:72)
</property>
</record>
<record>
  <date>2026-05-28T11:06:26.793010100Z</date>
  <millis>1779966386793</millis>
  <nanos>10100</nanos>
  <sequence>414</sequence>
  <level>END</level>
  <class>com.kms.katalon.core.logging.XmlKeywordLogger</class>
  <method>endKeyword</method>
  <thread>1</thread>
  <message>End action : setText(findTestObject(&amp;quot;Page_Work Order  Create- Workforce Manager/input_Select Date&amp;quot;), &amp;quot;2026-05-20&amp;quot;)</message>
  <nestedLevel>1</nestedLevel>
  <escapedJava>false</escapedJava>
</record>
<record>
  <date>2026-05-28T11:06:26.795021Z</date>
  <millis>1779966386795</millis>
  <nanos>21000</nanos>
  <sequence>415</sequence>
  <level>START</level>
  <class>com.kms.katalon.core.logging.XmlKeywordLogger</class>
  <method>startKeyword</method>
  <thread>1</thread>
  <message>Start action : filePath = getProjectDir() + &amp;quot;/Include/test-files/data_backup.png&amp;quot;</message>
  <nestedLevel>1</nestedLevel>
  <escapedJava>false</escapedJava>
  <property name="startLine">74</property>
  <property name="stepIndex">24</property>
</record>
<record>
  <date>2026-05-28T11:06:26.805848300Z</date>
  <millis>1779966386805</millis>
  <nanos>848300</nanos>
  <sequence>416</sequence>
  <level>END</level>
  <class>com.kms.katalon.core.logging.XmlKeywordLogger</class>
  <method>endKeyword</method>
  <thread>1</thread>
  <message>End action : filePath = getProjectDir() + &amp;quot;/Include/test-files/data_backup.png&amp;quot;</message>
  <nestedLevel>1</nestedLevel>
  <escapedJava>false</escapedJava>
</record>
<record>
  <date>2026-05-28T11:06:26.806865200Z</date>
  <millis>1779966386806</millis>
  <nanos>865200</nanos>
  <sequence>417</sequence>
  <level>START</level>
  <class>com.kms.katalon.core.logging.XmlKeywordLogger</class>
  <method>startKeyword</method>
  <thread>1</thread>
  <message>Start action : assert File(filePath).exists()</message>
  <nestedLevel>1</nestedLevel>
  <escapedJava>false</escapedJava>
  <property name="startLine">77</property>
  <property name="stepIndex">25</property>
</record>
<record>
  <date>2026-05-28T11:06:26.831247200Z</date>
  <millis>1779966386831</millis>
  <nanos>247200</nanos>
  <sequence>418</sequence>
  <level>END</level>
  <class>com.kms.katalon.core.logging.XmlKeywordLogger</class>
  <method>endKeyword</method>
  <thread>1</thread>
  <message>End action : assert File(filePath).exists()</message>
  <nestedLevel>1</nestedLevel>
  <escapedJava>false</escapedJava>
</record>
<record>
  <date>2026-05-28T11:06:26.831247200Z</date>
  <millis>1779966386831</millis>
  <nanos>247200</nanos>
  <sequence>419</sequence>
  <level>START</level>
  <class>com.kms.katalon.core.logging.XmlKeywordLogger</class>
  <method>startKeyword</method>
  <thread>1</thread>
  <message>Start action : uploadObj = findTestObject(&amp;quot;Page_Work Order  Create- Workforce Manager/input_take-photo-input-selected_file&amp;quot;)</message>
  <nestedLevel>1</nestedLevel>
  <escapedJava>false</escapedJava>
  <property name="startLine">79</property>
  <property name="stepIndex">26</property>
</record>
<record>
  <date>2026-05-28T11:06:26.843227800Z</date>
  <millis>1779966386843</millis>
  <nanos>227800</nanos>
  <sequence>421</sequence>
  <level>END</level>
  <class>com.kms.katalon.core.logging.XmlKeywordLogger</class>
  <method>endKeyword</method>
  <thread>1</thread>
  <message>End action : uploadObj = findTestObject(&amp;quot;Page_Work Order  Create- Workforce Manager/input_take-photo-input-selected_file&amp;quot;)</message>
  <nestedLevel>1</nestedLevel>
  <escapedJava>false</escapedJava>
</record>
<record>
  <date>2026-05-28T11:06:26.845247600Z</date>
  <millis>1779966386845</millis>
  <nanos>247600</nanos>
  <sequence>422</sequence>
  <level>START</level>
  <class>com.kms.katalon.core.logging.XmlKeywordLogger</class>
  <method>startKeyword</method>
  <thread>1</thread>
  <message>Start action : waitForElementPresent(uploadObj, 10)</message>
  <nestedLevel>1</nestedLevel>
  <escapedJava>false</escapedJava>
  <property name="startLine">81</property>
  <property name="stepIndex">27</property>
</record>
<record>
  <date>2026-05-28T11:06:27.181924800Z</date>
  <millis>1779966387181</millis>
  <nanos>924800</nanos>
  <sequence>428</sequence>
  <level>PASSED</level>
  <class>com.kms.katalon.core.logging.XmlKeywordLogger</class>
  <method>logMessage</method>
  <thread>1</thread>
  <message>Object &amp;apos;Object Repository/Page_Work Order  Create- Workforce Manager/input_take-photo-input-selected_file&amp;apos; is present</message>
  <nestedLevel>1</nestedLevel>
  <escapedJava>false</escapedJava>
  <property name="testops-method-name">com.kms.katalon.core.webui.keyword.internal.WebUIKeywordMain.runKeywordUntilTimeout</property>
  <property name="testops-execution-stacktrace">com.kms.katalon.core.logging.KeywordLogger.logPassed(KeywordLogger.java:350)
com.kms.katalon.core.logging.KeywordLogger.logPassed(KeywordLogger.java:345)
com.kms.katalon.core.webui.keyword.builtin.WaitForElementPresentKeyword$_waitForElementPresent_closure1.doCall(WaitForElementPresentKeyword.groovy:56)
java.base/jdk.internal.reflect.DirectMethodHandleAccessor.invoke(DirectMethodHandleAccessor.java:103)
jdk.proxy2/jdk.proxy2.$Proxy56.execute(Unknown Source)
com.kms.katalon.core.webui.model.SeleniumActionRetryController.performAction(SeleniumActionRetryController.java:96)
com.kms.katalon.core.webui.model.SeleniumActionRetryController.performAction(SeleniumActionRetryController.java:83)
com.kms.katalon.core.webui.keyword.internal.WebUIKeywordMain$_runKeywordUntilTimeout_closure2.doCall(WebUIKeywordMain.groovy:155)
com.kms.katalon.core.webui.keyword.internal.WebUIKeywordMain$_runKeywordUntilTimeout_closure2.call(WebUIKeywordMain.groovy)
com.kms.katalon.core.webui.keyword.internal.WebUIKeywordMain.runKeyword(WebUIKeywordMain.groovy:41)
com.kms.katalon.core.webui.keyword.internal.WebUIKeywordMain.runKeywordUntilTimeout(WebUIKeywordMain.groovy:152)
com.kms.katalon.core.webui.keyword.builtin.WaitForElementPresentKeyword.waitForElementPresent(WaitForElementPresentKeyword.groovy:68)
com.kms.katalon.core.webui.keyword.builtin.WaitForElementPresentKeyword.execute(WaitForElementPresentKeyword.groovy:38)
com.kms.katalon.core.keyword.internal.KeywordExecutor.executeKeywordForPlatform(KeywordExecutor.groovy:99)
com.kms.katalon.core.webui.keyword.WebUiBuiltInKeywords.waitForElementPresent(WebUiBuiltInKeywords.groovy:424)
TC_Create_Task.run(TC_Create_Task:81)
</property>
</record>
<record>
  <date>2026-05-28T11:06:27.185433200Z</date>
  <millis>1779966387185</millis>
  <nanos>433200</nanos>
  <sequence>429</sequence>
  <level>END</level>
  <class>com.kms.katalon.core.logging.XmlKeywordLogger</class>
  <method>endKeyword</method>
  <thread>1</thread>
  <message>End action : waitForElementPresent(uploadObj, 10)</message>
  <nestedLevel>1</nestedLevel>
  <escapedJava>false</escapedJava>
</record>
<record>
  <date>2026-05-28T11:06:27.185433200Z</date>
  <millis>1779966387185</millis>
  <nanos>433200</nanos>
  <sequence>430</sequence>
  <level>START</level>
  <class>com.kms.katalon.core.logging.XmlKeywordLogger</class>
  <method>startKeyword</method>
  <thread>1</thread>
  <message>Start action : uploadFile(uploadObj, filePath)</message>
  <nestedLevel>1</nestedLevel>
  <escapedJava>false</escapedJava>
  <property name="startLine">83</property>
  <property name="stepIndex">28</property>
</record>
<record>
  <date>2026-05-28T11:06:27.502071300Z</date>
  <millis>1779966387502</millis>
  <nanos>71300</nanos>
  <sequence>439</sequence>
  <level>WARNING</level>
  <class>com.kms.katalon.core.logging.XmlKeywordLogger</class>
  <method>logMessage</method>
  <thread>1</thread>
  <message>Cannot clear the existing file path in the input element. Continue to upload file.</message>
  <nestedLevel>1</nestedLevel>
  <escapedJava>false</escapedJava>
</record>
<record>
  <date>2026-05-28T11:06:27.546462200Z</date>
  <millis>1779966387546</millis>
  <nanos>462200</nanos>
  <sequence>440</sequence>
  <level>PASSED</level>
  <class>com.kms.katalon.core.logging.XmlKeywordLogger</class>
  <method>logMessage</method>
  <thread>1</thread>
  <message>File &amp;apos;C:/Users/CROWN-STAFF/git/convergence-qa-tests/Include/test-files/data_backup.png&amp;apos; sent to object: &amp;apos;Object Repository/Page_Work Order  Create- Workforce Manager/input_take-photo-input-selected_file&amp;apos;</message>
  <nestedLevel>1</nestedLevel>
  <escapedJava>false</escapedJava>
  <property name="testops-method-name">com.kms.katalon.core.webui.keyword.builtin.UploadFileKeyword.uploadFile</property>
  <property name="testops-execution-stacktrace"></property>
</record>
<record>
  <date>2026-05-28T11:06:27.547585100Z</date>
  <millis>1779966387547</millis>
  <nanos>585100</nanos>
  <sequence>441</sequence>
  <level>END</level>
  <class>com.kms.katalon.core.logging.XmlKeywordLogger</class>
  <method>endKeyword</method>
  <thread>1</thread>
  <message>End action : uploadFile(uploadObj, filePath)</message>
  <nestedLevel>1</nestedLevel>
  <escapedJava>false</escapedJava>
</record>
<record>
  <date>2026-05-28T11:06:27.548632300Z</date>
  <millis>1779966387548</millis>
  <nanos>632300</nanos>
  <sequence>442</sequence>
  <level>START</level>
  <class>com.kms.katalon.core.logging.XmlKeywordLogger</class>
  <method>startKeyword</method>
  <thread>1</thread>
  <message>Start action : click(findTestObject(&amp;quot;Page_Work Order  Create- Workforce Manager/input_should_assign_ticket&amp;quot;))</message>
  <nestedLevel>1</nestedLevel>
  <escapedJava>false</escapedJava>
  <property name="startLine">85</property>
  <property name="stepIndex">29</property>
</record>
<record>
  <date>2026-05-28T11:06:28.205581200Z</date>
  <millis>1779966388205</millis>
  <nanos>581200</nanos>
  <sequence>453</sequence>
  <level>PASSED</level>
  <class>com.kms.katalon.core.logging.XmlKeywordLogger</class>
  <method>logMessage</method>
  <thread>1</thread>
  <message>Object: &amp;apos;Object Repository/Page_Work Order  Create- Workforce Manager/input_should_assign_ticket&amp;apos; is clicked on</message>
  <nestedLevel>1</nestedLevel>
  <escapedJava>false</escapedJava>
  <property name="testops-method-name">com.kms.katalon.core.webui.keyword.internal.WebUIKeywordMain.runKeywordUntilTimeout</property>
  <property name="testops-execution-stacktrace">com.kms.katalon.core.logging.KeywordLogger.logPassed(KeywordLogger.java:350)
com.kms.katalon.core.logging.KeywordLogger.logPassed(KeywordLogger.java:345)
com.kms.katalon.core.webui.keyword.builtin.ClickKeyword$_click_closure1.doCall(ClickKeyword.groovy:66)
java.base/jdk.internal.reflect.DirectMethodHandleAccessor.invoke(DirectMethodHandleAccessor.java:103)
jdk.proxy2/jdk.proxy2.$Proxy56.execute(Unknown Source)
com.kms.katalon.core.webui.model.SeleniumActionRetryController.performAction(SeleniumActionRetryController.java:96)
com.kms.katalon.core.webui.model.SeleniumActionRetryController.performAction(SeleniumActionRetryController.java:83)
com.kms.katalon.core.webui.keyword.internal.WebUIKeywordMain$_runKeywordUntilTimeout_closure1.doCall(WebUIKeywordMain.groovy:135)
com.kms.katalon.core.webui.keyword.internal.WebUIKeywordMain$_runKeywordUntilTimeout_closure1.call(WebUIKeywordMain.groovy)
com.kms.katalon.core.webui.keyword.internal.WebUIKeywordMain.runKeyword(WebUIKeywordMain.groovy:41)
com.kms.katalon.core.webui.keyword.internal.WebUIKeywordMain.runKeywordUntilTimeout(WebUIKeywordMain.groovy:133)
com.kms.katalon.core.webui.keyword.builtin.ClickKeyword.click(ClickKeyword.groovy:72)
com.kms.katalon.core.webui.keyword.builtin.ClickKeyword.execute(ClickKeyword.groovy:38)
com.kms.katalon.core.keyword.internal.KeywordExecutor.executeKeywordForPlatform(KeywordExecutor.groovy:99)
com.kms.katalon.core.webui.keyword.WebUiBuiltInKeywords.click(WebUiBuiltInKeywords.groovy:722)
TC_Create_Task.run(TC_Create_Task:85)
</property>
</record>
<record>
  <date>2026-05-28T11:06:28.216568900Z</date>
  <millis>1779966388216</millis>
  <nanos>568900</nanos>
  <sequence>454</sequence>
  <level>END</level>
  <class>com.kms.katalon.core.logging.XmlKeywordLogger</class>
  <method>endKeyword</method>
  <thread>1</thread>
  <message>End action : click(findTestObject(&amp;quot;Page_Work Order  Create- Workforce Manager/input_should_assign_ticket&amp;quot;))</message>
  <nestedLevel>1</nestedLevel>
  <escapedJava>false</escapedJava>
</record>
<record>
  <date>2026-05-28T11:06:28.217579200Z</date>
  <millis>1779966388217</millis>
  <nanos>579200</nanos>
  <sequence>455</sequence>
  <level>START</level>
  <class>com.kms.katalon.core.logging.XmlKeywordLogger</class>
  <method>startKeyword</method>
  <thread>1</thread>
  <message>Start action : selectOptionByValue(findTestObject(&amp;quot;Page_Work Order  Create- Workforce Manager/select_assign-to-user&amp;quot;), &amp;quot;82&amp;quot;, false)</message>
  <nestedLevel>1</nestedLevel>
  <escapedJava>false</escapedJava>
  <property name="startLine">87</property>
  <property name="stepIndex">30</property>
</record>
<record>
  <date>2026-05-28T11:06:28.920243Z</date>
  <millis>1779966388920</millis>
  <nanos>243000</nanos>
  <sequence>467</sequence>
  <level>PASSED</level>
  <class>com.kms.katalon.core.logging.XmlKeywordLogger</class>
  <method>logMessage</method>
  <thread>1</thread>
  <message>All options with value &amp;apos;82&amp;apos; are selected in object &amp;apos;Object Repository/Page_Work Order  Create- Workforce Manager/select_assign-to-user&amp;apos; </message>
  <nestedLevel>1</nestedLevel>
  <escapedJava>false</escapedJava>
  <property name="testops-method-name">com.kms.katalon.core.webui.keyword.internal.WebUIKeywordMain.runKeywordUntilTimeout</property>
  <property name="testops-execution-stacktrace">com.kms.katalon.core.logging.KeywordLogger.logPassed(KeywordLogger.java:350)
com.kms.katalon.core.logging.KeywordLogger.logPassed(KeywordLogger.java:345)
com.kms.katalon.core.webui.keyword.builtin.SelectOptionByValueKeyword$_selectOptionByValue_closure1.doCall(SelectOptionByValueKeyword.groovy:70)
java.base/jdk.internal.reflect.DirectMethodHandleAccessor.invoke(DirectMethodHandleAccessor.java:103)
jdk.proxy2/jdk.proxy2.$Proxy56.execute(Unknown Source)
com.kms.katalon.core.webui.model.SeleniumActionRetryController.performAction(SeleniumActionRetryController.java:96)
com.kms.katalon.core.webui.model.SeleniumActionRetryController.performAction(SeleniumActionRetryController.java:83)
com.kms.katalon.core.webui.keyword.internal.WebUIKeywordMain$_runKeywordUntilTimeout_closure1.doCall(WebUIKeywordMain.groovy:135)
com.kms.katalon.core.webui.keyword.internal.WebUIKeywordMain$_runKeywordUntilTimeout_closure1.call(WebUIKeywordMain.groovy)
com.kms.katalon.core.webui.keyword.internal.WebUIKeywordMain.runKeyword(WebUIKeywordMain.groovy:41)
com.kms.katalon.core.webui.keyword.internal.WebUIKeywordMain.runKeywordUntilTimeout(WebUIKeywordMain.groovy:133)
com.kms.katalon.core.webui.keyword.builtin.SelectOptionByValueKeyword.selectOptionByValue(SelectOptionByValueKeyword.groovy:79)
com.kms.katalon.core.webui.keyword.builtin.SelectOptionByValueKeyword.execute(SelectOptionByValueKeyword.groovy:44)
com.kms.katalon.core.keyword.internal.KeywordExecutor.executeKeywordForPlatform(KeywordExecutor.groovy:99)
com.kms.katalon.core.webui.keyword.WebUiBuiltInKeywords.selectOptionByValue(WebUiBuiltInKeywords.groovy:1270)
TC_Create_Task.run(TC_Create_Task:87)
</property>
</record>
<record>
  <date>2026-05-28T11:06:28.922950600Z</date>
  <millis>1779966388922</millis>
  <nanos>950600</nanos>
  <sequence>468</sequence>
  <level>END</level>
  <class>com.kms.katalon.core.logging.XmlKeywordLogger</class>
  <method>endKeyword</method>
  <thread>1</thread>
  <message>End action : selectOptionByValue(findTestObject(&amp;quot;Page_Work Order  Create- Workforce Manager/select_assign-to-user&amp;quot;), &amp;quot;82&amp;quot;, false)</message>
  <nestedLevel>1</nestedLevel>
  <escapedJava>false</escapedJava>
</record>
<record>
  <date>2026-05-28T11:06:28.922950600Z</date>
  <millis>1779966388922</millis>
  <nanos>950600</nanos>
  <sequence>469</sequence>
  <level>START</level>
  <class>com.kms.katalon.core.logging.XmlKeywordLogger</class>
  <method>startKeyword</method>
  <thread>1</thread>
  <message>Start action : waitForElementClickable(findTestObject(&amp;quot;Page_Work Order  Create- Workforce Manager/button_Create&amp;quot;), 20)</message>
  <nestedLevel>1</nestedLevel>
  <escapedJava>false</escapedJava>
  <property name="startLine">92</property>
  <property name="stepIndex">31</property>
</record>
<record>
  <date>2026-05-28T11:06:29.418888700Z</date>
  <millis>1779966389418</millis>
  <nanos>888700</nanos>
  <sequence>476</sequence>
  <level>PASSED</level>
  <class>com.kms.katalon.core.logging.XmlKeywordLogger</class>
  <method>logMessage</method>
  <thread>1</thread>
  <message>Object &amp;apos;Object Repository/Page_Work Order  Create- Workforce Manager/button_Create&amp;apos; is clickable</message>
  <nestedLevel>1</nestedLevel>
  <escapedJava>false</escapedJava>
  <property name="testops-method-name">com.kms.katalon.core.webui.keyword.internal.WebUIKeywordMain.runKeywordUntilTimeout</property>
  <property name="testops-execution-stacktrace">com.kms.katalon.core.logging.KeywordLogger.logPassed(KeywordLogger.java:350)
com.kms.katalon.core.logging.KeywordLogger.logPassed(KeywordLogger.java:345)
com.kms.katalon.core.logging.KeywordLogger$logPassed$0.call(Unknown Source)
com.kms.katalon.core.webui.keyword.builtin.WaitForElementClickableKeyword$_waitForElementClickable_closure1.doCall(WaitForElementClickableKeyword.groovy:59)
java.base/jdk.internal.reflect.DirectMethodHandleAccessor.invoke(DirectMethodHandleAccessor.java:103)
jdk.proxy2/jdk.proxy2.$Proxy56.execute(Unknown Source)
com.kms.katalon.core.webui.model.SeleniumActionRetryController.performAction(SeleniumActionRetryController.java:96)
com.kms.katalon.core.webui.model.SeleniumActionRetryController.performAction(SeleniumActionRetryController.java:83)
com.kms.katalon.core.webui.keyword.internal.WebUIKeywordMain$_runKeywordUntilTimeout_closure2.doCall(WebUIKeywordMain.groovy:155)
com.kms.katalon.core.webui.keyword.internal.WebUIKeywordMain$_runKeywordUntilTimeout_closure2.call(WebUIKeywordMain.groovy)
com.kms.katalon.core.webui.keyword.internal.WebUIKeywordMain.runKeyword(WebUIKeywordMain.groovy:41)
com.kms.katalon.core.webui.keyword.internal.WebUIKeywordMain.runKeywordUntilTimeout(WebUIKeywordMain.groovy:152)
com.kms.katalon.core.webui.keyword.internal.WebUIKeywordMain$runKeywordUntilTimeout.call(Unknown Source)
com.kms.katalon.core.webui.keyword.builtin.WaitForElementClickableKeyword.waitForElementClickable(WaitForElementClickableKeyword.groovy:76)
com.kms.katalon.core.webui.keyword.builtin.WaitForElementClickableKeyword.execute(WaitForElementClickableKeyword.groovy:42)
com.kms.katalon.core.keyword.internal.KeywordExecutor.executeKeywordForPlatform(KeywordExecutor.groovy:99)
com.kms.katalon.core.webui.keyword.WebUiBuiltInKeywords.waitForElementClickable(WebUiBuiltInKeywords.groovy:581)
TC_Create_Task.run(TC_Create_Task:92)
</property>
</record>
<record>
  <date>2026-05-28T11:06:29.421893700Z</date>
  <millis>1779966389421</millis>
  <nanos>893700</nanos>
  <sequence>477</sequence>
  <level>END</level>
  <class>com.kms.katalon.core.logging.XmlKeywordLogger</class>
  <method>endKeyword</method>
  <thread>1</thread>
  <message>End action : waitForElementClickable(findTestObject(&amp;quot;Page_Work Order  Create- Workforce Manager/button_Create&amp;quot;), 20)</message>
  <nestedLevel>1</nestedLevel>
  <escapedJava>false</escapedJava>
</record>
<record>
  <date>2026-05-28T11:06:29.422893400Z</date>
  <millis>1779966389422</millis>
  <nanos>893400</nanos>
  <sequence>478</sequence>
  <level>START</level>
  <class>com.kms.katalon.core.logging.XmlKeywordLogger</class>
  <method>startKeyword</method>
  <thread>1</thread>
  <message>Start action : click(findTestObject(&amp;quot;Page_Work Order  Create- Workforce Manager/button_Create&amp;quot;))</message>
  <nestedLevel>1</nestedLevel>
  <escapedJava>false</escapedJava>
  <property name="startLine">94</property>
  <property name="stepIndex">32</property>
</record>
<record>
  <date>2026-05-28T11:06:29.833994100Z</date>
  <millis>1779966389833</millis>
  <nanos>994100</nanos>
  <sequence>489</sequence>
  <level>PASSED</level>
  <class>com.kms.katalon.core.logging.XmlKeywordLogger</class>
  <method>logMessage</method>
  <thread>1</thread>
  <message>Object: &amp;apos;Object Repository/Page_Work Order  Create- Workforce Manager/button_Create&amp;apos; is clicked on</message>
  <nestedLevel>1</nestedLevel>
  <escapedJava>false</escapedJava>
  <property name="testops-method-name">com.kms.katalon.core.webui.keyword.internal.WebUIKeywordMain.runKeywordUntilTimeout</property>
  <property name="testops-execution-stacktrace">com.kms.katalon.core.logging.KeywordLogger.logPassed(KeywordLogger.java:350)
com.kms.katalon.core.logging.KeywordLogger.logPassed(KeywordLogger.java:345)
com.kms.katalon.core.webui.keyword.builtin.ClickKeyword$_click_closure1.doCall(ClickKeyword.groovy:66)
java.base/jdk.internal.reflect.DirectMethodHandleAccessor.invoke(DirectMethodHandleAccessor.java:103)
jdk.proxy2/jdk.proxy2.$Proxy56.execute(Unknown Source)
com.kms.katalon.core.webui.model.SeleniumActionRetryController.performAction(SeleniumActionRetryController.java:96)
com.kms.katalon.core.webui.model.SeleniumActionRetryController.performAction(SeleniumActionRetryController.java:83)
com.kms.katalon.core.webui.keyword.internal.WebUIKeywordMain$_runKeywordUntilTimeout_closure1.doCall(WebUIKeywordMain.groovy:135)
com.kms.katalon.core.webui.keyword.internal.WebUIKeywordMain$_runKeywordUntilTimeout_closure1.call(WebUIKeywordMain.groovy)
com.kms.katalon.core.webui.keyword.internal.WebUIKeywordMain.runKeyword(WebUIKeywordMain.groovy:41)
com.kms.katalon.core.webui.keyword.internal.WebUIKeywordMain.runKeywordUntilTimeout(WebUIKeywordMain.groovy:133)
com.kms.katalon.core.webui.keyword.builtin.ClickKeyword.click(ClickKeyword.groovy:72)
com.kms.katalon.core.webui.keyword.builtin.ClickKeyword.execute(ClickKeyword.groovy:38)
com.kms.katalon.core.keyword.internal.KeywordExecutor.executeKeywordForPlatform(KeywordExecutor.groovy:99)
com.kms.katalon.core.webui.keyword.WebUiBuiltInKeywords.click(WebUiBuiltInKeywords.groovy:722)
TC_Create_Task.run(TC_Create_Task:94)
</property>
</record>
<record>
  <date>2026-05-28T11:06:29.834992700Z</date>
  <millis>1779966389834</millis>
  <nanos>992700</nanos>
  <sequence>490</sequence>
  <level>END</level>
  <class>com.kms.katalon.core.logging.XmlKeywordLogger</class>
  <method>endKeyword</method>
  <thread>1</thread>
  <message>End action : click(findTestObject(&amp;quot;Page_Work Order  Create- Workforce Manager/button_Create&amp;quot;))</message>
  <nestedLevel>1</nestedLevel>
  <escapedJava>false</escapedJava>
</record>
<record>
  <date>2026-05-28T11:06:29.835501900Z</date>
  <millis>1779966389835</millis>
  <nanos>501900</nanos>
  <sequence>491</sequence>
  <level>PASSED</level>
  <class>com.kms.katalon.core.logging.XmlKeywordLogger</class>
  <method>logMessage</method>
  <thread>1</thread>
  <message>Test Cases/Setup/TC_Create_Task</message>
  <nestedLevel>1</nestedLevel>
  <escapedJava>false</escapedJava>
</record>
<record>
  <date>2026-05-28T11:06:29.835501900Z</date>
  <millis>1779966389835</millis>
  <nanos>501900</nanos>
  <sequence>492</sequence>
  <level>END</level>
  <class>com.kms.katalon.core.logging.XmlKeywordLogger</class>
  <method>endTest</method>
  <thread>1</thread>
  <message>End Test Case : Test Cases/Setup/TC_Create_Task</message>
  <nestedLevel>0</nestedLevel>
  <escapedJava>false</escapedJava>
  <property name="executionBindingVariables">[]</property>
  <property name="applitools">false</property>
  <property name="remainingRetryCount">3</property>
  <property name="executedKeywords">{
  &quot;WebUI.maximizeWindow&quot;: 1,
  &quot;WebUI.switchToWindowTitle&quot;: 1,
  &quot;WebUI.click&quot;: 9,
  &quot;WebUI.navigateToUrl&quot;: 1,
  &quot;WebUI.selectOptionByValue&quot;: 3,
  &quot;WebUI.waitForElementPresent&quot;: 1,
  &quot;WebUI.uploadFile&quot;: 1,
  &quot;BuiltIn.delay&quot;: 1,
  &quot;WebUI.setText&quot;: 10,
  &quot;WebUI.waitForElementClickable&quot;: 1
}</property>
  <property name="currentRetryCount">0</property>
  <property name="keywordsUsage">{
  &quot;web_ui&quot;: true,
  &quot;web_service&quot;: false,
  &quot;cucumber&quot;: false,
  &quot;builtin&quot;: true,
  &quot;mobile&quot;: false,
  &quot;windows&quot;: false,
  &quot;testng&quot;: false
}</property>
</record>
<record>
  <date>2026-05-28T11:06:29.839572900Z</date>
  <millis>1779966389839</millis>
  <nanos>572900</nanos>
  <sequence>493</sequence>
  <level>START</level>
  <class>com.kms.katalon.core.logging.XmlKeywordLogger</class>
  <method>startTest</method>
  <thread>1</thread>
  <message>Start Test Case : Test Cases/Setup/TC_Open_Task_Details</message>
  <nestedLevel>1</nestedLevel>
  <escapedJava>false</escapedJava>
  <property name="remainingRetryCount">3</property>
  <property name="origin"></property>
  <property name="name">Test Cases/Setup/TC_Open_Task_Details</property>
  <property name="description"></property>
  <property name="iteration"></property>
  <property name="id">Test Cases/Setup/TC_Open_Task_Details</property>
  <property name="source">C:\Users\CROWN-STAFF\git\convergence-qa-tests\Test Cases\Setup\TC_Open_Task_Details.tc</property>
  <property name="tag"></property>
  <property name="isOptional">false</property>
  <property name="uuid">1b6b2b96-5630-4af3-afc3-8f32f03437b3</property>
  <property name="currentRetryCount">0</property>
</record>
<record>
  <date>2026-05-28T11:06:30.004033200Z</date>
  <millis>1779966390004</millis>
  <nanos>33200</nanos>
  <sequence>495</sequence>
  <level>RUN_DATA</level>
  <class>com.kms.katalon.core.logging.XmlKeywordLogger</class>
  <method>logMessage</method>
  <thread>1</thread>
  <message>executionBindingVariables = []</message>
  <nestedLevel>1</nestedLevel>
  <escapedJava>false</escapedJava>
  <property name="executionBindingVariables">[]</property>
</record>
<record>
  <date>2026-05-28T11:06:30.470831600Z</date>
  <millis>1779966390470</millis>
  <nanos>831600</nanos>
  <sequence>496</sequence>
  <level>START</level>
  <class>com.kms.katalon.core.logging.XmlKeywordLogger</class>
  <method>startKeyword</method>
  <thread>1</thread>
  <message>Start action : waitForPageLoad(30)</message>
  <nestedLevel>1</nestedLevel>
  <escapedJava>false</escapedJava>
  <property name="startLine">12</property>
  <property name="stepIndex">1</property>
</record>
<record>
  <date>2026-05-28T11:06:30.620995700Z</date>
  <millis>1779966390620</millis>
  <nanos>995700</nanos>
  <sequence>500</sequence>
  <level>PASSED</level>
  <class>com.kms.katalon.core.logging.XmlKeywordLogger</class>
  <method>logMessage</method>
  <thread>1</thread>
  <message>Wait for page load successfully</message>
  <nestedLevel>1</nestedLevel>
  <escapedJava>false</escapedJava>
  <property name="testops-method-name">com.kms.katalon.core.webui.keyword.internal.WebUIKeywordMain$runKeyword$0.call</property>
  <property name="testops-execution-stacktrace">com.kms.katalon.core.logging.KeywordLogger.logPassed(KeywordLogger.java:350)
com.kms.katalon.core.logging.KeywordLogger.logPassed(KeywordLogger.java:345)
com.kms.katalon.core.logging.KeywordLogger$logPassed$0.call(Unknown Source)
com.kms.katalon.core.webui.keyword.builtin.WaitForPageLoadKeyword$_waitForPageLoad_closure1.doCall(WaitForPageLoadKeyword.groovy:94)
com.kms.katalon.core.webui.keyword.builtin.WaitForPageLoadKeyword$_waitForPageLoad_closure1.doCall(WaitForPageLoadKeyword.groovy)
java.base/jdk.internal.reflect.DirectMethodHandleAccessor.invoke(DirectMethodHandleAccessor.java:103)
com.kms.katalon.core.webui.keyword.internal.WebUIKeywordMain.runKeyword(WebUIKeywordMain.groovy:41)
com.kms.katalon.core.webui.keyword.internal.WebUIKeywordMain$runKeyword$0.call(Unknown Source)
com.kms.katalon.core.webui.keyword.builtin.WaitForPageLoadKeyword.waitForPageLoad(WaitForPageLoadKeyword.groovy:95)
com.kms.katalon.core.webui.keyword.builtin.WaitForPageLoadKeyword.execute(WaitForPageLoadKeyword.groovy:68)
com.kms.katalon.core.keyword.internal.KeywordExecutor.executeKeywordForPlatform(KeywordExecutor.groovy:99)
com.kms.katalon.core.webui.keyword.WebUiBuiltInKeywords.waitForPageLoad(WebUiBuiltInKeywords.groovy:2559)
TC_Open_Task_Details.run(TC_Open_Task_Details:12)
</property>
</record>
<record>
  <date>2026-05-28T11:06:30.624280500Z</date>
  <millis>1779966390624</millis>
  <nanos>280500</nanos>
  <sequence>501</sequence>
  <level>END</level>
  <class>com.kms.katalon.core.logging.XmlKeywordLogger</class>
  <method>endKeyword</method>
  <thread>1</thread>
  <message>End action : waitForPageLoad(30)</message>
  <nestedLevel>1</nestedLevel>
  <escapedJava>false</escapedJava>
</record>
<record>
  <date>2026-05-28T11:06:30.625834400Z</date>
  <millis>1779966390625</millis>
  <nanos>834400</nanos>
  <sequence>502</sequence>
  <level>START</level>
  <class>com.kms.katalon.core.logging.XmlKeywordLogger</class>
  <method>startKeyword</method>
  <thread>1</thread>
  <message>Start action : delay(3)</message>
  <nestedLevel>1</nestedLevel>
  <escapedJava>false</escapedJava>
  <property name="startLine">13</property>
  <property name="stepIndex">2</property>
</record>
<record>
  <date>2026-05-28T11:06:33.660039400Z</date>
  <millis>1779966393660</millis>
  <nanos>39400</nanos>
  <sequence>505</sequence>
  <level>PASSED</level>
  <class>com.kms.katalon.core.logging.XmlKeywordLogger</class>
  <method>logMessage</method>
  <thread>1</thread>
  <message>Delayed 3 second(s)</message>
  <nestedLevel>1</nestedLevel>
  <escapedJava>false</escapedJava>
  <property name="testops-method-name">com.kms.katalon.core.keyword.builtin.DelayKeyword.delay</property>
  <property name="testops-execution-stacktrace"></property>
</record>
<record>
  <date>2026-05-28T11:06:33.663570700Z</date>
  <millis>1779966393663</millis>
  <nanos>570700</nanos>
  <sequence>506</sequence>
  <level>END</level>
  <class>com.kms.katalon.core.logging.XmlKeywordLogger</class>
  <method>endKeyword</method>
  <thread>1</thread>
  <message>End action : delay(3)</message>
  <nestedLevel>1</nestedLevel>
  <escapedJava>false</escapedJava>
</record>
<record>
  <date>2026-05-28T11:06:33.666144600Z</date>
  <millis>1779966393666</millis>
  <nanos>144600</nanos>
  <sequence>507</sequence>
  <level>START</level>
  <class>com.kms.katalon.core.logging.XmlKeywordLogger</class>
  <method>startKeyword</method>
  <thread>1</thread>
  <message>Start action : modal = new com.kms.katalon.core.testobject.TestObject()</message>
  <nestedLevel>1</nestedLevel>
  <escapedJava>false</escapedJava>
  <property name="startLine">22</property>
  <property name="stepIndex">3</property>
</record>
<record>
  <date>2026-05-28T11:06:33.672256400Z</date>
  <millis>1779966393672</millis>
  <nanos>256400</nanos>
  <sequence>508</sequence>
  <level>END</level>
  <class>com.kms.katalon.core.logging.XmlKeywordLogger</class>
  <method>endKeyword</method>
  <thread>1</thread>
  <message>End action : modal = new com.kms.katalon.core.testobject.TestObject()</message>
  <nestedLevel>1</nestedLevel>
  <escapedJava>false</escapedJava>
</record>
<record>
  <date>2026-05-28T11:06:33.673257800Z</date>
  <millis>1779966393673</millis>
  <nanos>257800</nanos>
  <sequence>509</sequence>
  <level>START</level>
  <class>com.kms.katalon.core.logging.XmlKeywordLogger</class>
  <method>startKeyword</method>
  <thread>1</thread>
  <message>Start action : modal.addProperty(&amp;quot;xpath&amp;quot;, EQUALS, &amp;quot;//*[contains(text(),&amp;apos;Ticket ID&amp;apos;)]&amp;quot;)</message>
  <nestedLevel>1</nestedLevel>
  <escapedJava>false</escapedJava>
  <property name="startLine">24</property>
  <property name="stepIndex">4</property>
</record>
<record>
  <date>2026-05-28T11:06:33.690622500Z</date>
  <millis>1779966393690</millis>
  <nanos>622500</nanos>
  <sequence>510</sequence>
  <level>END</level>
  <class>com.kms.katalon.core.logging.XmlKeywordLogger</class>
  <method>endKeyword</method>
  <thread>1</thread>
  <message>End action : modal.addProperty(&amp;quot;xpath&amp;quot;, EQUALS, &amp;quot;//*[contains(text(),&amp;apos;Ticket ID&amp;apos;)]&amp;quot;)</message>
  <nestedLevel>1</nestedLevel>
  <escapedJava>false</escapedJava>
</record>
<record>
  <date>2026-05-28T11:06:33.692535700Z</date>
  <millis>1779966393692</millis>
  <nanos>535700</nanos>
  <sequence>511</sequence>
  <level>START</level>
  <class>com.kms.katalon.core.logging.XmlKeywordLogger</class>
  <method>startKeyword</method>
  <thread>1</thread>
  <message>Start action : waitForElementVisible(modal, 30)</message>
  <nestedLevel>1</nestedLevel>
  <escapedJava>false</escapedJava>
  <property name="startLine">26</property>
  <property name="stepIndex">5</property>
</record>
<record>
  <date>2026-05-28T11:06:34.467082100Z</date>
  <millis>1779966394467</millis>
  <nanos>82100</nanos>
  <sequence>517</sequence>
  <level>PASSED</level>
  <class>com.kms.katalon.core.logging.XmlKeywordLogger</class>
  <method>logMessage</method>
  <thread>1</thread>
  <message>Object &amp;apos;&amp;apos; is visible</message>
  <nestedLevel>1</nestedLevel>
  <escapedJava>false</escapedJava>
  <property name="testops-method-name">com.kms.katalon.core.webui.keyword.internal.WebUIKeywordMain.runKeywordUntilTimeout</property>
  <property name="testops-execution-stacktrace">com.kms.katalon.core.logging.KeywordLogger.logPassed(KeywordLogger.java:350)
com.kms.katalon.core.logging.KeywordLogger.logPassed(KeywordLogger.java:345)
com.kms.katalon.core.logging.KeywordLogger$logPassed$0.call(Unknown Source)
com.kms.katalon.core.webui.keyword.builtin.WaitForElementVisibleKeyword$_waitForElementVisible_closure1.doCall(WaitForElementVisibleKeyword.groovy:86)
java.base/jdk.internal.reflect.DirectMethodHandleAccessor.invoke(DirectMethodHandleAccessor.java:103)
jdk.proxy2/jdk.proxy2.$Proxy56.execute(Unknown Source)
com.kms.katalon.core.webui.model.SeleniumActionRetryController.performAction(SeleniumActionRetryController.java:96)
com.kms.katalon.core.webui.model.SeleniumActionRetryController.performAction(SeleniumActionRetryController.java:83)
com.kms.katalon.core.webui.keyword.internal.WebUIKeywordMain$_runKeywordUntilTimeout_closure2.doCall(WebUIKeywordMain.groovy:155)
com.kms.katalon.core.webui.keyword.internal.WebUIKeywordMain$_runKeywordUntilTimeout_closure2.call(WebUIKeywordMain.groovy)
com.kms.katalon.core.webui.keyword.internal.WebUIKeywordMain.runKeyword(WebUIKeywordMain.groovy:41)
com.kms.katalon.core.webui.keyword.internal.WebUIKeywordMain.runKeywordUntilTimeout(WebUIKeywordMain.groovy:152)
com.kms.katalon.core.webui.keyword.internal.WebUIKeywordMain$runKeywordUntilTimeout.call(Unknown Source)
com.kms.katalon.core.webui.keyword.builtin.WaitForElementVisibleKeyword.waitForElementVisible(WaitForElementVisibleKeyword.groovy:101)
com.kms.katalon.core.webui.keyword.builtin.WaitForElementVisibleKeyword.execute(WaitForElementVisibleKeyword.groovy:69)
com.kms.katalon.core.keyword.internal.KeywordExecutor.executeKeywordForPlatform(KeywordExecutor.groovy:99)
com.kms.katalon.core.webui.keyword.WebUiBuiltInKeywords.waitForElementVisible(WebUiBuiltInKeywords.groovy:515)
TC_Open_Task_Details.run(TC_Open_Task_Details:26)
</property>
</record>
<record>
  <date>2026-05-28T11:06:34.470831Z</date>
  <millis>1779966394470</millis>
  <nanos>831000</nanos>
  <sequence>518</sequence>
  <level>END</level>
  <class>com.kms.katalon.core.logging.XmlKeywordLogger</class>
  <method>endKeyword</method>
  <thread>1</thread>
  <message>End action : waitForElementVisible(modal, 30)</message>
  <nestedLevel>1</nestedLevel>
  <escapedJava>false</escapedJava>
</record>
<record>
  <date>2026-05-28T11:06:34.470831Z</date>
  <millis>1779966394470</millis>
  <nanos>831000</nanos>
  <sequence>519</sequence>
  <level>START</level>
  <class>com.kms.katalon.core.logging.XmlKeywordLogger</class>
  <method>startKeyword</method>
  <thread>1</thread>
  <message>Start action : successMessage = getText(modal)</message>
  <nestedLevel>1</nestedLevel>
  <escapedJava>false</escapedJava>
  <property name="startLine">31</property>
  <property name="stepIndex">6</property>
</record>
<record>
  <date>2026-05-28T11:06:34.788666300Z</date>
  <millis>1779966394788</millis>
  <nanos>666300</nanos>
  <sequence>528</sequence>
  <level>PASSED</level>
  <class>com.kms.katalon.core.logging.XmlKeywordLogger</class>
  <method>logMessage</method>
  <thread>1</thread>
  <message>Text of object &amp;apos;&amp;apos; is: &amp;apos;Task Created Successfully - Ticket ID: 16714&amp;apos;</message>
  <nestedLevel>1</nestedLevel>
  <escapedJava>false</escapedJava>
  <property name="testops-method-name">com.kms.katalon.core.webui.keyword.internal.WebUIKeywordMain.runKeywordUntilTimeout</property>
  <property name="testops-execution-stacktrace">com.kms.katalon.core.logging.KeywordLogger.logPassed(KeywordLogger.java:350)
com.kms.katalon.core.logging.KeywordLogger.logPassed(KeywordLogger.java:345)
com.kms.katalon.core.webui.keyword.builtin.GetTextKeyword$_getText_closure1.doCall(GetTextKeyword.groovy:85)
java.base/jdk.internal.reflect.DirectMethodHandleAccessor.invoke(DirectMethodHandleAccessor.java:103)
jdk.proxy2/jdk.proxy2.$Proxy56.execute(Unknown Source)
com.kms.katalon.core.webui.model.SeleniumActionRetryController.performAction(SeleniumActionRetryController.java:96)
com.kms.katalon.core.webui.model.SeleniumActionRetryController.performAction(SeleniumActionRetryController.java:83)
com.kms.katalon.core.webui.keyword.internal.WebUIKeywordMain$_runKeywordUntilTimeout_closure1.doCall(WebUIKeywordMain.groovy:135)
com.kms.katalon.core.webui.keyword.internal.WebUIKeywordMain$_runKeywordUntilTimeout_closure1.call(WebUIKeywordMain.groovy)
com.kms.katalon.core.webui.keyword.internal.WebUIKeywordMain.runKeyword(WebUIKeywordMain.groovy:41)
com.kms.katalon.core.webui.keyword.internal.WebUIKeywordMain.runKeywordUntilTimeout(WebUIKeywordMain.groovy:133)
com.kms.katalon.core.webui.keyword.builtin.GetTextKeyword.getText(GetTextKeyword.groovy:92)
com.kms.katalon.core.webui.keyword.builtin.GetTextKeyword.execute(GetTextKeyword.groovy:67)
com.kms.katalon.core.keyword.internal.KeywordExecutor.executeKeywordForPlatform(KeywordExecutor.groovy:99)
com.kms.katalon.core.webui.keyword.WebUiBuiltInKeywords.getText(WebUiBuiltInKeywords.groovy:1020)
TC_Open_Task_Details.run(TC_Open_Task_Details:31)
</property>
</record>
<record>
  <date>2026-05-28T11:06:34.791577700Z</date>
  <millis>1779966394791</millis>
  <nanos>577700</nanos>
  <sequence>529</sequence>
  <level>END</level>
  <class>com.kms.katalon.core.logging.XmlKeywordLogger</class>
  <method>endKeyword</method>
  <thread>1</thread>
  <message>End action : successMessage = getText(modal)</message>
  <nestedLevel>1</nestedLevel>
  <escapedJava>false</escapedJava>
</record>
<record>
  <date>2026-05-28T11:06:34.791577700Z</date>
  <millis>1779966394791</millis>
  <nanos>577700</nanos>
  <sequence>530</sequence>
  <level>START</level>
  <class>com.kms.katalon.core.logging.XmlKeywordLogger</class>
  <method>startKeyword</method>
  <thread>1</thread>
  <message>Start action : println(&amp;quot;SUCCESS → &amp;quot; + successMessage)</message>
  <nestedLevel>1</nestedLevel>
  <escapedJava>false</escapedJava>
  <property name="startLine">33</property>
  <property name="stepIndex">7</property>
</record>
<record>
  <date>2026-05-28T11:06:34.800197200Z</date>
  <millis>1779966394800</millis>
  <nanos>197200</nanos>
  <sequence>531</sequence>
  <level>END</level>
  <class>com.kms.katalon.core.logging.XmlKeywordLogger</class>
  <method>endKeyword</method>
  <thread>1</thread>
  <message>End action : println(&amp;quot;SUCCESS → &amp;quot; + successMessage)</message>
  <nestedLevel>1</nestedLevel>
  <escapedJava>false</escapedJava>
</record>
<record>
  <date>2026-05-28T11:06:34.800197200Z</date>
  <millis>1779966394800</millis>
  <nanos>197200</nanos>
  <sequence>532</sequence>
  <level>START</level>
  <class>com.kms.katalon.core.logging.XmlKeywordLogger</class>
  <method>startKeyword</method>
  <thread>1</thread>
  <message>Start action : matcher = successMessage =~ &amp;quot;\d+&amp;quot;</message>
  <nestedLevel>1</nestedLevel>
  <escapedJava>false</escapedJava>
  <property name="startLine">38</property>
  <property name="stepIndex">8</property>
</record>
<record>
  <date>2026-05-28T11:06:34.800197200Z</date>
  <millis>1779966394800</millis>
  <nanos>197200</nanos>
  <sequence>533</sequence>
  <level>END</level>
  <class>com.kms.katalon.core.logging.XmlKeywordLogger</class>
  <method>endKeyword</method>
  <thread>1</thread>
  <message>End action : matcher = successMessage =~ &amp;quot;\d+&amp;quot;</message>
  <nestedLevel>1</nestedLevel>
  <escapedJava>false</escapedJava>
</record>
<record>
  <date>2026-05-28T11:06:34.805274Z</date>
  <millis>1779966394805</millis>
  <nanos>274000</nanos>
  <sequence>534</sequence>
  <level>START</level>
  <class>com.kms.katalon.core.logging.XmlKeywordLogger</class>
  <method>startKeyword</method>
  <thread>1</thread>
  <message>Start action : if (!(matcher.find()))</message>
  <nestedLevel>1</nestedLevel>
  <escapedJava>false</escapedJava>
  <property name="startLine">40</property>
  <property name="stepIndex">9</property>
</record>
<record>
  <date>2026-05-28T11:06:34.813041800Z</date>
  <millis>1779966394813</millis>
  <nanos>41800</nanos>
  <sequence>535</sequence>
  <level>END</level>
  <class>com.kms.katalon.core.logging.XmlKeywordLogger</class>
  <method>endKeyword</method>
  <thread>1</thread>
  <message>End action : if (!(matcher.find()))</message>
  <nestedLevel>1</nestedLevel>
  <escapedJava>false</escapedJava>
</record>
<record>
  <date>2026-05-28T11:06:34.817521600Z</date>
  <millis>1779966394817</millis>
  <nanos>521600</nanos>
  <sequence>536</sequence>
  <level>START</level>
  <class>com.kms.katalon.core.logging.XmlKeywordLogger</class>
  <method>startKeyword</method>
  <thread>1</thread>
  <message>Start action : ticketId = matcher.group()</message>
  <nestedLevel>1</nestedLevel>
  <escapedJava>false</escapedJava>
  <property name="startLine">44</property>
  <property name="stepIndex">10</property>
</record>
<record>
  <date>2026-05-28T11:06:34.819400Z</date>
  <millis>1779966394819</millis>
  <nanos>400000</nanos>
  <sequence>537</sequence>
  <level>END</level>
  <class>com.kms.katalon.core.logging.XmlKeywordLogger</class>
  <method>endKeyword</method>
  <thread>1</thread>
  <message>End action : ticketId = matcher.group()</message>
  <nestedLevel>1</nestedLevel>
  <escapedJava>false</escapedJava>
</record>
<record>
  <date>2026-05-28T11:06:34.819400Z</date>
  <millis>1779966394819</millis>
  <nanos>400000</nanos>
  <sequence>538</sequence>
  <level>START</level>
  <class>com.kms.katalon.core.logging.XmlKeywordLogger</class>
  <method>startKeyword</method>
  <thread>1</thread>
  <message>Start action : println(&amp;quot;Captured Ticket → &amp;quot; + ticketId)</message>
  <nestedLevel>1</nestedLevel>
  <escapedJava>false</escapedJava>
  <property name="startLine">46</property>
  <property name="stepIndex">11</property>
</record>
<record>
  <date>2026-05-28T11:06:34.822760100Z</date>
  <millis>1779966394822</millis>
  <nanos>760100</nanos>
  <sequence>539</sequence>
  <level>END</level>
  <class>com.kms.katalon.core.logging.XmlKeywordLogger</class>
  <method>endKeyword</method>
  <thread>1</thread>
  <message>End action : println(&amp;quot;Captured Ticket → &amp;quot; + ticketId)</message>
  <nestedLevel>1</nestedLevel>
  <escapedJava>false</escapedJava>
</record>
<record>
  <date>2026-05-28T11:06:34.822760100Z</date>
  <millis>1779966394822</millis>
  <nanos>760100</nanos>
  <sequence>540</sequence>
  <level>START</level>
  <class>com.kms.katalon.core.logging.XmlKeywordLogger</class>
  <method>startKeyword</method>
  <thread>1</thread>
  <message>Start action : click(findTestObject(&amp;quot;Page_Work Order  Create- Workforce Manager/button_message-dismiss&amp;quot;))</message>
  <nestedLevel>1</nestedLevel>
  <escapedJava>false</escapedJava>
  <property name="startLine">51</property>
  <property name="stepIndex">12</property>
</record>
<record>
  <date>2026-05-28T11:06:35.770817200Z</date>
  <millis>1779966395770</millis>
  <nanos>817200</nanos>
  <sequence>551</sequence>
  <level>PASSED</level>
  <class>com.kms.katalon.core.logging.XmlKeywordLogger</class>
  <method>logMessage</method>
  <thread>1</thread>
  <message>Object: &amp;apos;Object Repository/Page_Work Order  Create- Workforce Manager/button_message-dismiss&amp;apos; is clicked on</message>
  <nestedLevel>1</nestedLevel>
  <escapedJava>false</escapedJava>
  <property name="testops-method-name">com.kms.katalon.core.webui.keyword.internal.WebUIKeywordMain.runKeywordUntilTimeout</property>
  <property name="testops-execution-stacktrace">com.kms.katalon.core.logging.KeywordLogger.logPassed(KeywordLogger.java:350)
com.kms.katalon.core.logging.KeywordLogger.logPassed(KeywordLogger.java:345)
com.kms.katalon.core.webui.keyword.builtin.ClickKeyword$_click_closure1.doCall(ClickKeyword.groovy:66)
java.base/jdk.internal.reflect.DirectMethodHandleAccessor.invoke(DirectMethodHandleAccessor.java:103)
jdk.proxy2/jdk.proxy2.$Proxy56.execute(Unknown Source)
com.kms.katalon.core.webui.model.SeleniumActionRetryController.performAction(SeleniumActionRetryController.java:96)
com.kms.katalon.core.webui.model.SeleniumActionRetryController.performAction(SeleniumActionRetryController.java:83)
com.kms.katalon.core.webui.keyword.internal.WebUIKeywordMain$_runKeywordUntilTimeout_closure1.doCall(WebUIKeywordMain.groovy:135)
com.kms.katalon.core.webui.keyword.internal.WebUIKeywordMain$_runKeywordUntilTimeout_closure1.call(WebUIKeywordMain.groovy)
com.kms.katalon.core.webui.keyword.internal.WebUIKeywordMain.runKeyword(WebUIKeywordMain.groovy:41)
com.kms.katalon.core.webui.keyword.internal.WebUIKeywordMain.runKeywordUntilTimeout(WebUIKeywordMain.groovy:133)
com.kms.katalon.core.webui.keyword.builtin.ClickKeyword.click(ClickKeyword.groovy:72)
com.kms.katalon.core.webui.keyword.builtin.ClickKeyword.execute(ClickKeyword.groovy:38)
com.kms.katalon.core.keyword.internal.KeywordExecutor.executeKeywordForPlatform(KeywordExecutor.groovy:99)
com.kms.katalon.core.webui.keyword.WebUiBuiltInKeywords.click(WebUiBuiltInKeywords.groovy:722)
TC_Open_Task_Details.run(TC_Open_Task_Details:51)
</property>
</record>
<record>
  <date>2026-05-28T11:06:35.772822200Z</date>
  <millis>1779966395772</millis>
  <nanos>822200</nanos>
  <sequence>552</sequence>
  <level>END</level>
  <class>com.kms.katalon.core.logging.XmlKeywordLogger</class>
  <method>endKeyword</method>
  <thread>1</thread>
  <message>End action : click(findTestObject(&amp;quot;Page_Work Order  Create- Workforce Manager/button_message-dismiss&amp;quot;))</message>
  <nestedLevel>1</nestedLevel>
  <escapedJava>false</escapedJava>
</record>
<record>
  <date>2026-05-28T11:06:35.773821100Z</date>
  <millis>1779966395773</millis>
  <nanos>821100</nanos>
  <sequence>553</sequence>
  <level>START</level>
  <class>com.kms.katalon.core.logging.XmlKeywordLogger</class>
  <method>startKeyword</method>
  <thread>1</thread>
  <message>Start action : waitForPageLoad(20)</message>
  <nestedLevel>1</nestedLevel>
  <escapedJava>false</escapedJava>
  <property name="startLine">53</property>
  <property name="stepIndex">13</property>
</record>
<record>
  <date>2026-05-28T11:06:35.788634Z</date>
  <millis>1779966395788</millis>
  <nanos>634000</nanos>
  <sequence>557</sequence>
  <level>PASSED</level>
  <class>com.kms.katalon.core.logging.XmlKeywordLogger</class>
  <method>logMessage</method>
  <thread>1</thread>
  <message>Wait for page load successfully</message>
  <nestedLevel>1</nestedLevel>
  <escapedJava>false</escapedJava>
  <property name="testops-method-name">com.kms.katalon.core.webui.keyword.internal.WebUIKeywordMain$runKeyword$0.call</property>
  <property name="testops-execution-stacktrace">com.kms.katalon.core.logging.KeywordLogger.logPassed(KeywordLogger.java:350)
com.kms.katalon.core.logging.KeywordLogger.logPassed(KeywordLogger.java:345)
com.kms.katalon.core.logging.KeywordLogger$logPassed$0.call(Unknown Source)
com.kms.katalon.core.webui.keyword.builtin.WaitForPageLoadKeyword$_waitForPageLoad_closure1.doCall(WaitForPageLoadKeyword.groovy:94)
com.kms.katalon.core.webui.keyword.builtin.WaitForPageLoadKeyword$_waitForPageLoad_closure1.doCall(WaitForPageLoadKeyword.groovy)
java.base/jdk.internal.reflect.DirectMethodHandleAccessor.invoke(DirectMethodHandleAccessor.java:103)
com.kms.katalon.core.webui.keyword.internal.WebUIKeywordMain.runKeyword(WebUIKeywordMain.groovy:41)
com.kms.katalon.core.webui.keyword.internal.WebUIKeywordMain$runKeyword$0.call(Unknown Source)
com.kms.katalon.core.webui.keyword.builtin.WaitForPageLoadKeyword.waitForPageLoad(WaitForPageLoadKeyword.groovy:95)
com.kms.katalon.core.webui.keyword.builtin.WaitForPageLoadKeyword.execute(WaitForPageLoadKeyword.groovy:68)
com.kms.katalon.core.keyword.internal.KeywordExecutor.executeKeywordForPlatform(KeywordExecutor.groovy:99)
com.kms.katalon.core.webui.keyword.WebUiBuiltInKeywords.waitForPageLoad(WebUiBuiltInKeywords.groovy:2559)
TC_Open_Task_Details.run(TC_Open_Task_Details:53)
</property>
</record>
<record>
  <date>2026-05-28T11:06:35.790622300Z</date>
  <millis>1779966395790</millis>
  <nanos>622300</nanos>
  <sequence>558</sequence>
  <level>END</level>
  <class>com.kms.katalon.core.logging.XmlKeywordLogger</class>
  <method>endKeyword</method>
  <thread>1</thread>
  <message>End action : waitForPageLoad(20)</message>
  <nestedLevel>1</nestedLevel>
  <escapedJava>false</escapedJava>
</record>
<record>
  <date>2026-05-28T11:06:35.791546Z</date>
  <millis>1779966395791</millis>
  <nanos>546000</nanos>
  <sequence>559</sequence>
  <level>START</level>
  <class>com.kms.katalon.core.logging.XmlKeywordLogger</class>
  <method>startKeyword</method>
  <thread>1</thread>
  <message>Start action : delay(2)</message>
  <nestedLevel>1</nestedLevel>
  <escapedJava>false</escapedJava>
  <property name="startLine">55</property>
  <property name="stepIndex">14</property>
</record>
<record>
  <date>2026-05-28T11:06:37.798468300Z</date>
  <millis>1779966397798</millis>
  <nanos>468300</nanos>
  <sequence>562</sequence>
  <level>PASSED</level>
  <class>com.kms.katalon.core.logging.XmlKeywordLogger</class>
  <method>logMessage</method>
  <thread>1</thread>
  <message>Delayed 2 second(s)</message>
  <nestedLevel>1</nestedLevel>
  <escapedJava>false</escapedJava>
  <property name="testops-method-name">com.kms.katalon.core.keyword.builtin.DelayKeyword.delay</property>
  <property name="testops-execution-stacktrace"></property>
</record>
<record>
  <date>2026-05-28T11:06:37.798468300Z</date>
  <millis>1779966397798</millis>
  <nanos>468300</nanos>
  <sequence>563</sequence>
  <level>END</level>
  <class>com.kms.katalon.core.logging.XmlKeywordLogger</class>
  <method>endKeyword</method>
  <thread>1</thread>
  <message>End action : delay(2)</message>
  <nestedLevel>1</nestedLevel>
  <escapedJava>false</escapedJava>
</record>
<record>
  <date>2026-05-28T11:06:37.798468300Z</date>
  <millis>1779966397798</millis>
  <nanos>468300</nanos>
  <sequence>564</sequence>
  <level>START</level>
  <class>com.kms.katalon.core.logging.XmlKeywordLogger</class>
  <method>startKeyword</method>
  <thread>1</thread>
  <message>Start action : click(findTestObject(&amp;quot;Page_Work Order  Index- Workforce Manager/a_Created By Me&amp;quot;))</message>
  <nestedLevel>1</nestedLevel>
  <escapedJava>false</escapedJava>
  <property name="startLine">60</property>
  <property name="stepIndex">15</property>
</record>
<record>
  <date>2026-05-28T11:06:38.625348700Z</date>
  <millis>1779966398625</millis>
  <nanos>348700</nanos>
  <sequence>575</sequence>
  <level>PASSED</level>
  <class>com.kms.katalon.core.logging.XmlKeywordLogger</class>
  <method>logMessage</method>
  <thread>1</thread>
  <message>Object: &amp;apos;Object Repository/Page_Work Order  Index- Workforce Manager/a_Created By Me&amp;apos; is clicked on</message>
  <nestedLevel>1</nestedLevel>
  <escapedJava>false</escapedJava>
  <property name="testops-method-name">com.kms.katalon.core.webui.keyword.internal.WebUIKeywordMain.runKeywordUntilTimeout</property>
  <property name="testops-execution-stacktrace">com.kms.katalon.core.logging.KeywordLogger.logPassed(KeywordLogger.java:350)
com.kms.katalon.core.logging.KeywordLogger.logPassed(KeywordLogger.java:345)
com.kms.katalon.core.webui.keyword.builtin.ClickKeyword$_click_closure1.doCall(ClickKeyword.groovy:66)
java.base/jdk.internal.reflect.DirectMethodHandleAccessor.invoke(DirectMethodHandleAccessor.java:103)
jdk.proxy2/jdk.proxy2.$Proxy56.execute(Unknown Source)
com.kms.katalon.core.webui.model.SeleniumActionRetryController.performAction(SeleniumActionRetryController.java:96)
com.kms.katalon.core.webui.model.SeleniumActionRetryController.performAction(SeleniumActionRetryController.java:83)
com.kms.katalon.core.webui.keyword.internal.WebUIKeywordMain$_runKeywordUntilTimeout_closure1.doCall(WebUIKeywordMain.groovy:135)
com.kms.katalon.core.webui.keyword.internal.WebUIKeywordMain$_runKeywordUntilTimeout_closure1.call(WebUIKeywordMain.groovy)
com.kms.katalon.core.webui.keyword.internal.WebUIKeywordMain.runKeyword(WebUIKeywordMain.groovy:41)
com.kms.katalon.core.webui.keyword.internal.WebUIKeywordMain.runKeywordUntilTimeout(WebUIKeywordMain.groovy:133)
com.kms.katalon.core.webui.keyword.builtin.ClickKeyword.click(ClickKeyword.groovy:72)
com.kms.katalon.core.webui.keyword.builtin.ClickKeyword.execute(ClickKeyword.groovy:38)
com.kms.katalon.core.keyword.internal.KeywordExecutor.executeKeywordForPlatform(KeywordExecutor.groovy:99)
com.kms.katalon.core.webui.keyword.WebUiBuiltInKeywords.click(WebUiBuiltInKeywords.groovy:722)
TC_Open_Task_Details.run(TC_Open_Task_Details:60)
</property>
</record>
<record>
  <date>2026-05-28T11:06:38.625348700Z</date>
  <millis>1779966398625</millis>
  <nanos>348700</nanos>
  <sequence>576</sequence>
  <level>END</level>
  <class>com.kms.katalon.core.logging.XmlKeywordLogger</class>
  <method>endKeyword</method>
  <thread>1</thread>
  <message>End action : click(findTestObject(&amp;quot;Page_Work Order  Index- Workforce Manager/a_Created By Me&amp;quot;))</message>
  <nestedLevel>1</nestedLevel>
  <escapedJava>false</escapedJava>
</record>
<record>
  <date>2026-05-28T11:06:38.629883500Z</date>
  <millis>1779966398629</millis>
  <nanos>883500</nanos>
  <sequence>577</sequence>
  <level>START</level>
  <class>com.kms.katalon.core.logging.XmlKeywordLogger</class>
  <method>startKeyword</method>
  <thread>1</thread>
  <message>Start action : waitForPageLoad(10)</message>
  <nestedLevel>1</nestedLevel>
  <escapedJava>false</escapedJava>
  <property name="startLine">62</property>
  <property name="stepIndex">16</property>
</record>
<record>
  <date>2026-05-28T11:06:38.635187200Z</date>
  <millis>1779966398635</millis>
  <nanos>187200</nanos>
  <sequence>581</sequence>
  <level>PASSED</level>
  <class>com.kms.katalon.core.logging.XmlKeywordLogger</class>
  <method>logMessage</method>
  <thread>1</thread>
  <message>Wait for page load successfully</message>
  <nestedLevel>1</nestedLevel>
  <escapedJava>false</escapedJava>
  <property name="testops-method-name">com.kms.katalon.core.webui.keyword.internal.WebUIKeywordMain$runKeyword$0.call</property>
  <property name="testops-execution-stacktrace">com.kms.katalon.core.logging.KeywordLogger.logPassed(KeywordLogger.java:350)
com.kms.katalon.core.logging.KeywordLogger.logPassed(KeywordLogger.java:345)
com.kms.katalon.core.logging.KeywordLogger$logPassed$0.call(Unknown Source)
com.kms.katalon.core.webui.keyword.builtin.WaitForPageLoadKeyword$_waitForPageLoad_closure1.doCall(WaitForPageLoadKeyword.groovy:94)
com.kms.katalon.core.webui.keyword.builtin.WaitForPageLoadKeyword$_waitForPageLoad_closure1.doCall(WaitForPageLoadKeyword.groovy)
java.base/jdk.internal.reflect.DirectMethodHandleAccessor.invoke(DirectMethodHandleAccessor.java:103)
com.kms.katalon.core.webui.keyword.internal.WebUIKeywordMain.runKeyword(WebUIKeywordMain.groovy:41)
com.kms.katalon.core.webui.keyword.internal.WebUIKeywordMain$runKeyword$0.call(Unknown Source)
com.kms.katalon.core.webui.keyword.builtin.WaitForPageLoadKeyword.waitForPageLoad(WaitForPageLoadKeyword.groovy:95)
com.kms.katalon.core.webui.keyword.builtin.WaitForPageLoadKeyword.execute(WaitForPageLoadKeyword.groovy:68)
com.kms.katalon.core.keyword.internal.KeywordExecutor.executeKeywordForPlatform(KeywordExecutor.groovy:99)
com.kms.katalon.core.webui.keyword.WebUiBuiltInKeywords.waitForPageLoad(WebUiBuiltInKeywords.groovy:2559)
TC_Open_Task_Details.run(TC_Open_Task_Details:62)
</property>
</record>
<record>
  <date>2026-05-28T11:06:38.635187200Z</date>
  <millis>1779966398635</millis>
  <nanos>187200</nanos>
  <sequence>582</sequence>
  <level>END</level>
  <class>com.kms.katalon.core.logging.XmlKeywordLogger</class>
  <method>endKeyword</method>
  <thread>1</thread>
  <message>End action : waitForPageLoad(10)</message>
  <nestedLevel>1</nestedLevel>
  <escapedJava>false</escapedJava>
</record>
<record>
  <date>2026-05-28T11:06:38.635187200Z</date>
  <millis>1779966398635</millis>
  <nanos>187200</nanos>
  <sequence>583</sequence>
  <level>START</level>
  <class>com.kms.katalon.core.logging.XmlKeywordLogger</class>
  <method>startKeyword</method>
  <thread>1</thread>
  <message>Start action : delay(3)</message>
  <nestedLevel>1</nestedLevel>
  <escapedJava>false</escapedJava>
  <property name="startLine">64</property>
  <property name="stepIndex">17</property>
</record>
<record>
  <date>2026-05-28T11:06:41.646234Z</date>
  <millis>1779966401646</millis>
  <nanos>234000</nanos>
  <sequence>586</sequence>
  <level>PASSED</level>
  <class>com.kms.katalon.core.logging.XmlKeywordLogger</class>
  <method>logMessage</method>
  <thread>1</thread>
  <message>Delayed 3 second(s)</message>
  <nestedLevel>1</nestedLevel>
  <escapedJava>false</escapedJava>
  <property name="testops-method-name">com.kms.katalon.core.keyword.builtin.DelayKeyword.delay</property>
  <property name="testops-execution-stacktrace"></property>
</record>
<record>
  <date>2026-05-28T11:06:41.649141700Z</date>
  <millis>1779966401649</millis>
  <nanos>141700</nanos>
  <sequence>587</sequence>
  <level>END</level>
  <class>com.kms.katalon.core.logging.XmlKeywordLogger</class>
  <method>endKeyword</method>
  <thread>1</thread>
  <message>End action : delay(3)</message>
  <nestedLevel>1</nestedLevel>
  <escapedJava>false</escapedJava>
</record>
<record>
  <date>2026-05-28T11:06:41.651151500Z</date>
  <millis>1779966401651</millis>
  <nanos>151500</nanos>
  <sequence>588</sequence>
  <level>START</level>
  <class>com.kms.katalon.core.logging.XmlKeywordLogger</class>
  <method>startKeyword</method>
  <thread>1</thread>
  <message>Start action : search = findTestObject(&amp;quot;Page_Work Order  Index- Workforce Manager/input_Search&amp;quot;)</message>
  <nestedLevel>1</nestedLevel>
  <escapedJava>false</escapedJava>
  <property name="startLine">69</property>
  <property name="stepIndex">18</property>
</record>
<record>
  <date>2026-05-28T11:06:41.657332200Z</date>
  <millis>1779966401657</millis>
  <nanos>332200</nanos>
  <sequence>590</sequence>
  <level>END</level>
  <class>com.kms.katalon.core.logging.XmlKeywordLogger</class>
  <method>endKeyword</method>
  <thread>1</thread>
  <message>End action : search = findTestObject(&amp;quot;Page_Work Order  Index- Workforce Manager/input_Search&amp;quot;)</message>
  <nestedLevel>1</nestedLevel>
  <escapedJava>false</escapedJava>
</record>
<record>
  <date>2026-05-28T11:06:41.659342500Z</date>
  <millis>1779966401659</millis>
  <nanos>342500</nanos>
  <sequence>591</sequence>
  <level>START</level>
  <class>com.kms.katalon.core.logging.XmlKeywordLogger</class>
  <method>startKeyword</method>
  <thread>1</thread>
  <message>Start action : waitForElementVisible(search, 30)</message>
  <nestedLevel>1</nestedLevel>
  <escapedJava>false</escapedJava>
  <property name="startLine">71</property>
  <property name="stepIndex">19</property>
</record>
<record>
  <date>2026-05-28T11:06:41.937324700Z</date>
  <millis>1779966401937</millis>
  <nanos>324700</nanos>
  <sequence>597</sequence>
  <level>PASSED</level>
  <class>com.kms.katalon.core.logging.XmlKeywordLogger</class>
  <method>logMessage</method>
  <thread>1</thread>
  <message>Object &amp;apos;Object Repository/Page_Work Order  Index- Workforce Manager/input_Search&amp;apos; is visible</message>
  <nestedLevel>1</nestedLevel>
  <escapedJava>false</escapedJava>
  <property name="testops-method-name">com.kms.katalon.core.webui.keyword.internal.WebUIKeywordMain.runKeywordUntilTimeout</property>
  <property name="testops-execution-stacktrace">com.kms.katalon.core.logging.KeywordLogger.logPassed(KeywordLogger.java:350)
com.kms.katalon.core.logging.KeywordLogger.logPassed(KeywordLogger.java:345)
com.kms.katalon.core.logging.KeywordLogger$logPassed$0.call(Unknown Source)
com.kms.katalon.core.webui.keyword.builtin.WaitForElementVisibleKeyword$_waitForElementVisible_closure1.doCall(WaitForElementVisibleKeyword.groovy:86)
java.base/jdk.internal.reflect.DirectMethodHandleAccessor.invoke(DirectMethodHandleAccessor.java:103)
jdk.proxy2/jdk.proxy2.$Proxy56.execute(Unknown Source)
com.kms.katalon.core.webui.model.SeleniumActionRetryController.performAction(SeleniumActionRetryController.java:96)
com.kms.katalon.core.webui.model.SeleniumActionRetryController.performAction(SeleniumActionRetryController.java:83)
com.kms.katalon.core.webui.keyword.internal.WebUIKeywordMain$_runKeywordUntilTimeout_closure2.doCall(WebUIKeywordMain.groovy:155)
com.kms.katalon.core.webui.keyword.internal.WebUIKeywordMain$_runKeywordUntilTimeout_closure2.call(WebUIKeywordMain.groovy)
com.kms.katalon.core.webui.keyword.internal.WebUIKeywordMain.runKeyword(WebUIKeywordMain.groovy:41)
com.kms.katalon.core.webui.keyword.internal.WebUIKeywordMain.runKeywordUntilTimeout(WebUIKeywordMain.groovy:152)
com.kms.katalon.core.webui.keyword.internal.WebUIKeywordMain$runKeywordUntilTimeout.call(Unknown Source)
com.kms.katalon.core.webui.keyword.builtin.WaitForElementVisibleKeyword.waitForElementVisible(WaitForElementVisibleKeyword.groovy:101)
com.kms.katalon.core.webui.keyword.builtin.WaitForElementVisibleKeyword.execute(WaitForElementVisibleKeyword.groovy:69)
com.kms.katalon.core.keyword.internal.KeywordExecutor.executeKeywordForPlatform(KeywordExecutor.groovy:99)
com.kms.katalon.core.webui.keyword.WebUiBuiltInKeywords.waitForElementVisible(WebUiBuiltInKeywords.groovy:515)
TC_Open_Task_Details.run(TC_Open_Task_Details:71)
</property>
</record>
<record>
  <date>2026-05-28T11:06:41.937324700Z</date>
  <millis>1779966401937</millis>
  <nanos>324700</nanos>
  <sequence>598</sequence>
  <level>END</level>
  <class>com.kms.katalon.core.logging.XmlKeywordLogger</class>
  <method>endKeyword</method>
  <thread>1</thread>
  <message>End action : waitForElementVisible(search, 30)</message>
  <nestedLevel>1</nestedLevel>
  <escapedJava>false</escapedJava>
</record>
<record>
  <date>2026-05-28T11:06:41.937324700Z</date>
  <millis>1779966401937</millis>
  <nanos>324700</nanos>
  <sequence>599</sequence>
  <level>START</level>
  <class>com.kms.katalon.core.logging.XmlKeywordLogger</class>
  <method>startKeyword</method>
  <thread>1</thread>
  <message>Start action : click(search)</message>
  <nestedLevel>1</nestedLevel>
  <escapedJava>false</escapedJava>
  <property name="startLine">73</property>
  <property name="stepIndex">20</property>
</record>
<record>
  <date>2026-05-28T11:06:42.765170700Z</date>
  <millis>1779966402765</millis>
  <nanos>170700</nanos>
  <sequence>609</sequence>
  <level>PASSED</level>
  <class>com.kms.katalon.core.logging.XmlKeywordLogger</class>
  <method>logMessage</method>
  <thread>1</thread>
  <message>Object: &amp;apos;Object Repository/Page_Work Order  Index- Workforce Manager/input_Search&amp;apos; is clicked on</message>
  <nestedLevel>1</nestedLevel>
  <escapedJava>false</escapedJava>
  <property name="testops-method-name">com.kms.katalon.core.webui.keyword.internal.WebUIKeywordMain.runKeywordUntilTimeout</property>
  <property name="testops-execution-stacktrace">com.kms.katalon.core.logging.KeywordLogger.logPassed(KeywordLogger.java:350)
com.kms.katalon.core.logging.KeywordLogger.logPassed(KeywordLogger.java:345)
com.kms.katalon.core.webui.keyword.builtin.ClickKeyword$_click_closure1.doCall(ClickKeyword.groovy:66)
java.base/jdk.internal.reflect.DirectMethodHandleAccessor.invoke(DirectMethodHandleAccessor.java:103)
jdk.proxy2/jdk.proxy2.$Proxy56.execute(Unknown Source)
com.kms.katalon.core.webui.model.SeleniumActionRetryController.performAction(SeleniumActionRetryController.java:96)
com.kms.katalon.core.webui.model.SeleniumActionRetryController.performAction(SeleniumActionRetryController.java:83)
com.kms.katalon.core.webui.keyword.internal.WebUIKeywordMain$_runKeywordUntilTimeout_closure1.doCall(WebUIKeywordMain.groovy:135)
com.kms.katalon.core.webui.keyword.internal.WebUIKeywordMain$_runKeywordUntilTimeout_closure1.call(WebUIKeywordMain.groovy)
com.kms.katalon.core.webui.keyword.internal.WebUIKeywordMain.runKeyword(WebUIKeywordMain.groovy:41)
com.kms.katalon.core.webui.keyword.internal.WebUIKeywordMain.runKeywordUntilTimeout(WebUIKeywordMain.groovy:133)
com.kms.katalon.core.webui.keyword.builtin.ClickKeyword.click(ClickKeyword.groovy:72)
com.kms.katalon.core.webui.keyword.builtin.ClickKeyword.execute(ClickKeyword.groovy:38)
com.kms.katalon.core.keyword.internal.KeywordExecutor.executeKeywordForPlatform(KeywordExecutor.groovy:99)
com.kms.katalon.core.webui.keyword.WebUiBuiltInKeywords.click(WebUiBuiltInKeywords.groovy:722)
TC_Open_Task_Details.run(TC_Open_Task_Details:73)
</property>
</record>
<record>
  <date>2026-05-28T11:06:42.765170700Z</date>
  <millis>1779966402765</millis>
  <nanos>170700</nanos>
  <sequence>610</sequence>
  <level>END</level>
  <class>com.kms.katalon.core.logging.XmlKeywordLogger</class>
  <method>endKeyword</method>
  <thread>1</thread>
  <message>End action : click(search)</message>
  <nestedLevel>1</nestedLevel>
  <escapedJava>false</escapedJava>
</record>
<record>
  <date>2026-05-28T11:06:42.765170700Z</date>
  <millis>1779966402765</millis>
  <nanos>170700</nanos>
  <sequence>611</sequence>
  <level>START</level>
  <class>com.kms.katalon.core.logging.XmlKeywordLogger</class>
  <method>startKeyword</method>
  <thread>1</thread>
  <message>Start action : clearText(search)</message>
  <nestedLevel>1</nestedLevel>
  <escapedJava>false</escapedJava>
  <property name="startLine">75</property>
  <property name="stepIndex">21</property>
</record>
<record>
  <date>2026-05-28T11:06:43.084372800Z</date>
  <millis>1779966403084</millis>
  <nanos>372800</nanos>
  <sequence>620</sequence>
  <level>PASSED</level>
  <class>com.kms.katalon.core.logging.XmlKeywordLogger</class>
  <method>logMessage</method>
  <thread>1</thread>
  <message>Text of object &amp;apos;Object Repository/Page_Work Order  Index- Workforce Manager/input_Search&amp;apos; is cleared</message>
  <nestedLevel>1</nestedLevel>
  <escapedJava>false</escapedJava>
  <property name="testops-method-name">com.kms.katalon.core.webui.keyword.builtin.ClearTextKeyword.clearText</property>
  <property name="testops-execution-stacktrace"></property>
</record>
<record>
  <date>2026-05-28T11:06:43.085857800Z</date>
  <millis>1779966403085</millis>
  <nanos>857800</nanos>
  <sequence>621</sequence>
  <level>END</level>
  <class>com.kms.katalon.core.logging.XmlKeywordLogger</class>
  <method>endKeyword</method>
  <thread>1</thread>
  <message>End action : clearText(search)</message>
  <nestedLevel>1</nestedLevel>
  <escapedJava>false</escapedJava>
</record>
<record>
  <date>2026-05-28T11:06:43.086870200Z</date>
  <millis>1779966403086</millis>
  <nanos>870200</nanos>
  <sequence>622</sequence>
  <level>START</level>
  <class>com.kms.katalon.core.logging.XmlKeywordLogger</class>
  <method>startKeyword</method>
  <thread>1</thread>
  <message>Start action : setText(search, ticketId)</message>
  <nestedLevel>1</nestedLevel>
  <escapedJava>false</escapedJava>
  <property name="startLine">77</property>
  <property name="stepIndex">22</property>
</record>
<record>
  <date>2026-05-28T11:06:43.848806800Z</date>
  <millis>1779966403848</millis>
  <nanos>806800</nanos>
  <sequence>635</sequence>
  <level>PASSED</level>
  <class>com.kms.katalon.core.logging.XmlKeywordLogger</class>
  <method>logMessage</method>
  <thread>1</thread>
  <message>Text &amp;apos;16714&amp;apos; is set on object &amp;apos;Object Repository/Page_Work Order  Index- Workforce Manager/input_Search&amp;apos;</message>
  <nestedLevel>1</nestedLevel>
  <escapedJava>false</escapedJava>
  <property name="testops-method-name">com.kms.katalon.core.webui.keyword.internal.WebUIKeywordMain.runKeywordUntilTimeout</property>
  <property name="testops-execution-stacktrace">com.kms.katalon.core.logging.KeywordLogger.logPassed(KeywordLogger.java:350)
com.kms.katalon.core.logging.KeywordLogger.logPassed(KeywordLogger.java:345)
com.kms.katalon.core.webui.keyword.builtin.SetTextKeyword$_setText_closure1.doCall(SetTextKeyword.groovy:99)
java.base/jdk.internal.reflect.DirectMethodHandleAccessor.invoke(DirectMethodHandleAccessor.java:103)
jdk.proxy2/jdk.proxy2.$Proxy56.execute(Unknown Source)
com.kms.katalon.core.webui.model.SeleniumActionRetryController.performAction(SeleniumActionRetryController.java:96)
com.kms.katalon.core.webui.model.SeleniumActionRetryController.performAction(SeleniumActionRetryController.java:83)
com.kms.katalon.core.webui.keyword.internal.WebUIKeywordMain$_runKeywordUntilTimeout_closure1.doCall(WebUIKeywordMain.groovy:135)
com.kms.katalon.core.webui.keyword.internal.WebUIKeywordMain$_runKeywordUntilTimeout_closure1.call(WebUIKeywordMain.groovy)
com.kms.katalon.core.webui.keyword.internal.WebUIKeywordMain.runKeyword(WebUIKeywordMain.groovy:41)
com.kms.katalon.core.webui.keyword.internal.WebUIKeywordMain.runKeywordUntilTimeout(WebUIKeywordMain.groovy:133)
com.kms.katalon.core.webui.keyword.builtin.SetTextKeyword.setText(SetTextKeyword.groovy:106)
com.kms.katalon.core.webui.keyword.builtin.SetTextKeyword.execute(SetTextKeyword.groovy:49)
com.kms.katalon.core.keyword.internal.KeywordExecutor.executeKeywordForPlatform(KeywordExecutor.groovy:99)
com.kms.katalon.core.webui.keyword.WebUiBuiltInKeywords.setText(WebUiBuiltInKeywords.groovy:1082)
TC_Open_Task_Details.run(TC_Open_Task_Details:77)
</property>
</record>
<record>
  <date>2026-05-28T11:06:43.849729400Z</date>
  <millis>1779966403849</millis>
  <nanos>729400</nanos>
  <sequence>636</sequence>
  <level>END</level>
  <class>com.kms.katalon.core.logging.XmlKeywordLogger</class>
  <method>endKeyword</method>
  <thread>1</thread>
  <message>End action : setText(search, ticketId)</message>
  <nestedLevel>1</nestedLevel>
  <escapedJava>false</escapedJava>
</record>
<record>
  <date>2026-05-28T11:06:43.850728Z</date>
  <millis>1779966403850</millis>
  <nanos>728000</nanos>
  <sequence>637</sequence>
  <level>START</level>
  <class>com.kms.katalon.core.logging.XmlKeywordLogger</class>
  <method>startKeyword</method>
  <thread>1</thread>
  <message>Start action : sendKeys(search, Keys.chord(ENTER))</message>
  <nestedLevel>1</nestedLevel>
  <escapedJava>false</escapedJava>
  <property name="startLine">79</property>
  <property name="stepIndex">23</property>
</record>
<record>
  <date>2026-05-28T11:06:44.215513800Z</date>
  <millis>1779966404215</millis>
  <nanos>513800</nanos>
  <sequence>646</sequence>
  <level>PASSED</level>
  <class>com.kms.katalon.core.logging.XmlKeywordLogger</class>
  <method>logMessage</method>
  <thread>1</thread>
  <message>Keys &amp;apos;ENTER + &amp;apos; sent to object: &amp;apos;Object Repository/Page_Work Order  Index- Workforce Manager/input_Search&amp;apos;</message>
  <nestedLevel>1</nestedLevel>
  <escapedJava>false</escapedJava>
  <property name="testops-method-name">com.kms.katalon.core.webui.keyword.internal.WebUIKeywordMain.runKeywordUntilTimeout</property>
  <property name="testops-execution-stacktrace">com.kms.katalon.core.logging.KeywordLogger.logPassed(KeywordLogger.java:350)
com.kms.katalon.core.logging.KeywordLogger.logPassed(KeywordLogger.java:345)
com.kms.katalon.core.webui.keyword.builtin.SendKeysKeyword$_sendKeys_closure1.doCall(SendKeysKeyword.groovy:65)
java.base/jdk.internal.reflect.DirectMethodHandleAccessor.invoke(DirectMethodHandleAccessor.java:103)
jdk.proxy2/jdk.proxy2.$Proxy56.execute(Unknown Source)
com.kms.katalon.core.webui.model.SeleniumActionRetryController.performAction(SeleniumActionRetryController.java:96)
com.kms.katalon.core.webui.model.SeleniumActionRetryController.performAction(SeleniumActionRetryController.java:83)
com.kms.katalon.core.webui.keyword.internal.WebUIKeywordMain$_runKeywordUntilTimeout_closure1.doCall(WebUIKeywordMain.groovy:135)
com.kms.katalon.core.webui.keyword.internal.WebUIKeywordMain$_runKeywordUntilTimeout_closure1.call(WebUIKeywordMain.groovy)
com.kms.katalon.core.webui.keyword.internal.WebUIKeywordMain.runKeyword(WebUIKeywordMain.groovy:41)
com.kms.katalon.core.webui.keyword.internal.WebUIKeywordMain.runKeywordUntilTimeout(WebUIKeywordMain.groovy:133)
com.kms.katalon.core.webui.keyword.builtin.SendKeysKeyword.sendKeys(SendKeysKeyword.groovy:71)
com.kms.katalon.core.webui.keyword.builtin.SendKeysKeyword.execute(SendKeysKeyword.groovy:41)
com.kms.katalon.core.keyword.internal.KeywordExecutor.executeKeywordForPlatform(KeywordExecutor.groovy:99)
com.kms.katalon.core.webui.keyword.WebUiBuiltInKeywords.sendKeys(WebUiBuiltInKeywords.groovy:966)
TC_Open_Task_Details.run(TC_Open_Task_Details:79)
</property>
</record>
<record>
  <date>2026-05-28T11:06:44.215513800Z</date>
  <millis>1779966404215</millis>
  <nanos>513800</nanos>
  <sequence>647</sequence>
  <level>END</level>
  <class>com.kms.katalon.core.logging.XmlKeywordLogger</class>
  <method>endKeyword</method>
  <thread>1</thread>
  <message>End action : sendKeys(search, Keys.chord(ENTER))</message>
  <nestedLevel>1</nestedLevel>
  <escapedJava>false</escapedJava>
</record>
<record>
  <date>2026-05-28T11:06:44.215513800Z</date>
  <millis>1779966404215</millis>
  <nanos>513800</nanos>
  <sequence>648</sequence>
  <level>START</level>
  <class>com.kms.katalon.core.logging.XmlKeywordLogger</class>
  <method>startKeyword</method>
  <thread>1</thread>
  <message>Start action : println(&amp;quot;Searching → &amp;quot; + ticketId)</message>
  <nestedLevel>1</nestedLevel>
  <escapedJava>false</escapedJava>
  <property name="startLine">81</property>
  <property name="stepIndex">24</property>
</record>
<record>
  <date>2026-05-28T11:06:44.224353300Z</date>
  <millis>1779966404224</millis>
  <nanos>353300</nanos>
  <sequence>649</sequence>
  <level>END</level>
  <class>com.kms.katalon.core.logging.XmlKeywordLogger</class>
  <method>endKeyword</method>
  <thread>1</thread>
  <message>End action : println(&amp;quot;Searching → &amp;quot; + ticketId)</message>
  <nestedLevel>1</nestedLevel>
  <escapedJava>false</escapedJava>
</record>
<record>
  <date>2026-05-28T11:06:44.224353300Z</date>
  <millis>1779966404224</millis>
  <nanos>353300</nanos>
  <sequence>650</sequence>
  <level>START</level>
  <class>com.kms.katalon.core.logging.XmlKeywordLogger</class>
  <method>startKeyword</method>
  <thread>1</thread>
  <message>Start action : delay(8)</message>
  <nestedLevel>1</nestedLevel>
  <escapedJava>false</escapedJava>
  <property name="startLine">83</property>
  <property name="stepIndex">25</property>
</record>
<record>
  <date>2026-05-28T11:06:52.240736200Z</date>
  <millis>1779966412240</millis>
  <nanos>736200</nanos>
  <sequence>653</sequence>
  <level>PASSED</level>
  <class>com.kms.katalon.core.logging.XmlKeywordLogger</class>
  <method>logMessage</method>
  <thread>1</thread>
  <message>Delayed 8 second(s)</message>
  <nestedLevel>1</nestedLevel>
  <escapedJava>false</escapedJava>
  <property name="testops-method-name">com.kms.katalon.core.keyword.builtin.DelayKeyword.delay</property>
  <property name="testops-execution-stacktrace"></property>
</record>
<record>
  <date>2026-05-28T11:06:52.242308100Z</date>
  <millis>1779966412242</millis>
  <nanos>308100</nanos>
  <sequence>654</sequence>
  <level>END</level>
  <class>com.kms.katalon.core.logging.XmlKeywordLogger</class>
  <method>endKeyword</method>
  <thread>1</thread>
  <message>End action : delay(8)</message>
  <nestedLevel>1</nestedLevel>
  <escapedJava>false</escapedJava>
</record>
<record>
  <date>2026-05-28T11:06:52.242308100Z</date>
  <millis>1779966412242</millis>
  <nanos>308100</nanos>
  <sequence>655</sequence>
  <level>START</level>
  <class>com.kms.katalon.core.logging.XmlKeywordLogger</class>
  <method>startKeyword</method>
  <thread>1</thread>
  <message>Start action : row = new com.kms.katalon.core.testobject.TestObject()</message>
  <nestedLevel>1</nestedLevel>
  <escapedJava>false</escapedJava>
  <property name="startLine">88</property>
  <property name="stepIndex">26</property>
</record>
<record>
  <date>2026-05-28T11:06:52.245337400Z</date>
  <millis>1779966412245</millis>
  <nanos>337400</nanos>
  <sequence>656</sequence>
  <level>END</level>
  <class>com.kms.katalon.core.logging.XmlKeywordLogger</class>
  <method>endKeyword</method>
  <thread>1</thread>
  <message>End action : row = new com.kms.katalon.core.testobject.TestObject()</message>
  <nestedLevel>1</nestedLevel>
  <escapedJava>false</escapedJava>
</record>
<record>
  <date>2026-05-28T11:06:52.245337400Z</date>
  <millis>1779966412245</millis>
  <nanos>337400</nanos>
  <sequence>657</sequence>
  <level>START</level>
  <class>com.kms.katalon.core.logging.XmlKeywordLogger</class>
  <method>startKeyword</method>
  <thread>1</thread>
  <message>Start action : row.addProperty(&amp;quot;xpath&amp;quot;, EQUALS, //tr[.//*[contains(text(),&amp;apos;$ticketId&amp;apos;)]])</message>
  <nestedLevel>1</nestedLevel>
  <escapedJava>false</escapedJava>
  <property name="startLine">90</property>
  <property name="stepIndex">27</property>
</record>
<record>
  <date>2026-05-28T11:06:52.291817900Z</date>
  <millis>1779966412291</millis>
  <nanos>817900</nanos>
  <sequence>658</sequence>
  <level>END</level>
  <class>com.kms.katalon.core.logging.XmlKeywordLogger</class>
  <method>endKeyword</method>
  <thread>1</thread>
  <message>End action : row.addProperty(&amp;quot;xpath&amp;quot;, EQUALS, //tr[.//*[contains(text(),&amp;apos;$ticketId&amp;apos;)]])</message>
  <nestedLevel>1</nestedLevel>
  <escapedJava>false</escapedJava>
</record>
<record>
  <date>2026-05-28T11:06:52.293031100Z</date>
  <millis>1779966412293</millis>
  <nanos>31100</nanos>
  <sequence>659</sequence>
  <level>START</level>
  <class>com.kms.katalon.core.logging.XmlKeywordLogger</class>
  <method>startKeyword</method>
  <thread>1</thread>
  <message>Start action : found = waitForElementPresent(row, 30)</message>
  <nestedLevel>1</nestedLevel>
  <escapedJava>false</escapedJava>
  <property name="startLine">92</property>
  <property name="stepIndex">28</property>
</record>
<record>
  <date>2026-05-28T11:06:52.538893300Z</date>
  <millis>1779966412538</millis>
  <nanos>893300</nanos>
  <sequence>665</sequence>
  <level>PASSED</level>
  <class>com.kms.katalon.core.logging.XmlKeywordLogger</class>
  <method>logMessage</method>
  <thread>1</thread>
  <message>Object &amp;apos;&amp;apos; is present</message>
  <nestedLevel>1</nestedLevel>
  <escapedJava>false</escapedJava>
  <property name="testops-method-name">com.kms.katalon.core.webui.keyword.internal.WebUIKeywordMain.runKeywordUntilTimeout</property>
  <property name="testops-execution-stacktrace">com.kms.katalon.core.logging.KeywordLogger.logPassed(KeywordLogger.java:350)
com.kms.katalon.core.logging.KeywordLogger.logPassed(KeywordLogger.java:345)
com.kms.katalon.core.webui.keyword.builtin.WaitForElementPresentKeyword$_waitForElementPresent_closure1.doCall(WaitForElementPresentKeyword.groovy:56)
java.base/jdk.internal.reflect.DirectMethodHandleAccessor.invoke(DirectMethodHandleAccessor.java:103)
jdk.proxy2/jdk.proxy2.$Proxy56.execute(Unknown Source)
com.kms.katalon.core.webui.model.SeleniumActionRetryController.performAction(SeleniumActionRetryController.java:96)
com.kms.katalon.core.webui.model.SeleniumActionRetryController.performAction(SeleniumActionRetryController.java:83)
com.kms.katalon.core.webui.keyword.internal.WebUIKeywordMain$_runKeywordUntilTimeout_closure2.doCall(WebUIKeywordMain.groovy:155)
com.kms.katalon.core.webui.keyword.internal.WebUIKeywordMain$_runKeywordUntilTimeout_closure2.call(WebUIKeywordMain.groovy)
com.kms.katalon.core.webui.keyword.internal.WebUIKeywordMain.runKeyword(WebUIKeywordMain.groovy:41)
com.kms.katalon.core.webui.keyword.internal.WebUIKeywordMain.runKeywordUntilTimeout(WebUIKeywordMain.groovy:152)
com.kms.katalon.core.webui.keyword.builtin.WaitForElementPresentKeyword.waitForElementPresent(WaitForElementPresentKeyword.groovy:68)
com.kms.katalon.core.webui.keyword.builtin.WaitForElementPresentKeyword.execute(WaitForElementPresentKeyword.groovy:38)
com.kms.katalon.core.keyword.internal.KeywordExecutor.executeKeywordForPlatform(KeywordExecutor.groovy:99)
com.kms.katalon.core.webui.keyword.WebUiBuiltInKeywords.waitForElementPresent(WebUiBuiltInKeywords.groovy:424)
TC_Open_Task_Details.run(TC_Open_Task_Details:92)
</property>
</record>
<record>
  <date>2026-05-28T11:06:52.540261100Z</date>
  <millis>1779966412540</millis>
  <nanos>261100</nanos>
  <sequence>666</sequence>
  <level>END</level>
  <class>com.kms.katalon.core.logging.XmlKeywordLogger</class>
  <method>endKeyword</method>
  <thread>1</thread>
  <message>End action : found = waitForElementPresent(row, 30)</message>
  <nestedLevel>1</nestedLevel>
  <escapedJava>false</escapedJava>
</record>
<record>
  <date>2026-05-28T11:06:52.541448300Z</date>
  <millis>1779966412541</millis>
  <nanos>448300</nanos>
  <sequence>667</sequence>
  <level>START</level>
  <class>com.kms.katalon.core.logging.XmlKeywordLogger</class>
  <method>startKeyword</method>
  <thread>1</thread>
  <message>Start action : if (!(found))</message>
  <nestedLevel>1</nestedLevel>
  <escapedJava>false</escapedJava>
  <property name="startLine">94</property>
  <property name="stepIndex">29</property>
</record>
<record>
  <date>2026-05-28T11:06:52.542904800Z</date>
  <millis>1779966412542</millis>
  <nanos>904800</nanos>
  <sequence>668</sequence>
  <level>END</level>
  <class>com.kms.katalon.core.logging.XmlKeywordLogger</class>
  <method>endKeyword</method>
  <thread>1</thread>
  <message>End action : if (!(found))</message>
  <nestedLevel>1</nestedLevel>
  <escapedJava>false</escapedJava>
</record>
<record>
  <date>2026-05-28T11:06:52.543668600Z</date>
  <millis>1779966412543</millis>
  <nanos>668600</nanos>
  <sequence>669</sequence>
  <level>START</level>
  <class>com.kms.katalon.core.logging.XmlKeywordLogger</class>
  <method>startKeyword</method>
  <thread>1</thread>
  <message>Start action : println(&amp;quot;Ticket row found&amp;quot;)</message>
  <nestedLevel>1</nestedLevel>
  <escapedJava>false</escapedJava>
  <property name="startLine">100</property>
  <property name="stepIndex">30</property>
</record>
<record>
  <date>2026-05-28T11:06:52.545120700Z</date>
  <millis>1779966412545</millis>
  <nanos>120700</nanos>
  <sequence>670</sequence>
  <level>END</level>
  <class>com.kms.katalon.core.logging.XmlKeywordLogger</class>
  <method>endKeyword</method>
  <thread>1</thread>
  <message>End action : println(&amp;quot;Ticket row found&amp;quot;)</message>
  <nestedLevel>1</nestedLevel>
  <escapedJava>false</escapedJava>
</record>
<record>
  <date>2026-05-28T11:06:52.545120700Z</date>
  <millis>1779966412545</millis>
  <nanos>120700</nanos>
  <sequence>671</sequence>
  <level>START</level>
  <class>com.kms.katalon.core.logging.XmlKeywordLogger</class>
  <method>startKeyword</method>
  <thread>1</thread>
  <message>Start action : titleLink = new com.kms.katalon.core.testobject.TestObject()</message>
  <nestedLevel>1</nestedLevel>
  <escapedJava>false</escapedJava>
  <property name="startLine">105</property>
  <property name="stepIndex">31</property>
</record>
<record>
  <date>2026-05-28T11:06:52.547169100Z</date>
  <millis>1779966412547</millis>
  <nanos>169100</nanos>
  <sequence>672</sequence>
  <level>END</level>
  <class>com.kms.katalon.core.logging.XmlKeywordLogger</class>
  <method>endKeyword</method>
  <thread>1</thread>
  <message>End action : titleLink = new com.kms.katalon.core.testobject.TestObject()</message>
  <nestedLevel>1</nestedLevel>
  <escapedJava>false</escapedJava>
</record>
<record>
  <date>2026-05-28T11:06:52.547169100Z</date>
  <millis>1779966412547</millis>
  <nanos>169100</nanos>
  <sequence>673</sequence>
  <level>START</level>
  <class>com.kms.katalon.core.logging.XmlKeywordLogger</class>
  <method>startKeyword</method>
  <thread>1</thread>
  <message>Start action : titleLink.addProperty(&amp;quot;xpath&amp;quot;, EQUALS, (//tr[.//*[contains(text(),&amp;apos;$ticketId&amp;apos;)]]//td[3]//a) | (//tr[.//*[contains(text(),&amp;apos;$ticketId&amp;apos;)]]//td[3]//*[self::span or self::div]))</message>
  <nestedLevel>1</nestedLevel>
  <escapedJava>false</escapedJava>
  <property name="startLine">107</property>
  <property name="stepIndex">32</property>
</record>
<record>
  <date>2026-05-28T11:06:52.549179300Z</date>
  <millis>1779966412549</millis>
  <nanos>179300</nanos>
  <sequence>674</sequence>
  <level>END</level>
  <class>com.kms.katalon.core.logging.XmlKeywordLogger</class>
  <method>endKeyword</method>
  <thread>1</thread>
  <message>End action : titleLink.addProperty(&amp;quot;xpath&amp;quot;, EQUALS, (//tr[.//*[contains(text(),&amp;apos;$ticketId&amp;apos;)]]//td[3]//a) | (//tr[.//*[contains(text(),&amp;apos;$ticketId&amp;apos;)]]//td[3]//*[self::span or self::div]))</message>
  <nestedLevel>1</nestedLevel>
  <escapedJava>false</escapedJava>
</record>
<record>
  <date>2026-05-28T11:06:52.549179300Z</date>
  <millis>1779966412549</millis>
  <nanos>179300</nanos>
  <sequence>675</sequence>
  <level>START</level>
  <class>com.kms.katalon.core.logging.XmlKeywordLogger</class>
  <method>startKeyword</method>
  <thread>1</thread>
  <message>Start action : waitForElementVisible(titleLink, 30)</message>
  <nestedLevel>1</nestedLevel>
  <escapedJava>false</escapedJava>
  <property name="startLine">114</property>
  <property name="stepIndex">33</property>
</record>
<record>
  <date>2026-05-28T11:06:52.835407400Z</date>
  <millis>1779966412835</millis>
  <nanos>407400</nanos>
  <sequence>681</sequence>
  <level>PASSED</level>
  <class>com.kms.katalon.core.logging.XmlKeywordLogger</class>
  <method>logMessage</method>
  <thread>1</thread>
  <message>Object &amp;apos;&amp;apos; is visible</message>
  <nestedLevel>1</nestedLevel>
  <escapedJava>false</escapedJava>
  <property name="testops-method-name">com.kms.katalon.core.webui.keyword.internal.WebUIKeywordMain.runKeywordUntilTimeout</property>
  <property name="testops-execution-stacktrace">com.kms.katalon.core.logging.KeywordLogger.logPassed(KeywordLogger.java:350)
com.kms.katalon.core.logging.KeywordLogger.logPassed(KeywordLogger.java:345)
com.kms.katalon.core.logging.KeywordLogger$logPassed$0.call(Unknown Source)
com.kms.katalon.core.webui.keyword.builtin.WaitForElementVisibleKeyword$_waitForElementVisible_closure1.doCall(WaitForElementVisibleKeyword.groovy:86)
java.base/jdk.internal.reflect.DirectMethodHandleAccessor.invoke(DirectMethodHandleAccessor.java:103)
jdk.proxy2/jdk.proxy2.$Proxy56.execute(Unknown Source)
com.kms.katalon.core.webui.model.SeleniumActionRetryController.performAction(SeleniumActionRetryController.java:96)
com.kms.katalon.core.webui.model.SeleniumActionRetryController.performAction(SeleniumActionRetryController.java:83)
com.kms.katalon.core.webui.keyword.internal.WebUIKeywordMain$_runKeywordUntilTimeout_closure2.doCall(WebUIKeywordMain.groovy:155)
com.kms.katalon.core.webui.keyword.internal.WebUIKeywordMain$_runKeywordUntilTimeout_closure2.call(WebUIKeywordMain.groovy)
com.kms.katalon.core.webui.keyword.internal.WebUIKeywordMain.runKeyword(WebUIKeywordMain.groovy:41)
com.kms.katalon.core.webui.keyword.internal.WebUIKeywordMain.runKeywordUntilTimeout(WebUIKeywordMain.groovy:152)
com.kms.katalon.core.webui.keyword.internal.WebUIKeywordMain$runKeywordUntilTimeout.call(Unknown Source)
com.kms.katalon.core.webui.keyword.builtin.WaitForElementVisibleKeyword.waitForElementVisible(WaitForElementVisibleKeyword.groovy:101)
com.kms.katalon.core.webui.keyword.builtin.WaitForElementVisibleKeyword.execute(WaitForElementVisibleKeyword.groovy:69)
com.kms.katalon.core.keyword.internal.KeywordExecutor.executeKeywordForPlatform(KeywordExecutor.groovy:99)
com.kms.katalon.core.webui.keyword.WebUiBuiltInKeywords.waitForElementVisible(WebUiBuiltInKeywords.groovy:515)
TC_Open_Task_Details.run(TC_Open_Task_Details:114)
</property>
</record>
<record>
  <date>2026-05-28T11:06:52.837026Z</date>
  <millis>1779966412837</millis>
  <nanos>26000</nanos>
  <sequence>682</sequence>
  <level>END</level>
  <class>com.kms.katalon.core.logging.XmlKeywordLogger</class>
  <method>endKeyword</method>
  <thread>1</thread>
  <message>End action : waitForElementVisible(titleLink, 30)</message>
  <nestedLevel>1</nestedLevel>
  <escapedJava>false</escapedJava>
</record>
<record>
  <date>2026-05-28T11:06:52.838032400Z</date>
  <millis>1779966412838</millis>
  <nanos>32400</nanos>
  <sequence>683</sequence>
  <level>START</level>
  <class>com.kms.katalon.core.logging.XmlKeywordLogger</class>
  <method>startKeyword</method>
  <thread>1</thread>
  <message>Start action : scrollToElement(titleLink, 10)</message>
  <nestedLevel>1</nestedLevel>
  <escapedJava>false</escapedJava>
  <property name="startLine">116</property>
  <property name="stepIndex">34</property>
</record>
<record>
  <date>2026-05-28T11:06:53.145485200Z</date>
  <millis>1779966413145</millis>
  <nanos>485200</nanos>
  <sequence>692</sequence>
  <level>PASSED</level>
  <class>com.kms.katalon.core.logging.XmlKeywordLogger</class>
  <method>logMessage</method>
  <thread>1</thread>
  <message>Scroll to object &amp;apos;&amp;apos; successfully</message>
  <nestedLevel>1</nestedLevel>
  <escapedJava>false</escapedJava>
  <property name="testops-method-name">com.kms.katalon.core.webui.keyword.builtin.ScrollToElementKeyword.scrollToElement</property>
  <property name="testops-execution-stacktrace"></property>
</record>
<record>
  <date>2026-05-28T11:06:53.145485200Z</date>
  <millis>1779966413145</millis>
  <nanos>485200</nanos>
  <sequence>693</sequence>
  <level>END</level>
  <class>com.kms.katalon.core.logging.XmlKeywordLogger</class>
  <method>endKeyword</method>
  <thread>1</thread>
  <message>End action : scrollToElement(titleLink, 10)</message>
  <nestedLevel>1</nestedLevel>
  <escapedJava>false</escapedJava>
</record>
<record>
  <date>2026-05-28T11:06:53.145485200Z</date>
  <millis>1779966413145</millis>
  <nanos>485200</nanos>
  <sequence>694</sequence>
  <level>START</level>
  <class>com.kms.katalon.core.logging.XmlKeywordLogger</class>
  <method>startKeyword</method>
  <thread>1</thread>
  <message>Start action : link = findWebElement(titleLink, 20)</message>
  <nestedLevel>1</nestedLevel>
  <escapedJava>false</escapedJava>
  <property name="startLine">118</property>
  <property name="stepIndex">35</property>
</record>
<record>
  <date>2026-05-28T11:06:53.425501400Z</date>
  <millis>1779966413425</millis>
  <nanos>501400</nanos>
  <sequence>700</sequence>
  <level>PASSED</level>
  <class>com.kms.katalon.core.logging.XmlKeywordLogger</class>
  <method>logMessage</method>
  <thread>1</thread>
  <message>Found web element by test object </message>
  <nestedLevel>1</nestedLevel>
  <escapedJava>false</escapedJava>
  <property name="testops-method-name">com.kms.katalon.core.webui.keyword.internal.WebUIKeywordMain.runKeywordUntilTimeout</property>
  <property name="testops-execution-stacktrace">com.kms.katalon.core.logging.KeywordLogger.logPassed(KeywordLogger.java:350)
com.kms.katalon.core.logging.KeywordLogger.logPassed(KeywordLogger.java:345)
com.kms.katalon.core.webui.keyword.builtin.FindWebElementKeyword$_findWebElement_closure1.doCall(FindWebElementKeyword.groovy:52)
java.base/jdk.internal.reflect.DirectMethodHandleAccessor.invoke(DirectMethodHandleAccessor.java:103)
jdk.proxy2/jdk.proxy2.$Proxy56.execute(Unknown Source)
com.kms.katalon.core.webui.model.SeleniumActionRetryController.performAction(SeleniumActionRetryController.java:96)
com.kms.katalon.core.webui.model.SeleniumActionRetryController.performAction(SeleniumActionRetryController.java:83)
com.kms.katalon.core.webui.keyword.internal.WebUIKeywordMain$_runKeywordUntilTimeout_closure2.doCall(WebUIKeywordMain.groovy:155)
com.kms.katalon.core.webui.keyword.internal.WebUIKeywordMain$_runKeywordUntilTimeout_closure2.call(WebUIKeywordMain.groovy)
com.kms.katalon.core.webui.keyword.internal.WebUIKeywordMain.runKeyword(WebUIKeywordMain.groovy:41)
com.kms.katalon.core.webui.keyword.internal.WebUIKeywordMain.runKeywordUntilTimeout(WebUIKeywordMain.groovy:152)
com.kms.katalon.core.webui.keyword.builtin.FindWebElementKeyword.findWebElement(FindWebElementKeyword.groovy:60)
com.kms.katalon.core.webui.keyword.builtin.FindWebElementKeyword.execute(FindWebElementKeyword.groovy:39)
com.kms.katalon.core.keyword.internal.KeywordExecutor.executeKeywordForPlatform(KeywordExecutor.groovy:99)
com.kms.katalon.core.webui.keyword.WebUiBuiltInKeywords.findWebElement(WebUiBuiltInKeywords.groovy:2945)
TC_Open_Task_Details.run(TC_Open_Task_Details:118)
</property>
</record>
<record>
  <date>2026-05-28T11:06:53.426511300Z</date>
  <millis>1779966413426</millis>
  <nanos>511300</nanos>
  <sequence>701</sequence>
  <level>END</level>
  <class>com.kms.katalon.core.logging.XmlKeywordLogger</class>
  <method>endKeyword</method>
  <thread>1</thread>
  <message>End action : link = findWebElement(titleLink, 20)</message>
  <nestedLevel>1</nestedLevel>
  <escapedJava>false</escapedJava>
</record>
<record>
  <date>2026-05-28T11:06:53.427504300Z</date>
  <millis>1779966413427</millis>
  <nanos>504300</nanos>
  <sequence>702</sequence>
  <level>START</level>
  <class>com.kms.katalon.core.logging.XmlKeywordLogger</class>
  <method>startKeyword</method>
  <thread>1</thread>
  <message>Start action : executeJavaScript(&amp;quot;\narguments[0].scrollIntoView({\nblock:&amp;apos;center&amp;apos;\n});\n&amp;quot;, Arrays.asList(link))</message>
  <nestedLevel>1</nestedLevel>
  <escapedJava>false</escapedJava>
  <property name="startLine">121</property>
  <property name="stepIndex">36</property>
</record>
<record>
  <date>2026-05-28T11:06:53.455130Z</date>
  <millis>1779966413455</millis>
  <nanos>130000</nanos>
  <sequence>704</sequence>
  <level>PASSED</level>
  <class>com.kms.katalon.core.logging.XmlKeywordLogger</class>
  <method>logMessage</method>
  <thread>1</thread>
  <message>Execute JavaScript &amp;apos;
arguments[0].scrollIntoView({
block:&amp;apos;center&amp;apos;
});
&amp;apos; successfully</message>
  <nestedLevel>1</nestedLevel>
  <escapedJava>false</escapedJava>
  <property name="testops-method-name">com.kms.katalon.core.webui.keyword.builtin.ExecuteJavaScriptKeyword.executeJavascript</property>
  <property name="testops-execution-stacktrace"></property>
</record>
<record>
  <date>2026-05-28T11:06:53.457307900Z</date>
  <millis>1779966413457</millis>
  <nanos>307900</nanos>
  <sequence>705</sequence>
  <level>END</level>
  <class>com.kms.katalon.core.logging.XmlKeywordLogger</class>
  <method>endKeyword</method>
  <thread>1</thread>
  <message>End action : executeJavaScript(&amp;quot;\narguments[0].scrollIntoView({\nblock:&amp;apos;center&amp;apos;\n});\n&amp;quot;, Arrays.asList(link))</message>
  <nestedLevel>1</nestedLevel>
  <escapedJava>false</escapedJava>
</record>
<record>
  <date>2026-05-28T11:06:53.457307900Z</date>
  <millis>1779966413457</millis>
  <nanos>307900</nanos>
  <sequence>706</sequence>
  <level>START</level>
  <class>com.kms.katalon.core.logging.XmlKeywordLogger</class>
  <method>startKeyword</method>
  <thread>1</thread>
  <message>Start action : delay(2)</message>
  <nestedLevel>1</nestedLevel>
  <escapedJava>false</escapedJava>
  <property name="startLine">123</property>
  <property name="stepIndex">37</property>
</record>
<record>
  <date>2026-05-28T11:06:55.462574200Z</date>
  <millis>1779966415462</millis>
  <nanos>574200</nanos>
  <sequence>709</sequence>
  <level>PASSED</level>
  <class>com.kms.katalon.core.logging.XmlKeywordLogger</class>
  <method>logMessage</method>
  <thread>1</thread>
  <message>Delayed 2 second(s)</message>
  <nestedLevel>1</nestedLevel>
  <escapedJava>false</escapedJava>
  <property name="testops-method-name">com.kms.katalon.core.keyword.builtin.DelayKeyword.delay</property>
  <property name="testops-execution-stacktrace"></property>
</record>
<record>
  <date>2026-05-28T11:06:55.462574200Z</date>
  <millis>1779966415462</millis>
  <nanos>574200</nanos>
  <sequence>710</sequence>
  <level>END</level>
  <class>com.kms.katalon.core.logging.XmlKeywordLogger</class>
  <method>endKeyword</method>
  <thread>1</thread>
  <message>End action : delay(2)</message>
  <nestedLevel>1</nestedLevel>
  <escapedJava>false</escapedJava>
</record>
<record>
  <date>2026-05-28T11:06:55.462574200Z</date>
  <millis>1779966415462</millis>
  <nanos>574200</nanos>
  <sequence>711</sequence>
  <level>START</level>
  <class>com.kms.katalon.core.logging.XmlKeywordLogger</class>
  <method>startKeyword</method>
  <thread>1</thread>
  <message>Start action : println(&amp;quot;Opening ticket&amp;quot;)</message>
  <nestedLevel>1</nestedLevel>
  <escapedJava>false</escapedJava>
  <property name="startLine">128</property>
  <property name="stepIndex">38</property>
</record>
<record>
  <date>2026-05-28T11:06:55.465558400Z</date>
  <millis>1779966415465</millis>
  <nanos>558400</nanos>
  <sequence>712</sequence>
  <level>END</level>
  <class>com.kms.katalon.core.logging.XmlKeywordLogger</class>
  <method>endKeyword</method>
  <thread>1</thread>
  <message>End action : println(&amp;quot;Opening ticket&amp;quot;)</message>
  <nestedLevel>1</nestedLevel>
  <escapedJava>false</escapedJava>
</record>
<record>
  <date>2026-05-28T11:06:55.465558400Z</date>
  <millis>1779966415465</millis>
  <nanos>558400</nanos>
  <sequence>713</sequence>
  <level>START</level>
  <class>com.kms.katalon.core.logging.XmlKeywordLogger</class>
  <method>startKeyword</method>
  <thread>1</thread>
  <message>Start action : try</message>
  <nestedLevel>1</nestedLevel>
  <escapedJava>false</escapedJava>
  <property name="startLine">130</property>
  <property name="stepIndex">39</property>
</record>
<record>
  <date>2026-05-28T11:06:55.465558400Z</date>
  <millis>1779966415465</millis>
  <nanos>558400</nanos>
  <sequence>714</sequence>
  <level>START</level>
  <class>com.kms.katalon.core.logging.XmlKeywordLogger</class>
  <method>startKeyword</method>
  <thread>1</thread>
  <message>Start action : click(titleLink)</message>
  <nestedLevel>2</nestedLevel>
  <escapedJava>false</escapedJava>
  <property name="startLine">131</property>
  <property name="stepIndex">1</property>
</record>
<record>
  <date>2026-05-28T11:06:59.189752300Z</date>
  <millis>1779966419189</millis>
  <nanos>752300</nanos>
  <sequence>724</sequence>
  <level>PASSED</level>
  <class>com.kms.katalon.core.logging.XmlKeywordLogger</class>
  <method>logMessage</method>
  <thread>1</thread>
  <message>Object: &amp;apos;&amp;apos; is clicked on</message>
  <nestedLevel>1</nestedLevel>
  <escapedJava>false</escapedJava>
  <property name="testops-method-name">com.kms.katalon.core.webui.keyword.internal.WebUIKeywordMain.runKeywordUntilTimeout</property>
  <property name="testops-execution-stacktrace">com.kms.katalon.core.logging.KeywordLogger.logPassed(KeywordLogger.java:350)
com.kms.katalon.core.logging.KeywordLogger.logPassed(KeywordLogger.java:345)
com.kms.katalon.core.webui.keyword.builtin.ClickKeyword$_click_closure1.doCall(ClickKeyword.groovy:66)
java.base/jdk.internal.reflect.DirectMethodHandleAccessor.invoke(DirectMethodHandleAccessor.java:103)
jdk.proxy2/jdk.proxy2.$Proxy56.execute(Unknown Source)
com.kms.katalon.core.webui.model.SeleniumActionRetryController.performAction(SeleniumActionRetryController.java:96)
com.kms.katalon.core.webui.model.SeleniumActionRetryController.performAction(SeleniumActionRetryController.java:83)
com.kms.katalon.core.webui.keyword.internal.WebUIKeywordMain$_runKeywordUntilTimeout_closure1.doCall(WebUIKeywordMain.groovy:135)
com.kms.katalon.core.webui.keyword.internal.WebUIKeywordMain$_runKeywordUntilTimeout_closure1.call(WebUIKeywordMain.groovy)
com.kms.katalon.core.webui.keyword.internal.WebUIKeywordMain.runKeyword(WebUIKeywordMain.groovy:41)
com.kms.katalon.core.webui.keyword.internal.WebUIKeywordMain.runKeywordUntilTimeout(WebUIKeywordMain.groovy:133)
com.kms.katalon.core.webui.keyword.builtin.ClickKeyword.click(ClickKeyword.groovy:72)
com.kms.katalon.core.webui.keyword.builtin.ClickKeyword.execute(ClickKeyword.groovy:38)
com.kms.katalon.core.keyword.internal.KeywordExecutor.executeKeywordForPlatform(KeywordExecutor.groovy:99)
com.kms.katalon.core.webui.keyword.WebUiBuiltInKeywords.click(WebUiBuiltInKeywords.groovy:722)
TC_Open_Task_Details.run(TC_Open_Task_Details:131)
</property>
</record>
<record>
  <date>2026-05-28T11:06:59.189752300Z</date>
  <millis>1779966419189</millis>
  <nanos>752300</nanos>
  <sequence>725</sequence>
  <level>END</level>
  <class>com.kms.katalon.core.logging.XmlKeywordLogger</class>
  <method>endKeyword</method>
  <thread>1</thread>
  <message>End action : click(titleLink)</message>
  <nestedLevel>2</nestedLevel>
  <escapedJava>false</escapedJava>
</record>
<record>
  <date>2026-05-28T11:06:59.189752300Z</date>
  <millis>1779966419189</millis>
  <nanos>752300</nanos>
  <sequence>726</sequence>
  <level>END</level>
  <class>com.kms.katalon.core.logging.XmlKeywordLogger</class>
  <method>endKeyword</method>
  <thread>1</thread>
  <message>End action : try</message>
  <nestedLevel>1</nestedLevel>
  <escapedJava>false</escapedJava>
</record>
<record>
  <date>2026-05-28T11:06:59.189752300Z</date>
  <millis>1779966419189</millis>
  <nanos>752300</nanos>
  <sequence>727</sequence>
  <level>START</level>
  <class>com.kms.katalon.core.logging.XmlKeywordLogger</class>
  <method>startKeyword</method>
  <thread>1</thread>
  <message>Start action : opened = false</message>
  <nestedLevel>1</nestedLevel>
  <escapedJava>false</escapedJava>
  <property name="startLine">142</property>
  <property name="stepIndex">42</property>
</record>
<record>
  <date>2026-05-28T11:06:59.195218700Z</date>
  <millis>1779966419195</millis>
  <nanos>218700</nanos>
  <sequence>728</sequence>
  <level>END</level>
  <class>com.kms.katalon.core.logging.XmlKeywordLogger</class>
  <method>endKeyword</method>
  <thread>1</thread>
  <message>End action : opened = false</message>
  <nestedLevel>1</nestedLevel>
  <escapedJava>false</escapedJava>
</record>
<record>
  <date>2026-05-28T11:06:59.197271200Z</date>
  <millis>1779966419197</millis>
  <nanos>271200</nanos>
  <sequence>729</sequence>
  <level>START</level>
  <class>com.kms.katalon.core.logging.XmlKeywordLogger</class>
  <method>startKeyword</method>
  <thread>1</thread>
  <message>Start action : for ([i = 0, i &amp;lt; 30, (i++)])</message>
  <nestedLevel>1</nestedLevel>
  <escapedJava>false</escapedJava>
  <property name="startLine">144</property>
  <property name="stepIndex">43</property>
</record>
<record>
  <date>2026-05-28T11:06:59.197271200Z</date>
  <millis>1779966419197</millis>
  <nanos>271200</nanos>
  <sequence>730</sequence>
  <level>START</level>
  <class>com.kms.katalon.core.logging.XmlKeywordLogger</class>
  <method>startKeyword</method>
  <thread>1</thread>
  <message>Start action : delay(1)</message>
  <nestedLevel>2</nestedLevel>
  <escapedJava>false</escapedJava>
  <property name="startLine">145</property>
  <property name="stepIndex">1</property>
</record>
<record>
  <date>2026-05-28T11:07:00.205935800Z</date>
  <millis>1779966420205</millis>
  <nanos>935800</nanos>
  <sequence>733</sequence>
  <level>PASSED</level>
  <class>com.kms.katalon.core.logging.XmlKeywordLogger</class>
  <method>logMessage</method>
  <thread>1</thread>
  <message>Delayed 1 second(s)</message>
  <nestedLevel>1</nestedLevel>
  <escapedJava>false</escapedJava>
  <property name="testops-method-name">com.kms.katalon.core.keyword.builtin.DelayKeyword.delay</property>
  <property name="testops-execution-stacktrace"></property>
</record>
<record>
  <date>2026-05-28T11:07:00.205935800Z</date>
  <millis>1779966420205</millis>
  <nanos>935800</nanos>
  <sequence>734</sequence>
  <level>END</level>
  <class>com.kms.katalon.core.logging.XmlKeywordLogger</class>
  <method>endKeyword</method>
  <thread>1</thread>
  <message>End action : delay(1)</message>
  <nestedLevel>2</nestedLevel>
  <escapedJava>false</escapedJava>
</record>
<record>
  <date>2026-05-28T11:07:00.205935800Z</date>
  <millis>1779966420205</millis>
  <nanos>935800</nanos>
  <sequence>735</sequence>
  <level>START</level>
  <class>com.kms.katalon.core.logging.XmlKeywordLogger</class>
  <method>startKeyword</method>
  <thread>1</thread>
  <message>Start action : details = new com.kms.katalon.core.testobject.TestObject()</message>
  <nestedLevel>2</nestedLevel>
  <escapedJava>false</escapedJava>
  <property name="startLine">147</property>
  <property name="stepIndex">2</property>
</record>
<record>
  <date>2026-05-28T11:07:00.211816700Z</date>
  <millis>1779966420211</millis>
  <nanos>816700</nanos>
  <sequence>736</sequence>
  <level>END</level>
  <class>com.kms.katalon.core.logging.XmlKeywordLogger</class>
  <method>endKeyword</method>
  <thread>1</thread>
  <message>End action : details = new com.kms.katalon.core.testobject.TestObject()</message>
  <nestedLevel>2</nestedLevel>
  <escapedJava>false</escapedJava>
</record>
<record>
  <date>2026-05-28T11:07:00.213839600Z</date>
  <millis>1779966420213</millis>
  <nanos>839600</nanos>
  <sequence>737</sequence>
  <level>START</level>
  <class>com.kms.katalon.core.logging.XmlKeywordLogger</class>
  <method>startKeyword</method>
  <thread>1</thread>
  <message>Start action : details.addProperty(&amp;quot;xpath&amp;quot;, EQUALS, &amp;quot;\n//*[contains(text(),&amp;apos;Priority&amp;apos;)]\n|\n//*[contains(text(),&amp;apos;Task Details&amp;apos;)]\n|\n//*[contains(text(),&amp;apos;Queue&amp;apos;)]\n&amp;quot;)</message>
  <nestedLevel>2</nestedLevel>
  <escapedJava>false</escapedJava>
  <property name="startLine">149</property>
  <property name="stepIndex">3</property>
</record>
<record>
  <date>2026-05-28T11:07:00.217443900Z</date>
  <millis>1779966420217</millis>
  <nanos>443900</nanos>
  <sequence>738</sequence>
  <level>END</level>
  <class>com.kms.katalon.core.logging.XmlKeywordLogger</class>
  <method>endKeyword</method>
  <thread>1</thread>
  <message>End action : details.addProperty(&amp;quot;xpath&amp;quot;, EQUALS, &amp;quot;\n//*[contains(text(),&amp;apos;Priority&amp;apos;)]\n|\n//*[contains(text(),&amp;apos;Task Details&amp;apos;)]\n|\n//*[contains(text(),&amp;apos;Queue&amp;apos;)]\n&amp;quot;)</message>
  <nestedLevel>2</nestedLevel>
  <escapedJava>false</escapedJava>
</record>
<record>
  <date>2026-05-28T11:07:00.217443900Z</date>
  <millis>1779966420217</millis>
  <nanos>443900</nanos>
  <sequence>739</sequence>
  <level>START</level>
  <class>com.kms.katalon.core.logging.XmlKeywordLogger</class>
  <method>startKeyword</method>
  <thread>1</thread>
  <message>Start action : if (verifyElementPresent(details, 1, OPTIONAL))</message>
  <nestedLevel>2</nestedLevel>
  <escapedJava>false</escapedJava>
  <property name="startLine">151</property>
  <property name="stepIndex">4</property>
</record>
<record>
  <date>2026-05-28T11:07:01.565394100Z</date>
  <millis>1779966421565</millis>
  <nanos>394100</nanos>
  <sequence>744</sequence>
  <level>PASSED</level>
  <class>com.kms.katalon.core.logging.XmlKeywordLogger</class>
  <method>logMessage</method>
  <thread>1</thread>
  <message>Object &amp;apos;&amp;apos; is present</message>
  <nestedLevel>1</nestedLevel>
  <escapedJava>false</escapedJava>
  <property name="testops-is-assertion">true</property>
  <property name="testops-method-name">com.kms.katalon.core.webui.keyword.builtin.VerifyElementPresentKeyword.verifyElementPresent</property>
  <property name="testops-execution-stacktrace"></property>
</record>
<record>
  <date>2026-05-28T11:07:01.573391100Z</date>
  <millis>1779966421573</millis>
  <nanos>391100</nanos>
  <sequence>745</sequence>
  <level>START</level>
  <class>com.kms.katalon.core.logging.XmlKeywordLogger</class>
  <method>startKeyword</method>
  <thread>1</thread>
  <message>Start action : opened = true</message>
  <nestedLevel>3</nestedLevel>
  <escapedJava>false</escapedJava>
  <property name="startLine">152</property>
  <property name="stepIndex">1</property>
</record>
<record>
  <date>2026-05-28T11:07:01.575084300Z</date>
  <millis>1779966421575</millis>
  <nanos>84300</nanos>
  <sequence>746</sequence>
  <level>END</level>
  <class>com.kms.katalon.core.logging.XmlKeywordLogger</class>
  <method>endKeyword</method>
  <thread>1</thread>
  <message>End action : opened = true</message>
  <nestedLevel>3</nestedLevel>
  <escapedJava>false</escapedJava>
</record>
<record>
  <date>2026-05-28T11:07:01.575084300Z</date>
  <millis>1779966421575</millis>
  <nanos>84300</nanos>
  <sequence>747</sequence>
  <level>START</level>
  <class>com.kms.katalon.core.logging.XmlKeywordLogger</class>
  <method>startKeyword</method>
  <thread>1</thread>
  <message>Start action : break</message>
  <nestedLevel>3</nestedLevel>
  <escapedJava>false</escapedJava>
  <property name="startLine">154</property>
  <property name="stepIndex">2</property>
</record>
<record>
  <date>2026-05-28T11:07:01.575084300Z</date>
  <millis>1779966421575</millis>
  <nanos>84300</nanos>
  <sequence>748</sequence>
  <level>END</level>
  <class>com.kms.katalon.core.logging.XmlKeywordLogger</class>
  <method>endKeyword</method>
  <thread>1</thread>
  <message>End action : break</message>
  <nestedLevel>3</nestedLevel>
  <escapedJava>false</escapedJava>
</record>
<record>
  <date>2026-05-28T11:07:01.575084300Z</date>
  <millis>1779966421575</millis>
  <nanos>84300</nanos>
  <sequence>749</sequence>
  <level>END</level>
  <class>com.kms.katalon.core.logging.XmlKeywordLogger</class>
  <method>endKeyword</method>
  <thread>1</thread>
  <message>End action : if (verifyElementPresent(details, 1, OPTIONAL))</message>
  <nestedLevel>2</nestedLevel>
  <escapedJava>false</escapedJava>
</record>
<record>
  <date>2026-05-28T11:07:01.575084300Z</date>
  <millis>1779966421575</millis>
  <nanos>84300</nanos>
  <sequence>750</sequence>
  <level>END</level>
  <class>com.kms.katalon.core.logging.XmlKeywordLogger</class>
  <method>endKeyword</method>
  <thread>1</thread>
  <message>End action : for ([i = 0, i &amp;lt; 30, (i++)])</message>
  <nestedLevel>1</nestedLevel>
  <escapedJava>false</escapedJava>
</record>
<record>
  <date>2026-05-28T11:07:01.575084300Z</date>
  <millis>1779966421575</millis>
  <nanos>84300</nanos>
  <sequence>751</sequence>
  <level>START</level>
  <class>com.kms.katalon.core.logging.XmlKeywordLogger</class>
  <method>startKeyword</method>
  <thread>1</thread>
  <message>Start action : if (!(opened))</message>
  <nestedLevel>1</nestedLevel>
  <escapedJava>false</escapedJava>
  <property name="startLine">158</property>
  <property name="stepIndex">44</property>
</record>
<record>
  <date>2026-05-28T11:07:01.577135Z</date>
  <millis>1779966421577</millis>
  <nanos>135000</nanos>
  <sequence>752</sequence>
  <level>END</level>
  <class>com.kms.katalon.core.logging.XmlKeywordLogger</class>
  <method>endKeyword</method>
  <thread>1</thread>
  <message>End action : if (!(opened))</message>
  <nestedLevel>1</nestedLevel>
  <escapedJava>false</escapedJava>
</record>
<record>
  <date>2026-05-28T11:07:01.577135Z</date>
  <millis>1779966421577</millis>
  <nanos>135000</nanos>
  <sequence>753</sequence>
  <level>START</level>
  <class>com.kms.katalon.core.logging.XmlKeywordLogger</class>
  <method>startKeyword</method>
  <thread>1</thread>
  <message>Start action : println(&amp;quot;TASK DETAILS OPENED → &amp;quot; + ticketId)</message>
  <nestedLevel>1</nestedLevel>
  <escapedJava>false</escapedJava>
  <property name="startLine">164</property>
  <property name="stepIndex">45</property>
</record>
<record>
  <date>2026-05-28T11:07:01.577135Z</date>
  <millis>1779966421577</millis>
  <nanos>135000</nanos>
  <sequence>754</sequence>
  <level>END</level>
  <class>com.kms.katalon.core.logging.XmlKeywordLogger</class>
  <method>endKeyword</method>
  <thread>1</thread>
  <message>End action : println(&amp;quot;TASK DETAILS OPENED → &amp;quot; + ticketId)</message>
  <nestedLevel>1</nestedLevel>
  <escapedJava>false</escapedJava>
</record>
<record>
  <date>2026-05-28T11:07:01.577135Z</date>
  <millis>1779966421577</millis>
  <nanos>135000</nanos>
  <sequence>755</sequence>
  <level>PASSED</level>
  <class>com.kms.katalon.core.logging.XmlKeywordLogger</class>
  <method>logMessage</method>
  <thread>1</thread>
  <message>Test Cases/Setup/TC_Open_Task_Details</message>
  <nestedLevel>1</nestedLevel>
  <escapedJava>false</escapedJava>
</record>
<record>
  <date>2026-05-28T11:07:01.577135Z</date>
  <millis>1779966421577</millis>
  <nanos>135000</nanos>
  <sequence>756</sequence>
  <level>END</level>
  <class>com.kms.katalon.core.logging.XmlKeywordLogger</class>
  <method>endTest</method>
  <thread>1</thread>
  <message>End Test Case : Test Cases/Setup/TC_Open_Task_Details</message>
  <nestedLevel>0</nestedLevel>
  <escapedJava>false</escapedJava>
  <property name="executionBindingVariables">[]</property>
  <property name="applitools">false</property>
  <property name="remainingRetryCount">3</property>
  <property name="executedKeywords">{
  &quot;WebUI.waitForElementVisible&quot;: 3,
  &quot;WebUI.clearText&quot;: 1,
  &quot;WebUI.scrollToElement&quot;: 1,
  &quot;BuiltIn.delay&quot;: 6,
  &quot;WebUI.findWebElement&quot;: 1,
  &quot;WebUI.verifyElementPresent&quot;: 1,
  &quot;WebUI.getText&quot;: 1,
  &quot;WebUI.click&quot;: 4,
  &quot;WebUI.waitForPageLoad&quot;: 3,
  &quot;WebUI.sendKeys&quot;: 1,
  &quot;WebUI.executeJavaScript&quot;: 1,
  &quot;WebUI.waitForElementPresent&quot;: 1,
  &quot;WebUI.setText&quot;: 1
}</property>
  <property name="currentRetryCount">0</property>
  <property name="keywordsUsage">{
  &quot;web_ui&quot;: true,
  &quot;web_service&quot;: false,
  &quot;cucumber&quot;: false,
  &quot;builtin&quot;: true,
  &quot;mobile&quot;: false,
  &quot;windows&quot;: false,
  &quot;testng&quot;: false
}</property>
</record>
<record>
  <date>2026-05-28T11:07:01.585435300Z</date>
  <millis>1779966421585</millis>
  <nanos>435300</nanos>
  <sequence>757</sequence>
  <level>START</level>
  <class>com.kms.katalon.core.logging.XmlKeywordLogger</class>
  <method>startTest</method>
  <thread>1</thread>
  <message>Start Test Case : Test Cases/TaskActions/Uploads/Upload_File_From_Govdrive</message>
  <nestedLevel>1</nestedLevel>
  <escapedJava>false</escapedJava>
  <property name="remainingRetryCount">3</property>
  <property name="origin"></property>
  <property name="name">Test Cases/TaskActions/Uploads/Upload_File_From_Govdrive</property>
  <property name="description"></property>
  <property name="iteration"></property>
  <property name="id">Test Cases/TaskActions/Uploads/Upload_File_From_Govdrive</property>
  <property name="source">C:\Users\CROWN-STAFF\git\convergence-qa-tests\Test Cases\TaskActions\Uploads\Upload_File_From_Govdrive.tc</property>
  <property name="tag"></property>
  <property name="isOptional">false</property>
  <property name="uuid">f985634f-e643-45fb-bc1b-2dfa0cfb21cd</property>
  <property name="currentRetryCount">0</property>
</record>
<record>
  <date>2026-05-28T11:07:01.675182100Z</date>
  <millis>1779966421675</millis>
  <nanos>182100</nanos>
  <sequence>759</sequence>
  <level>RUN_DATA</level>
  <class>com.kms.katalon.core.logging.XmlKeywordLogger</class>
  <method>logMessage</method>
  <thread>1</thread>
  <message>executionBindingVariables = []</message>
  <nestedLevel>1</nestedLevel>
  <escapedJava>false</escapedJava>
  <property name="executionBindingVariables">[]</property>
</record>
<record>
  <date>2026-05-28T11:07:01.907032600Z</date>
  <millis>1779966421907</millis>
  <nanos>32600</nanos>
  <sequence>760</sequence>
  <level>START</level>
  <class>com.kms.katalon.core.logging.XmlKeywordLogger</class>
  <method>startKeyword</method>
  <thread>1</thread>
  <message>Start action : driver = getWebDriver()</message>
  <nestedLevel>1</nestedLevel>
  <escapedJava>false</escapedJava>
  <property name="startLine">15</property>
  <property name="stepIndex">1</property>
</record>
<record>
  <date>2026-05-28T11:07:01.915234800Z</date>
  <millis>1779966421915</millis>
  <nanos>234800</nanos>
  <sequence>761</sequence>
  <level>END</level>
  <class>com.kms.katalon.core.logging.XmlKeywordLogger</class>
  <method>endKeyword</method>
  <thread>1</thread>
  <message>End action : driver = getWebDriver()</message>
  <nestedLevel>1</nestedLevel>
  <escapedJava>false</escapedJava>
</record>
<record>
  <date>2026-05-28T11:07:01.915234800Z</date>
  <millis>1779966421915</millis>
  <nanos>234800</nanos>
  <sequence>762</sequence>
  <level>START</level>
  <class>com.kms.katalon.core.logging.XmlKeywordLogger</class>
  <method>startKeyword</method>
  <thread>1</thread>
  <message>Start action : switchToDefaultContent()</message>
  <nestedLevel>1</nestedLevel>
  <escapedJava>false</escapedJava>
  <property name="startLine">17</property>
  <property name="stepIndex">2</property>
</record>
<record>
  <date>2026-05-28T11:07:01.955312Z</date>
  <millis>1779966421955</millis>
  <nanos>312000</nanos>
  <sequence>765</sequence>
  <level>END</level>
  <class>com.kms.katalon.core.logging.XmlKeywordLogger</class>
  <method>endKeyword</method>
  <thread>1</thread>
  <message>End action : switchToDefaultContent()</message>
  <nestedLevel>1</nestedLevel>
  <escapedJava>false</escapedJava>
</record>
<record>
  <date>2026-05-28T11:07:01.955312Z</date>
  <millis>1779966421955</millis>
  <nanos>312000</nanos>
  <sequence>766</sequence>
  <level>START</level>
  <class>com.kms.katalon.core.logging.XmlKeywordLogger</class>
  <method>startKeyword</method>
  <thread>1</thread>
  <message>Start action : waitForPageLoad(30)</message>
  <nestedLevel>1</nestedLevel>
  <escapedJava>false</escapedJava>
  <property name="startLine">18</property>
  <property name="stepIndex">3</property>
</record>
<record>
  <date>2026-05-28T11:07:01.972110900Z</date>
  <millis>1779966421972</millis>
  <nanos>110900</nanos>
  <sequence>770</sequence>
  <level>PASSED</level>
  <class>com.kms.katalon.core.logging.XmlKeywordLogger</class>
  <method>logMessage</method>
  <thread>1</thread>
  <message>Wait for page load successfully</message>
  <nestedLevel>1</nestedLevel>
  <escapedJava>false</escapedJava>
  <property name="testops-method-name">com.kms.katalon.core.webui.keyword.internal.WebUIKeywordMain$runKeyword$0.call</property>
  <property name="testops-execution-stacktrace">com.kms.katalon.core.logging.KeywordLogger.logPassed(KeywordLogger.java:350)
com.kms.katalon.core.logging.KeywordLogger.logPassed(KeywordLogger.java:345)
com.kms.katalon.core.logging.KeywordLogger$logPassed$0.call(Unknown Source)
com.kms.katalon.core.webui.keyword.builtin.WaitForPageLoadKeyword$_waitForPageLoad_closure1.doCall(WaitForPageLoadKeyword.groovy:94)
com.kms.katalon.core.webui.keyword.builtin.WaitForPageLoadKeyword$_waitForPageLoad_closure1.doCall(WaitForPageLoadKeyword.groovy)
java.base/jdk.internal.reflect.DirectMethodHandleAccessor.invoke(DirectMethodHandleAccessor.java:103)
com.kms.katalon.core.webui.keyword.internal.WebUIKeywordMain.runKeyword(WebUIKeywordMain.groovy:41)
com.kms.katalon.core.webui.keyword.internal.WebUIKeywordMain$runKeyword$0.call(Unknown Source)
com.kms.katalon.core.webui.keyword.builtin.WaitForPageLoadKeyword.waitForPageLoad(WaitForPageLoadKeyword.groovy:95)
com.kms.katalon.core.webui.keyword.builtin.WaitForPageLoadKeyword.execute(WaitForPageLoadKeyword.groovy:68)
com.kms.katalon.core.keyword.internal.KeywordExecutor.executeKeywordForPlatform(KeywordExecutor.groovy:99)
com.kms.katalon.core.webui.keyword.WebUiBuiltInKeywords.waitForPageLoad(WebUiBuiltInKeywords.groovy:2559)
Upload_File_From_Govdrive.run(Upload_File_From_Govdrive:18)
</property>
</record>
<record>
  <date>2026-05-28T11:07:01.975231800Z</date>
  <millis>1779966421975</millis>
  <nanos>231800</nanos>
  <sequence>771</sequence>
  <level>END</level>
  <class>com.kms.katalon.core.logging.XmlKeywordLogger</class>
  <method>endKeyword</method>
  <thread>1</thread>
  <message>End action : waitForPageLoad(30)</message>
  <nestedLevel>1</nestedLevel>
  <escapedJava>false</escapedJava>
</record>
<record>
  <date>2026-05-28T11:07:01.975231800Z</date>
  <millis>1779966421975</millis>
  <nanos>231800</nanos>
  <sequence>772</sequence>
  <level>START</level>
  <class>com.kms.katalon.core.logging.XmlKeywordLogger</class>
  <method>startKeyword</method>
  <thread>1</thread>
  <message>Start action : println(&amp;quot;Starting upload flow&amp;quot;)</message>
  <nestedLevel>1</nestedLevel>
  <escapedJava>false</escapedJava>
  <property name="startLine">20</property>
  <property name="stepIndex">4</property>
</record>
<record>
  <date>2026-05-28T11:07:01.977143400Z</date>
  <millis>1779966421977</millis>
  <nanos>143400</nanos>
  <sequence>773</sequence>
  <level>END</level>
  <class>com.kms.katalon.core.logging.XmlKeywordLogger</class>
  <method>endKeyword</method>
  <thread>1</thread>
  <message>End action : println(&amp;quot;Starting upload flow&amp;quot;)</message>
  <nestedLevel>1</nestedLevel>
  <escapedJava>false</escapedJava>
</record>
<record>
  <date>2026-05-28T11:07:01.977143400Z</date>
  <millis>1779966421977</millis>
  <nanos>143400</nanos>
  <sequence>774</sequence>
  <level>START</level>
  <class>com.kms.katalon.core.logging.XmlKeywordLogger</class>
  <method>startKeyword</method>
  <thread>1</thread>
  <message>Start action : waitForElementVisible(findTestObject(&amp;quot;Page_Work Order  View- Workforce Manager/a_dLabel&amp;quot;), 30)</message>
  <nestedLevel>1</nestedLevel>
  <escapedJava>false</escapedJava>
  <property name="startLine">26</property>
  <property name="stepIndex">5</property>
</record>
<record>
  <date>2026-05-28T11:07:03.809877400Z</date>
  <millis>1779966423809</millis>
  <nanos>877400</nanos>
  <sequence>781</sequence>
  <level>PASSED</level>
  <class>com.kms.katalon.core.logging.XmlKeywordLogger</class>
  <method>logMessage</method>
  <thread>1</thread>
  <message>Object &amp;apos;Object Repository/Page_Work Order  View- Workforce Manager/a_dLabel&amp;apos; is visible</message>
  <nestedLevel>1</nestedLevel>
  <escapedJava>false</escapedJava>
  <property name="testops-method-name">com.kms.katalon.core.webui.keyword.internal.WebUIKeywordMain.runKeywordUntilTimeout</property>
  <property name="testops-execution-stacktrace">com.kms.katalon.core.logging.KeywordLogger.logPassed(KeywordLogger.java:350)
com.kms.katalon.core.logging.KeywordLogger.logPassed(KeywordLogger.java:345)
com.kms.katalon.core.logging.KeywordLogger$logPassed$0.call(Unknown Source)
com.kms.katalon.core.webui.keyword.builtin.WaitForElementVisibleKeyword$_waitForElementVisible_closure1.doCall(WaitForElementVisibleKeyword.groovy:86)
java.base/jdk.internal.reflect.DirectMethodHandleAccessor.invoke(DirectMethodHandleAccessor.java:103)
jdk.proxy2/jdk.proxy2.$Proxy56.execute(Unknown Source)
com.kms.katalon.core.webui.model.SeleniumActionRetryController.performAction(SeleniumActionRetryController.java:96)
com.kms.katalon.core.webui.model.SeleniumActionRetryController.performAction(SeleniumActionRetryController.java:83)
com.kms.katalon.core.webui.keyword.internal.WebUIKeywordMain$_runKeywordUntilTimeout_closure2.doCall(WebUIKeywordMain.groovy:155)
com.kms.katalon.core.webui.keyword.internal.WebUIKeywordMain$_runKeywordUntilTimeout_closure2.call(WebUIKeywordMain.groovy)
com.kms.katalon.core.webui.keyword.internal.WebUIKeywordMain.runKeyword(WebUIKeywordMain.groovy:41)
com.kms.katalon.core.webui.keyword.internal.WebUIKeywordMain.runKeywordUntilTimeout(WebUIKeywordMain.groovy:152)
com.kms.katalon.core.webui.keyword.internal.WebUIKeywordMain$runKeywordUntilTimeout.call(Unknown Source)
com.kms.katalon.core.webui.keyword.builtin.WaitForElementVisibleKeyword.waitForElementVisible(WaitForElementVisibleKeyword.groovy:101)
com.kms.katalon.core.webui.keyword.builtin.WaitForElementVisibleKeyword.execute(WaitForElementVisibleKeyword.groovy:69)
com.kms.katalon.core.keyword.internal.KeywordExecutor.executeKeywordForPlatform(KeywordExecutor.groovy:99)
com.kms.katalon.core.webui.keyword.WebUiBuiltInKeywords.waitForElementVisible(WebUiBuiltInKeywords.groovy:515)
Upload_File_From_Govdrive.run(Upload_File_From_Govdrive:27)
</property>
</record>
<record>
  <date>2026-05-28T11:07:03.810967800Z</date>
  <millis>1779966423810</millis>
  <nanos>967800</nanos>
  <sequence>782</sequence>
  <level>END</level>
  <class>com.kms.katalon.core.logging.XmlKeywordLogger</class>
  <method>endKeyword</method>
  <thread>1</thread>
  <message>End action : waitForElementVisible(findTestObject(&amp;quot;Page_Work Order  View- Workforce Manager/a_dLabel&amp;quot;), 30)</message>
  <nestedLevel>1</nestedLevel>
  <escapedJava>false</escapedJava>
</record>
<record>
  <date>2026-05-28T11:07:03.811885400Z</date>
  <millis>1779966423811</millis>
  <nanos>885400</nanos>
  <sequence>783</sequence>
  <level>START</level>
  <class>com.kms.katalon.core.logging.XmlKeywordLogger</class>
  <method>startKeyword</method>
  <thread>1</thread>
  <message>Start action : waitForElementClickable(findTestObject(&amp;quot;Page_Work Order  View- Workforce Manager/a_dLabel&amp;quot;), 30)</message>
  <nestedLevel>1</nestedLevel>
  <escapedJava>false</escapedJava>
  <property name="startLine">33</property>
  <property name="stepIndex">6</property>
</record>
<record>
  <date>2026-05-28T11:07:04.106756900Z</date>
  <millis>1779966424106</millis>
  <nanos>756900</nanos>
  <sequence>790</sequence>
  <level>PASSED</level>
  <class>com.kms.katalon.core.logging.XmlKeywordLogger</class>
  <method>logMessage</method>
  <thread>1</thread>
  <message>Object &amp;apos;Object Repository/Page_Work Order  View- Workforce Manager/a_dLabel&amp;apos; is clickable</message>
  <nestedLevel>1</nestedLevel>
  <escapedJava>false</escapedJava>
  <property name="testops-method-name">com.kms.katalon.core.webui.keyword.internal.WebUIKeywordMain.runKeywordUntilTimeout</property>
  <property name="testops-execution-stacktrace">com.kms.katalon.core.logging.KeywordLogger.logPassed(KeywordLogger.java:350)
com.kms.katalon.core.logging.KeywordLogger.logPassed(KeywordLogger.java:345)
com.kms.katalon.core.logging.KeywordLogger$logPassed$0.call(Unknown Source)
com.kms.katalon.core.webui.keyword.builtin.WaitForElementClickableKeyword$_waitForElementClickable_closure1.doCall(WaitForElementClickableKeyword.groovy:59)
java.base/jdk.internal.reflect.DirectMethodHandleAccessor.invoke(DirectMethodHandleAccessor.java:103)
jdk.proxy2/jdk.proxy2.$Proxy56.execute(Unknown Source)
com.kms.katalon.core.webui.model.SeleniumActionRetryController.performAction(SeleniumActionRetryController.java:96)
com.kms.katalon.core.webui.model.SeleniumActionRetryController.performAction(SeleniumActionRetryController.java:83)
com.kms.katalon.core.webui.keyword.internal.WebUIKeywordMain$_runKeywordUntilTimeout_closure2.doCall(WebUIKeywordMain.groovy:155)
com.kms.katalon.core.webui.keyword.internal.WebUIKeywordMain$_runKeywordUntilTimeout_closure2.call(WebUIKeywordMain.groovy)
com.kms.katalon.core.webui.keyword.internal.WebUIKeywordMain.runKeyword(WebUIKeywordMain.groovy:41)
com.kms.katalon.core.webui.keyword.internal.WebUIKeywordMain.runKeywordUntilTimeout(WebUIKeywordMain.groovy:152)
com.kms.katalon.core.webui.keyword.internal.WebUIKeywordMain$runKeywordUntilTimeout.call(Unknown Source)
com.kms.katalon.core.webui.keyword.builtin.WaitForElementClickableKeyword.waitForElementClickable(WaitForElementClickableKeyword.groovy:76)
com.kms.katalon.core.webui.keyword.builtin.WaitForElementClickableKeyword.execute(WaitForElementClickableKeyword.groovy:42)
com.kms.katalon.core.keyword.internal.KeywordExecutor.executeKeywordForPlatform(KeywordExecutor.groovy:99)
com.kms.katalon.core.webui.keyword.WebUiBuiltInKeywords.waitForElementClickable(WebUiBuiltInKeywords.groovy:581)
Upload_File_From_Govdrive.run(Upload_File_From_Govdrive:34)
</property>
</record>
<record>
  <date>2026-05-28T11:07:04.106756900Z</date>
  <millis>1779966424106</millis>
  <nanos>756900</nanos>
  <sequence>791</sequence>
  <level>END</level>
  <class>com.kms.katalon.core.logging.XmlKeywordLogger</class>
  <method>endKeyword</method>
  <thread>1</thread>
  <message>End action : waitForElementClickable(findTestObject(&amp;quot;Page_Work Order  View- Workforce Manager/a_dLabel&amp;quot;), 30)</message>
  <nestedLevel>1</nestedLevel>
  <escapedJava>false</escapedJava>
</record>
<record>
  <date>2026-05-28T11:07:04.106756900Z</date>
  <millis>1779966424106</millis>
  <nanos>756900</nanos>
  <sequence>792</sequence>
  <level>START</level>
  <class>com.kms.katalon.core.logging.XmlKeywordLogger</class>
  <method>startKeyword</method>
  <thread>1</thread>
  <message>Start action : click(findTestObject(&amp;quot;Page_Work Order  View- Workforce Manager/a_dLabel&amp;quot;))</message>
  <nestedLevel>1</nestedLevel>
  <escapedJava>false</escapedJava>
  <property name="startLine">40</property>
  <property name="stepIndex">7</property>
</record>
<record>
  <date>2026-05-28T11:07:04.550303700Z</date>
  <millis>1779966424550</millis>
  <nanos>303700</nanos>
  <sequence>803</sequence>
  <level>PASSED</level>
  <class>com.kms.katalon.core.logging.XmlKeywordLogger</class>
  <method>logMessage</method>
  <thread>1</thread>
  <message>Object: &amp;apos;Object Repository/Page_Work Order  View- Workforce Manager/a_dLabel&amp;apos; is clicked on</message>
  <nestedLevel>1</nestedLevel>
  <escapedJava>false</escapedJava>
  <property name="testops-method-name">com.kms.katalon.core.webui.keyword.internal.WebUIKeywordMain.runKeywordUntilTimeout</property>
  <property name="testops-execution-stacktrace">com.kms.katalon.core.logging.KeywordLogger.logPassed(KeywordLogger.java:350)
com.kms.katalon.core.logging.KeywordLogger.logPassed(KeywordLogger.java:345)
com.kms.katalon.core.webui.keyword.builtin.ClickKeyword$_click_closure1.doCall(ClickKeyword.groovy:66)
java.base/jdk.internal.reflect.DirectMethodHandleAccessor.invoke(DirectMethodHandleAccessor.java:103)
jdk.proxy2/jdk.proxy2.$Proxy56.execute(Unknown Source)
com.kms.katalon.core.webui.model.SeleniumActionRetryController.performAction(SeleniumActionRetryController.java:96)
com.kms.katalon.core.webui.model.SeleniumActionRetryController.performAction(SeleniumActionRetryController.java:83)
com.kms.katalon.core.webui.keyword.internal.WebUIKeywordMain$_runKeywordUntilTimeout_closure1.doCall(WebUIKeywordMain.groovy:135)
com.kms.katalon.core.webui.keyword.internal.WebUIKeywordMain$_runKeywordUntilTimeout_closure1.call(WebUIKeywordMain.groovy)
com.kms.katalon.core.webui.keyword.internal.WebUIKeywordMain.runKeyword(WebUIKeywordMain.groovy:41)
com.kms.katalon.core.webui.keyword.internal.WebUIKeywordMain.runKeywordUntilTimeout(WebUIKeywordMain.groovy:133)
com.kms.katalon.core.webui.keyword.builtin.ClickKeyword.click(ClickKeyword.groovy:72)
com.kms.katalon.core.webui.keyword.builtin.ClickKeyword.execute(ClickKeyword.groovy:38)
com.kms.katalon.core.keyword.internal.KeywordExecutor.executeKeywordForPlatform(KeywordExecutor.groovy:99)
com.kms.katalon.core.webui.keyword.WebUiBuiltInKeywords.click(WebUiBuiltInKeywords.groovy:722)
Upload_File_From_Govdrive.run(Upload_File_From_Govdrive:41)
</property>
</record>
<record>
  <date>2026-05-28T11:07:04.550303700Z</date>
  <millis>1779966424550</millis>
  <nanos>303700</nanos>
  <sequence>804</sequence>
  <level>END</level>
  <class>com.kms.katalon.core.logging.XmlKeywordLogger</class>
  <method>endKeyword</method>
  <thread>1</thread>
  <message>End action : click(findTestObject(&amp;quot;Page_Work Order  View- Workforce Manager/a_dLabel&amp;quot;))</message>
  <nestedLevel>1</nestedLevel>
  <escapedJava>false</escapedJava>
</record>
<record>
  <date>2026-05-28T11:07:04.550303700Z</date>
  <millis>1779966424550</millis>
  <nanos>303700</nanos>
  <sequence>805</sequence>
  <level>START</level>
  <class>com.kms.katalon.core.logging.XmlKeywordLogger</class>
  <method>startKeyword</method>
  <thread>1</thread>
  <message>Start action : println(&amp;quot;Upload menu opened&amp;quot;)</message>
  <nestedLevel>1</nestedLevel>
  <escapedJava>false</escapedJava>
  <property name="startLine">46</property>
  <property name="stepIndex">8</property>
</record>
<record>
  <date>2026-05-28T11:07:04.557889700Z</date>
  <millis>1779966424557</millis>
  <nanos>889700</nanos>
  <sequence>806</sequence>
  <level>END</level>
  <class>com.kms.katalon.core.logging.XmlKeywordLogger</class>
  <method>endKeyword</method>
  <thread>1</thread>
  <message>End action : println(&amp;quot;Upload menu opened&amp;quot;)</message>
  <nestedLevel>1</nestedLevel>
  <escapedJava>false</escapedJava>
</record>
<record>
  <date>2026-05-28T11:07:04.557889700Z</date>
  <millis>1779966424557</millis>
  <nanos>889700</nanos>
  <sequence>807</sequence>
  <level>START</level>
  <class>com.kms.katalon.core.logging.XmlKeywordLogger</class>
  <method>startKeyword</method>
  <thread>1</thread>
  <message>Start action : waitForElementVisible(findTestObject(&amp;quot;Page_Work Order  View- Workforce Manager/a_cde-upload&amp;quot;), 30)</message>
  <nestedLevel>1</nestedLevel>
  <escapedJava>false</escapedJava>
  <property name="startLine">52</property>
  <property name="stepIndex">9</property>
</record>
<record>
  <date>2026-05-28T11:07:04.857030500Z</date>
  <millis>1779966424857</millis>
  <nanos>30500</nanos>
  <sequence>814</sequence>
  <level>PASSED</level>
  <class>com.kms.katalon.core.logging.XmlKeywordLogger</class>
  <method>logMessage</method>
  <thread>1</thread>
  <message>Object &amp;apos;Object Repository/Page_Work Order  View- Workforce Manager/a_cde-upload&amp;apos; is visible</message>
  <nestedLevel>1</nestedLevel>
  <escapedJava>false</escapedJava>
  <property name="testops-method-name">com.kms.katalon.core.webui.keyword.internal.WebUIKeywordMain.runKeywordUntilTimeout</property>
  <property name="testops-execution-stacktrace">com.kms.katalon.core.logging.KeywordLogger.logPassed(KeywordLogger.java:350)
com.kms.katalon.core.logging.KeywordLogger.logPassed(KeywordLogger.java:345)
com.kms.katalon.core.logging.KeywordLogger$logPassed$0.call(Unknown Source)
com.kms.katalon.core.webui.keyword.builtin.WaitForElementVisibleKeyword$_waitForElementVisible_closure1.doCall(WaitForElementVisibleKeyword.groovy:86)
java.base/jdk.internal.reflect.DirectMethodHandleAccessor.invoke(DirectMethodHandleAccessor.java:103)
jdk.proxy2/jdk.proxy2.$Proxy56.execute(Unknown Source)
com.kms.katalon.core.webui.model.SeleniumActionRetryController.performAction(SeleniumActionRetryController.java:96)
com.kms.katalon.core.webui.model.SeleniumActionRetryController.performAction(SeleniumActionRetryController.java:83)
com.kms.katalon.core.webui.keyword.internal.WebUIKeywordMain$_runKeywordUntilTimeout_closure2.doCall(WebUIKeywordMain.groovy:155)
com.kms.katalon.core.webui.keyword.internal.WebUIKeywordMain$_runKeywordUntilTimeout_closure2.call(WebUIKeywordMain.groovy)
com.kms.katalon.core.webui.keyword.internal.WebUIKeywordMain.runKeyword(WebUIKeywordMain.groovy:41)
com.kms.katalon.core.webui.keyword.internal.WebUIKeywordMain.runKeywordUntilTimeout(WebUIKeywordMain.groovy:152)
com.kms.katalon.core.webui.keyword.internal.WebUIKeywordMain$runKeywordUntilTimeout.call(Unknown Source)
com.kms.katalon.core.webui.keyword.builtin.WaitForElementVisibleKeyword.waitForElementVisible(WaitForElementVisibleKeyword.groovy:101)
com.kms.katalon.core.webui.keyword.builtin.WaitForElementVisibleKeyword.execute(WaitForElementVisibleKeyword.groovy:69)
com.kms.katalon.core.keyword.internal.KeywordExecutor.executeKeywordForPlatform(KeywordExecutor.groovy:99)
com.kms.katalon.core.webui.keyword.WebUiBuiltInKeywords.waitForElementVisible(WebUiBuiltInKeywords.groovy:515)
Upload_File_From_Govdrive.run(Upload_File_From_Govdrive:53)
</property>
</record>
<record>
  <date>2026-05-28T11:07:04.857030500Z</date>
  <millis>1779966424857</millis>
  <nanos>30500</nanos>
  <sequence>815</sequence>
  <level>END</level>
  <class>com.kms.katalon.core.logging.XmlKeywordLogger</class>
  <method>endKeyword</method>
  <thread>1</thread>
  <message>End action : waitForElementVisible(findTestObject(&amp;quot;Page_Work Order  View- Workforce Manager/a_cde-upload&amp;quot;), 30)</message>
  <nestedLevel>1</nestedLevel>
  <escapedJava>false</escapedJava>
</record>
<record>
  <date>2026-05-28T11:07:04.857030500Z</date>
  <millis>1779966424857</millis>
  <nanos>30500</nanos>
  <sequence>816</sequence>
  <level>START</level>
  <class>com.kms.katalon.core.logging.XmlKeywordLogger</class>
  <method>startKeyword</method>
  <thread>1</thread>
  <message>Start action : waitForElementClickable(findTestObject(&amp;quot;Page_Work Order  View- Workforce Manager/a_cde-upload&amp;quot;), 30)</message>
  <nestedLevel>1</nestedLevel>
  <escapedJava>false</escapedJava>
  <property name="startLine">59</property>
  <property name="stepIndex">10</property>
</record>
<record>
  <date>2026-05-28T11:07:05.399180900Z</date>
  <millis>1779966425399</millis>
  <nanos>180900</nanos>
  <sequence>823</sequence>
  <level>PASSED</level>
  <class>com.kms.katalon.core.logging.XmlKeywordLogger</class>
  <method>logMessage</method>
  <thread>1</thread>
  <message>Object &amp;apos;Object Repository/Page_Work Order  View- Workforce Manager/a_cde-upload&amp;apos; is clickable</message>
  <nestedLevel>1</nestedLevel>
  <escapedJava>false</escapedJava>
  <property name="testops-method-name">com.kms.katalon.core.webui.keyword.internal.WebUIKeywordMain.runKeywordUntilTimeout</property>
  <property name="testops-execution-stacktrace">com.kms.katalon.core.logging.KeywordLogger.logPassed(KeywordLogger.java:350)
com.kms.katalon.core.logging.KeywordLogger.logPassed(KeywordLogger.java:345)
com.kms.katalon.core.logging.KeywordLogger$logPassed$0.call(Unknown Source)
com.kms.katalon.core.webui.keyword.builtin.WaitForElementClickableKeyword$_waitForElementClickable_closure1.doCall(WaitForElementClickableKeyword.groovy:59)
java.base/jdk.internal.reflect.DirectMethodHandleAccessor.invoke(DirectMethodHandleAccessor.java:103)
jdk.proxy2/jdk.proxy2.$Proxy56.execute(Unknown Source)
com.kms.katalon.core.webui.model.SeleniumActionRetryController.performAction(SeleniumActionRetryController.java:96)
com.kms.katalon.core.webui.model.SeleniumActionRetryController.performAction(SeleniumActionRetryController.java:83)
com.kms.katalon.core.webui.keyword.internal.WebUIKeywordMain$_runKeywordUntilTimeout_closure2.doCall(WebUIKeywordMain.groovy:155)
com.kms.katalon.core.webui.keyword.internal.WebUIKeywordMain$_runKeywordUntilTimeout_closure2.call(WebUIKeywordMain.groovy)
com.kms.katalon.core.webui.keyword.internal.WebUIKeywordMain.runKeyword(WebUIKeywordMain.groovy:41)
com.kms.katalon.core.webui.keyword.internal.WebUIKeywordMain.runKeywordUntilTimeout(WebUIKeywordMain.groovy:152)
com.kms.katalon.core.webui.keyword.internal.WebUIKeywordMain$runKeywordUntilTimeout.call(Unknown Source)
com.kms.katalon.core.webui.keyword.builtin.WaitForElementClickableKeyword.waitForElementClickable(WaitForElementClickableKeyword.groovy:76)
com.kms.katalon.core.webui.keyword.builtin.WaitForElementClickableKeyword.execute(WaitForElementClickableKeyword.groovy:42)
com.kms.katalon.core.keyword.internal.KeywordExecutor.executeKeywordForPlatform(KeywordExecutor.groovy:99)
com.kms.katalon.core.webui.keyword.WebUiBuiltInKeywords.waitForElementClickable(WebUiBuiltInKeywords.groovy:581)
Upload_File_From_Govdrive.run(Upload_File_From_Govdrive:60)
</property>
</record>
<record>
  <date>2026-05-28T11:07:05.401189300Z</date>
  <millis>1779966425401</millis>
  <nanos>189300</nanos>
  <sequence>824</sequence>
  <level>END</level>
  <class>com.kms.katalon.core.logging.XmlKeywordLogger</class>
  <method>endKeyword</method>
  <thread>1</thread>
  <message>End action : waitForElementClickable(findTestObject(&amp;quot;Page_Work Order  View- Workforce Manager/a_cde-upload&amp;quot;), 30)</message>
  <nestedLevel>1</nestedLevel>
  <escapedJava>false</escapedJava>
</record>
<record>
  <date>2026-05-28T11:07:05.401189300Z</date>
  <millis>1779966425401</millis>
  <nanos>189300</nanos>
  <sequence>825</sequence>
  <level>START</level>
  <class>com.kms.katalon.core.logging.XmlKeywordLogger</class>
  <method>startKeyword</method>
  <thread>1</thread>
  <message>Start action : try</message>
  <nestedLevel>1</nestedLevel>
  <escapedJava>false</escapedJava>
  <property name="startLine">66</property>
  <property name="stepIndex">11</property>
</record>
<record>
  <date>2026-05-28T11:07:05.402096900Z</date>
  <millis>1779966425402</millis>
  <nanos>96900</nanos>
  <sequence>826</sequence>
  <level>START</level>
  <class>com.kms.katalon.core.logging.XmlKeywordLogger</class>
  <method>startKeyword</method>
  <thread>1</thread>
  <message>Start action : click(findTestObject(&amp;quot;Page_Work Order  View- Workforce Manager/a_cde-upload&amp;quot;))</message>
  <nestedLevel>2</nestedLevel>
  <escapedJava>false</escapedJava>
  <property name="startLine">68</property>
  <property name="stepIndex">1</property>
</record>
<record>
  <date>2026-05-28T11:07:05.816581600Z</date>
  <millis>1779966425816</millis>
  <nanos>581600</nanos>
  <sequence>837</sequence>
  <level>PASSED</level>
  <class>com.kms.katalon.core.logging.XmlKeywordLogger</class>
  <method>logMessage</method>
  <thread>1</thread>
  <message>Object: &amp;apos;Object Repository/Page_Work Order  View- Workforce Manager/a_cde-upload&amp;apos; is clicked on</message>
  <nestedLevel>1</nestedLevel>
  <escapedJava>false</escapedJava>
  <property name="testops-method-name">com.kms.katalon.core.webui.keyword.internal.WebUIKeywordMain.runKeywordUntilTimeout</property>
  <property name="testops-execution-stacktrace">com.kms.katalon.core.logging.KeywordLogger.logPassed(KeywordLogger.java:350)
com.kms.katalon.core.logging.KeywordLogger.logPassed(KeywordLogger.java:345)
com.kms.katalon.core.webui.keyword.builtin.ClickKeyword$_click_closure1.doCall(ClickKeyword.groovy:66)
java.base/jdk.internal.reflect.DirectMethodHandleAccessor.invoke(DirectMethodHandleAccessor.java:103)
jdk.proxy2/jdk.proxy2.$Proxy56.execute(Unknown Source)
com.kms.katalon.core.webui.model.SeleniumActionRetryController.performAction(SeleniumActionRetryController.java:96)
com.kms.katalon.core.webui.model.SeleniumActionRetryController.performAction(SeleniumActionRetryController.java:83)
com.kms.katalon.core.webui.keyword.internal.WebUIKeywordMain$_runKeywordUntilTimeout_closure1.doCall(WebUIKeywordMain.groovy:135)
com.kms.katalon.core.webui.keyword.internal.WebUIKeywordMain$_runKeywordUntilTimeout_closure1.call(WebUIKeywordMain.groovy)
com.kms.katalon.core.webui.keyword.internal.WebUIKeywordMain.runKeyword(WebUIKeywordMain.groovy:41)
com.kms.katalon.core.webui.keyword.internal.WebUIKeywordMain.runKeywordUntilTimeout(WebUIKeywordMain.groovy:133)
com.kms.katalon.core.webui.keyword.builtin.ClickKeyword.click(ClickKeyword.groovy:72)
com.kms.katalon.core.webui.keyword.builtin.ClickKeyword.execute(ClickKeyword.groovy:38)
com.kms.katalon.core.keyword.internal.KeywordExecutor.executeKeywordForPlatform(KeywordExecutor.groovy:99)
com.kms.katalon.core.webui.keyword.WebUiBuiltInKeywords.click(WebUiBuiltInKeywords.groovy:722)
Upload_File_From_Govdrive.run(Upload_File_From_Govdrive:69)
</property>
</record>
<record>
  <date>2026-05-28T11:07:05.817593600Z</date>
  <millis>1779966425817</millis>
  <nanos>593600</nanos>
  <sequence>838</sequence>
  <level>END</level>
  <class>com.kms.katalon.core.logging.XmlKeywordLogger</class>
  <method>endKeyword</method>
  <thread>1</thread>
  <message>End action : click(findTestObject(&amp;quot;Page_Work Order  View- Workforce Manager/a_cde-upload&amp;quot;))</message>
  <nestedLevel>2</nestedLevel>
  <escapedJava>false</escapedJava>
</record>
<record>
  <date>2026-05-28T11:07:05.818590900Z</date>
  <millis>1779966425818</millis>
  <nanos>590900</nanos>
  <sequence>839</sequence>
  <level>END</level>
  <class>com.kms.katalon.core.logging.XmlKeywordLogger</class>
  <method>endKeyword</method>
  <thread>1</thread>
  <message>End action : try</message>
  <nestedLevel>1</nestedLevel>
  <escapedJava>false</escapedJava>
</record>
<record>
  <date>2026-05-28T11:07:05.818590900Z</date>
  <millis>1779966425818</millis>
  <nanos>590900</nanos>
  <sequence>840</sequence>
  <level>START</level>
  <class>com.kms.katalon.core.logging.XmlKeywordLogger</class>
  <method>startKeyword</method>
  <thread>1</thread>
  <message>Start action : println(&amp;quot;GovDrive selected&amp;quot;)</message>
  <nestedLevel>1</nestedLevel>
  <escapedJava>false</escapedJava>
  <property name="startLine">84</property>
  <property name="stepIndex">14</property>
</record>
<record>
  <date>2026-05-28T11:07:05.825541900Z</date>
  <millis>1779966425825</millis>
  <nanos>541900</nanos>
  <sequence>841</sequence>
  <level>END</level>
  <class>com.kms.katalon.core.logging.XmlKeywordLogger</class>
  <method>endKeyword</method>
  <thread>1</thread>
  <message>End action : println(&amp;quot;GovDrive selected&amp;quot;)</message>
  <nestedLevel>1</nestedLevel>
  <escapedJava>false</escapedJava>
</record>
<record>
  <date>2026-05-28T11:07:05.826064Z</date>
  <millis>1779966425826</millis>
  <nanos>64000</nanos>
  <sequence>842</sequence>
  <level>START</level>
  <class>com.kms.katalon.core.logging.XmlKeywordLogger</class>
  <method>startKeyword</method>
  <thread>1</thread>
  <message>Start action : switchToDefaultContent()</message>
  <nestedLevel>1</nestedLevel>
  <escapedJava>false</escapedJava>
  <property name="startLine">90</property>
  <property name="stepIndex">15</property>
</record>
<record>
  <date>2026-05-28T11:07:05.856611800Z</date>
  <millis>1779966425856</millis>
  <nanos>611800</nanos>
  <sequence>845</sequence>
  <level>END</level>
  <class>com.kms.katalon.core.logging.XmlKeywordLogger</class>
  <method>endKeyword</method>
  <thread>1</thread>
  <message>End action : switchToDefaultContent()</message>
  <nestedLevel>1</nestedLevel>
  <escapedJava>false</escapedJava>
</record>
<record>
  <date>2026-05-28T11:07:05.856611800Z</date>
  <millis>1779966425856</millis>
  <nanos>611800</nanos>
  <sequence>846</sequence>
  <level>START</level>
  <class>com.kms.katalon.core.logging.XmlKeywordLogger</class>
  <method>startKeyword</method>
  <thread>1</thread>
  <message>Start action : waitForElementVisible(findTestObject(&amp;quot;Page_Work Order  View- Workforce Manager/iframe_cde-widget&amp;quot;), 30)</message>
  <nestedLevel>1</nestedLevel>
  <escapedJava>false</escapedJava>
  <property name="startLine">92</property>
  <property name="stepIndex">16</property>
</record>
<record>
  <date>2026-05-28T11:07:06.456407100Z</date>
  <millis>1779966426456</millis>
  <nanos>407100</nanos>
  <sequence>853</sequence>
  <level>PASSED</level>
  <class>com.kms.katalon.core.logging.XmlKeywordLogger</class>
  <method>logMessage</method>
  <thread>1</thread>
  <message>Object &amp;apos;Object Repository/Page_Work Order  View- Workforce Manager/iframe_cde-widget&amp;apos; is visible</message>
  <nestedLevel>1</nestedLevel>
  <escapedJava>false</escapedJava>
  <property name="testops-method-name">com.kms.katalon.core.webui.keyword.internal.WebUIKeywordMain.runKeywordUntilTimeout</property>
  <property name="testops-execution-stacktrace">com.kms.katalon.core.logging.KeywordLogger.logPassed(KeywordLogger.java:350)
com.kms.katalon.core.logging.KeywordLogger.logPassed(KeywordLogger.java:345)
com.kms.katalon.core.logging.KeywordLogger$logPassed$0.call(Unknown Source)
com.kms.katalon.core.webui.keyword.builtin.WaitForElementVisibleKeyword$_waitForElementVisible_closure1.doCall(WaitForElementVisibleKeyword.groovy:86)
java.base/jdk.internal.reflect.DirectMethodHandleAccessor.invoke(DirectMethodHandleAccessor.java:103)
jdk.proxy2/jdk.proxy2.$Proxy56.execute(Unknown Source)
com.kms.katalon.core.webui.model.SeleniumActionRetryController.performAction(SeleniumActionRetryController.java:96)
com.kms.katalon.core.webui.model.SeleniumActionRetryController.performAction(SeleniumActionRetryController.java:83)
com.kms.katalon.core.webui.keyword.internal.WebUIKeywordMain$_runKeywordUntilTimeout_closure2.doCall(WebUIKeywordMain.groovy:155)
com.kms.katalon.core.webui.keyword.internal.WebUIKeywordMain$_runKeywordUntilTimeout_closure2.call(WebUIKeywordMain.groovy)
com.kms.katalon.core.webui.keyword.internal.WebUIKeywordMain.runKeyword(WebUIKeywordMain.groovy:41)
com.kms.katalon.core.webui.keyword.internal.WebUIKeywordMain.runKeywordUntilTimeout(WebUIKeywordMain.groovy:152)
com.kms.katalon.core.webui.keyword.internal.WebUIKeywordMain$runKeywordUntilTimeout.call(Unknown Source)
com.kms.katalon.core.webui.keyword.builtin.WaitForElementVisibleKeyword.waitForElementVisible(WaitForElementVisibleKeyword.groovy:101)
com.kms.katalon.core.webui.keyword.builtin.WaitForElementVisibleKeyword.execute(WaitForElementVisibleKeyword.groovy:69)
com.kms.katalon.core.keyword.internal.KeywordExecutor.executeKeywordForPlatform(KeywordExecutor.groovy:99)
com.kms.katalon.core.webui.keyword.WebUiBuiltInKeywords.waitForElementVisible(WebUiBuiltInKeywords.groovy:515)
Upload_File_From_Govdrive.run(Upload_File_From_Govdrive:93)
</property>
</record>
<record>
  <date>2026-05-28T11:07:06.458506400Z</date>
  <millis>1779966426458</millis>
  <nanos>506400</nanos>
  <sequence>854</sequence>
  <level>END</level>
  <class>com.kms.katalon.core.logging.XmlKeywordLogger</class>
  <method>endKeyword</method>
  <thread>1</thread>
  <message>End action : waitForElementVisible(findTestObject(&amp;quot;Page_Work Order  View- Workforce Manager/iframe_cde-widget&amp;quot;), 30)</message>
  <nestedLevel>1</nestedLevel>
  <escapedJava>false</escapedJava>
</record>
<record>
  <date>2026-05-28T11:07:06.458506400Z</date>
  <millis>1779966426458</millis>
  <nanos>506400</nanos>
  <sequence>855</sequence>
  <level>START</level>
  <class>com.kms.katalon.core.logging.XmlKeywordLogger</class>
  <method>startKeyword</method>
  <thread>1</thread>
  <message>Start action : switched = false</message>
  <nestedLevel>1</nestedLevel>
  <escapedJava>false</escapedJava>
  <property name="startLine">103</property>
  <property name="stepIndex">17</property>
</record>
<record>
  <date>2026-05-28T11:07:06.459409500Z</date>
  <millis>1779966426459</millis>
  <nanos>409500</nanos>
  <sequence>856</sequence>
  <level>END</level>
  <class>com.kms.katalon.core.logging.XmlKeywordLogger</class>
  <method>endKeyword</method>
  <thread>1</thread>
  <message>End action : switched = false</message>
  <nestedLevel>1</nestedLevel>
  <escapedJava>false</escapedJava>
</record>
<record>
  <date>2026-05-28T11:07:06.459409500Z</date>
  <millis>1779966426459</millis>
  <nanos>409500</nanos>
  <sequence>857</sequence>
  <level>START</level>
  <class>com.kms.katalon.core.logging.XmlKeywordLogger</class>
  <method>startKeyword</method>
  <thread>1</thread>
  <message>Start action : for ([i = 0, i &amp;lt; 3, (i++)])</message>
  <nestedLevel>1</nestedLevel>
  <escapedJava>false</escapedJava>
  <property name="startLine">105</property>
  <property name="stepIndex">18</property>
</record>
<record>
  <date>2026-05-28T11:07:06.459409500Z</date>
  <millis>1779966426459</millis>
  <nanos>409500</nanos>
  <sequence>858</sequence>
  <level>START</level>
  <class>com.kms.katalon.core.logging.XmlKeywordLogger</class>
  <method>startKeyword</method>
  <thread>1</thread>
  <message>Start action : try</message>
  <nestedLevel>2</nestedLevel>
  <escapedJava>false</escapedJava>
  <property name="startLine">107</property>
  <property name="stepIndex">1</property>
</record>
<record>
  <date>2026-05-28T11:07:06.460509600Z</date>
  <millis>1779966426460</millis>
  <nanos>509600</nanos>
  <sequence>859</sequence>
  <level>START</level>
  <class>com.kms.katalon.core.logging.XmlKeywordLogger</class>
  <method>startKeyword</method>
  <thread>1</thread>
  <message>Start action : switchToFrame(findTestObject(&amp;quot;Page_Work Order  View- Workforce Manager/iframe_cde-widget&amp;quot;), 10)</message>
  <nestedLevel>3</nestedLevel>
  <escapedJava>false</escapedJava>
  <property name="startLine">109</property>
  <property name="stepIndex">1</property>
</record>
<record>
  <date>2026-05-28T11:07:06.922821700Z</date>
  <millis>1779966426922</millis>
  <nanos>821700</nanos>
  <sequence>868</sequence>
  <level>END</level>
  <class>com.kms.katalon.core.logging.XmlKeywordLogger</class>
  <method>endKeyword</method>
  <thread>1</thread>
  <message>End action : switchToFrame(findTestObject(&amp;quot;Page_Work Order  View- Workforce Manager/iframe_cde-widget&amp;quot;), 10)</message>
  <nestedLevel>3</nestedLevel>
  <escapedJava>false</escapedJava>
</record>
<record>
  <date>2026-05-28T11:07:06.923862200Z</date>
  <millis>1779966426923</millis>
  <nanos>862200</nanos>
  <sequence>869</sequence>
  <level>START</level>
  <class>com.kms.katalon.core.logging.XmlKeywordLogger</class>
  <method>startKeyword</method>
  <thread>1</thread>
  <message>Start action : switched = true</message>
  <nestedLevel>3</nestedLevel>
  <escapedJava>false</escapedJava>
  <property name="startLine">116</property>
  <property name="stepIndex">2</property>
</record>
<record>
  <date>2026-05-28T11:07:06.923862200Z</date>
  <millis>1779966426923</millis>
  <nanos>862200</nanos>
  <sequence>870</sequence>
  <level>END</level>
  <class>com.kms.katalon.core.logging.XmlKeywordLogger</class>
  <method>endKeyword</method>
  <thread>1</thread>
  <message>End action : switched = true</message>
  <nestedLevel>3</nestedLevel>
  <escapedJava>false</escapedJava>
</record>
<record>
  <date>2026-05-28T11:07:06.923862200Z</date>
  <millis>1779966426923</millis>
  <nanos>862200</nanos>
  <sequence>871</sequence>
  <level>START</level>
  <class>com.kms.katalon.core.logging.XmlKeywordLogger</class>
  <method>startKeyword</method>
  <thread>1</thread>
  <message>Start action : break</message>
  <nestedLevel>3</nestedLevel>
  <escapedJava>false</escapedJava>
  <property name="startLine">117</property>
  <property name="stepIndex">3</property>
</record>
<record>
  <date>2026-05-28T11:07:06.925483Z</date>
  <millis>1779966426925</millis>
  <nanos>483000</nanos>
  <sequence>872</sequence>
  <level>END</level>
  <class>com.kms.katalon.core.logging.XmlKeywordLogger</class>
  <method>endKeyword</method>
  <thread>1</thread>
  <message>End action : break</message>
  <nestedLevel>3</nestedLevel>
  <escapedJava>false</escapedJava>
</record>
<record>
  <date>2026-05-28T11:07:06.925483Z</date>
  <millis>1779966426925</millis>
  <nanos>483000</nanos>
  <sequence>873</sequence>
  <level>END</level>
  <class>com.kms.katalon.core.logging.XmlKeywordLogger</class>
  <method>endKeyword</method>
  <thread>1</thread>
  <message>End action : try</message>
  <nestedLevel>2</nestedLevel>
  <escapedJava>false</escapedJava>
</record>
<record>
  <date>2026-05-28T11:07:06.926492100Z</date>
  <millis>1779966426926</millis>
  <nanos>492100</nanos>
  <sequence>874</sequence>
  <level>END</level>
  <class>com.kms.katalon.core.logging.XmlKeywordLogger</class>
  <method>endKeyword</method>
  <thread>1</thread>
  <message>End action : for ([i = 0, i &amp;lt; 3, (i++)])</message>
  <nestedLevel>1</nestedLevel>
  <escapedJava>false</escapedJava>
</record>
<record>
  <date>2026-05-28T11:07:06.926492100Z</date>
  <millis>1779966426926</millis>
  <nanos>492100</nanos>
  <sequence>875</sequence>
  <level>START</level>
  <class>com.kms.katalon.core.logging.XmlKeywordLogger</class>
  <method>startKeyword</method>
  <thread>1</thread>
  <message>Start action : if (!(switched))</message>
  <nestedLevel>1</nestedLevel>
  <escapedJava>false</escapedJava>
  <property name="startLine">126</property>
  <property name="stepIndex">19</property>
</record>
<record>
  <date>2026-05-28T11:07:06.927583300Z</date>
  <millis>1779966426927</millis>
  <nanos>583300</nanos>
  <sequence>876</sequence>
  <level>END</level>
  <class>com.kms.katalon.core.logging.XmlKeywordLogger</class>
  <method>endKeyword</method>
  <thread>1</thread>
  <message>End action : if (!(switched))</message>
  <nestedLevel>1</nestedLevel>
  <escapedJava>false</escapedJava>
</record>
<record>
  <date>2026-05-28T11:07:06.927583300Z</date>
  <millis>1779966426927</millis>
  <nanos>583300</nanos>
  <sequence>877</sequence>
  <level>START</level>
  <class>com.kms.katalon.core.logging.XmlKeywordLogger</class>
  <method>startKeyword</method>
  <thread>1</thread>
  <message>Start action : println(&amp;quot;Inside iframe&amp;quot;)</message>
  <nestedLevel>1</nestedLevel>
  <escapedJava>false</escapedJava>
  <property name="startLine">133</property>
  <property name="stepIndex">20</property>
</record>
<record>
  <date>2026-05-28T11:07:06.929591Z</date>
  <millis>1779966426929</millis>
  <nanos>591000</nanos>
  <sequence>878</sequence>
  <level>END</level>
  <class>com.kms.katalon.core.logging.XmlKeywordLogger</class>
  <method>endKeyword</method>
  <thread>1</thread>
  <message>End action : println(&amp;quot;Inside iframe&amp;quot;)</message>
  <nestedLevel>1</nestedLevel>
  <escapedJava>false</escapedJava>
</record>
<record>
  <date>2026-05-28T11:07:06.930517300Z</date>
  <millis>1779966426930</millis>
  <nanos>517300</nanos>
  <sequence>879</sequence>
  <level>START</level>
  <class>com.kms.katalon.core.logging.XmlKeywordLogger</class>
  <method>startKeyword</method>
  <thread>1</thread>
  <message>Start action : delay(5)</message>
  <nestedLevel>1</nestedLevel>
  <escapedJava>false</escapedJava>
  <property name="startLine">139</property>
  <property name="stepIndex">21</property>
</record>
<record>
  <date>2026-05-28T11:07:11.937436900Z</date>
  <millis>1779966431937</millis>
  <nanos>436900</nanos>
  <sequence>882</sequence>
  <level>PASSED</level>
  <class>com.kms.katalon.core.logging.XmlKeywordLogger</class>
  <method>logMessage</method>
  <thread>1</thread>
  <message>Delayed 5 second(s)</message>
  <nestedLevel>1</nestedLevel>
  <escapedJava>false</escapedJava>
  <property name="testops-method-name">com.kms.katalon.core.keyword.builtin.DelayKeyword.delay</property>
  <property name="testops-execution-stacktrace"></property>
</record>
<record>
  <date>2026-05-28T11:07:11.938479700Z</date>
  <millis>1779966431938</millis>
  <nanos>479700</nanos>
  <sequence>883</sequence>
  <level>END</level>
  <class>com.kms.katalon.core.logging.XmlKeywordLogger</class>
  <method>endKeyword</method>
  <thread>1</thread>
  <message>End action : delay(5)</message>
  <nestedLevel>1</nestedLevel>
  <escapedJava>false</escapedJava>
</record>
<record>
  <date>2026-05-28T11:07:11.938479700Z</date>
  <millis>1779966431938</millis>
  <nanos>479700</nanos>
  <sequence>884</sequence>
  <level>START</level>
  <class>com.kms.katalon.core.logging.XmlKeywordLogger</class>
  <method>startKeyword</method>
  <thread>1</thread>
  <message>Start action : println(&amp;quot;Waiting for files to appear...&amp;quot;)</message>
  <nestedLevel>1</nestedLevel>
  <escapedJava>false</escapedJava>
  <property name="startLine">146</property>
  <property name="stepIndex">22</property>
</record>
<record>
  <date>2026-05-28T11:07:11.940488900Z</date>
  <millis>1779966431940</millis>
  <nanos>488900</nanos>
  <sequence>885</sequence>
  <level>END</level>
  <class>com.kms.katalon.core.logging.XmlKeywordLogger</class>
  <method>endKeyword</method>
  <thread>1</thread>
  <message>End action : println(&amp;quot;Waiting for files to appear...&amp;quot;)</message>
  <nestedLevel>1</nestedLevel>
  <escapedJava>false</escapedJava>
</record>
<record>
  <date>2026-05-28T11:07:11.940488900Z</date>
  <millis>1779966431940</millis>
  <nanos>488900</nanos>
  <sequence>886</sequence>
  <level>START</level>
  <class>com.kms.katalon.core.logging.XmlKeywordLogger</class>
  <method>startKeyword</method>
  <thread>1</thread>
  <message>Start action : found = false</message>
  <nestedLevel>1</nestedLevel>
  <escapedJava>false</escapedJava>
  <property name="startLine">148</property>
  <property name="stepIndex">23</property>
</record>
<record>
  <date>2026-05-28T11:07:11.942504200Z</date>
  <millis>1779966431942</millis>
  <nanos>504200</nanos>
  <sequence>887</sequence>
  <level>END</level>
  <class>com.kms.katalon.core.logging.XmlKeywordLogger</class>
  <method>endKeyword</method>
  <thread>1</thread>
  <message>End action : found = false</message>
  <nestedLevel>1</nestedLevel>
  <escapedJava>false</escapedJava>
</record>
<record>
  <date>2026-05-28T11:07:11.942504200Z</date>
  <millis>1779966431942</millis>
  <nanos>504200</nanos>
  <sequence>888</sequence>
  <level>START</level>
  <class>com.kms.katalon.core.logging.XmlKeywordLogger</class>
  <method>startKeyword</method>
  <thread>1</thread>
  <message>Start action : checkbox = null</message>
  <nestedLevel>1</nestedLevel>
  <escapedJava>false</escapedJava>
  <property name="startLine">149</property>
  <property name="stepIndex">24</property>
</record>
<record>
  <date>2026-05-28T11:07:11.944490800Z</date>
  <millis>1779966431944</millis>
  <nanos>490800</nanos>
  <sequence>889</sequence>
  <level>END</level>
  <class>com.kms.katalon.core.logging.XmlKeywordLogger</class>
  <method>endKeyword</method>
  <thread>1</thread>
  <message>End action : checkbox = null</message>
  <nestedLevel>1</nestedLevel>
  <escapedJava>false</escapedJava>
</record>
<record>
  <date>2026-05-28T11:07:11.944490800Z</date>
  <millis>1779966431944</millis>
  <nanos>490800</nanos>
  <sequence>890</sequence>
  <level>START</level>
  <class>com.kms.katalon.core.logging.XmlKeywordLogger</class>
  <method>startKeyword</method>
  <thread>1</thread>
  <message>Start action : for ([i = 0, i &amp;lt; 20, (i++)])</message>
  <nestedLevel>1</nestedLevel>
  <escapedJava>false</escapedJava>
  <property name="startLine">151</property>
  <property name="stepIndex">25</property>
</record>
<record>
  <date>2026-05-28T11:07:11.946518500Z</date>
  <millis>1779966431946</millis>
  <nanos>518500</nanos>
  <sequence>891</sequence>
  <level>START</level>
  <class>com.kms.katalon.core.logging.XmlKeywordLogger</class>
  <method>startKeyword</method>
  <thread>1</thread>
  <message>Start action : checkboxes = driver.findElements(By.xpath(&amp;quot;//input[@type=&amp;apos;checkbox&amp;apos;] | //*[@role=&amp;apos;checkbox&amp;apos;]&amp;quot;))</message>
  <nestedLevel>2</nestedLevel>
  <escapedJava>false</escapedJava>
  <property name="startLine">153</property>
  <property name="stepIndex">1</property>
</record>
<record>
  <date>2026-05-28T11:07:11.980698700Z</date>
  <millis>1779966431980</millis>
  <nanos>698700</nanos>
  <sequence>892</sequence>
  <level>END</level>
  <class>com.kms.katalon.core.logging.XmlKeywordLogger</class>
  <method>endKeyword</method>
  <thread>1</thread>
  <message>End action : checkboxes = driver.findElements(By.xpath(&amp;quot;//input[@type=&amp;apos;checkbox&amp;apos;] | //*[@role=&amp;apos;checkbox&amp;apos;]&amp;quot;))</message>
  <nestedLevel>2</nestedLevel>
  <escapedJava>false</escapedJava>
</record>
<record>
  <date>2026-05-28T11:07:11.980698700Z</date>
  <millis>1779966431980</millis>
  <nanos>698700</nanos>
  <sequence>893</sequence>
  <level>START</level>
  <class>com.kms.katalon.core.logging.XmlKeywordLogger</class>
  <method>startKeyword</method>
  <thread>1</thread>
  <message>Start action : println(&amp;quot;Checkbox count = &amp;quot; + checkboxes.size())</message>
  <nestedLevel>2</nestedLevel>
  <escapedJava>false</escapedJava>
  <property name="startLine">160</property>
  <property name="stepIndex">2</property>
</record>
<record>
  <date>2026-05-28T11:07:11.983106900Z</date>
  <millis>1779966431983</millis>
  <nanos>106900</nanos>
  <sequence>894</sequence>
  <level>END</level>
  <class>com.kms.katalon.core.logging.XmlKeywordLogger</class>
  <method>endKeyword</method>
  <thread>1</thread>
  <message>End action : println(&amp;quot;Checkbox count = &amp;quot; + checkboxes.size())</message>
  <nestedLevel>2</nestedLevel>
  <escapedJava>false</escapedJava>
</record>
<record>
  <date>2026-05-28T11:07:11.983106900Z</date>
  <millis>1779966431983</millis>
  <nanos>106900</nanos>
  <sequence>895</sequence>
  <level>START</level>
  <class>com.kms.katalon.core.logging.XmlKeywordLogger</class>
  <method>startKeyword</method>
  <thread>1</thread>
  <message>Start action : if (!(checkboxes.isEmpty()))</message>
  <nestedLevel>2</nestedLevel>
  <escapedJava>false</escapedJava>
  <property name="startLine">162</property>
  <property name="stepIndex">3</property>
</record>
<record>
  <date>2026-05-28T11:07:11.985474200Z</date>
  <millis>1779966431985</millis>
  <nanos>474200</nanos>
  <sequence>896</sequence>
  <level>START</level>
  <class>com.kms.katalon.core.logging.XmlKeywordLogger</class>
  <method>startKeyword</method>
  <thread>1</thread>
  <message>Start action : checkbox = checkboxes[0]</message>
  <nestedLevel>3</nestedLevel>
  <escapedJava>false</escapedJava>
  <property name="startLine">164</property>
  <property name="stepIndex">1</property>
</record>
<record>
  <date>2026-05-28T11:07:11.991886100Z</date>
  <millis>1779966431991</millis>
  <nanos>886100</nanos>
  <sequence>897</sequence>
  <level>END</level>
  <class>com.kms.katalon.core.logging.XmlKeywordLogger</class>
  <method>endKeyword</method>
  <thread>1</thread>
  <message>End action : checkbox = checkboxes[0]</message>
  <nestedLevel>3</nestedLevel>
  <escapedJava>false</escapedJava>
</record>
<record>
  <date>2026-05-28T11:07:11.991886100Z</date>
  <millis>1779966431991</millis>
  <nanos>886100</nanos>
  <sequence>898</sequence>
  <level>START</level>
  <class>com.kms.katalon.core.logging.XmlKeywordLogger</class>
  <method>startKeyword</method>
  <thread>1</thread>
  <message>Start action : driver.executeScript(&amp;quot;arguments[0].scrollIntoView(true)&amp;quot;, checkbox)</message>
  <nestedLevel>3</nestedLevel>
  <escapedJava>false</escapedJava>
  <property name="startLine">166</property>
  <property name="stepIndex">2</property>
</record>
<record>
  <date>2026-05-28T11:07:12.005217900Z</date>
  <millis>1779966432005</millis>
  <nanos>217900</nanos>
  <sequence>899</sequence>
  <level>END</level>
  <class>com.kms.katalon.core.logging.XmlKeywordLogger</class>
  <method>endKeyword</method>
  <thread>1</thread>
  <message>End action : driver.executeScript(&amp;quot;arguments[0].scrollIntoView(true)&amp;quot;, checkbox)</message>
  <nestedLevel>3</nestedLevel>
  <escapedJava>false</escapedJava>
</record>
<record>
  <date>2026-05-28T11:07:12.005217900Z</date>
  <millis>1779966432005</millis>
  <nanos>217900</nanos>
  <sequence>900</sequence>
  <level>START</level>
  <class>com.kms.katalon.core.logging.XmlKeywordLogger</class>
  <method>startKeyword</method>
  <thread>1</thread>
  <message>Start action : delay(1)</message>
  <nestedLevel>3</nestedLevel>
  <escapedJava>false</escapedJava>
  <property name="startLine">172</property>
  <property name="stepIndex">3</property>
</record>
<record>
  <date>2026-05-28T11:07:13.021874Z</date>
  <millis>1779966433021</millis>
  <nanos>874000</nanos>
  <sequence>903</sequence>
  <level>PASSED</level>
  <class>com.kms.katalon.core.logging.XmlKeywordLogger</class>
  <method>logMessage</method>
  <thread>1</thread>
  <message>Delayed 1 second(s)</message>
  <nestedLevel>1</nestedLevel>
  <escapedJava>false</escapedJava>
  <property name="testops-method-name">com.kms.katalon.core.keyword.builtin.DelayKeyword.delay</property>
  <property name="testops-execution-stacktrace"></property>
</record>
<record>
  <date>2026-05-28T11:07:13.021874Z</date>
  <millis>1779966433021</millis>
  <nanos>874000</nanos>
  <sequence>904</sequence>
  <level>END</level>
  <class>com.kms.katalon.core.logging.XmlKeywordLogger</class>
  <method>endKeyword</method>
  <thread>1</thread>
  <message>End action : delay(1)</message>
  <nestedLevel>3</nestedLevel>
  <escapedJava>false</escapedJava>
</record>
<record>
  <date>2026-05-28T11:07:13.021874Z</date>
  <millis>1779966433021</millis>
  <nanos>874000</nanos>
  <sequence>905</sequence>
  <level>START</level>
  <class>com.kms.katalon.core.logging.XmlKeywordLogger</class>
  <method>startKeyword</method>
  <thread>1</thread>
  <message>Start action : driver.executeScript(&amp;quot;arguments[0].click();&amp;quot;, checkbox)</message>
  <nestedLevel>3</nestedLevel>
  <escapedJava>false</escapedJava>
  <property name="startLine">174</property>
  <property name="stepIndex">4</property>
</record>
<record>
  <date>2026-05-28T11:07:13.068627700Z</date>
  <millis>1779966433068</millis>
  <nanos>627700</nanos>
  <sequence>906</sequence>
  <level>END</level>
  <class>com.kms.katalon.core.logging.XmlKeywordLogger</class>
  <method>endKeyword</method>
  <thread>1</thread>
  <message>End action : driver.executeScript(&amp;quot;arguments[0].click();&amp;quot;, checkbox)</message>
  <nestedLevel>3</nestedLevel>
  <escapedJava>false</escapedJava>
</record>
<record>
  <date>2026-05-28T11:07:13.069807500Z</date>
  <millis>1779966433069</millis>
  <nanos>807500</nanos>
  <sequence>907</sequence>
  <level>START</level>
  <class>com.kms.katalon.core.logging.XmlKeywordLogger</class>
  <method>startKeyword</method>
  <thread>1</thread>
  <message>Start action : found = true</message>
  <nestedLevel>3</nestedLevel>
  <escapedJava>false</escapedJava>
  <property name="startLine">180</property>
  <property name="stepIndex">5</property>
</record>
<record>
  <date>2026-05-28T11:07:13.070809700Z</date>
  <millis>1779966433070</millis>
  <nanos>809700</nanos>
  <sequence>908</sequence>
  <level>END</level>
  <class>com.kms.katalon.core.logging.XmlKeywordLogger</class>
  <method>endKeyword</method>
  <thread>1</thread>
  <message>End action : found = true</message>
  <nestedLevel>3</nestedLevel>
  <escapedJava>false</escapedJava>
</record>
<record>
  <date>2026-05-28T11:07:13.071808400Z</date>
  <millis>1779966433071</millis>
  <nanos>808400</nanos>
  <sequence>909</sequence>
  <level>START</level>
  <class>com.kms.katalon.core.logging.XmlKeywordLogger</class>
  <method>startKeyword</method>
  <thread>1</thread>
  <message>Start action : println(&amp;quot;File selected&amp;quot;)</message>
  <nestedLevel>3</nestedLevel>
  <escapedJava>false</escapedJava>
  <property name="startLine">182</property>
  <property name="stepIndex">6</property>
</record>
<record>
  <date>2026-05-28T11:07:13.072324Z</date>
  <millis>1779966433072</millis>
  <nanos>324000</nanos>
  <sequence>910</sequence>
  <level>END</level>
  <class>com.kms.katalon.core.logging.XmlKeywordLogger</class>
  <method>endKeyword</method>
  <thread>1</thread>
  <message>End action : println(&amp;quot;File selected&amp;quot;)</message>
  <nestedLevel>3</nestedLevel>
  <escapedJava>false</escapedJava>
</record>
<record>
  <date>2026-05-28T11:07:13.072324Z</date>
  <millis>1779966433072</millis>
  <nanos>324000</nanos>
  <sequence>911</sequence>
  <level>START</level>
  <class>com.kms.katalon.core.logging.XmlKeywordLogger</class>
  <method>startKeyword</method>
  <thread>1</thread>
  <message>Start action : break</message>
  <nestedLevel>3</nestedLevel>
  <escapedJava>false</escapedJava>
  <property name="startLine">184</property>
  <property name="stepIndex">7</property>
</record>
<record>
  <date>2026-05-28T11:07:13.072324Z</date>
  <millis>1779966433072</millis>
  <nanos>324000</nanos>
  <sequence>912</sequence>
  <level>END</level>
  <class>com.kms.katalon.core.logging.XmlKeywordLogger</class>
  <method>endKeyword</method>
  <thread>1</thread>
  <message>End action : break</message>
  <nestedLevel>3</nestedLevel>
  <escapedJava>false</escapedJava>
</record>
<record>
  <date>2026-05-28T11:07:13.075079300Z</date>
  <millis>1779966433075</millis>
  <nanos>79300</nanos>
  <sequence>913</sequence>
  <level>END</level>
  <class>com.kms.katalon.core.logging.XmlKeywordLogger</class>
  <method>endKeyword</method>
  <thread>1</thread>
  <message>End action : if (!(checkboxes.isEmpty()))</message>
  <nestedLevel>2</nestedLevel>
  <escapedJava>false</escapedJava>
</record>
<record>
  <date>2026-05-28T11:07:13.075079300Z</date>
  <millis>1779966433075</millis>
  <nanos>79300</nanos>
  <sequence>914</sequence>
  <level>END</level>
  <class>com.kms.katalon.core.logging.XmlKeywordLogger</class>
  <method>endKeyword</method>
  <thread>1</thread>
  <message>End action : for ([i = 0, i &amp;lt; 20, (i++)])</message>
  <nestedLevel>1</nestedLevel>
  <escapedJava>false</escapedJava>
</record>
<record>
  <date>2026-05-28T11:07:13.075079300Z</date>
  <millis>1779966433075</millis>
  <nanos>79300</nanos>
  <sequence>915</sequence>
  <level>START</level>
  <class>com.kms.katalon.core.logging.XmlKeywordLogger</class>
  <method>startKeyword</method>
  <thread>1</thread>
  <message>Start action : if (!(found))</message>
  <nestedLevel>1</nestedLevel>
  <escapedJava>false</escapedJava>
  <property name="startLine">190</property>
  <property name="stepIndex">26</property>
</record>
<record>
  <date>2026-05-28T11:07:13.075079300Z</date>
  <millis>1779966433075</millis>
  <nanos>79300</nanos>
  <sequence>916</sequence>
  <level>END</level>
  <class>com.kms.katalon.core.logging.XmlKeywordLogger</class>
  <method>endKeyword</method>
  <thread>1</thread>
  <message>End action : if (!(found))</message>
  <nestedLevel>1</nestedLevel>
  <escapedJava>false</escapedJava>
</record>
<record>
  <date>2026-05-28T11:07:13.075079300Z</date>
  <millis>1779966433075</millis>
  <nanos>79300</nanos>
  <sequence>917</sequence>
  <level>START</level>
  <class>com.kms.katalon.core.logging.XmlKeywordLogger</class>
  <method>startKeyword</method>
  <thread>1</thread>
  <message>Start action : delay(3)</message>
  <nestedLevel>1</nestedLevel>
  <escapedJava>false</escapedJava>
  <property name="startLine">201</property>
  <property name="stepIndex">27</property>
</record>
<record>
  <date>2026-05-28T11:07:16.087520200Z</date>
  <millis>1779966436087</millis>
  <nanos>520200</nanos>
  <sequence>920</sequence>
  <level>PASSED</level>
  <class>com.kms.katalon.core.logging.XmlKeywordLogger</class>
  <method>logMessage</method>
  <thread>1</thread>
  <message>Delayed 3 second(s)</message>
  <nestedLevel>1</nestedLevel>
  <escapedJava>false</escapedJava>
  <property name="testops-method-name">com.kms.katalon.core.keyword.builtin.DelayKeyword.delay</property>
  <property name="testops-execution-stacktrace"></property>
</record>
<record>
  <date>2026-05-28T11:07:16.088525100Z</date>
  <millis>1779966436088</millis>
  <nanos>525100</nanos>
  <sequence>921</sequence>
  <level>END</level>
  <class>com.kms.katalon.core.logging.XmlKeywordLogger</class>
  <method>endKeyword</method>
  <thread>1</thread>
  <message>End action : delay(3)</message>
  <nestedLevel>1</nestedLevel>
  <escapedJava>false</escapedJava>
</record>
<record>
  <date>2026-05-28T11:07:16.089567100Z</date>
  <millis>1779966436089</millis>
  <nanos>567100</nanos>
  <sequence>922</sequence>
  <level>START</level>
  <class>com.kms.katalon.core.logging.XmlKeywordLogger</class>
  <method>startKeyword</method>
  <thread>1</thread>
  <message>Start action : insertBtn = null</message>
  <nestedLevel>1</nestedLevel>
  <escapedJava>false</escapedJava>
  <property name="startLine">203</property>
  <property name="stepIndex">28</property>
</record>
<record>
  <date>2026-05-28T11:07:16.090967700Z</date>
  <millis>1779966436090</millis>
  <nanos>967700</nanos>
  <sequence>923</sequence>
  <level>END</level>
  <class>com.kms.katalon.core.logging.XmlKeywordLogger</class>
  <method>endKeyword</method>
  <thread>1</thread>
  <message>End action : insertBtn = null</message>
  <nestedLevel>1</nestedLevel>
  <escapedJava>false</escapedJava>
</record>
<record>
  <date>2026-05-28T11:07:16.090967700Z</date>
  <millis>1779966436090</millis>
  <nanos>967700</nanos>
  <sequence>924</sequence>
  <level>START</level>
  <class>com.kms.katalon.core.logging.XmlKeywordLogger</class>
  <method>startKeyword</method>
  <thread>1</thread>
  <message>Start action : for ([i = 0, i &amp;lt; 15, (i++)])</message>
  <nestedLevel>1</nestedLevel>
  <escapedJava>false</escapedJava>
  <property name="startLine">205</property>
  <property name="stepIndex">29</property>
</record>
<record>
  <date>2026-05-28T11:07:16.093411600Z</date>
  <millis>1779966436093</millis>
  <nanos>411600</nanos>
  <sequence>925</sequence>
  <level>START</level>
  <class>com.kms.katalon.core.logging.XmlKeywordLogger</class>
  <method>startKeyword</method>
  <thread>1</thread>
  <message>Start action : try</message>
  <nestedLevel>2</nestedLevel>
  <escapedJava>false</escapedJava>
  <property name="startLine">207</property>
  <property name="stepIndex">1</property>
</record>
<record>
  <date>2026-05-28T11:07:16.095028500Z</date>
  <millis>1779966436095</millis>
  <nanos>28500</nanos>
  <sequence>926</sequence>
  <level>START</level>
  <class>com.kms.katalon.core.logging.XmlKeywordLogger</class>
  <method>startKeyword</method>
  <thread>1</thread>
  <message>Start action : insertBtn = driver.findElement(By.xpath(&amp;quot;//button[normalize-space()=&amp;apos;Insert&amp;apos;]&amp;quot;))</message>
  <nestedLevel>3</nestedLevel>
  <escapedJava>false</escapedJava>
  <property name="startLine">209</property>
  <property name="stepIndex">1</property>
</record>
<record>
  <date>2026-05-28T11:07:16.139612600Z</date>
  <millis>1779966436139</millis>
  <nanos>612600</nanos>
  <sequence>927</sequence>
  <level>END</level>
  <class>com.kms.katalon.core.logging.XmlKeywordLogger</class>
  <method>endKeyword</method>
  <thread>1</thread>
  <message>End action : insertBtn = driver.findElement(By.xpath(&amp;quot;//button[normalize-space()=&amp;apos;Insert&amp;apos;]&amp;quot;))</message>
  <nestedLevel>3</nestedLevel>
  <escapedJava>false</escapedJava>
</record>
<record>
  <date>2026-05-28T11:07:16.139612600Z</date>
  <millis>1779966436139</millis>
  <nanos>612600</nanos>
  <sequence>928</sequence>
  <level>START</level>
  <class>com.kms.katalon.core.logging.XmlKeywordLogger</class>
  <method>startKeyword</method>
  <thread>1</thread>
  <message>Start action : visible = insertBtn.isDisplayed()</message>
  <nestedLevel>3</nestedLevel>
  <escapedJava>false</escapedJava>
  <property name="startLine">216</property>
  <property name="stepIndex">2</property>
</record>
<record>
  <date>2026-05-28T11:07:16.164088400Z</date>
  <millis>1779966436164</millis>
  <nanos>88400</nanos>
  <sequence>929</sequence>
  <level>END</level>
  <class>com.kms.katalon.core.logging.XmlKeywordLogger</class>
  <method>endKeyword</method>
  <thread>1</thread>
  <message>End action : visible = insertBtn.isDisplayed()</message>
  <nestedLevel>3</nestedLevel>
  <escapedJava>false</escapedJava>
</record>
<record>
  <date>2026-05-28T11:07:16.165088900Z</date>
  <millis>1779966436165</millis>
  <nanos>88900</nanos>
  <sequence>930</sequence>
  <level>START</level>
  <class>com.kms.katalon.core.logging.XmlKeywordLogger</class>
  <method>startKeyword</method>
  <thread>1</thread>
  <message>Start action : enabled = insertBtn.isEnabled()</message>
  <nestedLevel>3</nestedLevel>
  <escapedJava>false</escapedJava>
  <property name="startLine">219</property>
  <property name="stepIndex">3</property>
</record>
<record>
  <date>2026-05-28T11:07:16.185325400Z</date>
  <millis>1779966436185</millis>
  <nanos>325400</nanos>
  <sequence>931</sequence>
  <level>END</level>
  <class>com.kms.katalon.core.logging.XmlKeywordLogger</class>
  <method>endKeyword</method>
  <thread>1</thread>
  <message>End action : enabled = insertBtn.isEnabled()</message>
  <nestedLevel>3</nestedLevel>
  <escapedJava>false</escapedJava>
</record>
<record>
  <date>2026-05-28T11:07:16.185325400Z</date>
  <millis>1779966436185</millis>
  <nanos>325400</nanos>
  <sequence>932</sequence>
  <level>START</level>
  <class>com.kms.katalon.core.logging.XmlKeywordLogger</class>
  <method>startKeyword</method>
  <thread>1</thread>
  <message>Start action : disabled = insertBtn.getAttribute(&amp;quot;disabled&amp;quot;)</message>
  <nestedLevel>3</nestedLevel>
  <escapedJava>false</escapedJava>
  <property name="startLine">222</property>
  <property name="stepIndex">4</property>
</record>
<record>
  <date>2026-05-28T11:07:16.207610Z</date>
  <millis>1779966436207</millis>
  <nanos>610000</nanos>
  <sequence>933</sequence>
  <level>END</level>
  <class>com.kms.katalon.core.logging.XmlKeywordLogger</class>
  <method>endKeyword</method>
  <thread>1</thread>
  <message>End action : disabled = insertBtn.getAttribute(&amp;quot;disabled&amp;quot;)</message>
  <nestedLevel>3</nestedLevel>
  <escapedJava>false</escapedJava>
</record>
<record>
  <date>2026-05-28T11:07:16.208611900Z</date>
  <millis>1779966436208</millis>
  <nanos>611900</nanos>
  <sequence>934</sequence>
  <level>START</level>
  <class>com.kms.katalon.core.logging.XmlKeywordLogger</class>
  <method>startKeyword</method>
  <thread>1</thread>
  <message>Start action : if (visible &amp;amp;&amp;amp; enabled &amp;amp;&amp;amp; disabled == null)</message>
  <nestedLevel>3</nestedLevel>
  <escapedJava>false</escapedJava>
  <property name="startLine">227</property>
  <property name="stepIndex">5</property>
</record>
<record>
  <date>2026-05-28T11:07:16.209613200Z</date>
  <millis>1779966436209</millis>
  <nanos>613200</nanos>
  <sequence>935</sequence>
  <level>START</level>
  <class>com.kms.katalon.core.logging.XmlKeywordLogger</class>
  <method>startKeyword</method>
  <thread>1</thread>
  <message>Start action : break</message>
  <nestedLevel>4</nestedLevel>
  <escapedJava>false</escapedJava>
  <property name="startLine">233</property>
  <property name="stepIndex">1</property>
</record>
<record>
  <date>2026-05-28T11:07:16.210632500Z</date>
  <millis>1779966436210</millis>
  <nanos>632500</nanos>
  <sequence>936</sequence>
  <level>END</level>
  <class>com.kms.katalon.core.logging.XmlKeywordLogger</class>
  <method>endKeyword</method>
  <thread>1</thread>
  <message>End action : break</message>
  <nestedLevel>4</nestedLevel>
  <escapedJava>false</escapedJava>
</record>
<record>
  <date>2026-05-28T11:07:16.210632500Z</date>
  <millis>1779966436210</millis>
  <nanos>632500</nanos>
  <sequence>937</sequence>
  <level>END</level>
  <class>com.kms.katalon.core.logging.XmlKeywordLogger</class>
  <method>endKeyword</method>
  <thread>1</thread>
  <message>End action : if (visible &amp;amp;&amp;amp; enabled &amp;amp;&amp;amp; disabled == null)</message>
  <nestedLevel>3</nestedLevel>
  <escapedJava>false</escapedJava>
</record>
<record>
  <date>2026-05-28T11:07:16.210632500Z</date>
  <millis>1779966436210</millis>
  <nanos>632500</nanos>
  <sequence>938</sequence>
  <level>END</level>
  <class>com.kms.katalon.core.logging.XmlKeywordLogger</class>
  <method>endKeyword</method>
  <thread>1</thread>
  <message>End action : try</message>
  <nestedLevel>2</nestedLevel>
  <escapedJava>false</escapedJava>
</record>
<record>
  <date>2026-05-28T11:07:16.210632500Z</date>
  <millis>1779966436210</millis>
  <nanos>632500</nanos>
  <sequence>939</sequence>
  <level>END</level>
  <class>com.kms.katalon.core.logging.XmlKeywordLogger</class>
  <method>endKeyword</method>
  <thread>1</thread>
  <message>End action : for ([i = 0, i &amp;lt; 15, (i++)])</message>
  <nestedLevel>1</nestedLevel>
  <escapedJava>false</escapedJava>
</record>
<record>
  <date>2026-05-28T11:07:16.210632500Z</date>
  <millis>1779966436210</millis>
  <nanos>632500</nanos>
  <sequence>940</sequence>
  <level>START</level>
  <class>com.kms.katalon.core.logging.XmlKeywordLogger</class>
  <method>startKeyword</method>
  <thread>1</thread>
  <message>Start action : if (insertBtn == null)</message>
  <nestedLevel>1</nestedLevel>
  <escapedJava>false</escapedJava>
  <property name="startLine">244</property>
  <property name="stepIndex">30</property>
</record>
<record>
  <date>2026-05-28T11:07:16.212095800Z</date>
  <millis>1779966436212</millis>
  <nanos>95800</nanos>
  <sequence>941</sequence>
  <level>END</level>
  <class>com.kms.katalon.core.logging.XmlKeywordLogger</class>
  <method>endKeyword</method>
  <thread>1</thread>
  <message>End action : if (insertBtn == null)</message>
  <nestedLevel>1</nestedLevel>
  <escapedJava>false</escapedJava>
</record>
<record>
  <date>2026-05-28T11:07:16.212095800Z</date>
  <millis>1779966436212</millis>
  <nanos>95800</nanos>
  <sequence>942</sequence>
  <level>START</level>
  <class>com.kms.katalon.core.logging.XmlKeywordLogger</class>
  <method>startKeyword</method>
  <thread>1</thread>
  <message>Start action : driver.executeScript(&amp;quot;\narguments[0].scrollIntoView({\nblock:&amp;apos;center&amp;apos;\n});\n&amp;quot;, insertBtn)</message>
  <nestedLevel>1</nestedLevel>
  <escapedJava>false</escapedJava>
  <property name="startLine">255</property>
  <property name="stepIndex">31</property>
</record>
<record>
  <date>2026-05-28T11:07:16.224473100Z</date>
  <millis>1779966436224</millis>
  <nanos>473100</nanos>
  <sequence>943</sequence>
  <level>END</level>
  <class>com.kms.katalon.core.logging.XmlKeywordLogger</class>
  <method>endKeyword</method>
  <thread>1</thread>
  <message>End action : driver.executeScript(&amp;quot;\narguments[0].scrollIntoView({\nblock:&amp;apos;center&amp;apos;\n});\n&amp;quot;, insertBtn)</message>
  <nestedLevel>1</nestedLevel>
  <escapedJava>false</escapedJava>
</record>
<record>
  <date>2026-05-28T11:07:16.224473100Z</date>
  <millis>1779966436224</millis>
  <nanos>473100</nanos>
  <sequence>944</sequence>
  <level>START</level>
  <class>com.kms.katalon.core.logging.XmlKeywordLogger</class>
  <method>startKeyword</method>
  <thread>1</thread>
  <message>Start action : delay(1)</message>
  <nestedLevel>1</nestedLevel>
  <escapedJava>false</escapedJava>
  <property name="startLine">265</property>
  <property name="stepIndex">32</property>
</record>
<record>
  <date>2026-05-28T11:07:17.232603100Z</date>
  <millis>1779966437232</millis>
  <nanos>603100</nanos>
  <sequence>947</sequence>
  <level>PASSED</level>
  <class>com.kms.katalon.core.logging.XmlKeywordLogger</class>
  <method>logMessage</method>
  <thread>1</thread>
  <message>Delayed 1 second(s)</message>
  <nestedLevel>1</nestedLevel>
  <escapedJava>false</escapedJava>
  <property name="testops-method-name">com.kms.katalon.core.keyword.builtin.DelayKeyword.delay</property>
  <property name="testops-execution-stacktrace"></property>
</record>
<record>
  <date>2026-05-28T11:07:17.233839900Z</date>
  <millis>1779966437233</millis>
  <nanos>839900</nanos>
  <sequence>948</sequence>
  <level>END</level>
  <class>com.kms.katalon.core.logging.XmlKeywordLogger</class>
  <method>endKeyword</method>
  <thread>1</thread>
  <message>End action : delay(1)</message>
  <nestedLevel>1</nestedLevel>
  <escapedJava>false</escapedJava>
</record>
<record>
  <date>2026-05-28T11:07:17.233839900Z</date>
  <millis>1779966437233</millis>
  <nanos>839900</nanos>
  <sequence>949</sequence>
  <level>START</level>
  <class>com.kms.katalon.core.logging.XmlKeywordLogger</class>
  <method>startKeyword</method>
  <thread>1</thread>
  <message>Start action : driver.executeScript(&amp;quot;arguments[0].click();&amp;quot;, insertBtn)</message>
  <nestedLevel>1</nestedLevel>
  <escapedJava>false</escapedJava>
  <property name="startLine">267</property>
  <property name="stepIndex">33</property>
</record>
<record>
  <date>2026-05-28T11:07:17.260470400Z</date>
  <millis>1779966437260</millis>
  <nanos>470400</nanos>
  <sequence>950</sequence>
  <level>END</level>
  <class>com.kms.katalon.core.logging.XmlKeywordLogger</class>
  <method>endKeyword</method>
  <thread>1</thread>
  <message>End action : driver.executeScript(&amp;quot;arguments[0].click();&amp;quot;, insertBtn)</message>
  <nestedLevel>1</nestedLevel>
  <escapedJava>false</escapedJava>
</record>
<record>
  <date>2026-05-28T11:07:17.260470400Z</date>
  <millis>1779966437260</millis>
  <nanos>470400</nanos>
  <sequence>951</sequence>
  <level>START</level>
  <class>com.kms.katalon.core.logging.XmlKeywordLogger</class>
  <method>startKeyword</method>
  <thread>1</thread>
  <message>Start action : println(&amp;quot;Insert clicked&amp;quot;)</message>
  <nestedLevel>1</nestedLevel>
  <escapedJava>false</escapedJava>
  <property name="startLine">273</property>
  <property name="stepIndex">34</property>
</record>
<record>
  <date>2026-05-28T11:07:17.260470400Z</date>
  <millis>1779966437260</millis>
  <nanos>470400</nanos>
  <sequence>952</sequence>
  <level>END</level>
  <class>com.kms.katalon.core.logging.XmlKeywordLogger</class>
  <method>endKeyword</method>
  <thread>1</thread>
  <message>End action : println(&amp;quot;Insert clicked&amp;quot;)</message>
  <nestedLevel>1</nestedLevel>
  <escapedJava>false</escapedJava>
</record>
<record>
  <date>2026-05-28T11:07:17.260470400Z</date>
  <millis>1779966437260</millis>
  <nanos>470400</nanos>
  <sequence>953</sequence>
  <level>START</level>
  <class>com.kms.katalon.core.logging.XmlKeywordLogger</class>
  <method>startKeyword</method>
  <thread>1</thread>
  <message>Start action : switchToDefaultContent()</message>
  <nestedLevel>1</nestedLevel>
  <escapedJava>false</escapedJava>
  <property name="startLine">279</property>
  <property name="stepIndex">35</property>
</record>
<record>
  <date>2026-05-28T11:07:17.267144700Z</date>
  <millis>1779966437267</millis>
  <nanos>144700</nanos>
  <sequence>956</sequence>
  <level>END</level>
  <class>com.kms.katalon.core.logging.XmlKeywordLogger</class>
  <method>endKeyword</method>
  <thread>1</thread>
  <message>End action : switchToDefaultContent()</message>
  <nestedLevel>1</nestedLevel>
  <escapedJava>false</escapedJava>
</record>
<record>
  <date>2026-05-28T11:07:17.267144700Z</date>
  <millis>1779966437267</millis>
  <nanos>144700</nanos>
  <sequence>957</sequence>
  <level>START</level>
  <class>com.kms.katalon.core.logging.XmlKeywordLogger</class>
  <method>startKeyword</method>
  <thread>1</thread>
  <message>Start action : try</message>
  <nestedLevel>1</nestedLevel>
  <escapedJava>false</escapedJava>
  <property name="startLine">281</property>
  <property name="stepIndex">36</property>
</record>
<record>
  <date>2026-05-28T11:07:17.267144700Z</date>
  <millis>1779966437267</millis>
  <nanos>144700</nanos>
  <sequence>958</sequence>
  <level>START</level>
  <class>com.kms.katalon.core.logging.XmlKeywordLogger</class>
  <method>startKeyword</method>
  <thread>1</thread>
  <message>Start action : delay(3)</message>
  <nestedLevel>2</nestedLevel>
  <escapedJava>false</escapedJava>
  <property name="startLine">283</property>
  <property name="stepIndex">1</property>
</record>
<record>
  <date>2026-05-28T11:07:20.286969200Z</date>
  <millis>1779966440286</millis>
  <nanos>969200</nanos>
  <sequence>961</sequence>
  <level>PASSED</level>
  <class>com.kms.katalon.core.logging.XmlKeywordLogger</class>
  <method>logMessage</method>
  <thread>1</thread>
  <message>Delayed 3 second(s)</message>
  <nestedLevel>1</nestedLevel>
  <escapedJava>false</escapedJava>
  <property name="testops-method-name">com.kms.katalon.core.keyword.builtin.DelayKeyword.delay</property>
  <property name="testops-execution-stacktrace"></property>
</record>
<record>
  <date>2026-05-28T11:07:20.286969200Z</date>
  <millis>1779966440286</millis>
  <nanos>969200</nanos>
  <sequence>962</sequence>
  <level>END</level>
  <class>com.kms.katalon.core.logging.XmlKeywordLogger</class>
  <method>endKeyword</method>
  <thread>1</thread>
  <message>End action : delay(3)</message>
  <nestedLevel>2</nestedLevel>
  <escapedJava>false</escapedJava>
</record>
<record>
  <date>2026-05-28T11:07:20.286969200Z</date>
  <millis>1779966440286</millis>
  <nanos>969200</nanos>
  <sequence>963</sequence>
  <level>START</level>
  <class>com.kms.katalon.core.logging.XmlKeywordLogger</class>
  <method>startKeyword</method>
  <thread>1</thread>
  <message>Start action : okButton = driver.findElement(By.xpath(&amp;quot;//button[normalize-space()=&amp;apos;OK&amp;apos;] | //a[normalize-space()=&amp;apos;OK&amp;apos;]&amp;quot;))</message>
  <nestedLevel>2</nestedLevel>
  <escapedJava>false</escapedJava>
  <property name="startLine">285</property>
  <property name="stepIndex">2</property>
</record>
<record>
  <date>2026-05-28T11:07:22.657493900Z</date>
  <millis>1779966442657</millis>
  <nanos>493900</nanos>
  <sequence>964</sequence>
  <level>END</level>
  <class>com.kms.katalon.core.logging.XmlKeywordLogger</class>
  <method>endKeyword</method>
  <thread>1</thread>
  <message>End action : okButton = driver.findElement(By.xpath(&amp;quot;//button[normalize-space()=&amp;apos;OK&amp;apos;] | //a[normalize-space()=&amp;apos;OK&amp;apos;]&amp;quot;))</message>
  <nestedLevel>2</nestedLevel>
  <escapedJava>false</escapedJava>
</record>
<record>
  <date>2026-05-28T11:07:22.657493900Z</date>
  <millis>1779966442657</millis>
  <nanos>493900</nanos>
  <sequence>965</sequence>
  <level>START</level>
  <class>com.kms.katalon.core.logging.XmlKeywordLogger</class>
  <method>startKeyword</method>
  <thread>1</thread>
  <message>Start action : driver.executeScript(&amp;quot;arguments[0].click();&amp;quot;, okButton)</message>
  <nestedLevel>2</nestedLevel>
  <escapedJava>false</escapedJava>
  <property name="startLine">292</property>
  <property name="stepIndex">3</property>
</record>
<record>
  <date>2026-05-28T11:07:22.689349600Z</date>
  <millis>1779966442689</millis>
  <nanos>349600</nanos>
  <sequence>966</sequence>
  <level>END</level>
  <class>com.kms.katalon.core.logging.XmlKeywordLogger</class>
  <method>endKeyword</method>
  <thread>1</thread>
  <message>End action : driver.executeScript(&amp;quot;arguments[0].click();&amp;quot;, okButton)</message>
  <nestedLevel>2</nestedLevel>
  <escapedJava>false</escapedJava>
</record>
<record>
  <date>2026-05-28T11:07:22.691357100Z</date>
  <millis>1779966442691</millis>
  <nanos>357100</nanos>
  <sequence>967</sequence>
  <level>START</level>
  <class>com.kms.katalon.core.logging.XmlKeywordLogger</class>
  <method>startKeyword</method>
  <thread>1</thread>
  <message>Start action : println(&amp;quot;Success popup closed&amp;quot;)</message>
  <nestedLevel>2</nestedLevel>
  <escapedJava>false</escapedJava>
  <property name="startLine">298</property>
  <property name="stepIndex">4</property>
</record>
<record>
  <date>2026-05-28T11:07:22.691357100Z</date>
  <millis>1779966442691</millis>
  <nanos>357100</nanos>
  <sequence>968</sequence>
  <level>END</level>
  <class>com.kms.katalon.core.logging.XmlKeywordLogger</class>
  <method>endKeyword</method>
  <thread>1</thread>
  <message>End action : println(&amp;quot;Success popup closed&amp;quot;)</message>
  <nestedLevel>2</nestedLevel>
  <escapedJava>false</escapedJava>
</record>
<record>
  <date>2026-05-28T11:07:22.691357100Z</date>
  <millis>1779966442691</millis>
  <nanos>357100</nanos>
  <sequence>969</sequence>
  <level>END</level>
  <class>com.kms.katalon.core.logging.XmlKeywordLogger</class>
  <method>endKeyword</method>
  <thread>1</thread>
  <message>End action : try</message>
  <nestedLevel>1</nestedLevel>
  <escapedJava>false</escapedJava>
</record>
<record>
  <date>2026-05-28T11:07:22.691357100Z</date>
  <millis>1779966442691</millis>
  <nanos>357100</nanos>
  <sequence>970</sequence>
  <level>START</level>
  <class>com.kms.katalon.core.logging.XmlKeywordLogger</class>
  <method>startKeyword</method>
  <thread>1</thread>
  <message>Start action : switchToDefaultContent()</message>
  <nestedLevel>1</nestedLevel>
  <escapedJava>false</escapedJava>
  <property name="startLine">310</property>
  <property name="stepIndex">39</property>
</record>
<record>
  <date>2026-05-28T11:07:22.699242Z</date>
  <millis>1779966442699</millis>
  <nanos>242000</nanos>
  <sequence>973</sequence>
  <level>END</level>
  <class>com.kms.katalon.core.logging.XmlKeywordLogger</class>
  <method>endKeyword</method>
  <thread>1</thread>
  <message>End action : switchToDefaultContent()</message>
  <nestedLevel>1</nestedLevel>
  <escapedJava>false</escapedJava>
</record>
<record>
  <date>2026-05-28T11:07:22.704184900Z</date>
  <millis>1779966442704</millis>
  <nanos>184900</nanos>
  <sequence>974</sequence>
  <level>START</level>
  <class>com.kms.katalon.core.logging.XmlKeywordLogger</class>
  <method>startKeyword</method>
  <thread>1</thread>
  <message>Start action : println(&amp;quot;Upload completed&amp;quot;)</message>
  <nestedLevel>1</nestedLevel>
  <escapedJava>false</escapedJava>
  <property name="startLine">312</property>
  <property name="stepIndex">40</property>
</record>
<record>
  <date>2026-05-28T11:07:22.705192100Z</date>
  <millis>1779966442705</millis>
  <nanos>192100</nanos>
  <sequence>975</sequence>
  <level>END</level>
  <class>com.kms.katalon.core.logging.XmlKeywordLogger</class>
  <method>endKeyword</method>
  <thread>1</thread>
  <message>End action : println(&amp;quot;Upload completed&amp;quot;)</message>
  <nestedLevel>1</nestedLevel>
  <escapedJava>false</escapedJava>
</record>
<record>
  <date>2026-05-28T11:07:22.705880800Z</date>
  <millis>1779966442705</millis>
  <nanos>880800</nanos>
  <sequence>976</sequence>
  <level>PASSED</level>
  <class>com.kms.katalon.core.logging.XmlKeywordLogger</class>
  <method>logMessage</method>
  <thread>1</thread>
  <message>Test Cases/TaskActions/Uploads/Upload_File_From_Govdrive</message>
  <nestedLevel>1</nestedLevel>
  <escapedJava>false</escapedJava>
</record>
<record>
  <date>2026-05-28T11:07:22.706404500Z</date>
  <millis>1779966442706</millis>
  <nanos>404500</nanos>
  <sequence>977</sequence>
  <level>END</level>
  <class>com.kms.katalon.core.logging.XmlKeywordLogger</class>
  <method>endTest</method>
  <thread>1</thread>
  <message>End Test Case : Test Cases/TaskActions/Uploads/Upload_File_From_Govdrive</message>
  <nestedLevel>0</nestedLevel>
  <escapedJava>false</escapedJava>
  <property name="executionBindingVariables">[]</property>
  <property name="applitools">false</property>
  <property name="remainingRetryCount">3</property>
  <property name="executedKeywords">{
  &quot;WebUI.switchToDefaultContent&quot;: 4,
  &quot;WebUI.waitForElementVisible&quot;: 3,
  &quot;WebUI.click&quot;: 2,
  &quot;WebUI.waitForPageLoad&quot;: 1,
  &quot;WebUI.switchToFrame&quot;: 1,
  &quot;BuiltIn.delay&quot;: 5,
  &quot;WebUI.waitForElementClickable&quot;: 2
}</property>
  <property name="currentRetryCount">0</property>
  <property name="keywordsUsage">{
  &quot;web_ui&quot;: true,
  &quot;web_service&quot;: false,
  &quot;cucumber&quot;: false,
  &quot;builtin&quot;: true,
  &quot;mobile&quot;: false,
  &quot;windows&quot;: false,
  &quot;testng&quot;: false
}</property>
</record>
<record>
  <date>2026-05-28T11:07:22.712627200Z</date>
  <millis>1779966442712</millis>
  <nanos>627200</nanos>
  <sequence>978</sequence>
  <level>START</level>
  <class>com.kms.katalon.core.logging.XmlKeywordLogger</class>
  <method>startTest</method>
  <thread>1</thread>
  <message>Start Test Case : Test Cases/TaskActions/Uploads/Upload_file_Without_Classification</message>
  <nestedLevel>1</nestedLevel>
  <escapedJava>false</escapedJava>
  <property name="remainingRetryCount">3</property>
  <property name="origin"></property>
  <property name="name">Test Cases/TaskActions/Uploads/Upload_file_Without_Classification</property>
  <property name="description"></property>
  <property name="iteration"></property>
  <property name="id">Test Cases/TaskActions/Uploads/Upload_file_Without_Classification</property>
  <property name="source">C:\Users\CROWN-STAFF\git\convergence-qa-tests\Test Cases\TaskActions\Uploads\Upload_file_Without_Classification.tc</property>
  <property name="tag"></property>
  <property name="isOptional">false</property>
  <property name="uuid">19312434-4fbf-4abd-9fff-83daf935b041</property>
  <property name="currentRetryCount">0</property>
</record>
<record>
  <date>2026-05-28T11:07:22.745035400Z</date>
  <millis>1779966442745</millis>
  <nanos>35400</nanos>
  <sequence>980</sequence>
  <level>RUN_DATA</level>
  <class>com.kms.katalon.core.logging.XmlKeywordLogger</class>
  <method>logMessage</method>
  <thread>1</thread>
  <message>executionBindingVariables = []</message>
  <nestedLevel>1</nestedLevel>
  <escapedJava>false</escapedJava>
  <property name="executionBindingVariables">[]</property>
</record>
<record>
  <date>2026-05-28T11:07:22.878663200Z</date>
  <millis>1779966442878</millis>
  <nanos>663200</nanos>
  <sequence>981</sequence>
  <level>START</level>
  <class>com.kms.katalon.core.logging.XmlKeywordLogger</class>
  <method>startKeyword</method>
  <thread>1</thread>
  <message>Start action : taskName = &amp;quot;TEST AUTOMATION&amp;quot;</message>
  <nestedLevel>1</nestedLevel>
  <escapedJava>false</escapedJava>
  <property name="startLine">15</property>
  <property name="stepIndex">1</property>
</record>
<record>
  <date>2026-05-28T11:07:22.885047600Z</date>
  <millis>1779966442885</millis>
  <nanos>47600</nanos>
  <sequence>982</sequence>
  <level>END</level>
  <class>com.kms.katalon.core.logging.XmlKeywordLogger</class>
  <method>endKeyword</method>
  <thread>1</thread>
  <message>End action : taskName = &amp;quot;TEST AUTOMATION&amp;quot;</message>
  <nestedLevel>1</nestedLevel>
  <escapedJava>false</escapedJava>
</record>
<record>
  <date>2026-05-28T11:07:22.887080600Z</date>
  <millis>1779966442887</millis>
  <nanos>80600</nanos>
  <sequence>983</sequence>
  <level>START</level>
  <class>com.kms.katalon.core.logging.XmlKeywordLogger</class>
  <method>startKeyword</method>
  <thread>1</thread>
  <message>Start action : uploadFile = getProjectDir() + &amp;quot;/Include/test-files/TASK CYCLE.pdf&amp;quot;</message>
  <nestedLevel>1</nestedLevel>
  <escapedJava>false</escapedJava>
  <property name="startLine">17</property>
  <property name="stepIndex">2</property>
</record>
<record>
  <date>2026-05-28T11:07:22.887080600Z</date>
  <millis>1779966442887</millis>
  <nanos>80600</nanos>
  <sequence>984</sequence>
  <level>END</level>
  <class>com.kms.katalon.core.logging.XmlKeywordLogger</class>
  <method>endKeyword</method>
  <thread>1</thread>
  <message>End action : uploadFile = getProjectDir() + &amp;quot;/Include/test-files/TASK CYCLE.pdf&amp;quot;</message>
  <nestedLevel>1</nestedLevel>
  <escapedJava>false</escapedJava>
</record>
<record>
  <date>2026-05-28T11:07:22.887080600Z</date>
  <millis>1779966442887</millis>
  <nanos>80600</nanos>
  <sequence>985</sequence>
  <level>START</level>
  <class>com.kms.katalon.core.logging.XmlKeywordLogger</class>
  <method>startKeyword</method>
  <thread>1</thread>
  <message>Start action : waitForPageLoad(20)</message>
  <nestedLevel>1</nestedLevel>
  <escapedJava>false</escapedJava>
  <property name="startLine">24</property>
  <property name="stepIndex">3</property>
</record>
<record>
  <date>2026-05-28T11:07:22.895097Z</date>
  <millis>1779966442895</millis>
  <nanos>97000</nanos>
  <sequence>989</sequence>
  <level>PASSED</level>
  <class>com.kms.katalon.core.logging.XmlKeywordLogger</class>
  <method>logMessage</method>
  <thread>1</thread>
  <message>Wait for page load successfully</message>
  <nestedLevel>1</nestedLevel>
  <escapedJava>false</escapedJava>
  <property name="testops-method-name">com.kms.katalon.core.webui.keyword.internal.WebUIKeywordMain$runKeyword$0.call</property>
  <property name="testops-execution-stacktrace">com.kms.katalon.core.logging.KeywordLogger.logPassed(KeywordLogger.java:350)
com.kms.katalon.core.logging.KeywordLogger.logPassed(KeywordLogger.java:345)
com.kms.katalon.core.logging.KeywordLogger$logPassed$0.call(Unknown Source)
com.kms.katalon.core.webui.keyword.builtin.WaitForPageLoadKeyword$_waitForPageLoad_closure1.doCall(WaitForPageLoadKeyword.groovy:94)
com.kms.katalon.core.webui.keyword.builtin.WaitForPageLoadKeyword$_waitForPageLoad_closure1.doCall(WaitForPageLoadKeyword.groovy)
java.base/jdk.internal.reflect.DirectMethodHandleAccessor.invoke(DirectMethodHandleAccessor.java:103)
com.kms.katalon.core.webui.keyword.internal.WebUIKeywordMain.runKeyword(WebUIKeywordMain.groovy:41)
com.kms.katalon.core.webui.keyword.internal.WebUIKeywordMain$runKeyword$0.call(Unknown Source)
com.kms.katalon.core.webui.keyword.builtin.WaitForPageLoadKeyword.waitForPageLoad(WaitForPageLoadKeyword.groovy:95)
com.kms.katalon.core.webui.keyword.builtin.WaitForPageLoadKeyword.execute(WaitForPageLoadKeyword.groovy:68)
com.kms.katalon.core.keyword.internal.KeywordExecutor.executeKeywordForPlatform(KeywordExecutor.groovy:99)
com.kms.katalon.core.webui.keyword.WebUiBuiltInKeywords.waitForPageLoad(WebUiBuiltInKeywords.groovy:2559)
Upload_file_Without_Classification.run(Upload_file_Without_Classification:24)
</property>
</record>
<record>
  <date>2026-05-28T11:07:22.895097Z</date>
  <millis>1779966442895</millis>
  <nanos>97000</nanos>
  <sequence>990</sequence>
  <level>END</level>
  <class>com.kms.katalon.core.logging.XmlKeywordLogger</class>
  <method>endKeyword</method>
  <thread>1</thread>
  <message>End action : waitForPageLoad(20)</message>
  <nestedLevel>1</nestedLevel>
  <escapedJava>false</escapedJava>
</record>
<record>
  <date>2026-05-28T11:07:22.895097Z</date>
  <millis>1779966442895</millis>
  <nanos>97000</nanos>
  <sequence>991</sequence>
  <level>START</level>
  <class>com.kms.katalon.core.logging.XmlKeywordLogger</class>
  <method>startKeyword</method>
  <thread>1</thread>
  <message>Start action : switchToDefaultContent()</message>
  <nestedLevel>1</nestedLevel>
  <escapedJava>false</escapedJava>
  <property name="startLine">25</property>
  <property name="stepIndex">4</property>
</record>
<record>
  <date>2026-05-28T11:07:22.907184200Z</date>
  <millis>1779966442907</millis>
  <nanos>184200</nanos>
  <sequence>994</sequence>
  <level>END</level>
  <class>com.kms.katalon.core.logging.XmlKeywordLogger</class>
  <method>endKeyword</method>
  <thread>1</thread>
  <message>End action : switchToDefaultContent()</message>
  <nestedLevel>1</nestedLevel>
  <escapedJava>false</escapedJava>
</record>
<record>
  <date>2026-05-28T11:07:22.910286400Z</date>
  <millis>1779966442910</millis>
  <nanos>286400</nanos>
  <sequence>995</sequence>
  <level>START</level>
  <class>com.kms.katalon.core.logging.XmlKeywordLogger</class>
  <method>startKeyword</method>
  <thread>1</thread>
  <message>Start action : println(&amp;quot;Looking for task: &amp;quot; + taskName)</message>
  <nestedLevel>1</nestedLevel>
  <escapedJava>false</escapedJava>
  <property name="startLine">27</property>
  <property name="stepIndex">5</property>
</record>
<record>
  <date>2026-05-28T11:07:22.910286400Z</date>
  <millis>1779966442910</millis>
  <nanos>286400</nanos>
  <sequence>996</sequence>
  <level>END</level>
  <class>com.kms.katalon.core.logging.XmlKeywordLogger</class>
  <method>endKeyword</method>
  <thread>1</thread>
  <message>End action : println(&amp;quot;Looking for task: &amp;quot; + taskName)</message>
  <nestedLevel>1</nestedLevel>
  <escapedJava>false</escapedJava>
</record>
<record>
  <date>2026-05-28T11:07:22.913493100Z</date>
  <millis>1779966442913</millis>
  <nanos>493100</nanos>
  <sequence>997</sequence>
  <level>START</level>
  <class>com.kms.katalon.core.logging.XmlKeywordLogger</class>
  <method>startKeyword</method>
  <thread>1</thread>
  <message>Start action : task = new com.kms.katalon.core.testobject.TestObject()</message>
  <nestedLevel>1</nestedLevel>
  <escapedJava>false</escapedJava>
  <property name="startLine">32</property>
  <property name="stepIndex">6</property>
</record>
<record>
  <date>2026-05-28T11:07:22.915001400Z</date>
  <millis>1779966442915</millis>
  <nanos>1400</nanos>
  <sequence>998</sequence>
  <level>END</level>
  <class>com.kms.katalon.core.logging.XmlKeywordLogger</class>
  <method>endKeyword</method>
  <thread>1</thread>
  <message>End action : task = new com.kms.katalon.core.testobject.TestObject()</message>
  <nestedLevel>1</nestedLevel>
  <escapedJava>false</escapedJava>
</record>
<record>
  <date>2026-05-28T11:07:22.915001400Z</date>
  <millis>1779966442915</millis>
  <nanos>1400</nanos>
  <sequence>999</sequence>
  <level>START</level>
  <class>com.kms.katalon.core.logging.XmlKeywordLogger</class>
  <method>startKeyword</method>
  <thread>1</thread>
  <message>Start action : task.addProperty(&amp;quot;xpath&amp;quot;, EQUALS, &amp;quot;//p[contains(normalize-space(.),&amp;apos;&amp;quot; + taskName + &amp;quot;&amp;apos;)]&amp;quot;)</message>
  <nestedLevel>1</nestedLevel>
  <escapedJava>false</escapedJava>
  <property name="startLine">34</property>
  <property name="stepIndex">7</property>
</record>
<record>
  <date>2026-05-28T11:07:22.917758900Z</date>
  <millis>1779966442917</millis>
  <nanos>758900</nanos>
  <sequence>1000</sequence>
  <level>END</level>
  <class>com.kms.katalon.core.logging.XmlKeywordLogger</class>
  <method>endKeyword</method>
  <thread>1</thread>
  <message>End action : task.addProperty(&amp;quot;xpath&amp;quot;, EQUALS, &amp;quot;//p[contains(normalize-space(.),&amp;apos;&amp;quot; + taskName + &amp;quot;&amp;apos;)]&amp;quot;)</message>
  <nestedLevel>1</nestedLevel>
  <escapedJava>false</escapedJava>
</record>
<record>
  <date>2026-05-28T11:07:22.920490100Z</date>
  <millis>1779966442920</millis>
  <nanos>490100</nanos>
  <sequence>1001</sequence>
  <level>START</level>
  <class>com.kms.katalon.core.logging.XmlKeywordLogger</class>
  <method>startKeyword</method>
  <thread>1</thread>
  <message>Start action : taskExists = waitForElementPresent(task, 20, OPTIONAL)</message>
  <nestedLevel>1</nestedLevel>
  <escapedJava>false</escapedJava>
  <property name="startLine">43</property>
  <property name="stepIndex">8</property>
</record>
<record>
  <date>2026-05-28T11:07:24.295427Z</date>
  <millis>1779966444295</millis>
  <nanos>427000</nanos>
  <sequence>1007</sequence>
  <level>PASSED</level>
  <class>com.kms.katalon.core.logging.XmlKeywordLogger</class>
  <method>logMessage</method>
  <thread>1</thread>
  <message>Object &amp;apos;&amp;apos; is present</message>
  <nestedLevel>1</nestedLevel>
  <escapedJava>false</escapedJava>
  <property name="testops-method-name">com.kms.katalon.core.webui.keyword.internal.WebUIKeywordMain.runKeywordUntilTimeout</property>
  <property name="testops-execution-stacktrace">com.kms.katalon.core.logging.KeywordLogger.logPassed(KeywordLogger.java:350)
com.kms.katalon.core.logging.KeywordLogger.logPassed(KeywordLogger.java:345)
com.kms.katalon.core.webui.keyword.builtin.WaitForElementPresentKeyword$_waitForElementPresent_closure1.doCall(WaitForElementPresentKeyword.groovy:56)
java.base/jdk.internal.reflect.DirectMethodHandleAccessor.invoke(DirectMethodHandleAccessor.java:103)
jdk.proxy2/jdk.proxy2.$Proxy56.execute(Unknown Source)
com.kms.katalon.core.webui.model.SeleniumActionRetryController.performAction(SeleniumActionRetryController.java:96)
com.kms.katalon.core.webui.model.SeleniumActionRetryController.performAction(SeleniumActionRetryController.java:83)
com.kms.katalon.core.webui.keyword.internal.WebUIKeywordMain$_runKeywordUntilTimeout_closure2.doCall(WebUIKeywordMain.groovy:155)
com.kms.katalon.core.webui.keyword.internal.WebUIKeywordMain$_runKeywordUntilTimeout_closure2.call(WebUIKeywordMain.groovy)
com.kms.katalon.core.webui.keyword.internal.WebUIKeywordMain.runKeyword(WebUIKeywordMain.groovy:41)
com.kms.katalon.core.webui.keyword.internal.WebUIKeywordMain.runKeywordUntilTimeout(WebUIKeywordMain.groovy:152)
com.kms.katalon.core.webui.keyword.builtin.WaitForElementPresentKeyword.waitForElementPresent(WaitForElementPresentKeyword.groovy:68)
com.kms.katalon.core.webui.keyword.builtin.WaitForElementPresentKeyword.execute(WaitForElementPresentKeyword.groovy:38)
com.kms.katalon.core.keyword.internal.KeywordExecutor.executeKeywordForPlatform(KeywordExecutor.groovy:99)
com.kms.katalon.core.webui.keyword.WebUiBuiltInKeywords.waitForElementPresent(WebUiBuiltInKeywords.groovy:408)
Upload_file_Without_Classification.run(Upload_file_Without_Classification:44)
</property>
</record>
<record>
  <date>2026-05-28T11:07:24.295427Z</date>
  <millis>1779966444295</millis>
  <nanos>427000</nanos>
  <sequence>1008</sequence>
  <level>END</level>
  <class>com.kms.katalon.core.logging.XmlKeywordLogger</class>
  <method>endKeyword</method>
  <thread>1</thread>
  <message>End action : taskExists = waitForElementPresent(task, 20, OPTIONAL)</message>
  <nestedLevel>1</nestedLevel>
  <escapedJava>false</escapedJava>
</record>
<record>
  <date>2026-05-28T11:07:24.295427Z</date>
  <millis>1779966444295</millis>
  <nanos>427000</nanos>
  <sequence>1009</sequence>
  <level>START</level>
  <class>com.kms.katalon.core.logging.XmlKeywordLogger</class>
  <method>startKeyword</method>
  <thread>1</thread>
  <message>Start action : println(&amp;quot;Task exists = &amp;quot; + taskExists)</message>
  <nestedLevel>1</nestedLevel>
  <escapedJava>false</escapedJava>
  <property name="startLine">50</property>
  <property name="stepIndex">9</property>
</record>
<record>
  <date>2026-05-28T11:07:24.299462200Z</date>
  <millis>1779966444299</millis>
  <nanos>462200</nanos>
  <sequence>1010</sequence>
  <level>END</level>
  <class>com.kms.katalon.core.logging.XmlKeywordLogger</class>
  <method>endKeyword</method>
  <thread>1</thread>
  <message>End action : println(&amp;quot;Task exists = &amp;quot; + taskExists)</message>
  <nestedLevel>1</nestedLevel>
  <escapedJava>false</escapedJava>
</record>
<record>
  <date>2026-05-28T11:07:24.299462200Z</date>
  <millis>1779966444299</millis>
  <nanos>462200</nanos>
  <sequence>1011</sequence>
  <level>START</level>
  <class>com.kms.katalon.core.logging.XmlKeywordLogger</class>
  <method>startKeyword</method>
  <thread>1</thread>
  <message>Start action : if (!(taskExists))</message>
  <nestedLevel>1</nestedLevel>
  <escapedJava>false</escapedJava>
  <property name="startLine">52</property>
  <property name="stepIndex">10</property>
</record>
<record>
  <date>2026-05-28T11:07:24.301472700Z</date>
  <millis>1779966444301</millis>
  <nanos>472700</nanos>
  <sequence>1012</sequence>
  <level>END</level>
  <class>com.kms.katalon.core.logging.XmlKeywordLogger</class>
  <method>endKeyword</method>
  <thread>1</thread>
  <message>End action : if (!(taskExists))</message>
  <nestedLevel>1</nestedLevel>
  <escapedJava>false</escapedJava>
</record>
<record>
  <date>2026-05-28T11:07:24.301472700Z</date>
  <millis>1779966444301</millis>
  <nanos>472700</nanos>
  <sequence>1013</sequence>
  <level>START</level>
  <class>com.kms.katalon.core.logging.XmlKeywordLogger</class>
  <method>startKeyword</method>
  <thread>1</thread>
  <message>Start action : assert taskExists</message>
  <nestedLevel>1</nestedLevel>
  <escapedJava>false</escapedJava>
  <property name="startLine">66</property>
  <property name="stepIndex">11</property>
</record>
<record>
  <date>2026-05-28T11:07:24.301472700Z</date>
  <millis>1779966444301</millis>
  <nanos>472700</nanos>
  <sequence>1014</sequence>
  <level>END</level>
  <class>com.kms.katalon.core.logging.XmlKeywordLogger</class>
  <method>endKeyword</method>
  <thread>1</thread>
  <message>End action : assert taskExists</message>
  <nestedLevel>1</nestedLevel>
  <escapedJava>false</escapedJava>
</record>
<record>
  <date>2026-05-28T11:07:24.301472700Z</date>
  <millis>1779966444301</millis>
  <nanos>472700</nanos>
  <sequence>1015</sequence>
  <level>START</level>
  <class>com.kms.katalon.core.logging.XmlKeywordLogger</class>
  <method>startKeyword</method>
  <thread>1</thread>
  <message>Start action : scrollToElement(task, 10)</message>
  <nestedLevel>1</nestedLevel>
  <escapedJava>false</escapedJava>
  <property name="startLine">72</property>
  <property name="stepIndex">12</property>
</record>
<record>
  <date>2026-05-28T11:07:24.585322900Z</date>
  <millis>1779966444585</millis>
  <nanos>322900</nanos>
  <sequence>1024</sequence>
  <level>PASSED</level>
  <class>com.kms.katalon.core.logging.XmlKeywordLogger</class>
  <method>logMessage</method>
  <thread>1</thread>
  <message>Scroll to object &amp;apos;&amp;apos; successfully</message>
  <nestedLevel>1</nestedLevel>
  <escapedJava>false</escapedJava>
  <property name="testops-method-name">com.kms.katalon.core.webui.keyword.builtin.ScrollToElementKeyword.scrollToElement</property>
  <property name="testops-execution-stacktrace"></property>
</record>
<record>
  <date>2026-05-28T11:07:24.586112900Z</date>
  <millis>1779966444586</millis>
  <nanos>112900</nanos>
  <sequence>1025</sequence>
  <level>END</level>
  <class>com.kms.katalon.core.logging.XmlKeywordLogger</class>
  <method>endKeyword</method>
  <thread>1</thread>
  <message>End action : scrollToElement(task, 10)</message>
  <nestedLevel>1</nestedLevel>
  <escapedJava>false</escapedJava>
</record>
<record>
  <date>2026-05-28T11:07:24.588121100Z</date>
  <millis>1779966444588</millis>
  <nanos>121100</nanos>
  <sequence>1026</sequence>
  <level>START</level>
  <class>com.kms.katalon.core.logging.XmlKeywordLogger</class>
  <method>startKeyword</method>
  <thread>1</thread>
  <message>Start action : enhancedClick(task)</message>
  <nestedLevel>1</nestedLevel>
  <escapedJava>false</escapedJava>
  <property name="startLine">74</property>
  <property name="stepIndex">13</property>
</record>
<record>
  <date>2026-05-28T11:07:24.971403800Z</date>
  <millis>1779966444971</millis>
  <nanos>403800</nanos>
  <sequence>1037</sequence>
  <level>ERROR</level>
  <class>com.kms.katalon.core.logging.XmlKeywordLogger</class>
  <method>logMessage</method>
  <thread>1</thread>
  <message>element not interactable: [object HTMLParagraphElement] has no size and location
  (Session info: chrome=148.0.7778.179)
Build info: version: &amp;apos;4.39.0&amp;apos;, revision: &amp;apos;126f156aee&amp;apos;
System info: os.name: &amp;apos;Windows 11&amp;apos;, os.arch: &amp;apos;amd64&amp;apos;, os.version: &amp;apos;10.0&amp;apos;, java.version: &amp;apos;21.0.9&amp;apos;
Driver info: com.kms.katalon.selenium.driver.CChromeDriver
Command: [e43099d9a5ed4667c645b535b1e9b03f, actions {actions=[org.openqa.selenium.interactions.Sequence@41e156ee]}]
Capabilities {acceptInsecureCerts: false, browserName: chrome, browserVersion: 148.0.7778.179, chrome: {chromedriverVersion: 148.0.7778.167 (65db666ac2c..., userDataDir: C:\Users\CROWN-~1\AppData\L...}, fedcm:accounts: true, goog:chromeOptions: {debuggerAddress: localhost:59267}, goog:processID: 51480, networkConnectionEnabled: false, pageLoadStrategy: normal, platformName: windows, proxy: Proxy(), se:cdp: ws://localhost:59267/devtoo..., se:cdpVersion: 148.0.7778.179, setWindowRect: true, strictFileInteractability: false, timeouts: {implicit: 0, pageLoad: 300000, script: 30000}, unhandledPromptBehavior: {alert: ignore, beforeUnload: ignore, confirm: ignore, default: ignore, file: ignore, prompt: ignore}, webSocketUrl: ws://localhost:29467/sessio..., webauthn:extension:credBlob: true, webauthn:extension:largeBlob: true, webauthn:extension:minPinLength: true, webauthn:extension:prf: true, webauthn:virtualAuthenticators: true}
Session ID: e43099d9a5ed4667c645b535b1e9b03f</message>
  <nestedLevel>1</nestedLevel>
  <escapedJava>false</escapedJava>
</record>
<record>
  <date>2026-05-28T11:07:35.138331200Z</date>
  <millis>1779966455138</millis>
  <nanos>331200</nanos>
  <sequence>1040</sequence>
  <level>PASSED</level>
  <class>com.kms.katalon.core.logging.XmlKeywordLogger</class>
  <method>logMessage</method>
  <thread>1</thread>
  <message>Object: &amp;apos;&amp;apos; is clicked on</message>
  <nestedLevel>1</nestedLevel>
  <escapedJava>false</escapedJava>
  <property name="testops-method-name">com.kms.katalon.core.webui.keyword.internal.WebUIKeywordMain.runKeywordUntilTimeout</property>
  <property name="testops-execution-stacktrace">com.kms.katalon.core.logging.KeywordLogger.logPassed(KeywordLogger.java:350)
com.kms.katalon.core.logging.KeywordLogger.logPassed(KeywordLogger.java:345)
com.kms.katalon.core.webui.keyword.builtin.EnhancedClickKeyword$_click_closure1$_closure5.doCall(EnhancedClickKeyword.groovy:88)
java.base/jdk.internal.reflect.DirectMethodHandleAccessor.invoke(DirectMethodHandleAccessor.java:103)
jdk.proxy2/jdk.proxy2.$Proxy60.accept(Unknown Source)
com.kms.katalon.core.trymonad.Success.onSuccess(Try.java:263)
com.kms.katalon.core.webui.keyword.builtin.EnhancedClickKeyword$_click_closure1.doCall(EnhancedClickKeyword.groovy:71)
java.base/jdk.internal.reflect.DirectMethodHandleAccessor.invoke(DirectMethodHandleAccessor.java:103)
jdk.proxy2/jdk.proxy2.$Proxy56.execute(Unknown Source)
com.kms.katalon.core.webui.model.SeleniumActionRetryController.performAction(SeleniumActionRetryController.java:96)
com.kms.katalon.core.webui.model.SeleniumActionRetryController.performAction(SeleniumActionRetryController.java:83)
com.kms.katalon.core.webui.keyword.internal.WebUIKeywordMain$_runKeywordUntilTimeout_closure1.doCall(WebUIKeywordMain.groovy:135)
com.kms.katalon.core.webui.keyword.internal.WebUIKeywordMain$_runKeywordUntilTimeout_closure1.call(WebUIKeywordMain.groovy)
com.kms.katalon.core.webui.keyword.internal.WebUIKeywordMain.runKeyword(WebUIKeywordMain.groovy:41)
com.kms.katalon.core.webui.keyword.internal.WebUIKeywordMain.runKeywordUntilTimeout(WebUIKeywordMain.groovy:133)
com.kms.katalon.core.webui.keyword.builtin.EnhancedClickKeyword.click(EnhancedClickKeyword.groovy:95)
com.kms.katalon.core.webui.keyword.builtin.EnhancedClickKeyword.execute(EnhancedClickKeyword.groovy:41)
com.kms.katalon.core.keyword.internal.KeywordExecutor.executeKeywordForPlatform(KeywordExecutor.groovy:99)
com.kms.katalon.core.webui.keyword.WebUiBuiltInKeywords.enhancedClick(WebUiBuiltInKeywords.groovy:748)
Upload_file_Without_Classification.run(Upload_file_Without_Classification:74)
</property>
</record>
<record>
  <date>2026-05-28T11:07:35.140335Z</date>
  <millis>1779966455140</millis>
  <nanos>335000</nanos>
  <sequence>1041</sequence>
  <level>END</level>
  <class>com.kms.katalon.core.logging.XmlKeywordLogger</class>
  <method>endKeyword</method>
  <thread>1</thread>
  <message>End action : enhancedClick(task)</message>
  <nestedLevel>1</nestedLevel>
  <escapedJava>false</escapedJava>
</record>
<record>
  <date>2026-05-28T11:07:35.141330400Z</date>
  <millis>1779966455141</millis>
  <nanos>330400</nanos>
  <sequence>1042</sequence>
  <level>START</level>
  <class>com.kms.katalon.core.logging.XmlKeywordLogger</class>
  <method>startKeyword</method>
  <thread>1</thread>
  <message>Start action : waitForPageLoad(20)</message>
  <nestedLevel>1</nestedLevel>
  <escapedJava>false</escapedJava>
  <property name="startLine">76</property>
  <property name="stepIndex">14</property>
</record>
<record>
  <date>2026-05-28T11:07:35.157120200Z</date>
  <millis>1779966455157</millis>
  <nanos>120200</nanos>
  <sequence>1046</sequence>
  <level>PASSED</level>
  <class>com.kms.katalon.core.logging.XmlKeywordLogger</class>
  <method>logMessage</method>
  <thread>1</thread>
  <message>Wait for page load successfully</message>
  <nestedLevel>1</nestedLevel>
  <escapedJava>false</escapedJava>
  <property name="testops-method-name">com.kms.katalon.core.webui.keyword.internal.WebUIKeywordMain$runKeyword$0.call</property>
  <property name="testops-execution-stacktrace">com.kms.katalon.core.logging.KeywordLogger.logPassed(KeywordLogger.java:350)
com.kms.katalon.core.logging.KeywordLogger.logPassed(KeywordLogger.java:345)
com.kms.katalon.core.logging.KeywordLogger$logPassed$0.call(Unknown Source)
com.kms.katalon.core.webui.keyword.builtin.WaitForPageLoadKeyword$_waitForPageLoad_closure1.doCall(WaitForPageLoadKeyword.groovy:94)
com.kms.katalon.core.webui.keyword.builtin.WaitForPageLoadKeyword$_waitForPageLoad_closure1.doCall(WaitForPageLoadKeyword.groovy)
java.base/jdk.internal.reflect.DirectMethodHandleAccessor.invoke(DirectMethodHandleAccessor.java:103)
com.kms.katalon.core.webui.keyword.internal.WebUIKeywordMain.runKeyword(WebUIKeywordMain.groovy:41)
com.kms.katalon.core.webui.keyword.internal.WebUIKeywordMain$runKeyword$0.call(Unknown Source)
com.kms.katalon.core.webui.keyword.builtin.WaitForPageLoadKeyword.waitForPageLoad(WaitForPageLoadKeyword.groovy:95)
com.kms.katalon.core.webui.keyword.builtin.WaitForPageLoadKeyword.execute(WaitForPageLoadKeyword.groovy:68)
com.kms.katalon.core.keyword.internal.KeywordExecutor.executeKeywordForPlatform(KeywordExecutor.groovy:99)
com.kms.katalon.core.webui.keyword.WebUiBuiltInKeywords.waitForPageLoad(WebUiBuiltInKeywords.groovy:2559)
Upload_file_Without_Classification.run(Upload_file_Without_Classification:76)
</property>
</record>
<record>
  <date>2026-05-28T11:07:35.159605600Z</date>
  <millis>1779966455159</millis>
  <nanos>605600</nanos>
  <sequence>1047</sequence>
  <level>END</level>
  <class>com.kms.katalon.core.logging.XmlKeywordLogger</class>
  <method>endKeyword</method>
  <thread>1</thread>
  <message>End action : waitForPageLoad(20)</message>
  <nestedLevel>1</nestedLevel>
  <escapedJava>false</escapedJava>
</record>
<record>
  <date>2026-05-28T11:07:35.162630800Z</date>
  <millis>1779966455162</millis>
  <nanos>630800</nanos>
  <sequence>1048</sequence>
  <level>START</level>
  <class>com.kms.katalon.core.logging.XmlKeywordLogger</class>
  <method>startKeyword</method>
  <thread>1</thread>
  <message>Start action : uploadBtn = findTestObject(&amp;quot;Page_Work Order  View- Workforce Manager/Page_Work Order  View- Workforce Manager/a_dLabel&amp;quot;)</message>
  <nestedLevel>1</nestedLevel>
  <escapedJava>false</escapedJava>
  <property name="startLine">81</property>
  <property name="stepIndex">15</property>
</record>
<record>
  <date>2026-05-28T11:07:35.211573800Z</date>
  <millis>1779966455211</millis>
  <nanos>573800</nanos>
  <sequence>1050</sequence>
  <level>END</level>
  <class>com.kms.katalon.core.logging.XmlKeywordLogger</class>
  <method>endKeyword</method>
  <thread>1</thread>
  <message>End action : uploadBtn = findTestObject(&amp;quot;Page_Work Order  View- Workforce Manager/Page_Work Order  View- Workforce Manager/a_dLabel&amp;quot;)</message>
  <nestedLevel>1</nestedLevel>
  <escapedJava>false</escapedJava>
</record>
<record>
  <date>2026-05-28T11:07:35.211573800Z</date>
  <millis>1779966455211</millis>
  <nanos>573800</nanos>
  <sequence>1051</sequence>
  <level>START</level>
  <class>com.kms.katalon.core.logging.XmlKeywordLogger</class>
  <method>startKeyword</method>
  <thread>1</thread>
  <message>Start action : waitForElementClickable(uploadBtn, 20)</message>
  <nestedLevel>1</nestedLevel>
  <escapedJava>false</escapedJava>
  <property name="startLine">86</property>
  <property name="stepIndex">16</property>
</record>
<record>
  <date>2026-05-28T11:07:35.603126200Z</date>
  <millis>1779966455603</millis>
  <nanos>126200</nanos>
  <sequence>1057</sequence>
  <level>PASSED</level>
  <class>com.kms.katalon.core.logging.XmlKeywordLogger</class>
  <method>logMessage</method>
  <thread>1</thread>
  <message>Object &amp;apos;Object Repository/Page_Work Order  View- Workforce Manager/Page_Work Order  View- Workforce Manager/a_dLabel&amp;apos; is clickable</message>
  <nestedLevel>1</nestedLevel>
  <escapedJava>false</escapedJava>
  <property name="testops-method-name">com.kms.katalon.core.webui.keyword.internal.WebUIKeywordMain.runKeywordUntilTimeout</property>
  <property name="testops-execution-stacktrace">com.kms.katalon.core.logging.KeywordLogger.logPassed(KeywordLogger.java:350)
com.kms.katalon.core.logging.KeywordLogger.logPassed(KeywordLogger.java:345)
com.kms.katalon.core.logging.KeywordLogger$logPassed$0.call(Unknown Source)
com.kms.katalon.core.webui.keyword.builtin.WaitForElementClickableKeyword$_waitForElementClickable_closure1.doCall(WaitForElementClickableKeyword.groovy:59)
java.base/jdk.internal.reflect.DirectMethodHandleAccessor.invoke(DirectMethodHandleAccessor.java:103)
jdk.proxy2/jdk.proxy2.$Proxy56.execute(Unknown Source)
com.kms.katalon.core.webui.model.SeleniumActionRetryController.performAction(SeleniumActionRetryController.java:96)
com.kms.katalon.core.webui.model.SeleniumActionRetryController.performAction(SeleniumActionRetryController.java:83)
com.kms.katalon.core.webui.keyword.internal.WebUIKeywordMain$_runKeywordUntilTimeout_closure2.doCall(WebUIKeywordMain.groovy:155)
com.kms.katalon.core.webui.keyword.internal.WebUIKeywordMain$_runKeywordUntilTimeout_closure2.call(WebUIKeywordMain.groovy)
com.kms.katalon.core.webui.keyword.internal.WebUIKeywordMain.runKeyword(WebUIKeywordMain.groovy:41)
com.kms.katalon.core.webui.keyword.internal.WebUIKeywordMain.runKeywordUntilTimeout(WebUIKeywordMain.groovy:152)
com.kms.katalon.core.webui.keyword.internal.WebUIKeywordMain$runKeywordUntilTimeout.call(Unknown Source)
com.kms.katalon.core.webui.keyword.builtin.WaitForElementClickableKeyword.waitForElementClickable(WaitForElementClickableKeyword.groovy:76)
com.kms.katalon.core.webui.keyword.builtin.WaitForElementClickableKeyword.execute(WaitForElementClickableKeyword.groovy:42)
com.kms.katalon.core.keyword.internal.KeywordExecutor.executeKeywordForPlatform(KeywordExecutor.groovy:99)
com.kms.katalon.core.webui.keyword.WebUiBuiltInKeywords.waitForElementClickable(WebUiBuiltInKeywords.groovy:581)
Upload_file_Without_Classification.run(Upload_file_Without_Classification:86)
</property>
</record>
<record>
  <date>2026-05-28T11:07:35.606619200Z</date>
  <millis>1779966455606</millis>
  <nanos>619200</nanos>
  <sequence>1058</sequence>
  <level>END</level>
  <class>com.kms.katalon.core.logging.XmlKeywordLogger</class>
  <method>endKeyword</method>
  <thread>1</thread>
  <message>End action : waitForElementClickable(uploadBtn, 20)</message>
  <nestedLevel>1</nestedLevel>
  <escapedJava>false</escapedJava>
</record>
<record>
  <date>2026-05-28T11:07:35.607626900Z</date>
  <millis>1779966455607</millis>
  <nanos>626900</nanos>
  <sequence>1059</sequence>
  <level>START</level>
  <class>com.kms.katalon.core.logging.XmlKeywordLogger</class>
  <method>startKeyword</method>
  <thread>1</thread>
  <message>Start action : enhancedClick(uploadBtn)</message>
  <nestedLevel>1</nestedLevel>
  <escapedJava>false</escapedJava>
  <property name="startLine">91</property>
  <property name="stepIndex">17</property>
</record>
<record>
  <date>2026-05-28T11:07:36.039704800Z</date>
  <millis>1779966456039</millis>
  <nanos>704800</nanos>
  <sequence>1070</sequence>
  <level>PASSED</level>
  <class>com.kms.katalon.core.logging.XmlKeywordLogger</class>
  <method>logMessage</method>
  <thread>1</thread>
  <message>Object: &amp;apos;Object Repository/Page_Work Order  View- Workforce Manager/Page_Work Order  View- Workforce Manager/a_dLabel&amp;apos; is clicked on</message>
  <nestedLevel>1</nestedLevel>
  <escapedJava>false</escapedJava>
  <property name="testops-method-name">com.kms.katalon.core.webui.keyword.internal.WebUIKeywordMain.runKeywordUntilTimeout</property>
  <property name="testops-execution-stacktrace">com.kms.katalon.core.logging.KeywordLogger.logPassed(KeywordLogger.java:350)
com.kms.katalon.core.logging.KeywordLogger.logPassed(KeywordLogger.java:345)
com.kms.katalon.core.webui.keyword.builtin.EnhancedClickKeyword$_click_closure1$_closure5.doCall(EnhancedClickKeyword.groovy:88)
java.base/jdk.internal.reflect.DirectMethodHandleAccessor.invoke(DirectMethodHandleAccessor.java:103)
jdk.proxy2/jdk.proxy2.$Proxy60.accept(Unknown Source)
com.kms.katalon.core.trymonad.Success.onSuccess(Try.java:263)
com.kms.katalon.core.webui.keyword.builtin.EnhancedClickKeyword$_click_closure1.doCall(EnhancedClickKeyword.groovy:71)
java.base/jdk.internal.reflect.DirectMethodHandleAccessor.invoke(DirectMethodHandleAccessor.java:103)
jdk.proxy2/jdk.proxy2.$Proxy56.execute(Unknown Source)
com.kms.katalon.core.webui.model.SeleniumActionRetryController.performAction(SeleniumActionRetryController.java:96)
com.kms.katalon.core.webui.model.SeleniumActionRetryController.performAction(SeleniumActionRetryController.java:83)
com.kms.katalon.core.webui.keyword.internal.WebUIKeywordMain$_runKeywordUntilTimeout_closure1.doCall(WebUIKeywordMain.groovy:135)
com.kms.katalon.core.webui.keyword.internal.WebUIKeywordMain$_runKeywordUntilTimeout_closure1.call(WebUIKeywordMain.groovy)
com.kms.katalon.core.webui.keyword.internal.WebUIKeywordMain.runKeyword(WebUIKeywordMain.groovy:41)
com.kms.katalon.core.webui.keyword.internal.WebUIKeywordMain.runKeywordUntilTimeout(WebUIKeywordMain.groovy:133)
com.kms.katalon.core.webui.keyword.builtin.EnhancedClickKeyword.click(EnhancedClickKeyword.groovy:95)
com.kms.katalon.core.webui.keyword.builtin.EnhancedClickKeyword.execute(EnhancedClickKeyword.groovy:41)
com.kms.katalon.core.keyword.internal.KeywordExecutor.executeKeywordForPlatform(KeywordExecutor.groovy:99)
com.kms.katalon.core.webui.keyword.WebUiBuiltInKeywords.enhancedClick(WebUiBuiltInKeywords.groovy:748)
Upload_file_Without_Classification.run(Upload_file_Without_Classification:91)
</property>
</record>
<record>
  <date>2026-05-28T11:07:36.041803Z</date>
  <millis>1779966456041</millis>
  <nanos>803000</nanos>
  <sequence>1071</sequence>
  <level>END</level>
  <class>com.kms.katalon.core.logging.XmlKeywordLogger</class>
  <method>endKeyword</method>
  <thread>1</thread>
  <message>End action : enhancedClick(uploadBtn)</message>
  <nestedLevel>1</nestedLevel>
  <escapedJava>false</escapedJava>
</record>
<record>
  <date>2026-05-28T11:07:36.041803Z</date>
  <millis>1779966456041</millis>
  <nanos>803000</nanos>
  <sequence>1072</sequence>
  <level>START</level>
  <class>com.kms.katalon.core.logging.XmlKeywordLogger</class>
  <method>startKeyword</method>
  <thread>1</thread>
  <message>Start action : println(&amp;quot;Upload modal opened&amp;quot;)</message>
  <nestedLevel>1</nestedLevel>
  <escapedJava>false</escapedJava>
  <property name="startLine">95</property>
  <property name="stepIndex">18</property>
</record>
<record>
  <date>2026-05-28T11:07:36.045238500Z</date>
  <millis>1779966456045</millis>
  <nanos>238500</nanos>
  <sequence>1073</sequence>
  <level>END</level>
  <class>com.kms.katalon.core.logging.XmlKeywordLogger</class>
  <method>endKeyword</method>
  <thread>1</thread>
  <message>End action : println(&amp;quot;Upload modal opened&amp;quot;)</message>
  <nestedLevel>1</nestedLevel>
  <escapedJava>false</escapedJava>
</record>
<record>
  <date>2026-05-28T11:07:36.047856300Z</date>
  <millis>1779966456047</millis>
  <nanos>856300</nanos>
  <sequence>1074</sequence>
  <level>START</level>
  <class>com.kms.katalon.core.logging.XmlKeywordLogger</class>
  <method>startKeyword</method>
  <thread>1</thread>
  <message>Start action : assert Files.exists(Paths.get(uploadFile))</message>
  <nestedLevel>1</nestedLevel>
  <escapedJava>false</escapedJava>
  <property name="startLine">100</property>
  <property name="stepIndex">19</property>
</record>
<record>
  <date>2026-05-28T11:07:36.078345700Z</date>
  <millis>1779966456078</millis>
  <nanos>345700</nanos>
  <sequence>1075</sequence>
  <level>END</level>
  <class>com.kms.katalon.core.logging.XmlKeywordLogger</class>
  <method>endKeyword</method>
  <thread>1</thread>
  <message>End action : assert Files.exists(Paths.get(uploadFile))</message>
  <nestedLevel>1</nestedLevel>
  <escapedJava>false</escapedJava>
</record>
<record>
  <date>2026-05-28T11:07:36.078345700Z</date>
  <millis>1779966456078</millis>
  <nanos>345700</nanos>
  <sequence>1076</sequence>
  <level>START</level>
  <class>com.kms.katalon.core.logging.XmlKeywordLogger</class>
  <method>startKeyword</method>
  <thread>1</thread>
  <message>Start action : println(&amp;quot;Uploading -&amp;gt; &amp;quot; + uploadFile)</message>
  <nestedLevel>1</nestedLevel>
  <escapedJava>false</escapedJava>
  <property name="startLine">103</property>
  <property name="stepIndex">20</property>
</record>
<record>
  <date>2026-05-28T11:07:36.081351100Z</date>
  <millis>1779966456081</millis>
  <nanos>351100</nanos>
  <sequence>1077</sequence>
  <level>END</level>
  <class>com.kms.katalon.core.logging.XmlKeywordLogger</class>
  <method>endKeyword</method>
  <thread>1</thread>
  <message>End action : println(&amp;quot;Uploading -&amp;gt; &amp;quot; + uploadFile)</message>
  <nestedLevel>1</nestedLevel>
  <escapedJava>false</escapedJava>
</record>
<record>
  <date>2026-05-28T11:07:36.082345800Z</date>
  <millis>1779966456082</millis>
  <nanos>345800</nanos>
  <sequence>1078</sequence>
  <level>START</level>
  <class>com.kms.katalon.core.logging.XmlKeywordLogger</class>
  <method>startKeyword</method>
  <thread>1</thread>
  <message>Start action : fileInput = new com.kms.katalon.core.testobject.TestObject()</message>
  <nestedLevel>1</nestedLevel>
  <escapedJava>false</escapedJava>
  <property name="startLine">109</property>
  <property name="stepIndex">21</property>
</record>
<record>
  <date>2026-05-28T11:07:36.086076500Z</date>
  <millis>1779966456086</millis>
  <nanos>76500</nanos>
  <sequence>1079</sequence>
  <level>END</level>
  <class>com.kms.katalon.core.logging.XmlKeywordLogger</class>
  <method>endKeyword</method>
  <thread>1</thread>
  <message>End action : fileInput = new com.kms.katalon.core.testobject.TestObject()</message>
  <nestedLevel>1</nestedLevel>
  <escapedJava>false</escapedJava>
</record>
<record>
  <date>2026-05-28T11:07:36.086076500Z</date>
  <millis>1779966456086</millis>
  <nanos>76500</nanos>
  <sequence>1080</sequence>
  <level>START</level>
  <class>com.kms.katalon.core.logging.XmlKeywordLogger</class>
  <method>startKeyword</method>
  <thread>1</thread>
  <message>Start action : fileInput.addProperty(&amp;quot;xpath&amp;quot;, EQUALS, &amp;quot;//*[@id=&amp;apos;file_upload&amp;apos;]&amp;quot;)</message>
  <nestedLevel>1</nestedLevel>
  <escapedJava>false</escapedJava>
  <property name="startLine">111</property>
  <property name="stepIndex">22</property>
</record>
<record>
  <date>2026-05-28T11:07:36.088230900Z</date>
  <millis>1779966456088</millis>
  <nanos>230900</nanos>
  <sequence>1081</sequence>
  <level>END</level>
  <class>com.kms.katalon.core.logging.XmlKeywordLogger</class>
  <method>endKeyword</method>
  <thread>1</thread>
  <message>End action : fileInput.addProperty(&amp;quot;xpath&amp;quot;, EQUALS, &amp;quot;//*[@id=&amp;apos;file_upload&amp;apos;]&amp;quot;)</message>
  <nestedLevel>1</nestedLevel>
  <escapedJava>false</escapedJava>
</record>
<record>
  <date>2026-05-28T11:07:36.090405900Z</date>
  <millis>1779966456090</millis>
  <nanos>405900</nanos>
  <sequence>1082</sequence>
  <level>START</level>
  <class>com.kms.katalon.core.logging.XmlKeywordLogger</class>
  <method>startKeyword</method>
  <thread>1</thread>
  <message>Start action : waitForElementPresent(fileInput, 20)</message>
  <nestedLevel>1</nestedLevel>
  <escapedJava>false</escapedJava>
  <property name="startLine">117</property>
  <property name="stepIndex">23</property>
</record>
<record>
  <date>2026-05-28T11:07:36.587885400Z</date>
  <millis>1779966456587</millis>
  <nanos>885400</nanos>
  <sequence>1088</sequence>
  <level>PASSED</level>
  <class>com.kms.katalon.core.logging.XmlKeywordLogger</class>
  <method>logMessage</method>
  <thread>1</thread>
  <message>Object &amp;apos;&amp;apos; is present</message>
  <nestedLevel>1</nestedLevel>
  <escapedJava>false</escapedJava>
  <property name="testops-method-name">com.kms.katalon.core.webui.keyword.internal.WebUIKeywordMain.runKeywordUntilTimeout</property>
  <property name="testops-execution-stacktrace">com.kms.katalon.core.logging.KeywordLogger.logPassed(KeywordLogger.java:350)
com.kms.katalon.core.logging.KeywordLogger.logPassed(KeywordLogger.java:345)
com.kms.katalon.core.webui.keyword.builtin.WaitForElementPresentKeyword$_waitForElementPresent_closure1.doCall(WaitForElementPresentKeyword.groovy:56)
java.base/jdk.internal.reflect.DirectMethodHandleAccessor.invoke(DirectMethodHandleAccessor.java:103)
jdk.proxy2/jdk.proxy2.$Proxy56.execute(Unknown Source)
com.kms.katalon.core.webui.model.SeleniumActionRetryController.performAction(SeleniumActionRetryController.java:96)
com.kms.katalon.core.webui.model.SeleniumActionRetryController.performAction(SeleniumActionRetryController.java:83)
com.kms.katalon.core.webui.keyword.internal.WebUIKeywordMain$_runKeywordUntilTimeout_closure2.doCall(WebUIKeywordMain.groovy:155)
com.kms.katalon.core.webui.keyword.internal.WebUIKeywordMain$_runKeywordUntilTimeout_closure2.call(WebUIKeywordMain.groovy)
com.kms.katalon.core.webui.keyword.internal.WebUIKeywordMain.runKeyword(WebUIKeywordMain.groovy:41)
com.kms.katalon.core.webui.keyword.internal.WebUIKeywordMain.runKeywordUntilTimeout(WebUIKeywordMain.groovy:152)
com.kms.katalon.core.webui.keyword.builtin.WaitForElementPresentKeyword.waitForElementPresent(WaitForElementPresentKeyword.groovy:68)
com.kms.katalon.core.webui.keyword.builtin.WaitForElementPresentKeyword.execute(WaitForElementPresentKeyword.groovy:38)
com.kms.katalon.core.keyword.internal.KeywordExecutor.executeKeywordForPlatform(KeywordExecutor.groovy:99)
com.kms.katalon.core.webui.keyword.WebUiBuiltInKeywords.waitForElementPresent(WebUiBuiltInKeywords.groovy:424)
Upload_file_Without_Classification.run(Upload_file_Without_Classification:117)
</property>
</record>
<record>
  <date>2026-05-28T11:07:36.592407500Z</date>
  <millis>1779966456592</millis>
  <nanos>407500</nanos>
  <sequence>1089</sequence>
  <level>END</level>
  <class>com.kms.katalon.core.logging.XmlKeywordLogger</class>
  <method>endKeyword</method>
  <thread>1</thread>
  <message>End action : waitForElementPresent(fileInput, 20)</message>
  <nestedLevel>1</nestedLevel>
  <escapedJava>false</escapedJava>
</record>
<record>
  <date>2026-05-28T11:07:36.594426800Z</date>
  <millis>1779966456594</millis>
  <nanos>426800</nanos>
  <sequence>1090</sequence>
  <level>START</level>
  <class>com.kms.katalon.core.logging.XmlKeywordLogger</class>
  <method>startKeyword</method>
  <thread>1</thread>
  <message>Start action : executeJavaScript(&amp;quot;\narguments[0].style.display=&amp;apos;block&amp;apos;;\narguments[0].style.visibility=&amp;apos;visible&amp;apos;;\narguments[0].removeAttribute(&amp;apos;hidden&amp;apos;);\narguments[0].removeAttribute(&amp;apos;disabled&amp;apos;);\n&amp;quot;, [findWebElement(fileInput, 20)])</message>
  <nestedLevel>1</nestedLevel>
  <escapedJava>false</escapedJava>
  <property name="startLine">123</property>
  <property name="stepIndex">24</property>
</record>
<record>
  <date>2026-05-28T11:07:36.941216200Z</date>
  <millis>1779966456941</millis>
  <nanos>216200</nanos>
  <sequence>1096</sequence>
  <level>PASSED</level>
  <class>com.kms.katalon.core.logging.XmlKeywordLogger</class>
  <method>logMessage</method>
  <thread>1</thread>
  <message>Found web element by test object </message>
  <nestedLevel>1</nestedLevel>
  <escapedJava>false</escapedJava>
  <property name="testops-method-name">com.kms.katalon.core.webui.keyword.internal.WebUIKeywordMain.runKeywordUntilTimeout</property>
  <property name="testops-execution-stacktrace">com.kms.katalon.core.logging.KeywordLogger.logPassed(KeywordLogger.java:350)
com.kms.katalon.core.logging.KeywordLogger.logPassed(KeywordLogger.java:345)
com.kms.katalon.core.webui.keyword.builtin.FindWebElementKeyword$_findWebElement_closure1.doCall(FindWebElementKeyword.groovy:52)
java.base/jdk.internal.reflect.DirectMethodHandleAccessor.invoke(DirectMethodHandleAccessor.java:103)
jdk.proxy2/jdk.proxy2.$Proxy56.execute(Unknown Source)
com.kms.katalon.core.webui.model.SeleniumActionRetryController.performAction(SeleniumActionRetryController.java:96)
com.kms.katalon.core.webui.model.SeleniumActionRetryController.performAction(SeleniumActionRetryController.java:83)
com.kms.katalon.core.webui.keyword.internal.WebUIKeywordMain$_runKeywordUntilTimeout_closure2.doCall(WebUIKeywordMain.groovy:155)
com.kms.katalon.core.webui.keyword.internal.WebUIKeywordMain$_runKeywordUntilTimeout_closure2.call(WebUIKeywordMain.groovy)
com.kms.katalon.core.webui.keyword.internal.WebUIKeywordMain.runKeyword(WebUIKeywordMain.groovy:41)
com.kms.katalon.core.webui.keyword.internal.WebUIKeywordMain.runKeywordUntilTimeout(WebUIKeywordMain.groovy:152)
com.kms.katalon.core.webui.keyword.builtin.FindWebElementKeyword.findWebElement(FindWebElementKeyword.groovy:60)
com.kms.katalon.core.webui.keyword.builtin.FindWebElementKeyword.execute(FindWebElementKeyword.groovy:39)
com.kms.katalon.core.keyword.internal.KeywordExecutor.executeKeywordForPlatform(KeywordExecutor.groovy:99)
com.kms.katalon.core.webui.keyword.WebUiBuiltInKeywords.findWebElement(WebUiBuiltInKeywords.groovy:2945)
Upload_file_Without_Classification.run(Upload_file_Without_Classification:131)
</property>
</record>
<record>
  <date>2026-05-28T11:07:36.965283600Z</date>
  <millis>1779966456965</millis>
  <nanos>283600</nanos>
  <sequence>1098</sequence>
  <level>PASSED</level>
  <class>com.kms.katalon.core.logging.XmlKeywordLogger</class>
  <method>logMessage</method>
  <thread>1</thread>
  <message>Execute JavaScript &amp;apos;
arguments[0].style.display=&amp;apos;block&amp;apos;;
arguments[0].style.visibility=&amp;apos;visible&amp;apos;;
arguments[0].removeAttribute(&amp;apos;hidden&amp;apos;);
arguments[0].removeAttribute(&amp;apos;disabled&amp;apos;);
&amp;apos; successfully</message>
  <nestedLevel>1</nestedLevel>
  <escapedJava>false</escapedJava>
  <property name="testops-method-name">com.kms.katalon.core.webui.keyword.builtin.ExecuteJavaScriptKeyword.executeJavascript</property>
  <property name="testops-execution-stacktrace"></property>
</record>
<record>
  <date>2026-05-28T11:07:36.965283600Z</date>
  <millis>1779966456965</millis>
  <nanos>283600</nanos>
  <sequence>1099</sequence>
  <level>END</level>
  <class>com.kms.katalon.core.logging.XmlKeywordLogger</class>
  <method>endKeyword</method>
  <thread>1</thread>
  <message>End action : executeJavaScript(&amp;quot;\narguments[0].style.display=&amp;apos;block&amp;apos;;\narguments[0].style.visibility=&amp;apos;visible&amp;apos;;\narguments[0].removeAttribute(&amp;apos;hidden&amp;apos;);\narguments[0].removeAttribute(&amp;apos;disabled&amp;apos;);\n&amp;quot;, [findWebElement(fileInput, 20)])</message>
  <nestedLevel>1</nestedLevel>
  <escapedJava>false</escapedJava>
</record>
<record>
  <date>2026-05-28T11:07:36.965283600Z</date>
  <millis>1779966456965</millis>
  <nanos>283600</nanos>
  <sequence>1100</sequence>
  <level>START</level>
  <class>com.kms.katalon.core.logging.XmlKeywordLogger</class>
  <method>startKeyword</method>
  <thread>1</thread>
  <message>Start action : uploadFile(fileInput, uploadFile)</message>
  <nestedLevel>1</nestedLevel>
  <escapedJava>false</escapedJava>
  <property name="startLine">142</property>
  <property name="stepIndex">25</property>
</record>
<record>
  <date>2026-05-28T11:07:37.387507900Z</date>
  <millis>1779966457387</millis>
  <nanos>507900</nanos>
  <sequence>1109</sequence>
  <level>WARNING</level>
  <class>com.kms.katalon.core.logging.XmlKeywordLogger</class>
  <method>logMessage</method>
  <thread>1</thread>
  <message>Cannot clear the existing file path in the input element. Continue to upload file.</message>
  <nestedLevel>1</nestedLevel>
  <escapedJava>false</escapedJava>
</record>
<record>
  <date>2026-05-28T11:07:37.539356700Z</date>
  <millis>1779966457539</millis>
  <nanos>356700</nanos>
  <sequence>1110</sequence>
  <level>PASSED</level>
  <class>com.kms.katalon.core.logging.XmlKeywordLogger</class>
  <method>logMessage</method>
  <thread>1</thread>
  <message>File &amp;apos;C:/Users/CROWN-STAFF/git/convergence-qa-tests/Include/test-files/TASK CYCLE.pdf&amp;apos; sent to object: &amp;apos;&amp;apos;</message>
  <nestedLevel>1</nestedLevel>
  <escapedJava>false</escapedJava>
  <property name="testops-method-name">com.kms.katalon.core.webui.keyword.builtin.UploadFileKeyword.uploadFile</property>
  <property name="testops-execution-stacktrace"></property>
</record>
<record>
  <date>2026-05-28T11:07:37.545320200Z</date>
  <millis>1779966457545</millis>
  <nanos>320200</nanos>
  <sequence>1111</sequence>
  <level>END</level>
  <class>com.kms.katalon.core.logging.XmlKeywordLogger</class>
  <method>endKeyword</method>
  <thread>1</thread>
  <message>End action : uploadFile(fileInput, uploadFile)</message>
  <nestedLevel>1</nestedLevel>
  <escapedJava>false</escapedJava>
</record>
<record>
  <date>2026-05-28T11:07:37.546333Z</date>
  <millis>1779966457546</millis>
  <nanos>333000</nanos>
  <sequence>1112</sequence>
  <level>START</level>
  <class>com.kms.katalon.core.logging.XmlKeywordLogger</class>
  <method>startKeyword</method>
  <thread>1</thread>
  <message>Start action : println(&amp;quot;File injected successfully&amp;quot;)</message>
  <nestedLevel>1</nestedLevel>
  <escapedJava>false</escapedJava>
  <property name="startLine">147</property>
  <property name="stepIndex">26</property>
</record>
<record>
  <date>2026-05-28T11:07:37.552332400Z</date>
  <millis>1779966457552</millis>
  <nanos>332400</nanos>
  <sequence>1113</sequence>
  <level>END</level>
  <class>com.kms.katalon.core.logging.XmlKeywordLogger</class>
  <method>endKeyword</method>
  <thread>1</thread>
  <message>End action : println(&amp;quot;File injected successfully&amp;quot;)</message>
  <nestedLevel>1</nestedLevel>
  <escapedJava>false</escapedJava>
</record>
<record>
  <date>2026-05-28T11:07:37.552332400Z</date>
  <millis>1779966457552</millis>
  <nanos>332400</nanos>
  <sequence>1114</sequence>
  <level>START</level>
  <class>com.kms.katalon.core.logging.XmlKeywordLogger</class>
  <method>startKeyword</method>
  <thread>1</thread>
  <message>Start action : delay(8)</message>
  <nestedLevel>1</nestedLevel>
  <escapedJava>false</escapedJava>
  <property name="startLine">152</property>
  <property name="stepIndex">27</property>
</record>
<record>
  <date>2026-05-28T11:07:45.558665500Z</date>
  <millis>1779966465558</millis>
  <nanos>665500</nanos>
  <sequence>1117</sequence>
  <level>PASSED</level>
  <class>com.kms.katalon.core.logging.XmlKeywordLogger</class>
  <method>logMessage</method>
  <thread>1</thread>
  <message>Delayed 8 second(s)</message>
  <nestedLevel>1</nestedLevel>
  <escapedJava>false</escapedJava>
  <property name="testops-method-name">com.kms.katalon.core.keyword.builtin.DelayKeyword.delay</property>
  <property name="testops-execution-stacktrace"></property>
</record>
<record>
  <date>2026-05-28T11:07:45.561187500Z</date>
  <millis>1779966465561</millis>
  <nanos>187500</nanos>
  <sequence>1118</sequence>
  <level>END</level>
  <class>com.kms.katalon.core.logging.XmlKeywordLogger</class>
  <method>endKeyword</method>
  <thread>1</thread>
  <message>End action : delay(8)</message>
  <nestedLevel>1</nestedLevel>
  <escapedJava>false</escapedJava>
</record>
<record>
  <date>2026-05-28T11:07:45.561187500Z</date>
  <millis>1779966465561</millis>
  <nanos>187500</nanos>
  <sequence>1119</sequence>
  <level>START</level>
  <class>com.kms.katalon.core.logging.XmlKeywordLogger</class>
  <method>startKeyword</method>
  <thread>1</thread>
  <message>Start action : noButton = new com.kms.katalon.core.testobject.TestObject()</message>
  <nestedLevel>1</nestedLevel>
  <escapedJava>false</escapedJava>
  <property name="startLine">157</property>
  <property name="stepIndex">28</property>
</record>
<record>
  <date>2026-05-28T11:07:45.563191200Z</date>
  <millis>1779966465563</millis>
  <nanos>191200</nanos>
  <sequence>1120</sequence>
  <level>END</level>
  <class>com.kms.katalon.core.logging.XmlKeywordLogger</class>
  <method>endKeyword</method>
  <thread>1</thread>
  <message>End action : noButton = new com.kms.katalon.core.testobject.TestObject()</message>
  <nestedLevel>1</nestedLevel>
  <escapedJava>false</escapedJava>
</record>
<record>
  <date>2026-05-28T11:07:45.563191200Z</date>
  <millis>1779966465563</millis>
  <nanos>191200</nanos>
  <sequence>1121</sequence>
  <level>START</level>
  <class>com.kms.katalon.core.logging.XmlKeywordLogger</class>
  <method>startKeyword</method>
  <thread>1</thread>
  <message>Start action : noButton.addProperty(&amp;quot;xpath&amp;quot;, EQUALS, &amp;quot;//button[normalize-space()=&amp;apos;No&amp;apos;]&amp;quot;)</message>
  <nestedLevel>1</nestedLevel>
  <escapedJava>false</escapedJava>
  <property name="startLine">159</property>
  <property name="stepIndex">29</property>
</record>
<record>
  <date>2026-05-28T11:07:45.564187100Z</date>
  <millis>1779966465564</millis>
  <nanos>187100</nanos>
  <sequence>1122</sequence>
  <level>END</level>
  <class>com.kms.katalon.core.logging.XmlKeywordLogger</class>
  <method>endKeyword</method>
  <thread>1</thread>
  <message>End action : noButton.addProperty(&amp;quot;xpath&amp;quot;, EQUALS, &amp;quot;//button[normalize-space()=&amp;apos;No&amp;apos;]&amp;quot;)</message>
  <nestedLevel>1</nestedLevel>
  <escapedJava>false</escapedJava>
</record>
<record>
  <date>2026-05-28T11:07:45.564187100Z</date>
  <millis>1779966465564</millis>
  <nanos>187100</nanos>
  <sequence>1123</sequence>
  <level>START</level>
  <class>com.kms.katalon.core.logging.XmlKeywordLogger</class>
  <method>startKeyword</method>
  <thread>1</thread>
  <message>Start action : modalPresent = waitForElementPresent(noButton, 10, OPTIONAL)</message>
  <nestedLevel>1</nestedLevel>
  <escapedJava>false</escapedJava>
  <property name="startLine">165</property>
  <property name="stepIndex">30</property>
</record>
<record>
  <date>2026-05-28T11:07:45.847883400Z</date>
  <millis>1779966465847</millis>
  <nanos>883400</nanos>
  <sequence>1129</sequence>
  <level>PASSED</level>
  <class>com.kms.katalon.core.logging.XmlKeywordLogger</class>
  <method>logMessage</method>
  <thread>1</thread>
  <message>Object &amp;apos;&amp;apos; is present</message>
  <nestedLevel>1</nestedLevel>
  <escapedJava>false</escapedJava>
  <property name="testops-method-name">com.kms.katalon.core.webui.keyword.internal.WebUIKeywordMain.runKeywordUntilTimeout</property>
  <property name="testops-execution-stacktrace">com.kms.katalon.core.logging.KeywordLogger.logPassed(KeywordLogger.java:350)
com.kms.katalon.core.logging.KeywordLogger.logPassed(KeywordLogger.java:345)
com.kms.katalon.core.webui.keyword.builtin.WaitForElementPresentKeyword$_waitForElementPresent_closure1.doCall(WaitForElementPresentKeyword.groovy:56)
java.base/jdk.internal.reflect.DirectMethodHandleAccessor.invoke(DirectMethodHandleAccessor.java:103)
jdk.proxy2/jdk.proxy2.$Proxy56.execute(Unknown Source)
com.kms.katalon.core.webui.model.SeleniumActionRetryController.performAction(SeleniumActionRetryController.java:96)
com.kms.katalon.core.webui.model.SeleniumActionRetryController.performAction(SeleniumActionRetryController.java:83)
com.kms.katalon.core.webui.keyword.internal.WebUIKeywordMain$_runKeywordUntilTimeout_closure2.doCall(WebUIKeywordMain.groovy:155)
com.kms.katalon.core.webui.keyword.internal.WebUIKeywordMain$_runKeywordUntilTimeout_closure2.call(WebUIKeywordMain.groovy)
com.kms.katalon.core.webui.keyword.internal.WebUIKeywordMain.runKeyword(WebUIKeywordMain.groovy:41)
com.kms.katalon.core.webui.keyword.internal.WebUIKeywordMain.runKeywordUntilTimeout(WebUIKeywordMain.groovy:152)
com.kms.katalon.core.webui.keyword.builtin.WaitForElementPresentKeyword.waitForElementPresent(WaitForElementPresentKeyword.groovy:68)
com.kms.katalon.core.webui.keyword.builtin.WaitForElementPresentKeyword.execute(WaitForElementPresentKeyword.groovy:38)
com.kms.katalon.core.keyword.internal.KeywordExecutor.executeKeywordForPlatform(KeywordExecutor.groovy:99)
com.kms.katalon.core.webui.keyword.WebUiBuiltInKeywords.waitForElementPresent(WebUiBuiltInKeywords.groovy:408)
Upload_file_Without_Classification.run(Upload_file_Without_Classification:166)
</property>
</record>
<record>
  <date>2026-05-28T11:07:45.849894400Z</date>
  <millis>1779966465849</millis>
  <nanos>894400</nanos>
  <sequence>1130</sequence>
  <level>END</level>
  <class>com.kms.katalon.core.logging.XmlKeywordLogger</class>
  <method>endKeyword</method>
  <thread>1</thread>
  <message>End action : modalPresent = waitForElementPresent(noButton, 10, OPTIONAL)</message>
  <nestedLevel>1</nestedLevel>
  <escapedJava>false</escapedJava>
</record>
<record>
  <date>2026-05-28T11:07:45.849894400Z</date>
  <millis>1779966465849</millis>
  <nanos>894400</nanos>
  <sequence>1131</sequence>
  <level>START</level>
  <class>com.kms.katalon.core.logging.XmlKeywordLogger</class>
  <method>startKeyword</method>
  <thread>1</thread>
  <message>Start action : if (modalPresent)</message>
  <nestedLevel>1</nestedLevel>
  <escapedJava>false</escapedJava>
  <property name="startLine">172</property>
  <property name="stepIndex">31</property>
</record>
<record>
  <date>2026-05-28T11:07:45.849894400Z</date>
  <millis>1779966465849</millis>
  <nanos>894400</nanos>
  <sequence>1132</sequence>
  <level>START</level>
  <class>com.kms.katalon.core.logging.XmlKeywordLogger</class>
  <method>startKeyword</method>
  <thread>1</thread>
  <message>Start action : waitForElementClickable(noButton, 10)</message>
  <nestedLevel>2</nestedLevel>
  <escapedJava>false</escapedJava>
  <property name="startLine">174</property>
  <property name="stepIndex">1</property>
</record>
<record>
  <date>2026-05-28T11:07:46.191947800Z</date>
  <millis>1779966466191</millis>
  <nanos>947800</nanos>
  <sequence>1138</sequence>
  <level>PASSED</level>
  <class>com.kms.katalon.core.logging.XmlKeywordLogger</class>
  <method>logMessage</method>
  <thread>1</thread>
  <message>Object &amp;apos;&amp;apos; is clickable</message>
  <nestedLevel>1</nestedLevel>
  <escapedJava>false</escapedJava>
  <property name="testops-method-name">com.kms.katalon.core.webui.keyword.internal.WebUIKeywordMain.runKeywordUntilTimeout</property>
  <property name="testops-execution-stacktrace">com.kms.katalon.core.logging.KeywordLogger.logPassed(KeywordLogger.java:350)
com.kms.katalon.core.logging.KeywordLogger.logPassed(KeywordLogger.java:345)
com.kms.katalon.core.logging.KeywordLogger$logPassed$0.call(Unknown Source)
com.kms.katalon.core.webui.keyword.builtin.WaitForElementClickableKeyword$_waitForElementClickable_closure1.doCall(WaitForElementClickableKeyword.groovy:59)
java.base/jdk.internal.reflect.DirectMethodHandleAccessor.invoke(DirectMethodHandleAccessor.java:103)
jdk.proxy2/jdk.proxy2.$Proxy56.execute(Unknown Source)
com.kms.katalon.core.webui.model.SeleniumActionRetryController.performAction(SeleniumActionRetryController.java:96)
com.kms.katalon.core.webui.model.SeleniumActionRetryController.performAction(SeleniumActionRetryController.java:83)
com.kms.katalon.core.webui.keyword.internal.WebUIKeywordMain$_runKeywordUntilTimeout_closure2.doCall(WebUIKeywordMain.groovy:155)
com.kms.katalon.core.webui.keyword.internal.WebUIKeywordMain$_runKeywordUntilTimeout_closure2.call(WebUIKeywordMain.groovy)
com.kms.katalon.core.webui.keyword.internal.WebUIKeywordMain.runKeyword(WebUIKeywordMain.groovy:41)
com.kms.katalon.core.webui.keyword.internal.WebUIKeywordMain.runKeywordUntilTimeout(WebUIKeywordMain.groovy:152)
com.kms.katalon.core.webui.keyword.internal.WebUIKeywordMain$runKeywordUntilTimeout.call(Unknown Source)
com.kms.katalon.core.webui.keyword.builtin.WaitForElementClickableKeyword.waitForElementClickable(WaitForElementClickableKeyword.groovy:76)
com.kms.katalon.core.webui.keyword.builtin.WaitForElementClickableKeyword.execute(WaitForElementClickableKeyword.groovy:42)
com.kms.katalon.core.keyword.internal.KeywordExecutor.executeKeywordForPlatform(KeywordExecutor.groovy:99)
com.kms.katalon.core.webui.keyword.WebUiBuiltInKeywords.waitForElementClickable(WebUiBuiltInKeywords.groovy:581)
Upload_file_Without_Classification.run(Upload_file_Without_Classification:174)
</property>
</record>
<record>
  <date>2026-05-28T11:07:46.193988Z</date>
  <millis>1779966466193</millis>
  <nanos>988000</nanos>
  <sequence>1139</sequence>
  <level>END</level>
  <class>com.kms.katalon.core.logging.XmlKeywordLogger</class>
  <method>endKeyword</method>
  <thread>1</thread>
  <message>End action : waitForElementClickable(noButton, 10)</message>
  <nestedLevel>2</nestedLevel>
  <escapedJava>false</escapedJava>
</record>
<record>
  <date>2026-05-28T11:07:46.193988Z</date>
  <millis>1779966466193</millis>
  <nanos>988000</nanos>
  <sequence>1140</sequence>
  <level>START</level>
  <class>com.kms.katalon.core.logging.XmlKeywordLogger</class>
  <method>startKeyword</method>
  <thread>1</thread>
  <message>Start action : enhancedClick(noButton)</message>
  <nestedLevel>2</nestedLevel>
  <escapedJava>false</escapedJava>
  <property name="startLine">179</property>
  <property name="stepIndex">2</property>
</record>
<record>
  <date>2026-05-28T11:07:46.641004500Z</date>
  <millis>1779966466641</millis>
  <nanos>4500</nanos>
  <sequence>1151</sequence>
  <level>PASSED</level>
  <class>com.kms.katalon.core.logging.XmlKeywordLogger</class>
  <method>logMessage</method>
  <thread>1</thread>
  <message>Object: &amp;apos;&amp;apos; is clicked on</message>
  <nestedLevel>1</nestedLevel>
  <escapedJava>false</escapedJava>
  <property name="testops-method-name">com.kms.katalon.core.webui.keyword.internal.WebUIKeywordMain.runKeywordUntilTimeout</property>
  <property name="testops-execution-stacktrace">com.kms.katalon.core.logging.KeywordLogger.logPassed(KeywordLogger.java:350)
com.kms.katalon.core.logging.KeywordLogger.logPassed(KeywordLogger.java:345)
com.kms.katalon.core.webui.keyword.builtin.EnhancedClickKeyword$_click_closure1$_closure5.doCall(EnhancedClickKeyword.groovy:88)
java.base/jdk.internal.reflect.DirectMethodHandleAccessor.invoke(DirectMethodHandleAccessor.java:103)
jdk.proxy2/jdk.proxy2.$Proxy60.accept(Unknown Source)
com.kms.katalon.core.trymonad.Success.onSuccess(Try.java:263)
com.kms.katalon.core.webui.keyword.builtin.EnhancedClickKeyword$_click_closure1.doCall(EnhancedClickKeyword.groovy:71)
java.base/jdk.internal.reflect.DirectMethodHandleAccessor.invoke(DirectMethodHandleAccessor.java:103)
jdk.proxy2/jdk.proxy2.$Proxy56.execute(Unknown Source)
com.kms.katalon.core.webui.model.SeleniumActionRetryController.performAction(SeleniumActionRetryController.java:96)
com.kms.katalon.core.webui.model.SeleniumActionRetryController.performAction(SeleniumActionRetryController.java:83)
com.kms.katalon.core.webui.keyword.internal.WebUIKeywordMain$_runKeywordUntilTimeout_closure1.doCall(WebUIKeywordMain.groovy:135)
com.kms.katalon.core.webui.keyword.internal.WebUIKeywordMain$_runKeywordUntilTimeout_closure1.call(WebUIKeywordMain.groovy)
com.kms.katalon.core.webui.keyword.internal.WebUIKeywordMain.runKeyword(WebUIKeywordMain.groovy:41)
com.kms.katalon.core.webui.keyword.internal.WebUIKeywordMain.runKeywordUntilTimeout(WebUIKeywordMain.groovy:133)
com.kms.katalon.core.webui.keyword.builtin.EnhancedClickKeyword.click(EnhancedClickKeyword.groovy:95)
com.kms.katalon.core.webui.keyword.builtin.EnhancedClickKeyword.execute(EnhancedClickKeyword.groovy:41)
com.kms.katalon.core.keyword.internal.KeywordExecutor.executeKeywordForPlatform(KeywordExecutor.groovy:99)
com.kms.katalon.core.webui.keyword.WebUiBuiltInKeywords.enhancedClick(WebUiBuiltInKeywords.groovy:748)
Upload_file_Without_Classification.run(Upload_file_Without_Classification:179)
</property>
</record>
<record>
  <date>2026-05-28T11:07:46.645369700Z</date>
  <millis>1779966466645</millis>
  <nanos>369700</nanos>
  <sequence>1152</sequence>
  <level>END</level>
  <class>com.kms.katalon.core.logging.XmlKeywordLogger</class>
  <method>endKeyword</method>
  <thread>1</thread>
  <message>End action : enhancedClick(noButton)</message>
  <nestedLevel>2</nestedLevel>
  <escapedJava>false</escapedJava>
</record>
<record>
  <date>2026-05-28T11:07:46.647429Z</date>
  <millis>1779966466647</millis>
  <nanos>429000</nanos>
  <sequence>1153</sequence>
  <level>START</level>
  <class>com.kms.katalon.core.logging.XmlKeywordLogger</class>
  <method>startKeyword</method>
  <thread>1</thread>
  <message>Start action : println(&amp;quot;Clicked NO&amp;quot;)</message>
  <nestedLevel>2</nestedLevel>
  <escapedJava>false</escapedJava>
  <property name="startLine">183</property>
  <property name="stepIndex">3</property>
</record>
<record>
  <date>2026-05-28T11:07:46.647429Z</date>
  <millis>1779966466647</millis>
  <nanos>429000</nanos>
  <sequence>1154</sequence>
  <level>END</level>
  <class>com.kms.katalon.core.logging.XmlKeywordLogger</class>
  <method>endKeyword</method>
  <thread>1</thread>
  <message>End action : println(&amp;quot;Clicked NO&amp;quot;)</message>
  <nestedLevel>2</nestedLevel>
  <escapedJava>false</escapedJava>
</record>
<record>
  <date>2026-05-28T11:07:46.647429Z</date>
  <millis>1779966466647</millis>
  <nanos>429000</nanos>
  <sequence>1155</sequence>
  <level>END</level>
  <class>com.kms.katalon.core.logging.XmlKeywordLogger</class>
  <method>endKeyword</method>
  <thread>1</thread>
  <message>End action : if (modalPresent)</message>
  <nestedLevel>1</nestedLevel>
  <escapedJava>false</escapedJava>
</record>
<record>
  <date>2026-05-28T11:07:46.647429Z</date>
  <millis>1779966466647</millis>
  <nanos>429000</nanos>
  <sequence>1156</sequence>
  <level>START</level>
  <class>com.kms.katalon.core.logging.XmlKeywordLogger</class>
  <method>startKeyword</method>
  <thread>1</thread>
  <message>Start action : println(&amp;quot;Upload completed&amp;quot;)</message>
  <nestedLevel>1</nestedLevel>
  <escapedJava>false</escapedJava>
  <property name="startLine">186</property>
  <property name="stepIndex">32</property>
</record>
<record>
  <date>2026-05-28T11:07:46.647429Z</date>
  <millis>1779966466647</millis>
  <nanos>429000</nanos>
  <sequence>1157</sequence>
  <level>END</level>
  <class>com.kms.katalon.core.logging.XmlKeywordLogger</class>
  <method>endKeyword</method>
  <thread>1</thread>
  <message>End action : println(&amp;quot;Upload completed&amp;quot;)</message>
  <nestedLevel>1</nestedLevel>
  <escapedJava>false</escapedJava>
</record>
<record>
  <date>2026-05-28T11:07:46.647429Z</date>
  <millis>1779966466647</millis>
  <nanos>429000</nanos>
  <sequence>1158</sequence>
  <level>PASSED</level>
  <class>com.kms.katalon.core.logging.XmlKeywordLogger</class>
  <method>logMessage</method>
  <thread>1</thread>
  <message>Test Cases/TaskActions/Uploads/Upload_file_Without_Classification</message>
  <nestedLevel>1</nestedLevel>
  <escapedJava>false</escapedJava>
</record>
<record>
  <date>2026-05-28T11:07:46.654394400Z</date>
  <millis>1779966466654</millis>
  <nanos>394400</nanos>
  <sequence>1159</sequence>
  <level>END</level>
  <class>com.kms.katalon.core.logging.XmlKeywordLogger</class>
  <method>endTest</method>
  <thread>1</thread>
  <message>End Test Case : Test Cases/TaskActions/Uploads/Upload_file_Without_Classification</message>
  <nestedLevel>0</nestedLevel>
  <escapedJava>false</escapedJava>
  <property name="executionBindingVariables">[]</property>
  <property name="applitools">false</property>
  <property name="remainingRetryCount">3</property>
  <property name="executedKeywords">{
  &quot;WebUI.switchToDefaultContent&quot;: 1,
  &quot;WebUI.waitForPageLoad&quot;: 2,
  &quot;WebUI.executeJavaScript&quot;: 1,
  &quot;WebUI.uploadFile&quot;: 1,
  &quot;WebUI.waitForElementPresent&quot;: 3,
  &quot;WebUI.scrollToElement&quot;: 1,
  &quot;BuiltIn.delay&quot;: 1,
  &quot;WebUI.enhancedClick&quot;: 3,
  &quot;WebUI.findWebElement&quot;: 1,
  &quot;WebUI.waitForElementClickable&quot;: 2
}</property>
  <property name="currentRetryCount">0</property>
  <property name="keywordsUsage">{
  &quot;web_ui&quot;: true,
  &quot;web_service&quot;: false,
  &quot;cucumber&quot;: false,
  &quot;builtin&quot;: true,
  &quot;mobile&quot;: false,
  &quot;windows&quot;: false,
  &quot;testng&quot;: false
}</property>
</record>
<record>
  <date>2026-05-28T11:07:46.658634900Z</date>
  <millis>1779966466658</millis>
  <nanos>634900</nanos>
  <sequence>1160</sequence>
  <level>START</level>
  <class>com.kms.katalon.core.logging.XmlKeywordLogger</class>
  <method>startTest</method>
  <thread>1</thread>
  <message>Start Test Case : Test Cases/TaskActions/Table_Actions/Esign</message>
  <nestedLevel>1</nestedLevel>
  <escapedJava>false</escapedJava>
  <property name="remainingRetryCount">3</property>
  <property name="origin"></property>
  <property name="name">Test Cases/TaskActions/Table_Actions/Esign</property>
  <property name="description"></property>
  <property name="iteration"></property>
  <property name="id">Test Cases/TaskActions/Table_Actions/Esign</property>
  <property name="source">C:\Users\CROWN-STAFF\git\convergence-qa-tests\Test Cases\TaskActions\Table_Actions\Esign.tc</property>
  <property name="tag"></property>
  <property name="isOptional">false</property>
  <property name="uuid">c6f568a3-b112-4099-8488-cf996d3166a8</property>
  <property name="currentRetryCount">0</property>
</record>
<record>
  <date>2026-05-28T11:07:46.725155700Z</date>
  <millis>1779966466725</millis>
  <nanos>155700</nanos>
  <sequence>1162</sequence>
  <level>RUN_DATA</level>
  <class>com.kms.katalon.core.logging.XmlKeywordLogger</class>
  <method>logMessage</method>
  <thread>1</thread>
  <message>executionBindingVariables = []</message>
  <nestedLevel>1</nestedLevel>
  <escapedJava>false</escapedJava>
  <property name="executionBindingVariables">[]</property>
</record>
<record>
  <date>2026-05-28T11:07:47.737489400Z</date>
  <millis>1779966467737</millis>
  <nanos>489400</nanos>
  <sequence>1163</sequence>
  <level>START</level>
  <class>com.kms.katalon.core.logging.XmlKeywordLogger</class>
  <method>startKeyword</method>
  <thread>1</thread>
  <message>Start action : driver = getWebDriver()</message>
  <nestedLevel>1</nestedLevel>
  <escapedJava>false</escapedJava>
  <property name="startLine">13</property>
  <property name="stepIndex">1</property>
</record>
<record>
  <date>2026-05-28T11:07:47.745654Z</date>
  <millis>1779966467745</millis>
  <nanos>654000</nanos>
  <sequence>1164</sequence>
  <level>END</level>
  <class>com.kms.katalon.core.logging.XmlKeywordLogger</class>
  <method>endKeyword</method>
  <thread>1</thread>
  <message>End action : driver = getWebDriver()</message>
  <nestedLevel>1</nestedLevel>
  <escapedJava>false</escapedJava>
</record>
<record>
  <date>2026-05-28T11:07:47.745654Z</date>
  <millis>1779966467745</millis>
  <nanos>654000</nanos>
  <sequence>1165</sequence>
  <level>START</level>
  <class>com.kms.katalon.core.logging.XmlKeywordLogger</class>
  <method>startKeyword</method>
  <thread>1</thread>
  <message>Start action : wait = new org.openqa.selenium.support.ui.WebDriverWait(driver, java.time.Duration.ofSeconds(30))</message>
  <nestedLevel>1</nestedLevel>
  <escapedJava>false</escapedJava>
  <property name="startLine">14</property>
  <property name="stepIndex">2</property>
</record>
<record>
  <date>2026-05-28T11:07:47.753194500Z</date>
  <millis>1779966467753</millis>
  <nanos>194500</nanos>
  <sequence>1166</sequence>
  <level>END</level>
  <class>com.kms.katalon.core.logging.XmlKeywordLogger</class>
  <method>endKeyword</method>
  <thread>1</thread>
  <message>End action : wait = new org.openqa.selenium.support.ui.WebDriverWait(driver, java.time.Duration.ofSeconds(30))</message>
  <nestedLevel>1</nestedLevel>
  <escapedJava>false</escapedJava>
</record>
<record>
  <date>2026-05-28T11:07:47.754197900Z</date>
  <millis>1779966467754</millis>
  <nanos>197900</nanos>
  <sequence>1167</sequence>
  <level>START</level>
  <class>com.kms.katalon.core.logging.XmlKeywordLogger</class>
  <method>startKeyword</method>
  <thread>1</thread>
  <message>Start action : println(&amp;quot;===== START ESIGN =====&amp;quot;)</message>
  <nestedLevel>1</nestedLevel>
  <escapedJava>false</escapedJava>
  <property name="startLine">16</property>
  <property name="stepIndex">3</property>
</record>
<record>
  <date>2026-05-28T11:07:47.765281400Z</date>
  <millis>1779966467765</millis>
  <nanos>281400</nanos>
  <sequence>1168</sequence>
  <level>END</level>
  <class>com.kms.katalon.core.logging.XmlKeywordLogger</class>
  <method>endKeyword</method>
  <thread>1</thread>
  <message>End action : println(&amp;quot;===== START ESIGN =====&amp;quot;)</message>
  <nestedLevel>1</nestedLevel>
  <escapedJava>false</escapedJava>
</record>
<record>
  <date>2026-05-28T11:07:47.766294700Z</date>
  <millis>1779966467766</millis>
  <nanos>294700</nanos>
  <sequence>1169</sequence>
  <level>START</level>
  <class>com.kms.katalon.core.logging.XmlKeywordLogger</class>
  <method>startKeyword</method>
  <thread>1</thread>
  <message>Start action : waitForPageLoad(30)</message>
  <nestedLevel>1</nestedLevel>
  <escapedJava>false</escapedJava>
  <property name="startLine">18</property>
  <property name="stepIndex">4</property>
</record>
<record>
  <date>2026-05-28T11:07:47.795081800Z</date>
  <millis>1779966467795</millis>
  <nanos>81800</nanos>
  <sequence>1173</sequence>
  <level>PASSED</level>
  <class>com.kms.katalon.core.logging.XmlKeywordLogger</class>
  <method>logMessage</method>
  <thread>1</thread>
  <message>Wait for page load successfully</message>
  <nestedLevel>1</nestedLevel>
  <escapedJava>false</escapedJava>
  <property name="testops-method-name">com.kms.katalon.core.webui.keyword.internal.WebUIKeywordMain$runKeyword$0.call</property>
  <property name="testops-execution-stacktrace">com.kms.katalon.core.logging.KeywordLogger.logPassed(KeywordLogger.java:350)
com.kms.katalon.core.logging.KeywordLogger.logPassed(KeywordLogger.java:345)
com.kms.katalon.core.logging.KeywordLogger$logPassed$0.call(Unknown Source)
com.kms.katalon.core.webui.keyword.builtin.WaitForPageLoadKeyword$_waitForPageLoad_closure1.doCall(WaitForPageLoadKeyword.groovy:94)
com.kms.katalon.core.webui.keyword.builtin.WaitForPageLoadKeyword$_waitForPageLoad_closure1.doCall(WaitForPageLoadKeyword.groovy)
java.base/jdk.internal.reflect.DirectMethodHandleAccessor.invoke(DirectMethodHandleAccessor.java:103)
com.kms.katalon.core.webui.keyword.internal.WebUIKeywordMain.runKeyword(WebUIKeywordMain.groovy:41)
com.kms.katalon.core.webui.keyword.internal.WebUIKeywordMain$runKeyword$0.call(Unknown Source)
com.kms.katalon.core.webui.keyword.builtin.WaitForPageLoadKeyword.waitForPageLoad(WaitForPageLoadKeyword.groovy:95)
com.kms.katalon.core.webui.keyword.builtin.WaitForPageLoadKeyword.execute(WaitForPageLoadKeyword.groovy:68)
com.kms.katalon.core.keyword.internal.KeywordExecutor.executeKeywordForPlatform(KeywordExecutor.groovy:99)
com.kms.katalon.core.webui.keyword.WebUiBuiltInKeywords.waitForPageLoad(WebUiBuiltInKeywords.groovy:2559)
Esign.run(Esign:18)
</property>
</record>
<record>
  <date>2026-05-28T11:07:47.800840300Z</date>
  <millis>1779966467800</millis>
  <nanos>840300</nanos>
  <sequence>1174</sequence>
  <level>END</level>
  <class>com.kms.katalon.core.logging.XmlKeywordLogger</class>
  <method>endKeyword</method>
  <thread>1</thread>
  <message>End action : waitForPageLoad(30)</message>
  <nestedLevel>1</nestedLevel>
  <escapedJava>false</escapedJava>
</record>
<record>
  <date>2026-05-28T11:07:47.801851900Z</date>
  <millis>1779966467801</millis>
  <nanos>851900</nanos>
  <sequence>1175</sequence>
  <level>START</level>
  <class>com.kms.katalon.core.logging.XmlKeywordLogger</class>
  <method>startKeyword</method>
  <thread>1</thread>
  <message>Start action : click(findTestObject(&amp;quot;Page_Work Order  View- Workforce Manager/svg_svg&amp;quot;))</message>
  <nestedLevel>1</nestedLevel>
  <escapedJava>false</escapedJava>
  <property name="startLine">25</property>
  <property name="stepIndex">5</property>
</record>
<record>
  <date>2026-05-28T11:08:00.393652600Z</date>
  <millis>1779966480393</millis>
  <nanos>652600</nanos>
  <sequence>1188</sequence>
  <level>WARNING</level>
  <class>com.kms.katalon.core.logging.XmlKeywordLogger</class>
  <method>logMessage</method>
  <thread>1</thread>
  <message>Waiting for element timed out</message>
  <nestedLevel>1</nestedLevel>
  <escapedJava>false</escapedJava>
</record>
<record>
  <date>2026-05-28T11:08:00.636521Z</date>
  <millis>1779966480636</millis>
  <nanos>521000</nanos>
  <sequence>1191</sequence>
  <level>PASSED</level>
  <class>com.kms.katalon.core.logging.XmlKeywordLogger</class>
  <method>logMessage</method>
  <thread>1</thread>
  <message>Object: &amp;apos;Object Repository/Page_Work Order  View- Workforce Manager/svg_svg&amp;apos; is clicked on</message>
  <nestedLevel>1</nestedLevel>
  <escapedJava>false</escapedJava>
  <property name="testops-method-name">com.kms.katalon.core.webui.keyword.internal.WebUIKeywordMain.runKeywordUntilTimeout</property>
  <property name="testops-execution-stacktrace">com.kms.katalon.core.logging.KeywordLogger.logPassed(KeywordLogger.java:350)
com.kms.katalon.core.logging.KeywordLogger.logPassed(KeywordLogger.java:345)
com.kms.katalon.core.webui.keyword.builtin.ClickKeyword$_click_closure1.doCall(ClickKeyword.groovy:66)
java.base/jdk.internal.reflect.DirectMethodHandleAccessor.invoke(DirectMethodHandleAccessor.java:103)
jdk.proxy2/jdk.proxy2.$Proxy56.execute(Unknown Source)
com.kms.katalon.core.webui.model.SeleniumActionRetryController.performAction(SeleniumActionRetryController.java:96)
com.kms.katalon.core.webui.model.SeleniumActionRetryController.performAction(SeleniumActionRetryController.java:83)
com.kms.katalon.core.webui.keyword.internal.WebUIKeywordMain$_runKeywordUntilTimeout_closure1.doCall(WebUIKeywordMain.groovy:135)
com.kms.katalon.core.webui.keyword.internal.WebUIKeywordMain$_runKeywordUntilTimeout_closure1.call(WebUIKeywordMain.groovy)
com.kms.katalon.core.webui.keyword.internal.WebUIKeywordMain.runKeyword(WebUIKeywordMain.groovy:41)
com.kms.katalon.core.webui.keyword.internal.WebUIKeywordMain.runKeywordUntilTimeout(WebUIKeywordMain.groovy:133)
com.kms.katalon.core.webui.keyword.builtin.ClickKeyword.click(ClickKeyword.groovy:72)
com.kms.katalon.core.webui.keyword.builtin.ClickKeyword.execute(ClickKeyword.groovy:38)
com.kms.katalon.core.keyword.internal.KeywordExecutor.executeKeywordForPlatform(KeywordExecutor.groovy:99)
com.kms.katalon.core.webui.keyword.WebUiBuiltInKeywords.click(WebUiBuiltInKeywords.groovy:722)
Esign.run(Esign:25)
</property>
</record>
<record>
  <date>2026-05-28T11:08:00.636521Z</date>
  <millis>1779966480636</millis>
  <nanos>521000</nanos>
  <sequence>1192</sequence>
  <level>END</level>
  <class>com.kms.katalon.core.logging.XmlKeywordLogger</class>
  <method>endKeyword</method>
  <thread>1</thread>
  <message>End action : click(findTestObject(&amp;quot;Page_Work Order  View- Workforce Manager/svg_svg&amp;quot;))</message>
  <nestedLevel>1</nestedLevel>
  <escapedJava>false</escapedJava>
</record>
<record>
  <date>2026-05-28T11:08:00.636521Z</date>
  <millis>1779966480636</millis>
  <nanos>521000</nanos>
  <sequence>1193</sequence>
  <level>START</level>
  <class>com.kms.katalon.core.logging.XmlKeywordLogger</class>
  <method>startKeyword</method>
  <thread>1</thread>
  <message>Start action : println(&amp;quot;eSign modal opened&amp;quot;)</message>
  <nestedLevel>1</nestedLevel>
  <escapedJava>false</escapedJava>
  <property name="startLine">29</property>
  <property name="stepIndex">6</property>
</record>
<record>
  <date>2026-05-28T11:08:00.641117Z</date>
  <millis>1779966480641</millis>
  <nanos>117000</nanos>
  <sequence>1194</sequence>
  <level>END</level>
  <class>com.kms.katalon.core.logging.XmlKeywordLogger</class>
  <method>endKeyword</method>
  <thread>1</thread>
  <message>End action : println(&amp;quot;eSign modal opened&amp;quot;)</message>
  <nestedLevel>1</nestedLevel>
  <escapedJava>false</escapedJava>
</record>
<record>
  <date>2026-05-28T11:08:00.641117Z</date>
  <millis>1779966480641</millis>
  <nanos>117000</nanos>
  <sequence>1195</sequence>
  <level>START</level>
  <class>com.kms.katalon.core.logging.XmlKeywordLogger</class>
  <method>startKeyword</method>
  <thread>1</thread>
  <message>Start action : iframe = new com.kms.katalon.core.testobject.TestObject()</message>
  <nestedLevel>1</nestedLevel>
  <escapedJava>false</escapedJava>
  <property name="startLine">36</property>
  <property name="stepIndex">7</property>
</record>
<record>
  <date>2026-05-28T11:08:00.643313800Z</date>
  <millis>1779966480643</millis>
  <nanos>313800</nanos>
  <sequence>1196</sequence>
  <level>END</level>
  <class>com.kms.katalon.core.logging.XmlKeywordLogger</class>
  <method>endKeyword</method>
  <thread>1</thread>
  <message>End action : iframe = new com.kms.katalon.core.testobject.TestObject()</message>
  <nestedLevel>1</nestedLevel>
  <escapedJava>false</escapedJava>
</record>
<record>
  <date>2026-05-28T11:08:00.645337100Z</date>
  <millis>1779966480645</millis>
  <nanos>337100</nanos>
  <sequence>1197</sequence>
  <level>START</level>
  <class>com.kms.katalon.core.logging.XmlKeywordLogger</class>
  <method>startKeyword</method>
  <thread>1</thread>
  <message>Start action : iframe.addProperty(&amp;quot;xpath&amp;quot;, EQUALS, &amp;quot;//iframe[contains(@id,&amp;apos;esign&amp;apos;)]&amp;quot;)</message>
  <nestedLevel>1</nestedLevel>
  <escapedJava>false</escapedJava>
  <property name="startLine">38</property>
  <property name="stepIndex">8</property>
</record>
<record>
  <date>2026-05-28T11:08:00.645337100Z</date>
  <millis>1779966480645</millis>
  <nanos>337100</nanos>
  <sequence>1198</sequence>
  <level>END</level>
  <class>com.kms.katalon.core.logging.XmlKeywordLogger</class>
  <method>endKeyword</method>
  <thread>1</thread>
  <message>End action : iframe.addProperty(&amp;quot;xpath&amp;quot;, EQUALS, &amp;quot;//iframe[contains(@id,&amp;apos;esign&amp;apos;)]&amp;quot;)</message>
  <nestedLevel>1</nestedLevel>
  <escapedJava>false</escapedJava>
</record>
<record>
  <date>2026-05-28T11:08:00.645337100Z</date>
  <millis>1779966480645</millis>
  <nanos>337100</nanos>
  <sequence>1199</sequence>
  <level>START</level>
  <class>com.kms.katalon.core.logging.XmlKeywordLogger</class>
  <method>startKeyword</method>
  <thread>1</thread>
  <message>Start action : waitForElementPresent(iframe, 60)</message>
  <nestedLevel>1</nestedLevel>
  <escapedJava>false</escapedJava>
  <property name="startLine">44</property>
  <property name="stepIndex">9</property>
</record>
<record>
  <date>2026-05-28T11:08:01.292474100Z</date>
  <millis>1779966481292</millis>
  <nanos>474100</nanos>
  <sequence>1205</sequence>
  <level>PASSED</level>
  <class>com.kms.katalon.core.logging.XmlKeywordLogger</class>
  <method>logMessage</method>
  <thread>1</thread>
  <message>Object &amp;apos;&amp;apos; is present</message>
  <nestedLevel>1</nestedLevel>
  <escapedJava>false</escapedJava>
  <property name="testops-method-name">com.kms.katalon.core.webui.keyword.internal.WebUIKeywordMain.runKeywordUntilTimeout</property>
  <property name="testops-execution-stacktrace">com.kms.katalon.core.logging.KeywordLogger.logPassed(KeywordLogger.java:350)
com.kms.katalon.core.logging.KeywordLogger.logPassed(KeywordLogger.java:345)
com.kms.katalon.core.webui.keyword.builtin.WaitForElementPresentKeyword$_waitForElementPresent_closure1.doCall(WaitForElementPresentKeyword.groovy:56)
java.base/jdk.internal.reflect.DirectMethodHandleAccessor.invoke(DirectMethodHandleAccessor.java:103)
jdk.proxy2/jdk.proxy2.$Proxy56.execute(Unknown Source)
com.kms.katalon.core.webui.model.SeleniumActionRetryController.performAction(SeleniumActionRetryController.java:96)
com.kms.katalon.core.webui.model.SeleniumActionRetryController.performAction(SeleniumActionRetryController.java:83)
com.kms.katalon.core.webui.keyword.internal.WebUIKeywordMain$_runKeywordUntilTimeout_closure2.doCall(WebUIKeywordMain.groovy:155)
com.kms.katalon.core.webui.keyword.internal.WebUIKeywordMain$_runKeywordUntilTimeout_closure2.call(WebUIKeywordMain.groovy)
com.kms.katalon.core.webui.keyword.internal.WebUIKeywordMain.runKeyword(WebUIKeywordMain.groovy:41)
com.kms.katalon.core.webui.keyword.internal.WebUIKeywordMain.runKeywordUntilTimeout(WebUIKeywordMain.groovy:152)
com.kms.katalon.core.webui.keyword.builtin.WaitForElementPresentKeyword.waitForElementPresent(WaitForElementPresentKeyword.groovy:68)
com.kms.katalon.core.webui.keyword.builtin.WaitForElementPresentKeyword.execute(WaitForElementPresentKeyword.groovy:38)
com.kms.katalon.core.keyword.internal.KeywordExecutor.executeKeywordForPlatform(KeywordExecutor.groovy:99)
com.kms.katalon.core.webui.keyword.WebUiBuiltInKeywords.waitForElementPresent(WebUiBuiltInKeywords.groovy:424)
Esign.run(Esign:44)
</property>
</record>
<record>
  <date>2026-05-28T11:08:01.294488600Z</date>
  <millis>1779966481294</millis>
  <nanos>488600</nanos>
  <sequence>1206</sequence>
  <level>END</level>
  <class>com.kms.katalon.core.logging.XmlKeywordLogger</class>
  <method>endKeyword</method>
  <thread>1</thread>
  <message>End action : waitForElementPresent(iframe, 60)</message>
  <nestedLevel>1</nestedLevel>
  <escapedJava>false</escapedJava>
</record>
<record>
  <date>2026-05-28T11:08:01.294999Z</date>
  <millis>1779966481294</millis>
  <nanos>999000</nanos>
  <sequence>1207</sequence>
  <level>START</level>
  <class>com.kms.katalon.core.logging.XmlKeywordLogger</class>
  <method>startKeyword</method>
  <thread>1</thread>
  <message>Start action : switchToFrame(iframe, 20)</message>
  <nestedLevel>1</nestedLevel>
  <escapedJava>false</escapedJava>
  <property name="startLine">46</property>
  <property name="stepIndex">10</property>
</record>
<record>
  <date>2026-05-28T11:08:01.691095800Z</date>
  <millis>1779966481691</millis>
  <nanos>95800</nanos>
  <sequence>1215</sequence>
  <level>END</level>
  <class>com.kms.katalon.core.logging.XmlKeywordLogger</class>
  <method>endKeyword</method>
  <thread>1</thread>
  <message>End action : switchToFrame(iframe, 20)</message>
  <nestedLevel>1</nestedLevel>
  <escapedJava>false</escapedJava>
</record>
<record>
  <date>2026-05-28T11:08:01.691095800Z</date>
  <millis>1779966481691</millis>
  <nanos>95800</nanos>
  <sequence>1216</sequence>
  <level>START</level>
  <class>com.kms.katalon.core.logging.XmlKeywordLogger</class>
  <method>startKeyword</method>
  <thread>1</thread>
  <message>Start action : println(&amp;quot;Inside iframe&amp;quot;)</message>
  <nestedLevel>1</nestedLevel>
  <escapedJava>false</escapedJava>
  <property name="startLine">48</property>
  <property name="stepIndex">11</property>
</record>
<record>
  <date>2026-05-28T11:08:01.692286700Z</date>
  <millis>1779966481692</millis>
  <nanos>286700</nanos>
  <sequence>1217</sequence>
  <level>END</level>
  <class>com.kms.katalon.core.logging.XmlKeywordLogger</class>
  <method>endKeyword</method>
  <thread>1</thread>
  <message>End action : println(&amp;quot;Inside iframe&amp;quot;)</message>
  <nestedLevel>1</nestedLevel>
  <escapedJava>false</escapedJava>
</record>
<record>
  <date>2026-05-28T11:08:01.693287900Z</date>
  <millis>1779966481693</millis>
  <nanos>287900</nanos>
  <sequence>1218</sequence>
  <level>START</level>
  <class>com.kms.katalon.core.logging.XmlKeywordLogger</class>
  <method>startKeyword</method>
  <thread>1</thread>
  <message>Start action : signTool = wait.until(ExpectedConditions.elementToBeClickable(By.xpath(&amp;quot;//*[normalize-space()=&amp;apos;Signature&amp;apos;]&amp;quot;)))</message>
  <nestedLevel>1</nestedLevel>
  <escapedJava>false</escapedJava>
  <property name="startLine">55</property>
  <property name="stepIndex">12</property>
</record>
<record>
  <date>2026-05-28T11:08:06.014814Z</date>
  <millis>1779966486014</millis>
  <nanos>814000</nanos>
  <sequence>1219</sequence>
  <level>END</level>
  <class>com.kms.katalon.core.logging.XmlKeywordLogger</class>
  <method>endKeyword</method>
  <thread>1</thread>
  <message>End action : signTool = wait.until(ExpectedConditions.elementToBeClickable(By.xpath(&amp;quot;//*[normalize-space()=&amp;apos;Signature&amp;apos;]&amp;quot;)))</message>
  <nestedLevel>1</nestedLevel>
  <escapedJava>false</escapedJava>
</record>
<record>
  <date>2026-05-28T11:08:06.015408400Z</date>
  <millis>1779966486015</millis>
  <nanos>408400</nanos>
  <sequence>1220</sequence>
  <level>START</level>
  <class>com.kms.katalon.core.logging.XmlKeywordLogger</class>
  <method>startKeyword</method>
  <thread>1</thread>
  <message>Start action : driver.executeScript(&amp;quot;arguments[0].click();&amp;quot;, signTool)</message>
  <nestedLevel>1</nestedLevel>
  <escapedJava>false</escapedJava>
  <property name="startLine">61</property>
  <property name="stepIndex">13</property>
</record>
<record>
  <date>2026-05-28T11:08:06.041555200Z</date>
  <millis>1779966486041</millis>
  <nanos>555200</nanos>
  <sequence>1221</sequence>
  <level>END</level>
  <class>com.kms.katalon.core.logging.XmlKeywordLogger</class>
  <method>endKeyword</method>
  <thread>1</thread>
  <message>End action : driver.executeScript(&amp;quot;arguments[0].click();&amp;quot;, signTool)</message>
  <nestedLevel>1</nestedLevel>
  <escapedJava>false</escapedJava>
</record>
<record>
  <date>2026-05-28T11:08:06.041555200Z</date>
  <millis>1779966486041</millis>
  <nanos>555200</nanos>
  <sequence>1222</sequence>
  <level>START</level>
  <class>com.kms.katalon.core.logging.XmlKeywordLogger</class>
  <method>startKeyword</method>
  <thread>1</thread>
  <message>Start action : println(&amp;quot;Signature selected&amp;quot;)</message>
  <nestedLevel>1</nestedLevel>
  <escapedJava>false</escapedJava>
  <property name="startLine">67</property>
  <property name="stepIndex">14</property>
</record>
<record>
  <date>2026-05-28T11:08:06.043574200Z</date>
  <millis>1779966486043</millis>
  <nanos>574200</nanos>
  <sequence>1223</sequence>
  <level>END</level>
  <class>com.kms.katalon.core.logging.XmlKeywordLogger</class>
  <method>endKeyword</method>
  <thread>1</thread>
  <message>End action : println(&amp;quot;Signature selected&amp;quot;)</message>
  <nestedLevel>1</nestedLevel>
  <escapedJava>false</escapedJava>
</record>
<record>
  <date>2026-05-28T11:08:06.043574200Z</date>
  <millis>1779966486043</millis>
  <nanos>574200</nanos>
  <sequence>1224</sequence>
  <level>START</level>
  <class>com.kms.katalon.core.logging.XmlKeywordLogger</class>
  <method>startKeyword</method>
  <thread>1</thread>
  <message>Start action : page = wait.until(ExpectedConditions.visibilityOfElementLocated(By.xpath(&amp;quot;//*[contains(@id,&amp;apos;page-&amp;apos;)]&amp;quot;)))</message>
  <nestedLevel>1</nestedLevel>
  <escapedJava>false</escapedJava>
  <property name="startLine">74</property>
  <property name="stepIndex">15</property>
</record>
<record>
  <date>2026-05-28T11:08:14.713170600Z</date>
  <millis>1779966494713</millis>
  <nanos>170600</nanos>
  <sequence>1225</sequence>
  <level>END</level>
  <class>com.kms.katalon.core.logging.XmlKeywordLogger</class>
  <method>endKeyword</method>
  <thread>1</thread>
  <message>End action : page = wait.until(ExpectedConditions.visibilityOfElementLocated(By.xpath(&amp;quot;//*[contains(@id,&amp;apos;page-&amp;apos;)]&amp;quot;)))</message>
  <nestedLevel>1</nestedLevel>
  <escapedJava>false</escapedJava>
</record>
<record>
  <date>2026-05-28T11:08:14.713170600Z</date>
  <millis>1779966494713</millis>
  <nanos>170600</nanos>
  <sequence>1226</sequence>
  <level>START</level>
  <class>com.kms.katalon.core.logging.XmlKeywordLogger</class>
  <method>startKeyword</method>
  <thread>1</thread>
  <message>Start action : println(&amp;quot;PDF located&amp;quot;)</message>
  <nestedLevel>1</nestedLevel>
  <escapedJava>false</escapedJava>
  <property name="startLine">80</property>
  <property name="stepIndex">16</property>
</record>
<record>
  <date>2026-05-28T11:08:14.715167600Z</date>
  <millis>1779966494715</millis>
  <nanos>167600</nanos>
  <sequence>1227</sequence>
  <level>END</level>
  <class>com.kms.katalon.core.logging.XmlKeywordLogger</class>
  <method>endKeyword</method>
  <thread>1</thread>
  <message>End action : println(&amp;quot;PDF located&amp;quot;)</message>
  <nestedLevel>1</nestedLevel>
  <escapedJava>false</escapedJava>
</record>
<record>
  <date>2026-05-28T11:08:14.715167600Z</date>
  <millis>1779966494715</millis>
  <nanos>167600</nanos>
  <sequence>1228</sequence>
  <level>START</level>
  <class>com.kms.katalon.core.logging.XmlKeywordLogger</class>
  <method>startKeyword</method>
  <thread>1</thread>
  <message>Start action : driver.executeScript(&amp;quot;\nvar rect=arguments[0].getBoundingClientRect();\n\nvar x=rect.left+(rect.width/2);\nvar y=rect.top+250;\n\nvar el=document.elementFromPoint(x,y);\n\nif(el){\nel.dispatchEvent(\nnew MouseEvent(\n&amp;apos;click&amp;apos;,\n{\nbubbles:true,\nclientX:x,\nclientY:y\n}\n)\n);\n}\n&amp;quot;, page)</message>
  <nestedLevel>1</nestedLevel>
  <escapedJava>false</escapedJava>
  <property name="startLine">82</property>
  <property name="stepIndex">17</property>
</record>
<record>
  <date>2026-05-28T11:08:14.765294600Z</date>
  <millis>1779966494765</millis>
  <nanos>294600</nanos>
  <sequence>1229</sequence>
  <level>END</level>
  <class>com.kms.katalon.core.logging.XmlKeywordLogger</class>
  <method>endKeyword</method>
  <thread>1</thread>
  <message>End action : driver.executeScript(&amp;quot;\nvar rect=arguments[0].getBoundingClientRect();\n\nvar x=rect.left+(rect.width/2);\nvar y=rect.top+250;\n\nvar el=document.elementFromPoint(x,y);\n\nif(el){\nel.dispatchEvent(\nnew MouseEvent(\n&amp;apos;click&amp;apos;,\n{\nbubbles:true,\nclientX:x,\nclientY:y\n}\n)\n);\n}\n&amp;quot;, page)</message>
  <nestedLevel>1</nestedLevel>
  <escapedJava>false</escapedJava>
</record>
<record>
  <date>2026-05-28T11:08:14.765294600Z</date>
  <millis>1779966494765</millis>
  <nanos>294600</nanos>
  <sequence>1230</sequence>
  <level>START</level>
  <class>com.kms.katalon.core.logging.XmlKeywordLogger</class>
  <method>startKeyword</method>
  <thread>1</thread>
  <message>Start action : println(&amp;quot;Signature dropped&amp;quot;)</message>
  <nestedLevel>1</nestedLevel>
  <escapedJava>false</escapedJava>
  <property name="startLine">108</property>
  <property name="stepIndex">18</property>
</record>
<record>
  <date>2026-05-28T11:08:14.766304Z</date>
  <millis>1779966494766</millis>
  <nanos>304000</nanos>
  <sequence>1231</sequence>
  <level>END</level>
  <class>com.kms.katalon.core.logging.XmlKeywordLogger</class>
  <method>endKeyword</method>
  <thread>1</thread>
  <message>End action : println(&amp;quot;Signature dropped&amp;quot;)</message>
  <nestedLevel>1</nestedLevel>
  <escapedJava>false</escapedJava>
</record>
<record>
  <date>2026-05-28T11:08:14.766304Z</date>
  <millis>1779966494766</millis>
  <nanos>304000</nanos>
  <sequence>1232</sequence>
  <level>START</level>
  <class>com.kms.katalon.core.logging.XmlKeywordLogger</class>
  <method>startKeyword</method>
  <thread>1</thread>
  <message>Start action : Thread.sleep(2000)</message>
  <nestedLevel>1</nestedLevel>
  <escapedJava>false</escapedJava>
  <property name="startLine">110</property>
  <property name="stepIndex">19</property>
</record>
<record>
  <date>2026-05-28T11:08:17.944290500Z</date>
  <millis>1779966497944</millis>
  <nanos>290500</nanos>
  <sequence>1233</sequence>
  <level>END</level>
  <class>com.kms.katalon.core.logging.XmlKeywordLogger</class>
  <method>endKeyword</method>
  <thread>1</thread>
  <message>End action : Thread.sleep(2000)</message>
  <nestedLevel>1</nestedLevel>
  <escapedJava>false</escapedJava>
</record>
<record>
  <date>2026-05-28T11:08:17.944290500Z</date>
  <millis>1779966497944</millis>
  <nanos>290500</nanos>
  <sequence>1234</sequence>
  <level>START</level>
  <class>com.kms.katalon.core.logging.XmlKeywordLogger</class>
  <method>startKeyword</method>
  <thread>1</thread>
  <message>Start action : try</message>
  <nestedLevel>1</nestedLevel>
  <escapedJava>false</escapedJava>
  <property name="startLine">117</property>
  <property name="stepIndex">20</property>
</record>
<record>
  <date>2026-05-28T11:08:17.947975900Z</date>
  <millis>1779966497947</millis>
  <nanos>975900</nanos>
  <sequence>1235</sequence>
  <level>START</level>
  <class>com.kms.katalon.core.logging.XmlKeywordLogger</class>
  <method>startKeyword</method>
  <thread>1</thread>
  <message>Start action : okSign = wait.until(ExpectedConditions.elementToBeClickable(By.xpath(&amp;quot;//button[normalize-space()=&amp;apos;OK&amp;apos;]&amp;quot;)))</message>
  <nestedLevel>2</nestedLevel>
  <escapedJava>false</escapedJava>
  <property name="startLine">119</property>
  <property name="stepIndex">1</property>
</record>
<record>
  <date>2026-05-28T11:08:48.200605600Z</date>
  <millis>1779966528200</millis>
  <nanos>605600</nanos>
  <sequence>1236</sequence>
  <level>END</level>
  <class>com.kms.katalon.core.logging.XmlKeywordLogger</class>
  <method>endKeyword</method>
  <thread>1</thread>
  <message>End action : okSign = wait.until(ExpectedConditions.elementToBeClickable(By.xpath(&amp;quot;//button[normalize-space()=&amp;apos;OK&amp;apos;]&amp;quot;)))</message>
  <nestedLevel>2</nestedLevel>
  <escapedJava>false</escapedJava>
</record>
<record>
  <date>2026-05-28T11:08:48.200605600Z</date>
  <millis>1779966528200</millis>
  <nanos>605600</nanos>
  <sequence>1237</sequence>
  <level>END</level>
  <class>com.kms.katalon.core.logging.XmlKeywordLogger</class>
  <method>endKeyword</method>
  <thread>1</thread>
  <message>End action : try</message>
  <nestedLevel>1</nestedLevel>
  <escapedJava>false</escapedJava>
</record>
<record>
  <date>2026-05-28T11:08:48.200605600Z</date>
  <millis>1779966528200</millis>
  <nanos>605600</nanos>
  <sequence>1238</sequence>
  <level>START</level>
  <class>com.kms.katalon.core.logging.XmlKeywordLogger</class>
  <method>startKeyword</method>
  <thread>1</thread>
  <message>Start action : catch (Exception e)</message>
  <nestedLevel>1</nestedLevel>
  <escapedJava>false</escapedJava>
  <property name="startLine">134</property>
  <property name="stepIndex">21</property>
</record>
<record>
  <date>2026-05-28T11:08:48.205353200Z</date>
  <millis>1779966528205</millis>
  <nanos>353200</nanos>
  <sequence>1239</sequence>
  <level>START</level>
  <class>com.kms.katalon.core.logging.XmlKeywordLogger</class>
  <method>startKeyword</method>
  <thread>1</thread>
  <message>Start action : println(&amp;quot;No signature OK popup&amp;quot;)</message>
  <nestedLevel>2</nestedLevel>
  <escapedJava>false</escapedJava>
  <property name="startLine">135</property>
  <property name="stepIndex">1</property>
</record>
<record>
  <date>2026-05-28T11:08:48.205353200Z</date>
  <millis>1779966528205</millis>
  <nanos>353200</nanos>
  <sequence>1240</sequence>
  <level>END</level>
  <class>com.kms.katalon.core.logging.XmlKeywordLogger</class>
  <method>endKeyword</method>
  <thread>1</thread>
  <message>End action : println(&amp;quot;No signature OK popup&amp;quot;)</message>
  <nestedLevel>2</nestedLevel>
  <escapedJava>false</escapedJava>
</record>
<record>
  <date>2026-05-28T11:08:48.205353200Z</date>
  <millis>1779966528205</millis>
  <nanos>353200</nanos>
  <sequence>1241</sequence>
  <level>END</level>
  <class>com.kms.katalon.core.logging.XmlKeywordLogger</class>
  <method>endKeyword</method>
  <thread>1</thread>
  <message>End action : catch (Exception e)</message>
  <nestedLevel>1</nestedLevel>
  <escapedJava>false</escapedJava>
</record>
<record>
  <date>2026-05-28T11:08:48.205353200Z</date>
  <millis>1779966528205</millis>
  <nanos>353200</nanos>
  <sequence>1242</sequence>
  <level>START</level>
  <class>com.kms.katalon.core.logging.XmlKeywordLogger</class>
  <method>startKeyword</method>
  <thread>1</thread>
  <message>Start action : previewBtn = wait.until(ExpectedConditions.elementToBeClickable(By.xpath(&amp;quot;//button[contains(.,&amp;apos;Preview&amp;apos;)]&amp;quot;)))</message>
  <nestedLevel>1</nestedLevel>
  <escapedJava>false</escapedJava>
  <property name="startLine">143</property>
  <property name="stepIndex">23</property>
</record>
<record>
  <date>2026-05-28T11:08:48.277955100Z</date>
  <millis>1779966528277</millis>
  <nanos>955100</nanos>
  <sequence>1243</sequence>
  <level>END</level>
  <class>com.kms.katalon.core.logging.XmlKeywordLogger</class>
  <method>endKeyword</method>
  <thread>1</thread>
  <message>End action : previewBtn = wait.until(ExpectedConditions.elementToBeClickable(By.xpath(&amp;quot;//button[contains(.,&amp;apos;Preview&amp;apos;)]&amp;quot;)))</message>
  <nestedLevel>1</nestedLevel>
  <escapedJava>false</escapedJava>
</record>
<record>
  <date>2026-05-28T11:08:48.277955100Z</date>
  <millis>1779966528277</millis>
  <nanos>955100</nanos>
  <sequence>1244</sequence>
  <level>START</level>
  <class>com.kms.katalon.core.logging.XmlKeywordLogger</class>
  <method>startKeyword</method>
  <thread>1</thread>
  <message>Start action : driver.executeScript(&amp;quot;arguments[0].click();&amp;quot;, previewBtn)</message>
  <nestedLevel>1</nestedLevel>
  <escapedJava>false</escapedJava>
  <property name="startLine">149</property>
  <property name="stepIndex">24</property>
</record>
<record>
  <date>2026-05-28T11:08:48.321400800Z</date>
  <millis>1779966528321</millis>
  <nanos>400800</nanos>
  <sequence>1245</sequence>
  <level>END</level>
  <class>com.kms.katalon.core.logging.XmlKeywordLogger</class>
  <method>endKeyword</method>
  <thread>1</thread>
  <message>End action : driver.executeScript(&amp;quot;arguments[0].click();&amp;quot;, previewBtn)</message>
  <nestedLevel>1</nestedLevel>
  <escapedJava>false</escapedJava>
</record>
<record>
  <date>2026-05-28T11:08:48.321400800Z</date>
  <millis>1779966528321</millis>
  <nanos>400800</nanos>
  <sequence>1246</sequence>
  <level>START</level>
  <class>com.kms.katalon.core.logging.XmlKeywordLogger</class>
  <method>startKeyword</method>
  <thread>1</thread>
  <message>Start action : println(&amp;quot;Preview clicked&amp;quot;)</message>
  <nestedLevel>1</nestedLevel>
  <escapedJava>false</escapedJava>
  <property name="startLine">155</property>
  <property name="stepIndex">25</property>
</record>
<record>
  <date>2026-05-28T11:08:48.321400800Z</date>
  <millis>1779966528321</millis>
  <nanos>400800</nanos>
  <sequence>1247</sequence>
  <level>END</level>
  <class>com.kms.katalon.core.logging.XmlKeywordLogger</class>
  <method>endKeyword</method>
  <thread>1</thread>
  <message>End action : println(&amp;quot;Preview clicked&amp;quot;)</message>
  <nestedLevel>1</nestedLevel>
  <escapedJava>false</escapedJava>
</record>
<record>
  <date>2026-05-28T11:08:48.321400800Z</date>
  <millis>1779966528321</millis>
  <nanos>400800</nanos>
  <sequence>1248</sequence>
  <level>START</level>
  <class>com.kms.katalon.core.logging.XmlKeywordLogger</class>
  <method>startKeyword</method>
  <thread>1</thread>
  <message>Start action : wait.until(ExpectedConditions.textToBePresentInElementLocated(By.xpath(&amp;quot;//button[contains(.,&amp;apos;Preview&amp;apos;) or contains(.,&amp;apos;Save&amp;apos;)]&amp;quot;), &amp;quot;Save&amp;quot;))</message>
  <nestedLevel>1</nestedLevel>
  <escapedJava>false</escapedJava>
  <property name="startLine">162</property>
  <property name="stepIndex">26</property>
</record>
<record>
  <date>2026-05-28T11:08:48.405424400Z</date>
  <millis>1779966528405</millis>
  <nanos>424400</nanos>
  <sequence>1249</sequence>
  <level>END</level>
  <class>com.kms.katalon.core.logging.XmlKeywordLogger</class>
  <method>endKeyword</method>
  <thread>1</thread>
  <message>End action : wait.until(ExpectedConditions.textToBePresentInElementLocated(By.xpath(&amp;quot;//button[contains(.,&amp;apos;Preview&amp;apos;) or contains(.,&amp;apos;Save&amp;apos;)]&amp;quot;), &amp;quot;Save&amp;quot;))</message>
  <nestedLevel>1</nestedLevel>
  <escapedJava>false</escapedJava>
</record>
<record>
  <date>2026-05-28T11:08:48.405424400Z</date>
  <millis>1779966528405</millis>
  <nanos>424400</nanos>
  <sequence>1250</sequence>
  <level>START</level>
  <class>com.kms.katalon.core.logging.XmlKeywordLogger</class>
  <method>startKeyword</method>
  <thread>1</thread>
  <message>Start action : saveBtn = wait.until(ExpectedConditions.elementToBeClickable(By.xpath(&amp;quot;//button[contains(.,&amp;apos;Save&amp;apos;)]&amp;quot;)))</message>
  <nestedLevel>1</nestedLevel>
  <escapedJava>false</escapedJava>
  <property name="startLine">169</property>
  <property name="stepIndex">27</property>
</record>
<record>
  <date>2026-05-28T11:08:48.482559300Z</date>
  <millis>1779966528482</millis>
  <nanos>559300</nanos>
  <sequence>1251</sequence>
  <level>END</level>
  <class>com.kms.katalon.core.logging.XmlKeywordLogger</class>
  <method>endKeyword</method>
  <thread>1</thread>
  <message>End action : saveBtn = wait.until(ExpectedConditions.elementToBeClickable(By.xpath(&amp;quot;//button[contains(.,&amp;apos;Save&amp;apos;)]&amp;quot;)))</message>
  <nestedLevel>1</nestedLevel>
  <escapedJava>false</escapedJava>
</record>
<record>
  <date>2026-05-28T11:08:48.485338400Z</date>
  <millis>1779966528485</millis>
  <nanos>338400</nanos>
  <sequence>1252</sequence>
  <level>START</level>
  <class>com.kms.katalon.core.logging.XmlKeywordLogger</class>
  <method>startKeyword</method>
  <thread>1</thread>
  <message>Start action : Thread.sleep(1000)</message>
  <nestedLevel>1</nestedLevel>
  <escapedJava>false</escapedJava>
  <property name="startLine">175</property>
  <property name="stepIndex">28</property>
</record>
<record>
  <date>2026-05-28T11:08:49.487774300Z</date>
  <millis>1779966529487</millis>
  <nanos>774300</nanos>
  <sequence>1253</sequence>
  <level>END</level>
  <class>com.kms.katalon.core.logging.XmlKeywordLogger</class>
  <method>endKeyword</method>
  <thread>1</thread>
  <message>End action : Thread.sleep(1000)</message>
  <nestedLevel>1</nestedLevel>
  <escapedJava>false</escapedJava>
</record>
<record>
  <date>2026-05-28T11:08:49.487774300Z</date>
  <millis>1779966529487</millis>
  <nanos>774300</nanos>
  <sequence>1254</sequence>
  <level>START</level>
  <class>com.kms.katalon.core.logging.XmlKeywordLogger</class>
  <method>startKeyword</method>
  <thread>1</thread>
  <message>Start action : driver.executeScript(&amp;quot;arguments[0].click();&amp;quot;, saveBtn)</message>
  <nestedLevel>1</nestedLevel>
  <escapedJava>false</escapedJava>
  <property name="startLine">177</property>
  <property name="stepIndex">29</property>
</record>
<record>
  <date>2026-05-28T11:08:49.505396700Z</date>
  <millis>1779966529505</millis>
  <nanos>396700</nanos>
  <sequence>1255</sequence>
  <level>END</level>
  <class>com.kms.katalon.core.logging.XmlKeywordLogger</class>
  <method>endKeyword</method>
  <thread>1</thread>
  <message>End action : driver.executeScript(&amp;quot;arguments[0].click();&amp;quot;, saveBtn)</message>
  <nestedLevel>1</nestedLevel>
  <escapedJava>false</escapedJava>
</record>
<record>
  <date>2026-05-28T11:08:49.505396700Z</date>
  <millis>1779966529505</millis>
  <nanos>396700</nanos>
  <sequence>1256</sequence>
  <level>START</level>
  <class>com.kms.katalon.core.logging.XmlKeywordLogger</class>
  <method>startKeyword</method>
  <thread>1</thread>
  <message>Start action : println(&amp;quot;Save clicked&amp;quot;)</message>
  <nestedLevel>1</nestedLevel>
  <escapedJava>false</escapedJava>
  <property name="startLine">183</property>
  <property name="stepIndex">30</property>
</record>
<record>
  <date>2026-05-28T11:08:49.505396700Z</date>
  <millis>1779966529505</millis>
  <nanos>396700</nanos>
  <sequence>1257</sequence>
  <level>END</level>
  <class>com.kms.katalon.core.logging.XmlKeywordLogger</class>
  <method>endKeyword</method>
  <thread>1</thread>
  <message>End action : println(&amp;quot;Save clicked&amp;quot;)</message>
  <nestedLevel>1</nestedLevel>
  <escapedJava>false</escapedJava>
</record>
<record>
  <date>2026-05-28T11:08:49.505396700Z</date>
  <millis>1779966529505</millis>
  <nanos>396700</nanos>
  <sequence>1258</sequence>
  <level>START</level>
  <class>com.kms.katalon.core.logging.XmlKeywordLogger</class>
  <method>startKeyword</method>
  <thread>1</thread>
  <message>Start action : switchToDefaultContent()</message>
  <nestedLevel>1</nestedLevel>
  <escapedJava>false</escapedJava>
  <property name="startLine">190</property>
  <property name="stepIndex">31</property>
</record>
<record>
  <date>2026-05-28T11:08:49.520158500Z</date>
  <millis>1779966529520</millis>
  <nanos>158500</nanos>
  <sequence>1261</sequence>
  <level>END</level>
  <class>com.kms.katalon.core.logging.XmlKeywordLogger</class>
  <method>endKeyword</method>
  <thread>1</thread>
  <message>End action : switchToDefaultContent()</message>
  <nestedLevel>1</nestedLevel>
  <escapedJava>false</escapedJava>
</record>
<record>
  <date>2026-05-28T11:08:49.520158500Z</date>
  <millis>1779966529520</millis>
  <nanos>158500</nanos>
  <sequence>1262</sequence>
  <level>START</level>
  <class>com.kms.katalon.core.logging.XmlKeywordLogger</class>
  <method>startKeyword</method>
  <thread>1</thread>
  <message>Start action : println(&amp;quot;Back to main page&amp;quot;)</message>
  <nestedLevel>1</nestedLevel>
  <escapedJava>false</escapedJava>
  <property name="startLine">192</property>
  <property name="stepIndex">32</property>
</record>
<record>
  <date>2026-05-28T11:08:49.520158500Z</date>
  <millis>1779966529520</millis>
  <nanos>158500</nanos>
  <sequence>1263</sequence>
  <level>END</level>
  <class>com.kms.katalon.core.logging.XmlKeywordLogger</class>
  <method>endKeyword</method>
  <thread>1</thread>
  <message>End action : println(&amp;quot;Back to main page&amp;quot;)</message>
  <nestedLevel>1</nestedLevel>
  <escapedJava>false</escapedJava>
</record>
<record>
  <date>2026-05-28T11:08:49.520158500Z</date>
  <millis>1779966529520</millis>
  <nanos>158500</nanos>
  <sequence>1264</sequence>
  <level>START</level>
  <class>com.kms.katalon.core.logging.XmlKeywordLogger</class>
  <method>startKeyword</method>
  <thread>1</thread>
  <message>Start action : okModalClosed = false</message>
  <nestedLevel>1</nestedLevel>
  <escapedJava>false</escapedJava>
  <property name="startLine">199</property>
  <property name="stepIndex">33</property>
</record>
<record>
  <date>2026-05-28T11:08:49.520158500Z</date>
  <millis>1779966529520</millis>
  <nanos>158500</nanos>
  <sequence>1265</sequence>
  <level>END</level>
  <class>com.kms.katalon.core.logging.XmlKeywordLogger</class>
  <method>endKeyword</method>
  <thread>1</thread>
  <message>End action : okModalClosed = false</message>
  <nestedLevel>1</nestedLevel>
  <escapedJava>false</escapedJava>
</record>
<record>
  <date>2026-05-28T11:08:49.520158500Z</date>
  <millis>1779966529520</millis>
  <nanos>158500</nanos>
  <sequence>1266</sequence>
  <level>START</level>
  <class>com.kms.katalon.core.logging.XmlKeywordLogger</class>
  <method>startKeyword</method>
  <thread>1</thread>
  <message>Start action : try</message>
  <nestedLevel>1</nestedLevel>
  <escapedJava>false</escapedJava>
  <property name="startLine">201</property>
  <property name="stepIndex">34</property>
</record>
<record>
  <date>2026-05-28T11:08:49.520158500Z</date>
  <millis>1779966529520</millis>
  <nanos>158500</nanos>
  <sequence>1267</sequence>
  <level>START</level>
  <class>com.kms.katalon.core.logging.XmlKeywordLogger</class>
  <method>startKeyword</method>
  <thread>1</thread>
  <message>Start action : okBtn = new com.kms.katalon.core.testobject.TestObject()</message>
  <nestedLevel>2</nestedLevel>
  <escapedJava>false</escapedJava>
  <property name="startLine">203</property>
  <property name="stepIndex">1</property>
</record>
<record>
  <date>2026-05-28T11:08:49.525400Z</date>
  <millis>1779966529525</millis>
  <nanos>400000</nanos>
  <sequence>1268</sequence>
  <level>END</level>
  <class>com.kms.katalon.core.logging.XmlKeywordLogger</class>
  <method>endKeyword</method>
  <thread>1</thread>
  <message>End action : okBtn = new com.kms.katalon.core.testobject.TestObject()</message>
  <nestedLevel>2</nestedLevel>
  <escapedJava>false</escapedJava>
</record>
<record>
  <date>2026-05-28T11:08:49.525400Z</date>
  <millis>1779966529525</millis>
  <nanos>400000</nanos>
  <sequence>1269</sequence>
  <level>START</level>
  <class>com.kms.katalon.core.logging.XmlKeywordLogger</class>
  <method>startKeyword</method>
  <thread>1</thread>
  <message>Start action : okBtn.addProperty(&amp;quot;xpath&amp;quot;, EQUALS, &amp;quot;//button[normalize-space()=&amp;apos;OK&amp;apos;]&amp;quot;)</message>
  <nestedLevel>2</nestedLevel>
  <escapedJava>false</escapedJava>
  <property name="startLine">205</property>
  <property name="stepIndex">2</property>
</record>
<record>
  <date>2026-05-28T11:08:49.525400Z</date>
  <millis>1779966529525</millis>
  <nanos>400000</nanos>
  <sequence>1270</sequence>
  <level>END</level>
  <class>com.kms.katalon.core.logging.XmlKeywordLogger</class>
  <method>endKeyword</method>
  <thread>1</thread>
  <message>End action : okBtn.addProperty(&amp;quot;xpath&amp;quot;, EQUALS, &amp;quot;//button[normalize-space()=&amp;apos;OK&amp;apos;]&amp;quot;)</message>
  <nestedLevel>2</nestedLevel>
  <escapedJava>false</escapedJava>
</record>
<record>
  <date>2026-05-28T11:08:49.525400Z</date>
  <millis>1779966529525</millis>
  <nanos>400000</nanos>
  <sequence>1271</sequence>
  <level>START</level>
  <class>com.kms.katalon.core.logging.XmlKeywordLogger</class>
  <method>startKeyword</method>
  <thread>1</thread>
  <message>Start action : if (waitForElementVisible(okBtn, 10, OPTIONAL))</message>
  <nestedLevel>2</nestedLevel>
  <escapedJava>false</escapedJava>
  <property name="startLine">211</property>
  <property name="stepIndex">3</property>
</record>
<record>
  <date>2026-05-28T11:09:01.696825Z</date>
  <millis>1779966541696</millis>
  <nanos>825000</nanos>
  <sequence>1277</sequence>
  <level>WARNING</level>
  <class>com.kms.katalon.core.logging.XmlKeywordLogger</class>
  <method>logMessage</method>
  <thread>1</thread>
  <message>Object &amp;apos;&amp;apos; is not visible after 10 second(s)</message>
  <nestedLevel>1</nestedLevel>
  <escapedJava>false</escapedJava>
  <property name="failed.exception.stacktrace">org.openqa.selenium.TimeoutException: Expected condition failed: waiting for visibility of Decorated {[[CChromeDriver: chrome on windows (e43099d9a5ed4667c645b535b1e9b03f)] -&gt; xpath: //button[normalize-space()=&apos;OK&apos;]]} (tried for 10 second(s) with 500 milliseconds interval)
Build info: version: &apos;4.39.0&apos;, revision: &apos;126f156aee&apos;
System info: os.name: &apos;Windows 11&apos;, os.arch: &apos;amd64&apos;, os.version: &apos;10.0&apos;, java.version: &apos;21.0.9&apos;
Driver info: org.openqa.selenium.remote.RemoteWebDriver$ByteBuddy$Vn2HuJQA
Capabilities {acceptInsecureCerts: false, browserName: chrome, browserVersion: 148.0.7778.179, chrome: {chromedriverVersion: 148.0.7778.167 (65db666ac2c..., userDataDir: C:\Users\CROWN-~1\AppData\L...}, fedcm:accounts: true, goog:chromeOptions: {debuggerAddress: localhost:59267}, goog:processID: 51480, networkConnectionEnabled: false, pageLoadStrategy: normal, platformName: windows, proxy: Proxy(), se:cdp: ws://localhost:59267/devtoo..., se:cdpVersion: 148.0.7778.179, setWindowRect: true, strictFileInteractability: false, timeouts: {implicit: 0, pageLoad: 300000, script: 30000}, unhandledPromptBehavior: {alert: ignore, beforeUnload: ignore, confirm: ignore, default: ignore, file: ignore, prompt: ignore}, webSocketUrl: ws://localhost:29467/sessio..., webauthn:extension:credBlob: true, webauthn:extension:largeBlob: true, webauthn:extension:minPinLength: true, webauthn:extension:prf: true, webauthn:virtualAuthenticators: true}
Session ID: e43099d9a5ed4667c645b535b1e9b03f
	at org.openqa.selenium.support.ui.WebDriverWait.timeoutException(WebDriverWait.java:84)
	at org.openqa.selenium.support.ui.FluentWait.until(FluentWait.java:228)
	at org.openqa.selenium.support.ui.Wait$until.call(Unknown Source)
	at com.kms.katalon.core.webui.keyword.builtin.WaitForElementVisibleKeyword$_waitForElementVisible_closure1.doCall(WaitForElementVisibleKeyword.groovy:84)
	at java.base/jdk.internal.reflect.DirectMethodHandleAccessor.invoke(DirectMethodHandleAccessor.java:103)
	at jdk.proxy2/jdk.proxy2.$Proxy56.execute(Unknown Source)
	at com.kms.katalon.core.webui.model.SeleniumActionRetryController.performAction(SeleniumActionRetryController.java:96)
	at com.kms.katalon.core.webui.model.SeleniumActionRetryController.performAction(SeleniumActionRetryController.java:83)
	at com.kms.katalon.core.webui.keyword.internal.WebUIKeywordMain$_runKeywordUntilTimeout_closure2.doCall(WebUIKeywordMain.groovy:155)
	at com.kms.katalon.core.webui.keyword.internal.WebUIKeywordMain$_runKeywordUntilTimeout_closure2.call(WebUIKeywordMain.groovy)
	at com.kms.katalon.core.webui.keyword.internal.WebUIKeywordMain.runKeyword(WebUIKeywordMain.groovy:41)
	at com.kms.katalon.core.webui.keyword.internal.WebUIKeywordMain.runKeywordUntilTimeout(WebUIKeywordMain.groovy:152)
	at com.kms.katalon.core.webui.keyword.internal.WebUIKeywordMain$runKeywordUntilTimeout.call(Unknown Source)
	at com.kms.katalon.core.webui.keyword.builtin.WaitForElementVisibleKeyword.waitForElementVisible(WaitForElementVisibleKeyword.groovy:101)
	at com.kms.katalon.core.webui.keyword.builtin.WaitForElementVisibleKeyword.execute(WaitForElementVisibleKeyword.groovy:69)
	at com.kms.katalon.core.keyword.internal.KeywordExecutor.executeKeywordForPlatform(KeywordExecutor.groovy:99)
	at com.kms.katalon.core.webui.keyword.WebUiBuiltInKeywords.waitForElementVisible(WebUiBuiltInKeywords.groovy:499)
	at Esign.run(Esign:212)
	at com.kms.katalon.core.main.ScriptEngine.run(ScriptEngine.java:203)
	at com.kms.katalon.core.main.ScriptEngine.runScriptAsRawText(ScriptEngine.java:115)
	at com.kms.katalon.core.main.TestCaseExecutor.runScript(TestCaseExecutor.java:504)
	at com.kms.katalon.core.main.TestCaseExecutor.doExecute(TestCaseExecutor.java:495)
	at com.kms.katalon.core.main.TestCaseExecutor.processExecutionPhase(TestCaseExecutor.java:474)
	at com.kms.katalon.core.main.TestCaseExecutor.accessMainPhase(TestCaseExecutor.java:466)
	at com.kms.katalon.core.main.TestCaseExecutor.execute(TestCaseExecutor.java:336)
	at com.kms.katalon.core.common.CommonExecutor.accessTestCaseMainPhase(CommonExecutor.java:71)
	at com.kms.katalon.core.main.TestSuiteExecutor.accessTestSuiteMainPhase(TestSuiteExecutor.java:153)
	at com.kms.katalon.core.main.TestSuiteExecutor.execute(TestSuiteExecutor.java:110)
	at com.kms.katalon.core.main.TestCaseMain.startTestSuite(TestCaseMain.java:206)
	at S0528_0.run(S0528_0.groovy:40)
	at java.base/jdk.internal.reflect.DirectMethodHandleAccessor.invoke(DirectMethodHandleAccessor.java:103)
</property>
  <property name="failed.exception.class">org.openqa.selenium.TimeoutException</property>
  <property name="failed.exception.message">Expected condition failed: waiting for visibility of Decorated {[[CChromeDriver: chrome on windows (e43099d9a5ed4667c645b535b1e9b03f)] -&gt; xpath: //button[normalize-space()=&apos;OK&apos;]]} (tried for 10 second(s) with 500 milliseconds interval)
Build info: version: &apos;4.39.0&apos;, revision: &apos;126f156aee&apos;
System info: os.name: &apos;Windows 11&apos;, os.arch: &apos;amd64&apos;, os.version: &apos;10.0&apos;, java.version: &apos;21.0.9&apos;
Driver info: org.openqa.selenium.remote.RemoteWebDriver$ByteBuddy$Vn2HuJQA
Capabilities {acceptInsecureCerts: false, browserName: chrome, browserVersion: 148.0.7778.179, chrome: {chromedriverVersion: 148.0.7778.167 (65db666ac2c..., userDataDir: C:\Users\CROWN-~1\AppData\L...}, fedcm:accounts: true, goog:chromeOptions: {debuggerAddress: localhost:59267}, goog:processID: 51480, networkConnectionEnabled: false, pageLoadStrategy: normal, platformName: windows, proxy: Proxy(), se:cdp: ws://localhost:59267/devtoo..., se:cdpVersion: 148.0.7778.179, setWindowRect: true, strictFileInteractability: false, timeouts: {implicit: 0, pageLoad: 300000, script: 30000}, unhandledPromptBehavior: {alert: ignore, beforeUnload: ignore, confirm: ignore, default: ignore, file: ignore, prompt: ignore}, webSocketUrl: ws://localhost:29467/sessio..., webauthn:extension:credBlob: true, webauthn:extension:largeBlob: true, webauthn:extension:minPinLength: true, webauthn:extension:prf: true, webauthn:virtualAuthenticators: true}
Session ID: e43099d9a5ed4667c645b535b1e9b03f</property>
</record>
<record>
  <date>2026-05-28T11:09:01.705238600Z</date>
  <millis>1779966541705</millis>
  <nanos>238600</nanos>
  <sequence>1278</sequence>
  <level>END</level>
  <class>com.kms.katalon.core.logging.XmlKeywordLogger</class>
  <method>endKeyword</method>
  <thread>1</thread>
  <message>End action : if (waitForElementVisible(okBtn, 10, OPTIONAL))</message>
  <nestedLevel>2</nestedLevel>
  <escapedJava>false</escapedJava>
</record>
<record>
  <date>2026-05-28T11:09:01.707425600Z</date>
  <millis>1779966541707</millis>
  <nanos>425600</nanos>
  <sequence>1279</sequence>
  <level>END</level>
  <class>com.kms.katalon.core.logging.XmlKeywordLogger</class>
  <method>endKeyword</method>
  <thread>1</thread>
  <message>End action : try</message>
  <nestedLevel>1</nestedLevel>
  <escapedJava>false</escapedJava>
</record>
<record>
  <date>2026-05-28T11:09:01.707425600Z</date>
  <millis>1779966541707</millis>
  <nanos>425600</nanos>
  <sequence>1280</sequence>
  <level>START</level>
  <class>com.kms.katalon.core.logging.XmlKeywordLogger</class>
  <method>startKeyword</method>
  <thread>1</thread>
  <message>Start action : if (!(okModalClosed))</message>
  <nestedLevel>1</nestedLevel>
  <escapedJava>false</escapedJava>
  <property name="startLine">235</property>
  <property name="stepIndex">37</property>
</record>
<record>
  <date>2026-05-28T11:09:01.707425600Z</date>
  <millis>1779966541707</millis>
  <nanos>425600</nanos>
  <sequence>1281</sequence>
  <level>START</level>
  <class>com.kms.katalon.core.logging.XmlKeywordLogger</class>
  <method>startKeyword</method>
  <thread>1</thread>
  <message>Start action : executeJavaScript(&amp;quot;document.body.click();&amp;quot;, [])</message>
  <nestedLevel>2</nestedLevel>
  <escapedJava>false</escapedJava>
  <property name="startLine">237</property>
  <property name="stepIndex">1</property>
</record>
<record>
  <date>2026-05-28T11:09:01.725644700Z</date>
  <millis>1779966541725</millis>
  <nanos>644700</nanos>
  <sequence>1283</sequence>
  <level>PASSED</level>
  <class>com.kms.katalon.core.logging.XmlKeywordLogger</class>
  <method>logMessage</method>
  <thread>1</thread>
  <message>Execute JavaScript &amp;apos;document.body.click();&amp;apos; successfully</message>
  <nestedLevel>1</nestedLevel>
  <escapedJava>false</escapedJava>
  <property name="testops-method-name">com.kms.katalon.core.webui.keyword.builtin.ExecuteJavaScriptKeyword.executeJavascript</property>
  <property name="testops-execution-stacktrace"></property>
</record>
<record>
  <date>2026-05-28T11:09:01.729096900Z</date>
  <millis>1779966541729</millis>
  <nanos>96900</nanos>
  <sequence>1284</sequence>
  <level>END</level>
  <class>com.kms.katalon.core.logging.XmlKeywordLogger</class>
  <method>endKeyword</method>
  <thread>1</thread>
  <message>End action : executeJavaScript(&amp;quot;document.body.click();&amp;quot;, [])</message>
  <nestedLevel>2</nestedLevel>
  <escapedJava>false</escapedJava>
</record>
<record>
  <date>2026-05-28T11:09:01.729096900Z</date>
  <millis>1779966541729</millis>
  <nanos>96900</nanos>
  <sequence>1285</sequence>
  <level>START</level>
  <class>com.kms.katalon.core.logging.XmlKeywordLogger</class>
  <method>startKeyword</method>
  <thread>1</thread>
  <message>Start action : println(&amp;quot;Clicked outside modal&amp;quot;)</message>
  <nestedLevel>2</nestedLevel>
  <escapedJava>false</escapedJava>
  <property name="startLine">242</property>
  <property name="stepIndex">2</property>
</record>
<record>
  <date>2026-05-28T11:09:01.729096900Z</date>
  <millis>1779966541729</millis>
  <nanos>96900</nanos>
  <sequence>1286</sequence>
  <level>END</level>
  <class>com.kms.katalon.core.logging.XmlKeywordLogger</class>
  <method>endKeyword</method>
  <thread>1</thread>
  <message>End action : println(&amp;quot;Clicked outside modal&amp;quot;)</message>
  <nestedLevel>2</nestedLevel>
  <escapedJava>false</escapedJava>
</record>
<record>
  <date>2026-05-28T11:09:01.729096900Z</date>
  <millis>1779966541729</millis>
  <nanos>96900</nanos>
  <sequence>1287</sequence>
  <level>END</level>
  <class>com.kms.katalon.core.logging.XmlKeywordLogger</class>
  <method>endKeyword</method>
  <thread>1</thread>
  <message>End action : if (!(okModalClosed))</message>
  <nestedLevel>1</nestedLevel>
  <escapedJava>false</escapedJava>
</record>
<record>
  <date>2026-05-28T11:09:01.729096900Z</date>
  <millis>1779966541729</millis>
  <nanos>96900</nanos>
  <sequence>1288</sequence>
  <level>START</level>
  <class>com.kms.katalon.core.logging.XmlKeywordLogger</class>
  <method>startKeyword</method>
  <thread>1</thread>
  <message>Start action : modal = new com.kms.katalon.core.testobject.TestObject()</message>
  <nestedLevel>1</nestedLevel>
  <escapedJava>false</escapedJava>
  <property name="startLine">250</property>
  <property name="stepIndex">38</property>
</record>
<record>
  <date>2026-05-28T11:09:01.729096900Z</date>
  <millis>1779966541729</millis>
  <nanos>96900</nanos>
  <sequence>1289</sequence>
  <level>END</level>
  <class>com.kms.katalon.core.logging.XmlKeywordLogger</class>
  <method>endKeyword</method>
  <thread>1</thread>
  <message>End action : modal = new com.kms.katalon.core.testobject.TestObject()</message>
  <nestedLevel>1</nestedLevel>
  <escapedJava>false</escapedJava>
</record>
<record>
  <date>2026-05-28T11:09:01.729096900Z</date>
  <millis>1779966541729</millis>
  <nanos>96900</nanos>
  <sequence>1290</sequence>
  <level>START</level>
  <class>com.kms.katalon.core.logging.XmlKeywordLogger</class>
  <method>startKeyword</method>
  <thread>1</thread>
  <message>Start action : modal.addProperty(&amp;quot;xpath&amp;quot;, EQUALS, &amp;quot;//*[contains(@class,&amp;apos;modal&amp;apos;)]&amp;quot;)</message>
  <nestedLevel>1</nestedLevel>
  <escapedJava>false</escapedJava>
  <property name="startLine">252</property>
  <property name="stepIndex">39</property>
</record>
<record>
  <date>2026-05-28T11:09:01.735575900Z</date>
  <millis>1779966541735</millis>
  <nanos>575900</nanos>
  <sequence>1291</sequence>
  <level>END</level>
  <class>com.kms.katalon.core.logging.XmlKeywordLogger</class>
  <method>endKeyword</method>
  <thread>1</thread>
  <message>End action : modal.addProperty(&amp;quot;xpath&amp;quot;, EQUALS, &amp;quot;//*[contains(@class,&amp;apos;modal&amp;apos;)]&amp;quot;)</message>
  <nestedLevel>1</nestedLevel>
  <escapedJava>false</escapedJava>
</record>
<record>
  <date>2026-05-28T11:09:01.735575900Z</date>
  <millis>1779966541735</millis>
  <nanos>575900</nanos>
  <sequence>1292</sequence>
  <level>START</level>
  <class>com.kms.katalon.core.logging.XmlKeywordLogger</class>
  <method>startKeyword</method>
  <thread>1</thread>
  <message>Start action : waitForElementNotPresent(modal, 20, OPTIONAL)</message>
  <nestedLevel>1</nestedLevel>
  <escapedJava>false</escapedJava>
  <property name="startLine">258</property>
  <property name="stepIndex">40</property>
</record>
<record>
  <date>2026-05-28T11:09:21.995401600Z</date>
  <millis>1779966561995</millis>
  <nanos>401600</nanos>
  <sequence>1297</sequence>
  <level>WARNING</level>
  <class>com.kms.katalon.core.logging.XmlKeywordLogger</class>
  <method>logMessage</method>
  <thread>1</thread>
  <message>Web element with id: &amp;apos;&amp;apos; located by &amp;apos;By.xpath: //*[contains(@class,&amp;apos;modal&amp;apos;)]&amp;apos; is present after &amp;apos;20&amp;apos; second(s)</message>
  <nestedLevel>1</nestedLevel>
  <escapedJava>false</escapedJava>
</record>
<record>
  <date>2026-05-28T11:09:21.995401600Z</date>
  <millis>1779966561995</millis>
  <nanos>401600</nanos>
  <sequence>1298</sequence>
  <level>END</level>
  <class>com.kms.katalon.core.logging.XmlKeywordLogger</class>
  <method>endKeyword</method>
  <thread>1</thread>
  <message>End action : waitForElementNotPresent(modal, 20, OPTIONAL)</message>
  <nestedLevel>1</nestedLevel>
  <escapedJava>false</escapedJava>
</record>
<record>
  <date>2026-05-28T11:09:21.995401600Z</date>
  <millis>1779966561995</millis>
  <nanos>401600</nanos>
  <sequence>1299</sequence>
  <level>START</level>
  <class>com.kms.katalon.core.logging.XmlKeywordLogger</class>
  <method>startKeyword</method>
  <thread>1</thread>
  <message>Start action : println(&amp;quot;===== ESIGN SUCCESS =====&amp;quot;)</message>
  <nestedLevel>1</nestedLevel>
  <escapedJava>false</escapedJava>
  <property name="startLine">264</property>
  <property name="stepIndex">41</property>
</record>
<record>
  <date>2026-05-28T11:09:21.995401600Z</date>
  <millis>1779966561995</millis>
  <nanos>401600</nanos>
  <sequence>1300</sequence>
  <level>END</level>
  <class>com.kms.katalon.core.logging.XmlKeywordLogger</class>
  <method>endKeyword</method>
  <thread>1</thread>
  <message>End action : println(&amp;quot;===== ESIGN SUCCESS =====&amp;quot;)</message>
  <nestedLevel>1</nestedLevel>
  <escapedJava>false</escapedJava>
</record>
<record>
  <date>2026-05-28T11:09:21.999002500Z</date>
  <millis>1779966561999</millis>
  <nanos>2500</nanos>
  <sequence>1301</sequence>
  <level>PASSED</level>
  <class>com.kms.katalon.core.logging.XmlKeywordLogger</class>
  <method>logMessage</method>
  <thread>1</thread>
  <message>Test Cases/TaskActions/Table_Actions/Esign</message>
  <nestedLevel>1</nestedLevel>
  <escapedJava>false</escapedJava>
</record>
<record>
  <date>2026-05-28T11:09:21.999680200Z</date>
  <millis>1779966561999</millis>
  <nanos>680200</nanos>
  <sequence>1302</sequence>
  <level>END</level>
  <class>com.kms.katalon.core.logging.XmlKeywordLogger</class>
  <method>endTest</method>
  <thread>1</thread>
  <message>End Test Case : Test Cases/TaskActions/Table_Actions/Esign</message>
  <nestedLevel>0</nestedLevel>
  <escapedJava>false</escapedJava>
  <property name="executionBindingVariables">[]</property>
  <property name="applitools">false</property>
  <property name="remainingRetryCount">3</property>
  <property name="executedKeywords">{
  &quot;WebUI.switchToDefaultContent&quot;: 1,
  &quot;WebUI.waitForElementVisible&quot;: 1,
  &quot;WebUI.click&quot;: 1,
  &quot;WebUI.waitForPageLoad&quot;: 1,
  &quot;WebUI.executeJavaScript&quot;: 1,
  &quot;WebUI.switchToFrame&quot;: 1,
  &quot;WebUI.waitForElementNotPresent&quot;: 1,
  &quot;WebUI.waitForElementPresent&quot;: 1
}</property>
  <property name="currentRetryCount">0</property>
  <property name="keywordsUsage">{
  &quot;web_ui&quot;: true,
  &quot;web_service&quot;: false,
  &quot;cucumber&quot;: false,
  &quot;builtin&quot;: false,
  &quot;mobile&quot;: false,
  &quot;windows&quot;: false,
  &quot;testng&quot;: false
}</property>
</record>
<record>
  <date>2026-05-28T11:09:22.004222300Z</date>
  <millis>1779966562004</millis>
  <nanos>222300</nanos>
  <sequence>1303</sequence>
  <level>START</level>
  <class>com.kms.katalon.core.logging.XmlKeywordLogger</class>
  <method>startTest</method>
  <thread>1</thread>
  <message>Start Test Case : Test Cases/TaskActions/Comments/TC_Add_Comment</message>
  <nestedLevel>1</nestedLevel>
  <escapedJava>false</escapedJava>
  <property name="remainingRetryCount">3</property>
  <property name="origin"></property>
  <property name="name">Test Cases/TaskActions/Comments/TC_Add_Comment</property>
  <property name="description"></property>
  <property name="iteration"></property>
  <property name="id">Test Cases/TaskActions/Comments/TC_Add_Comment</property>
  <property name="source">C:\Users\CROWN-STAFF\git\convergence-qa-tests\Test Cases\TaskActions\Comments\TC_Add_Comment.tc</property>
  <property name="tag"></property>
  <property name="isOptional">false</property>
  <property name="uuid">2c22e9f9-aa1f-45bb-9339-6b6e54ecddd4</property>
  <property name="currentRetryCount">0</property>
</record>
<record>
  <date>2026-05-28T11:09:22.205519Z</date>
  <millis>1779966562205</millis>
  <nanos>519000</nanos>
  <sequence>1305</sequence>
  <level>RUN_DATA</level>
  <class>com.kms.katalon.core.logging.XmlKeywordLogger</class>
  <method>logMessage</method>
  <thread>1</thread>
  <message>executionBindingVariables = []</message>
  <nestedLevel>1</nestedLevel>
  <escapedJava>false</escapedJava>
  <property name="executionBindingVariables">[]</property>
</record>
<record>
  <date>2026-05-28T11:09:22.285461300Z</date>
  <millis>1779966562285</millis>
  <nanos>461300</nanos>
  <sequence>1306</sequence>
  <level>START</level>
  <class>com.kms.katalon.core.logging.XmlKeywordLogger</class>
  <method>startKeyword</method>
  <thread>1</thread>
  <message>Start action : waitForPageLoad(20)</message>
  <nestedLevel>1</nestedLevel>
  <escapedJava>false</escapedJava>
  <property name="startLine">21</property>
  <property name="stepIndex">1</property>
</record>
<record>
  <date>2026-05-28T11:09:22.295084100Z</date>
  <millis>1779966562295</millis>
  <nanos>84100</nanos>
  <sequence>1310</sequence>
  <level>PASSED</level>
  <class>com.kms.katalon.core.logging.XmlKeywordLogger</class>
  <method>logMessage</method>
  <thread>1</thread>
  <message>Wait for page load successfully</message>
  <nestedLevel>1</nestedLevel>
  <escapedJava>false</escapedJava>
  <property name="testops-method-name">com.kms.katalon.core.webui.keyword.internal.WebUIKeywordMain$runKeyword$0.call</property>
  <property name="testops-execution-stacktrace">com.kms.katalon.core.logging.KeywordLogger.logPassed(KeywordLogger.java:350)
com.kms.katalon.core.logging.KeywordLogger.logPassed(KeywordLogger.java:345)
com.kms.katalon.core.logging.KeywordLogger$logPassed$0.call(Unknown Source)
com.kms.katalon.core.webui.keyword.builtin.WaitForPageLoadKeyword$_waitForPageLoad_closure1.doCall(WaitForPageLoadKeyword.groovy:94)
com.kms.katalon.core.webui.keyword.builtin.WaitForPageLoadKeyword$_waitForPageLoad_closure1.doCall(WaitForPageLoadKeyword.groovy)
java.base/jdk.internal.reflect.DirectMethodHandleAccessor.invoke(DirectMethodHandleAccessor.java:103)
com.kms.katalon.core.webui.keyword.internal.WebUIKeywordMain.runKeyword(WebUIKeywordMain.groovy:41)
com.kms.katalon.core.webui.keyword.internal.WebUIKeywordMain$runKeyword$0.call(Unknown Source)
com.kms.katalon.core.webui.keyword.builtin.WaitForPageLoadKeyword.waitForPageLoad(WaitForPageLoadKeyword.groovy:95)
com.kms.katalon.core.webui.keyword.builtin.WaitForPageLoadKeyword.execute(WaitForPageLoadKeyword.groovy:68)
com.kms.katalon.core.keyword.internal.KeywordExecutor.executeKeywordForPlatform(KeywordExecutor.groovy:99)
com.kms.katalon.core.webui.keyword.WebUiBuiltInKeywords.waitForPageLoad(WebUiBuiltInKeywords.groovy:2559)
TC_Add_Comment.run(TC_Add_Comment:21)
</property>
</record>
<record>
  <date>2026-05-28T11:09:22.295084100Z</date>
  <millis>1779966562295</millis>
  <nanos>84100</nanos>
  <sequence>1311</sequence>
  <level>END</level>
  <class>com.kms.katalon.core.logging.XmlKeywordLogger</class>
  <method>endKeyword</method>
  <thread>1</thread>
  <message>End action : waitForPageLoad(20)</message>
  <nestedLevel>1</nestedLevel>
  <escapedJava>false</escapedJava>
</record>
<record>
  <date>2026-05-28T11:09:22.295084100Z</date>
  <millis>1779966562295</millis>
  <nanos>84100</nanos>
  <sequence>1312</sequence>
  <level>START</level>
  <class>com.kms.katalon.core.logging.XmlKeywordLogger</class>
  <method>startKeyword</method>
  <thread>1</thread>
  <message>Start action : waitForElementPresent(findTestObject(&amp;quot;Page_Work Order  Index- Workforce Manager/input_Search&amp;quot;), 20)</message>
  <nestedLevel>1</nestedLevel>
  <escapedJava>false</escapedJava>
  <property name="startLine">23</property>
  <property name="stepIndex">2</property>
</record>
<record>
  <date>2026-05-28T11:09:42.524066900Z</date>
  <millis>1779966582524</millis>
  <nanos>66900</nanos>
  <sequence>1318</sequence>
  <level>WARNING</level>
  <class>com.kms.katalon.core.logging.XmlKeywordLogger</class>
  <method>logMessage</method>
  <thread>1</thread>
  <message>Object &amp;apos;Object Repository/Page_Work Order  Index- Workforce Manager/input_Search&amp;apos; is not present after 20 second(s)</message>
  <nestedLevel>1</nestedLevel>
  <escapedJava>false</escapedJava>
  <property name="failed.exception.stacktrace">com.kms.katalon.core.webui.exception.WebElementNotFoundException: Web element with id: &apos;Object Repository/Page_Work Order  Index- Workforce Manager/input_Search&apos; located by &apos;By.xpath: //*[@id = &apos;created-by-me&apos;]//*[@id = &apos;search-table&apos;]&apos; not found
	at com.kms.katalon.core.webui.model.WebUiElementFinder.findElementByNormalMethods(WebUiElementFinder.java:201)
	at com.kms.katalon.core.webui.model.WebUiElementFinder.findElementsBySelectedMethod(WebUiElementFinder.java:99)
	at com.kms.katalon.core.webui.model.WebUiElementFinder.findElementsBySelectedMethod(WebUiElementFinder.java:82)
	at com.kms.katalon.core.webui.model.WebUiElementFinder.findElementsBySelectedMethod(WebUiElementFinder.java:77)
	at com.kms.katalon.core.webui.model.WebUiElementFinder.findElement(WebUiElementFinder.java:51)
	at com.kms.katalon.core.webui.model.WebUiElementFinderWithTimeout.basicFindElement(WebUiElementFinderWithTimeout.java:51)
	at com.kms.katalon.core.webui.model.WebUiElementFinderWithTimeout.lambda$0(WebUiElementFinderWithTimeout.java:29)
	at com.kms.katalon.core.webui.model.SeleniumActionRetryController.performAction(SeleniumActionRetryController.java:96)
	at com.kms.katalon.core.webui.model.SeleniumActionRetryController.performAction(SeleniumActionRetryController.java:83)
	at com.kms.katalon.core.webui.model.WebUiElementFinderWithTimeout.findElement(WebUiElementFinderWithTimeout.java:28)
	at com.kms.katalon.core.webui.keyword.internal.WebUIAbstractKeyword.lambda$1(WebUIAbstractKeyword.java:119)
	at com.kms.katalon.core.webui.model.SeleniumActionRetryController.performAction(SeleniumActionRetryController.java:96)
	at com.kms.katalon.core.webui.model.SeleniumActionRetryController.performAction(SeleniumActionRetryController.java:83)
	at com.kms.katalon.core.webui.model.SeleniumActionRetryController.retry(SeleniumActionRetryController.java:49)
	at com.kms.katalon.core.webui.model.SeleniumActionRetryController.retry(SeleniumActionRetryController.java:44)
	at com.kms.katalon.core.webui.keyword.internal.WebUIAbstractKeyword.findWebElement(WebUIAbstractKeyword.java:116)
	at com.kms.katalon.core.webui.keyword.builtin.WaitForElementPresentKeyword$_waitForElementPresent_closure1.doCall(WaitForElementPresentKeyword.groovy:54)
	at java.base/jdk.internal.reflect.DirectMethodHandleAccessor.invoke(DirectMethodHandleAccessor.java:103)
	at jdk.proxy2/jdk.proxy2.$Proxy56.execute(Unknown Source)
	at com.kms.katalon.core.webui.model.SeleniumActionRetryController.performAction(SeleniumActionRetryController.java:96)
	at com.kms.katalon.core.webui.model.SeleniumActionRetryController.performAction(SeleniumActionRetryController.java:83)
	at com.kms.katalon.core.webui.keyword.internal.WebUIKeywordMain$_runKeywordUntilTimeout_closure2.doCall(WebUIKeywordMain.groovy:155)
	at com.kms.katalon.core.webui.keyword.internal.WebUIKeywordMain$_runKeywordUntilTimeout_closure2.call(WebUIKeywordMain.groovy)
	at com.kms.katalon.core.webui.keyword.internal.WebUIKeywordMain.runKeyword(WebUIKeywordMain.groovy:41)
	at com.kms.katalon.core.webui.keyword.internal.WebUIKeywordMain.runKeywordUntilTimeout(WebUIKeywordMain.groovy:152)
	at com.kms.katalon.core.webui.keyword.builtin.WaitForElementPresentKeyword.waitForElementPresent(WaitForElementPresentKeyword.groovy:68)
	at com.kms.katalon.core.webui.keyword.builtin.WaitForElementPresentKeyword.execute(WaitForElementPresentKeyword.groovy:38)
	at com.kms.katalon.core.keyword.internal.KeywordExecutor.executeKeywordForPlatform(KeywordExecutor.groovy:99)
	at com.kms.katalon.core.webui.keyword.WebUiBuiltInKeywords.waitForElementPresent(WebUiBuiltInKeywords.groovy:424)
	at TC_Add_Comment.run(TC_Add_Comment:23)
	at com.kms.katalon.core.main.ScriptEngine.run(ScriptEngine.java:203)
	at com.kms.katalon.core.main.ScriptEngine.runScriptAsRawText(ScriptEngine.java:115)
	at com.kms.katalon.core.main.TestCaseExecutor.runScript(TestCaseExecutor.java:504)
	at com.kms.katalon.core.main.TestCaseExecutor.doExecute(TestCaseExecutor.java:495)
	at com.kms.katalon.core.main.TestCaseExecutor.processExecutionPhase(TestCaseExecutor.java:474)
	at com.kms.katalon.core.main.TestCaseExecutor.accessMainPhase(TestCaseExecutor.java:466)
	at com.kms.katalon.core.main.TestCaseExecutor.execute(TestCaseExecutor.java:336)
	at com.kms.katalon.core.common.CommonExecutor.accessTestCaseMainPhase(CommonExecutor.java:71)
	at com.kms.katalon.core.main.TestSuiteExecutor.accessTestSuiteMainPhase(TestSuiteExecutor.java:153)
	at com.kms.katalon.core.main.TestSuiteExecutor.execute(TestSuiteExecutor.java:110)
	at com.kms.katalon.core.main.TestCaseMain.startTestSuite(TestCaseMain.java:206)
	at S0528_0.run(S0528_0.groovy:40)
	at java.base/jdk.internal.reflect.DirectMethodHandleAccessor.invoke(DirectMethodHandleAccessor.java:103)
</property>
  <property name="failed.exception.class">com.kms.katalon.core.webui.exception.WebElementNotFoundException</property>
  <property name="failed.exception.message">Web element with id: &apos;Object Repository/Page_Work Order  Index- Workforce Manager/input_Search&apos; located by &apos;By.xpath: //*[@id = &apos;created-by-me&apos;]//*[@id = &apos;search-table&apos;]&apos; not found</property>
</record>
<record>
  <date>2026-05-28T11:09:42.525573300Z</date>
  <millis>1779966582525</millis>
  <nanos>573300</nanos>
  <sequence>1319</sequence>
  <level>END</level>
  <class>com.kms.katalon.core.logging.XmlKeywordLogger</class>
  <method>endKeyword</method>
  <thread>1</thread>
  <message>End action : waitForElementPresent(findTestObject(&amp;quot;Page_Work Order  Index- Workforce Manager/input_Search&amp;quot;), 20)</message>
  <nestedLevel>1</nestedLevel>
  <escapedJava>false</escapedJava>
</record>
<record>
  <date>2026-05-28T11:09:42.526582700Z</date>
  <millis>1779966582526</millis>
  <nanos>582700</nanos>
  <sequence>1320</sequence>
  <level>START</level>
  <class>com.kms.katalon.core.logging.XmlKeywordLogger</class>
  <method>startKeyword</method>
  <thread>1</thread>
  <message>Start action : waitForPageLoad(20)</message>
  <nestedLevel>1</nestedLevel>
  <escapedJava>false</escapedJava>
  <property name="startLine">26</property>
  <property name="stepIndex">3</property>
</record>
<record>
  <date>2026-05-28T11:09:42.536345300Z</date>
  <millis>1779966582536</millis>
  <nanos>345300</nanos>
  <sequence>1324</sequence>
  <level>PASSED</level>
  <class>com.kms.katalon.core.logging.XmlKeywordLogger</class>
  <method>logMessage</method>
  <thread>1</thread>
  <message>Wait for page load successfully</message>
  <nestedLevel>1</nestedLevel>
  <escapedJava>false</escapedJava>
  <property name="testops-method-name">com.kms.katalon.core.webui.keyword.internal.WebUIKeywordMain$runKeyword$0.call</property>
  <property name="testops-execution-stacktrace">com.kms.katalon.core.logging.KeywordLogger.logPassed(KeywordLogger.java:350)
com.kms.katalon.core.logging.KeywordLogger.logPassed(KeywordLogger.java:345)
com.kms.katalon.core.logging.KeywordLogger$logPassed$0.call(Unknown Source)
com.kms.katalon.core.webui.keyword.builtin.WaitForPageLoadKeyword$_waitForPageLoad_closure1.doCall(WaitForPageLoadKeyword.groovy:94)
com.kms.katalon.core.webui.keyword.builtin.WaitForPageLoadKeyword$_waitForPageLoad_closure1.doCall(WaitForPageLoadKeyword.groovy)
java.base/jdk.internal.reflect.DirectMethodHandleAccessor.invoke(DirectMethodHandleAccessor.java:103)
com.kms.katalon.core.webui.keyword.internal.WebUIKeywordMain.runKeyword(WebUIKeywordMain.groovy:41)
com.kms.katalon.core.webui.keyword.internal.WebUIKeywordMain$runKeyword$0.call(Unknown Source)
com.kms.katalon.core.webui.keyword.builtin.WaitForPageLoadKeyword.waitForPageLoad(WaitForPageLoadKeyword.groovy:95)
com.kms.katalon.core.webui.keyword.builtin.WaitForPageLoadKeyword.execute(WaitForPageLoadKeyword.groovy:68)
com.kms.katalon.core.keyword.internal.KeywordExecutor.executeKeywordForPlatform(KeywordExecutor.groovy:99)
com.kms.katalon.core.webui.keyword.WebUiBuiltInKeywords.waitForPageLoad(WebUiBuiltInKeywords.groovy:2559)
TC_Add_Comment.run(TC_Add_Comment:26)
</property>
</record>
<record>
  <date>2026-05-28T11:09:42.537342900Z</date>
  <millis>1779966582537</millis>
  <nanos>342900</nanos>
  <sequence>1325</sequence>
  <level>END</level>
  <class>com.kms.katalon.core.logging.XmlKeywordLogger</class>
  <method>endKeyword</method>
  <thread>1</thread>
  <message>End action : waitForPageLoad(20)</message>
  <nestedLevel>1</nestedLevel>
  <escapedJava>false</escapedJava>
</record>
<record>
  <date>2026-05-28T11:09:42.537342900Z</date>
  <millis>1779966582537</millis>
  <nanos>342900</nanos>
  <sequence>1326</sequence>
  <level>START</level>
  <class>com.kms.katalon.core.logging.XmlKeywordLogger</class>
  <method>startKeyword</method>
  <thread>1</thread>
  <message>Start action : waitForElementPresent(findTestObject(&amp;quot;Page_Work Order  Index- Workforce Manager/input_Search&amp;quot;), 20)</message>
  <nestedLevel>1</nestedLevel>
  <escapedJava>false</escapedJava>
  <property name="startLine">28</property>
  <property name="stepIndex">4</property>
</record>
<record>
  <date>2026-05-28T11:10:02.602445Z</date>
  <millis>1779966602602</millis>
  <nanos>445000</nanos>
  <sequence>1332</sequence>
  <level>WARNING</level>
  <class>com.kms.katalon.core.logging.XmlKeywordLogger</class>
  <method>logMessage</method>
  <thread>1</thread>
  <message>Object &amp;apos;Object Repository/Page_Work Order  Index- Workforce Manager/input_Search&amp;apos; is not present after 20 second(s)</message>
  <nestedLevel>1</nestedLevel>
  <escapedJava>false</escapedJava>
  <property name="failed.exception.stacktrace">com.kms.katalon.core.webui.exception.WebElementNotFoundException: Web element with id: &apos;Object Repository/Page_Work Order  Index- Workforce Manager/input_Search&apos; located by &apos;By.xpath: //*[@id = &apos;created-by-me&apos;]//*[@id = &apos;search-table&apos;]&apos; not found
	at com.kms.katalon.core.webui.model.WebUiElementFinder.findElementByNormalMethods(WebUiElementFinder.java:201)
	at com.kms.katalon.core.webui.model.WebUiElementFinder.findElementsBySelectedMethod(WebUiElementFinder.java:99)
	at com.kms.katalon.core.webui.model.WebUiElementFinder.findElementsBySelectedMethod(WebUiElementFinder.java:82)
	at com.kms.katalon.core.webui.model.WebUiElementFinder.findElementsBySelectedMethod(WebUiElementFinder.java:77)
	at com.kms.katalon.core.webui.model.WebUiElementFinder.findElement(WebUiElementFinder.java:51)
	at com.kms.katalon.core.webui.model.WebUiElementFinderWithTimeout.basicFindElement(WebUiElementFinderWithTimeout.java:51)
	at com.kms.katalon.core.webui.model.WebUiElementFinderWithTimeout.lambda$0(WebUiElementFinderWithTimeout.java:29)
	at com.kms.katalon.core.webui.model.SeleniumActionRetryController.performAction(SeleniumActionRetryController.java:96)
	at com.kms.katalon.core.webui.model.SeleniumActionRetryController.performAction(SeleniumActionRetryController.java:83)
	at com.kms.katalon.core.webui.model.WebUiElementFinderWithTimeout.findElement(WebUiElementFinderWithTimeout.java:28)
	at com.kms.katalon.core.webui.keyword.internal.WebUIAbstractKeyword.lambda$1(WebUIAbstractKeyword.java:119)
	at com.kms.katalon.core.webui.model.SeleniumActionRetryController.performAction(SeleniumActionRetryController.java:96)
	at com.kms.katalon.core.webui.model.SeleniumActionRetryController.performAction(SeleniumActionRetryController.java:83)
	at com.kms.katalon.core.webui.model.SeleniumActionRetryController.retry(SeleniumActionRetryController.java:49)
	at com.kms.katalon.core.webui.model.SeleniumActionRetryController.retry(SeleniumActionRetryController.java:44)
	at com.kms.katalon.core.webui.keyword.internal.WebUIAbstractKeyword.findWebElement(WebUIAbstractKeyword.java:116)
	at com.kms.katalon.core.webui.keyword.builtin.WaitForElementPresentKeyword$_waitForElementPresent_closure1.doCall(WaitForElementPresentKeyword.groovy:54)
	at java.base/jdk.internal.reflect.DirectMethodHandleAccessor.invoke(DirectMethodHandleAccessor.java:103)
	at jdk.proxy2/jdk.proxy2.$Proxy56.execute(Unknown Source)
	at com.kms.katalon.core.webui.model.SeleniumActionRetryController.performAction(SeleniumActionRetryController.java:96)
	at com.kms.katalon.core.webui.model.SeleniumActionRetryController.performAction(SeleniumActionRetryController.java:83)
	at com.kms.katalon.core.webui.keyword.internal.WebUIKeywordMain$_runKeywordUntilTimeout_closure2.doCall(WebUIKeywordMain.groovy:155)
	at com.kms.katalon.core.webui.keyword.internal.WebUIKeywordMain$_runKeywordUntilTimeout_closure2.call(WebUIKeywordMain.groovy)
	at com.kms.katalon.core.webui.keyword.internal.WebUIKeywordMain.runKeyword(WebUIKeywordMain.groovy:41)
	at com.kms.katalon.core.webui.keyword.internal.WebUIKeywordMain.runKeywordUntilTimeout(WebUIKeywordMain.groovy:152)
	at com.kms.katalon.core.webui.keyword.builtin.WaitForElementPresentKeyword.waitForElementPresent(WaitForElementPresentKeyword.groovy:68)
	at com.kms.katalon.core.webui.keyword.builtin.WaitForElementPresentKeyword.execute(WaitForElementPresentKeyword.groovy:38)
	at com.kms.katalon.core.keyword.internal.KeywordExecutor.executeKeywordForPlatform(KeywordExecutor.groovy:99)
	at com.kms.katalon.core.webui.keyword.WebUiBuiltInKeywords.waitForElementPresent(WebUiBuiltInKeywords.groovy:424)
	at TC_Add_Comment.run(TC_Add_Comment:28)
	at com.kms.katalon.core.main.ScriptEngine.run(ScriptEngine.java:203)
	at com.kms.katalon.core.main.ScriptEngine.runScriptAsRawText(ScriptEngine.java:115)
	at com.kms.katalon.core.main.TestCaseExecutor.runScript(TestCaseExecutor.java:504)
	at com.kms.katalon.core.main.TestCaseExecutor.doExecute(TestCaseExecutor.java:495)
	at com.kms.katalon.core.main.TestCaseExecutor.processExecutionPhase(TestCaseExecutor.java:474)
	at com.kms.katalon.core.main.TestCaseExecutor.accessMainPhase(TestCaseExecutor.java:466)
	at com.kms.katalon.core.main.TestCaseExecutor.execute(TestCaseExecutor.java:336)
	at com.kms.katalon.core.common.CommonExecutor.accessTestCaseMainPhase(CommonExecutor.java:71)
	at com.kms.katalon.core.main.TestSuiteExecutor.accessTestSuiteMainPhase(TestSuiteExecutor.java:153)
	at com.kms.katalon.core.main.TestSuiteExecutor.execute(TestSuiteExecutor.java:110)
	at com.kms.katalon.core.main.TestCaseMain.startTestSuite(TestCaseMain.java:206)
	at S0528_0.run(S0528_0.groovy:40)
	at java.base/jdk.internal.reflect.DirectMethodHandleAccessor.invoke(DirectMethodHandleAccessor.java:103)
</property>
  <property name="failed.exception.class">com.kms.katalon.core.webui.exception.WebElementNotFoundException</property>
  <property name="failed.exception.message">Web element with id: &apos;Object Repository/Page_Work Order  Index- Workforce Manager/input_Search&apos; located by &apos;By.xpath: //*[@id = &apos;created-by-me&apos;]//*[@id = &apos;search-table&apos;]&apos; not found</property>
</record>
<record>
  <date>2026-05-28T11:10:02.605437100Z</date>
  <millis>1779966602605</millis>
  <nanos>437100</nanos>
  <sequence>1333</sequence>
  <level>END</level>
  <class>com.kms.katalon.core.logging.XmlKeywordLogger</class>
  <method>endKeyword</method>
  <thread>1</thread>
  <message>End action : waitForElementPresent(findTestObject(&amp;quot;Page_Work Order  Index- Workforce Manager/input_Search&amp;quot;), 20)</message>
  <nestedLevel>1</nestedLevel>
  <escapedJava>false</escapedJava>
</record>
<record>
  <date>2026-05-28T11:10:02.605437100Z</date>
  <millis>1779966602605</millis>
  <nanos>437100</nanos>
  <sequence>1334</sequence>
  <level>START</level>
  <class>com.kms.katalon.core.logging.XmlKeywordLogger</class>
  <method>startKeyword</method>
  <thread>1</thread>
  <message>Start action : click(findTestObject(&amp;quot;Page_Work Order  View- Workforce Manager/div_Hi there, For line manager escalation or app&amp;quot;))</message>
  <nestedLevel>1</nestedLevel>
  <escapedJava>false</escapedJava>
  <property name="startLine">30</property>
  <property name="stepIndex">5</property>
</record>
<record>
  <date>2026-05-28T11:10:12.645520800Z</date>
  <millis>1779966612645</millis>
  <nanos>520800</nanos>
  <sequence>1343</sequence>
  <level>WARNING</level>
  <class>com.kms.katalon.core.logging.XmlKeywordLogger</class>
  <method>logMessage</method>
  <thread>1</thread>
  <message>Waiting for element timed out</message>
  <nestedLevel>1</nestedLevel>
  <escapedJava>false</escapedJava>
</record>
<record>
  <date>2026-05-28T11:10:14.665297600Z</date>
  <millis>1779966614665</millis>
  <nanos>297600</nanos>
  <sequence>1348</sequence>
  <level>FAILED</level>
  <class>com.kms.katalon.core.logging.XmlKeywordLogger</class>
  <method>logMessage</method>
  <thread>1</thread>
  <message>Unable to click on object &amp;apos;Object Repository/Page_Work Order  View- Workforce Manager/div_Hi there, For line manager escalation or app&amp;apos; (Root cause: com.kms.katalon.core.exception.StepFailedException: Unable to click on object &amp;apos;Object Repository/Page_Work Order  View- Workforce Manager/div_Hi there, For line manager escalation or app&amp;apos;
	at com.kms.katalon.core.webui.keyword.internal.WebUIKeywordMain.stepFailed(WebUIKeywordMain.groovy:177)
	at com.kms.katalon.core.webui.keyword.internal.WebUIKeywordMain.runKeyword(WebUIKeywordMain.groovy:49)
	at com.kms.katalon.core.webui.keyword.internal.WebUIKeywordMain.runKeywordUntilTimeout(WebUIKeywordMain.groovy:133)
	at com.kms.katalon.core.webui.keyword.builtin.ClickKeyword.click(ClickKeyword.groovy:72)
	at com.kms.katalon.core.webui.keyword.builtin.ClickKeyword.execute(ClickKeyword.groovy:38)
	at com.kms.katalon.core.keyword.internal.KeywordExecutor.executeKeywordForPlatform(KeywordExecutor.groovy:99)
	at com.kms.katalon.core.webui.keyword.WebUiBuiltInKeywords.click(WebUiBuiltInKeywords.groovy:722)
	at TC_Add_Comment.run(TC_Add_Comment:30)
	at com.kms.katalon.core.main.ScriptEngine.run(ScriptEngine.java:203)
	at com.kms.katalon.core.main.ScriptEngine.runScriptAsRawText(ScriptEngine.java:115)
	at com.kms.katalon.core.main.TestCaseExecutor.runScript(TestCaseExecutor.java:504)
	at com.kms.katalon.core.main.TestCaseExecutor.doExecute(TestCaseExecutor.java:495)
	at com.kms.katalon.core.main.TestCaseExecutor.processExecutionPhase(TestCaseExecutor.java:474)
	at com.kms.katalon.core.main.TestCaseExecutor.accessMainPhase(TestCaseExecutor.java:466)
	at com.kms.katalon.core.main.TestCaseExecutor.execute(TestCaseExecutor.java:336)
	at com.kms.katalon.core.common.CommonExecutor.accessTestCaseMainPhase(CommonExecutor.java:71)
	at com.kms.katalon.core.main.TestSuiteExecutor.accessTestSuiteMainPhase(TestSuiteExecutor.java:153)
	at com.kms.katalon.core.main.TestSuiteExecutor.execute(TestSuiteExecutor.java:110)
	at com.kms.katalon.core.main.TestCaseMain.startTestSuite(TestCaseMain.java:206)
	at S0528_0.run(S0528_0.groovy:40)
	at java.base/jdk.internal.reflect.DirectMethodHandleAccessor.invoke(DirectMethodHandleAccessor.java:103)
Caused by: org.openqa.selenium.ElementClickInterceptedException: element click intercepted: Element &amp;lt;div class=&amp;quot;assign-modal-alert&amp;quot;&amp;gt;...&amp;lt;/div&amp;gt; is not clickable at point (763, 99). Other element would receive the click: &amp;lt;div class=&amp;quot;modal-dialog&amp;quot;&amp;gt;...&amp;lt;/div&amp;gt;
  (Session info: chrome=148.0.7778.179)
Build info: version: &amp;apos;4.39.0&amp;apos;, revision: &amp;apos;126f156aee&amp;apos;
System info: os.name: &amp;apos;Windows 11&amp;apos;, os.arch: &amp;apos;amd64&amp;apos;, os.version: &amp;apos;10.0&amp;apos;, java.version: &amp;apos;21.0.9&amp;apos;
Driver info: com.kms.katalon.selenium.driver.CChromeDriver
Command: [e43099d9a5ed4667c645b535b1e9b03f, clickElement {id=f.9512225E57FB1572FEC9CA821E57F824.d.156CA2D9735E4F938AC4877C2D4D7ABE.e.67622}]
Capabilities {acceptInsecureCerts: false, browserName: chrome, browserVersion: 148.0.7778.179, chrome: {chromedriverVersion: 148.0.7778.167 (65db666ac2c..., userDataDir: C:\Users\CROWN-~1\AppData\L...}, fedcm:accounts: true, goog:chromeOptions: {debuggerAddress: localhost:59267}, goog:processID: 51480, networkConnectionEnabled: false, pageLoadStrategy: normal, platformName: windows, proxy: Proxy(), se:cdp: ws://localhost:59267/devtoo..., se:cdpVersion: 148.0.7778.179, setWindowRect: true, strictFileInteractability: false, timeouts: {implicit: 0, pageLoad: 300000, script: 30000}, unhandledPromptBehavior: {alert: ignore, beforeUnload: ignore, confirm: ignore, default: ignore, file: ignore, prompt: ignore}, webSocketUrl: ws://localhost:29467/sessio..., webauthn:extension:credBlob: true, webauthn:extension:largeBlob: true, webauthn:extension:minPinLength: true, webauthn:extension:prf: true, webauthn:virtualAuthenticators: true}
Element: [[CChromeDriver: chrome on windows (e43099d9a5ed4667c645b535b1e9b03f)] -&amp;gt; xpath: //*[@class and contains(concat(&amp;apos; &amp;apos;, normalize-space(@class), &amp;apos; &amp;apos;), &amp;apos; assign-modal-alert &amp;apos;)]]
Session ID: e43099d9a5ed4667c645b535b1e9b03f
	at java.base/jdk.internal.reflect.DirectConstructorHandleAccessor.newInstance(DirectConstructorHandleAccessor.java:62)
	at org.openqa.selenium.remote.ErrorCodec.decode(ErrorCodec.java:167)
	at org.openqa.selenium.remote.codec.w3c.W3CHttpResponseCodec.decode(W3CHttpResponseCodec.java:142)
	at org.openqa.selenium.remote.codec.w3c.W3CHttpResponseCodec.decode(W3CHttpResponseCodec.java:49)
	at org.openqa.selenium.remote.HttpCommandExecutor.execute(HttpCommandExecutor.java:215)
	at org.openqa.selenium.remote.service.DriverCommandExecutor.invokeExecute(DriverCommandExecutor.java:216)
	at org.openqa.selenium.remote.service.DriverCommandExecutor.execute(DriverCommandExecutor.java:174)
	at org.openqa.selenium.remote.RemoteWebDriver.execute(RemoteWebDriver.java:561)
	at org.openqa.selenium.remote.RemoteWebElement.execute(RemoteWebElement.java:223)
	at org.openqa.selenium.remote.RemoteWebElement.click(RemoteWebElement.java:76)
	at java.base/jdk.internal.reflect.DirectMethodHandleAccessor.invoke(DirectMethodHandleAccessor.java:103)
	at org.openqa.selenium.support.decorators.WebDriverDecorator.call(WebDriverDecorator.java:326)
	at org.openqa.selenium.support.decorators.DefaultDecorated.call(DefaultDecorated.java:48)
	at org.openqa.selenium.support.decorators.WebDriverDecorator.lambda$createProxyFactory$3(WebDriverDecorator.java:416)
	at net.bytebuddy.renamed.java.lang.Object$ByteBuddy$ztyDKi2K.click(Unknown Source)
	at com.kms.katalon.core.webui.keyword.builtin.ClickKeyword$_click_closure1.doCall(ClickKeyword.groovy:63)
	at java.base/jdk.internal.reflect.DirectMethodHandleAccessor.invoke(DirectMethodHandleAccessor.java:103)
	at jdk.proxy2/jdk.proxy2.$Proxy56.execute(Unknown Source)
	at com.kms.katalon.core.webui.model.SeleniumActionRetryController.performAction(SeleniumActionRetryController.java:96)
	at com.kms.katalon.core.webui.model.SeleniumActionRetryController.performAction(SeleniumActionRetryController.java:83)
	at com.kms.katalon.core.webui.keyword.internal.WebUIKeywordMain$_runKeywordUntilTimeout_closure1.doCall(WebUIKeywordMain.groovy:135)
	at com.kms.katalon.core.webui.keyword.internal.WebUIKeywordMain$_runKeywordUntilTimeout_closure1.call(WebUIKeywordMain.groovy)
	at com.kms.katalon.core.webui.keyword.internal.WebUIKeywordMain.runKeyword(WebUIKeywordMain.groovy:41)
	at com.kms.katalon.core.webui.keyword.internal.WebUIKeywordMain.runKeywordUntilTimeout(WebUIKeywordMain.groovy:133)
	at com.kms.katalon.core.webui.keyword.builtin.ClickKeyword.click(ClickKeyword.groovy:72)
	at com.kms.katalon.core.webui.keyword.builtin.ClickKeyword.execute(ClickKeyword.groovy:38)
	at com.kms.katalon.core.keyword.internal.KeywordExecutor.executeKeywordForPlatform(KeywordExecutor.groovy:99)
	at com.kms.katalon.core.webui.keyword.WebUiBuiltInKeywords.click(WebUiBuiltInKeywords.groovy:722)
	at Script1779529027086.run(Script1779529027086.groovy:30)
	... 13 more
)</message>
  <nestedLevel>1</nestedLevel>
  <escapedJava>false</escapedJava>
  <property name="failed.exception.class">org.openqa.selenium.ElementClickInterceptedException</property>
  <property name="attachment">1779966613777.png</property>
  <property name="failed.exception.stacktrace">org.openqa.selenium.ElementClickInterceptedException: element click intercepted: Element &lt;div class=&quot;assign-modal-alert&quot;&gt;...&lt;/div&gt; is not clickable at point (763, 99). Other element would receive the click: &lt;div class=&quot;modal-dialog&quot;&gt;...&lt;/div&gt;
  (Session info: chrome=148.0.7778.179)
Build info: version: &apos;4.39.0&apos;, revision: &apos;126f156aee&apos;
System info: os.name: &apos;Windows 11&apos;, os.arch: &apos;amd64&apos;, os.version: &apos;10.0&apos;, java.version: &apos;21.0.9&apos;
Driver info: com.kms.katalon.selenium.driver.CChromeDriver
Command: [e43099d9a5ed4667c645b535b1e9b03f, clickElement {id=f.9512225E57FB1572FEC9CA821E57F824.d.156CA2D9735E4F938AC4877C2D4D7ABE.e.67622}]
Capabilities {acceptInsecureCerts: false, browserName: chrome, browserVersion: 148.0.7778.179, chrome: {chromedriverVersion: 148.0.7778.167 (65db666ac2c..., userDataDir: C:\Users\CROWN-~1\AppData\L...}, fedcm:accounts: true, goog:chromeOptions: {debuggerAddress: localhost:59267}, goog:processID: 51480, networkConnectionEnabled: false, pageLoadStrategy: normal, platformName: windows, proxy: Proxy(), se:cdp: ws://localhost:59267/devtoo..., se:cdpVersion: 148.0.7778.179, setWindowRect: true, strictFileInteractability: false, timeouts: {implicit: 0, pageLoad: 300000, script: 30000}, unhandledPromptBehavior: {alert: ignore, beforeUnload: ignore, confirm: ignore, default: ignore, file: ignore, prompt: ignore}, webSocketUrl: ws://localhost:29467/sessio..., webauthn:extension:credBlob: true, webauthn:extension:largeBlob: true, webauthn:extension:minPinLength: true, webauthn:extension:prf: true, webauthn:virtualAuthenticators: true}
Element: [[CChromeDriver: chrome on windows (e43099d9a5ed4667c645b535b1e9b03f)] -&gt; xpath: //*[@class and contains(concat(&apos; &apos;, normalize-space(@class), &apos; &apos;), &apos; assign-modal-alert &apos;)]]
Session ID: e43099d9a5ed4667c645b535b1e9b03f
	at java.base/jdk.internal.reflect.DirectConstructorHandleAccessor.newInstance(DirectConstructorHandleAccessor.java:62)
	at org.openqa.selenium.remote.ErrorCodec.decode(ErrorCodec.java:167)
	at org.openqa.selenium.remote.codec.w3c.W3CHttpResponseCodec.decode(W3CHttpResponseCodec.java:142)
	at org.openqa.selenium.remote.codec.w3c.W3CHttpResponseCodec.decode(W3CHttpResponseCodec.java:49)
	at org.openqa.selenium.remote.HttpCommandExecutor.execute(HttpCommandExecutor.java:215)
	at org.openqa.selenium.remote.service.DriverCommandExecutor.invokeExecute(DriverCommandExecutor.java:216)
	at org.openqa.selenium.remote.service.DriverCommandExecutor.execute(DriverCommandExecutor.java:174)
	at org.openqa.selenium.remote.RemoteWebDriver.execute(RemoteWebDriver.java:561)
	at org.openqa.selenium.remote.RemoteWebElement.execute(RemoteWebElement.java:223)
	at org.openqa.selenium.remote.RemoteWebElement.click(RemoteWebElement.java:76)
	at java.base/jdk.internal.reflect.DirectMethodHandleAccessor.invoke(DirectMethodHandleAccessor.java:103)
	at org.openqa.selenium.support.decorators.WebDriverDecorator.call(WebDriverDecorator.java:326)
	at org.openqa.selenium.support.decorators.DefaultDecorated.call(DefaultDecorated.java:48)
	at org.openqa.selenium.support.decorators.WebDriverDecorator.lambda$createProxyFactory$3(WebDriverDecorator.java:416)
	at net.bytebuddy.renamed.java.lang.Object$ByteBuddy$ztyDKi2K.click(Unknown Source)
	at com.kms.katalon.core.webui.keyword.builtin.ClickKeyword$_click_closure1.doCall(ClickKeyword.groovy:63)
	at java.base/jdk.internal.reflect.DirectMethodHandleAccessor.invoke(DirectMethodHandleAccessor.java:103)
	at jdk.proxy2/jdk.proxy2.$Proxy56.execute(Unknown Source)
	at com.kms.katalon.core.webui.model.SeleniumActionRetryController.performAction(SeleniumActionRetryController.java:96)
	at com.kms.katalon.core.webui.model.SeleniumActionRetryController.performAction(SeleniumActionRetryController.java:83)
	at com.kms.katalon.core.webui.keyword.internal.WebUIKeywordMain$_runKeywordUntilTimeout_closure1.doCall(WebUIKeywordMain.groovy:135)
	at com.kms.katalon.core.webui.keyword.internal.WebUIKeywordMain$_runKeywordUntilTimeout_closure1.call(WebUIKeywordMain.groovy)
	at com.kms.katalon.core.webui.keyword.internal.WebUIKeywordMain.runKeyword(WebUIKeywordMain.groovy:41)
	at com.kms.katalon.core.webui.keyword.internal.WebUIKeywordMain.runKeywordUntilTimeout(WebUIKeywordMain.groovy:133)
	at com.kms.katalon.core.webui.keyword.builtin.ClickKeyword.click(ClickKeyword.groovy:72)
	at com.kms.katalon.core.webui.keyword.builtin.ClickKeyword.execute(ClickKeyword.groovy:38)
	at com.kms.katalon.core.keyword.internal.KeywordExecutor.executeKeywordForPlatform(KeywordExecutor.groovy:99)
	at com.kms.katalon.core.webui.keyword.WebUiBuiltInKeywords.click(WebUiBuiltInKeywords.groovy:722)
	at TC_Add_Comment.run(TC_Add_Comment:30)
	at com.kms.katalon.core.main.ScriptEngine.run(ScriptEngine.java:203)
	at com.kms.katalon.core.main.ScriptEngine.runScriptAsRawText(ScriptEngine.java:115)
	at com.kms.katalon.core.main.TestCaseExecutor.runScript(TestCaseExecutor.java:504)
	at com.kms.katalon.core.main.TestCaseExecutor.doExecute(TestCaseExecutor.java:495)
	at com.kms.katalon.core.main.TestCaseExecutor.processExecutionPhase(TestCaseExecutor.java:474)
	at com.kms.katalon.core.main.TestCaseExecutor.accessMainPhase(TestCaseExecutor.java:466)
	at com.kms.katalon.core.main.TestCaseExecutor.execute(TestCaseExecutor.java:336)
	at com.kms.katalon.core.common.CommonExecutor.accessTestCaseMainPhase(CommonExecutor.java:71)
	at com.kms.katalon.core.main.TestSuiteExecutor.accessTestSuiteMainPhase(TestSuiteExecutor.java:153)
	at com.kms.katalon.core.main.TestSuiteExecutor.execute(TestSuiteExecutor.java:110)
	at com.kms.katalon.core.main.TestCaseMain.startTestSuite(TestCaseMain.java:206)
	at S0528_0.run(S0528_0.groovy:40)
	at java.base/jdk.internal.reflect.DirectMethodHandleAccessor.invoke(DirectMethodHandleAccessor.java:103)
</property>
  <property name="failed.exception.message">element click intercepted: Element &lt;div class=&quot;assign-modal-alert&quot;&gt;...&lt;/div&gt; is not clickable at point (763, 99). Other element would receive the click: &lt;div class=&quot;modal-dialog&quot;&gt;...&lt;/div&gt;
  (Session info: chrome=148.0.7778.179)
Build info: version: &apos;4.39.0&apos;, revision: &apos;126f156aee&apos;
System info: os.name: &apos;Windows 11&apos;, os.arch: &apos;amd64&apos;, os.version: &apos;10.0&apos;, java.version: &apos;21.0.9&apos;
Driver info: com.kms.katalon.selenium.driver.CChromeDriver
Command: [e43099d9a5ed4667c645b535b1e9b03f, clickElement {id=f.9512225E57FB1572FEC9CA821E57F824.d.156CA2D9735E4F938AC4877C2D4D7ABE.e.67622}]
Capabilities {acceptInsecureCerts: false, browserName: chrome, browserVersion: 148.0.7778.179, chrome: {chromedriverVersion: 148.0.7778.167 (65db666ac2c..., userDataDir: C:\Users\CROWN-~1\AppData\L...}, fedcm:accounts: true, goog:chromeOptions: {debuggerAddress: localhost:59267}, goog:processID: 51480, networkConnectionEnabled: false, pageLoadStrategy: normal, platformName: windows, proxy: Proxy(), se:cdp: ws://localhost:59267/devtoo..., se:cdpVersion: 148.0.7778.179, setWindowRect: true, strictFileInteractability: false, timeouts: {implicit: 0, pageLoad: 300000, script: 30000}, unhandledPromptBehavior: {alert: ignore, beforeUnload: ignore, confirm: ignore, default: ignore, file: ignore, prompt: ignore}, webSocketUrl: ws://localhost:29467/sessio..., webauthn:extension:credBlob: true, webauthn:extension:largeBlob: true, webauthn:extension:minPinLength: true, webauthn:extension:prf: true, webauthn:virtualAuthenticators: true}
Element: [[CChromeDriver: chrome on windows (e43099d9a5ed4667c645b535b1e9b03f)] -&gt; xpath: //*[@class and contains(concat(&apos; &apos;, normalize-space(@class), &apos; &apos;), &apos; assign-modal-alert &apos;)]]
Session ID: e43099d9a5ed4667c645b535b1e9b03f</property>
</record>
<record>
  <date>2026-05-28T11:10:14.669331300Z</date>
  <millis>1779966614669</millis>
  <nanos>331300</nanos>
  <sequence>1351</sequence>
  <level>END</level>
  <class>com.kms.katalon.core.logging.XmlKeywordLogger</class>
  <method>endKeyword</method>
  <thread>1</thread>
  <message>End action : click(findTestObject(&amp;quot;Page_Work Order  View- Workforce Manager/div_Hi there, For line manager escalation or app&amp;quot;))</message>
  <nestedLevel>1</nestedLevel>
  <escapedJava>false</escapedJava>
</record>
<record>
  <date>2026-05-28T11:10:14.671353400Z</date>
  <millis>1779966614671</millis>
  <nanos>353400</nanos>
  <sequence>1354</sequence>
  <level>FAILED</level>
  <class>com.kms.katalon.core.logging.XmlKeywordLogger</class>
  <method>logMessage</method>
  <thread>1</thread>
  <message>Test Cases/TaskActions/Comments/TC_Add_Comment FAILED.
Reason:
com.kms.katalon.core.exception.StepFailedException: Unable to click on object &amp;apos;Object Repository/Page_Work Order  View- Workforce Manager/div_Hi there, For line manager escalation or app&amp;apos;
	at com.kms.katalon.core.webui.keyword.internal.WebUIKeywordMain.stepFailed(WebUIKeywordMain.groovy:177)
	at com.kms.katalon.core.webui.keyword.internal.WebUIKeywordMain.runKeyword(WebUIKeywordMain.groovy:49)
	at com.kms.katalon.core.webui.keyword.internal.WebUIKeywordMain.runKeywordUntilTimeout(WebUIKeywordMain.groovy:133)
	at com.kms.katalon.core.webui.keyword.builtin.ClickKeyword.click(ClickKeyword.groovy:72)
	at com.kms.katalon.core.webui.keyword.builtin.ClickKeyword.execute(ClickKeyword.groovy:38)
	at com.kms.katalon.core.keyword.internal.KeywordExecutor.executeKeywordForPlatform(KeywordExecutor.groovy:99)
	at com.kms.katalon.core.webui.keyword.WebUiBuiltInKeywords.click(WebUiBuiltInKeywords.groovy:722)
	at TC_Add_Comment.run(TC_Add_Comment:30)
	at com.kms.katalon.core.main.ScriptEngine.run(ScriptEngine.java:203)
	at com.kms.katalon.core.main.ScriptEngine.runScriptAsRawText(ScriptEngine.java:115)
	at com.kms.katalon.core.main.TestCaseExecutor.runScript(TestCaseExecutor.java:504)
	at com.kms.katalon.core.main.TestCaseExecutor.doExecute(TestCaseExecutor.java:495)
	at com.kms.katalon.core.main.TestCaseExecutor.processExecutionPhase(TestCaseExecutor.java:474)
	at com.kms.katalon.core.main.TestCaseExecutor.accessMainPhase(TestCaseExecutor.java:466)
	at com.kms.katalon.core.main.TestCaseExecutor.execute(TestCaseExecutor.java:336)
	at com.kms.katalon.core.common.CommonExecutor.accessTestCaseMainPhase(CommonExecutor.java:71)
	at com.kms.katalon.core.main.TestSuiteExecutor.accessTestSuiteMainPhase(TestSuiteExecutor.java:153)
	at com.kms.katalon.core.main.TestSuiteExecutor.execute(TestSuiteExecutor.java:110)
	at com.kms.katalon.core.main.TestCaseMain.startTestSuite(TestCaseMain.java:206)
	at S0528_0.run(S0528_0.groovy:40)
	at java.base/jdk.internal.reflect.DirectMethodHandleAccessor.invoke(DirectMethodHandleAccessor.java:103)
Caused by: org.openqa.selenium.ElementClickInterceptedException: element click intercepted: Element &amp;lt;div class=&amp;quot;assign-modal-alert&amp;quot;&amp;gt;...&amp;lt;/div&amp;gt; is not clickable at point (763, 99). Other element would receive the click: &amp;lt;div class=&amp;quot;modal-dialog&amp;quot;&amp;gt;...&amp;lt;/div&amp;gt;
  (Session info: chrome=148.0.7778.179)
Build info: version: &amp;apos;4.39.0&amp;apos;, revision: &amp;apos;126f156aee&amp;apos;
System info: os.name: &amp;apos;Windows 11&amp;apos;, os.arch: &amp;apos;amd64&amp;apos;, os.version: &amp;apos;10.0&amp;apos;, java.version: &amp;apos;21.0.9&amp;apos;
Driver info: com.kms.katalon.selenium.driver.CChromeDriver
Command: [e43099d9a5ed4667c645b535b1e9b03f, clickElement {id=f.9512225E57FB1572FEC9CA821E57F824.d.156CA2D9735E4F938AC4877C2D4D7ABE.e.67622}]
Capabilities {acceptInsecureCerts: false, browserName: chrome, browserVersion: 148.0.7778.179, chrome: {chromedriverVersion: 148.0.7778.167 (65db666ac2c..., userDataDir: C:\Users\CROWN-~1\AppData\L...}, fedcm:accounts: true, goog:chromeOptions: {debuggerAddress: localhost:59267}, goog:processID: 51480, networkConnectionEnabled: false, pageLoadStrategy: normal, platformName: windows, proxy: Proxy(), se:cdp: ws://localhost:59267/devtoo..., se:cdpVersion: 148.0.7778.179, setWindowRect: true, strictFileInteractability: false, timeouts: {implicit: 0, pageLoad: 300000, script: 30000}, unhandledPromptBehavior: {alert: ignore, beforeUnload: ignore, confirm: ignore, default: ignore, file: ignore, prompt: ignore}, webSocketUrl: ws://localhost:29467/sessio..., webauthn:extension:credBlob: true, webauthn:extension:largeBlob: true, webauthn:extension:minPinLength: true, webauthn:extension:prf: true, webauthn:virtualAuthenticators: true}
Element: [[CChromeDriver: chrome on windows (e43099d9a5ed4667c645b535b1e9b03f)] -&amp;gt; xpath: //*[@class and contains(concat(&amp;apos; &amp;apos;, normalize-space(@class), &amp;apos; &amp;apos;), &amp;apos; assign-modal-alert &amp;apos;)]]
Session ID: e43099d9a5ed4667c645b535b1e9b03f
	at java.base/jdk.internal.reflect.DirectConstructorHandleAccessor.newInstance(DirectConstructorHandleAccessor.java:62)
	at org.openqa.selenium.remote.ErrorCodec.decode(ErrorCodec.java:167)
	at org.openqa.selenium.remote.codec.w3c.W3CHttpResponseCodec.decode(W3CHttpResponseCodec.java:142)
	at org.openqa.selenium.remote.codec.w3c.W3CHttpResponseCodec.decode(W3CHttpResponseCodec.java:49)
	at org.openqa.selenium.remote.HttpCommandExecutor.execute(HttpCommandExecutor.java:215)
	at org.openqa.selenium.remote.service.DriverCommandExecutor.invokeExecute(DriverCommandExecutor.java:216)
	at org.openqa.selenium.remote.service.DriverCommandExecutor.execute(DriverCommandExecutor.java:174)
	at org.openqa.selenium.remote.RemoteWebDriver.execute(RemoteWebDriver.java:561)
	at org.openqa.selenium.remote.RemoteWebElement.execute(RemoteWebElement.java:223)
	at org.openqa.selenium.remote.RemoteWebElement.click(RemoteWebElement.java:76)
	at java.base/jdk.internal.reflect.DirectMethodHandleAccessor.invoke(DirectMethodHandleAccessor.java:103)
	at org.openqa.selenium.support.decorators.WebDriverDecorator.call(WebDriverDecorator.java:326)
	at org.openqa.selenium.support.decorators.DefaultDecorated.call(DefaultDecorated.java:48)
	at org.openqa.selenium.support.decorators.WebDriverDecorator.lambda$createProxyFactory$3(WebDriverDecorator.java:416)
	at net.bytebuddy.renamed.java.lang.Object$ByteBuddy$ztyDKi2K.click(Unknown Source)
	at com.kms.katalon.core.webui.keyword.builtin.ClickKeyword$_click_closure1.doCall(ClickKeyword.groovy:63)
	at java.base/jdk.internal.reflect.DirectMethodHandleAccessor.invoke(DirectMethodHandleAccessor.java:103)
	at jdk.proxy2/jdk.proxy2.$Proxy56.execute(Unknown Source)
	at com.kms.katalon.core.webui.model.SeleniumActionRetryController.performAction(SeleniumActionRetryController.java:96)
	at com.kms.katalon.core.webui.model.SeleniumActionRetryController.performAction(SeleniumActionRetryController.java:83)
	at com.kms.katalon.core.webui.keyword.internal.WebUIKeywordMain$_runKeywordUntilTimeout_closure1.doCall(WebUIKeywordMain.groovy:135)
	at com.kms.katalon.core.webui.keyword.internal.WebUIKeywordMain$_runKeywordUntilTimeout_closure1.call(WebUIKeywordMain.groovy)
	at com.kms.katalon.core.webui.keyword.internal.WebUIKeywordMain.runKeyword(WebUIKeywordMain.groovy:41)
	... 19 more
</message>
  <exception>
    <message>com.kms.katalon.core.exception.StepFailedException: Unable to click on object 'Object Repository/Page_Work Order  View- Workforce Manager/div_Hi there, For line manager escalation or app'</message>
    <frame>
      <class>com.kms.katalon.core.logging.XmlKeywordLogger</class>
      <method>logMessage</method>
      <line>518</line>
    </frame>
    <frame>
      <class>com.kms.katalon.core.logging.KeywordLogger</class>
      <method>logMessage</method>
      <line>475</line>
    </frame>
    <frame>
      <class>com.kms.katalon.core.main.TestCaseExecutor</class>
      <method>logError</method>
      <line>621</line>
    </frame>
    <frame>
      <class>com.kms.katalon.core.main.TestCaseExecutor</class>
      <method>onExecutionError</method>
      <line>199</line>
    </frame>
    <frame>
      <class>com.kms.katalon.core.main.TestCaseExecutor</class>
      <method>processExecutionPhase</method>
      <line>484</line>
    </frame>
    <frame>
      <class>com.kms.katalon.core.main.TestCaseExecutor</class>
      <method>accessMainPhase</method>
      <line>466</line>
    </frame>
    <frame>
      <class>com.kms.katalon.core.main.TestCaseExecutor</class>
      <method>execute</method>
      <line>336</line>
    </frame>
    <frame>
      <class>com.kms.katalon.core.common.CommonExecutor</class>
      <method>accessTestCaseMainPhase</method>
      <line>71</line>
    </frame>
    <frame>
      <class>com.kms.katalon.core.main.TestSuiteExecutor</class>
      <method>accessTestSuiteMainPhase</method>
      <line>153</line>
    </frame>
    <frame>
      <class>com.kms.katalon.core.main.TestSuiteExecutor</class>
      <method>execute</method>
      <line>110</line>
    </frame>
    <frame>
      <class>com.kms.katalon.core.main.TestCaseMain</class>
      <method>startTestSuite</method>
      <line>206</line>
    </frame>
    <frame>
      <class>org.codehaus.groovy.vmplugin.v8.IndyInterface</class>
      <method>fromCache</method>
      <line>318</line>
    </frame>
    <frame>
      <class>S0528_0</class>
      <method>run</method>
      <line>40</line>
    </frame>
    <frame>
      <class>groovy.lang.GroovyShell</class>
      <method>runScriptOrMainOrTestOrRunnable</method>
      <line>254</line>
    </frame>
    <frame>
      <class>groovy.lang.GroovyShell</class>
      <method>run</method>
      <line>360</line>
    </frame>
    <frame>
      <class>groovy.lang.GroovyShell</class>
      <method>run</method>
      <line>349</line>
    </frame>
    <frame>
      <class>groovy.ui.GroovyMain</class>
      <method>processOnce</method>
      <line>652</line>
    </frame>
    <frame>
      <class>groovy.ui.GroovyMain</class>
      <method>run</method>
      <line>398</line>
    </frame>
    <frame>
      <class>groovy.ui.GroovyMain</class>
      <method>access$1400</method>
      <line>68</line>
    </frame>
    <frame>
      <class>groovy.ui.GroovyMain$GroovyCommand</class>
      <method>process</method>
      <line>322</line>
    </frame>
    <frame>
      <class>groovy.ui.GroovyMain</class>
      <method>processArgs</method>
      <line>142</line>
    </frame>
    <frame>
      <class>groovy.ui.GroovyMain</class>
      <method>main</method>
      <line>115</line>
    </frame>
    <frame>
      <class>jdk.internal.reflect.DirectMethodHandleAccessor</class>
      <method>invoke</method>
      <line>103</line>
    </frame>
    <frame>
      <class>java.lang.reflect.Method</class>
      <method>invoke</method>
      <line>580</line>
    </frame>
    <frame>
      <class>org.codehaus.groovy.tools.GroovyStarter</class>
      <method>rootLoader</method>
      <line>117</line>
    </frame>
    <frame>
      <class>org.codehaus.groovy.tools.GroovyStarter</class>
      <method>main</method>
      <line>39</line>
    </frame>
  </exception>
  <nestedLevel>0</nestedLevel>
  <escapedJava>false</escapedJava>
  <property name="failed.exception.stacktrace">org.openqa.selenium.ElementClickInterceptedException: element click intercepted: Element &lt;div class=&quot;assign-modal-alert&quot;&gt;...&lt;/div&gt; is not clickable at point (763, 99). Other element would receive the click: &lt;div class=&quot;modal-dialog&quot;&gt;...&lt;/div&gt;
  (Session info: chrome=148.0.7778.179)
Build info: version: &apos;4.39.0&apos;, revision: &apos;126f156aee&apos;
System info: os.name: &apos;Windows 11&apos;, os.arch: &apos;amd64&apos;, os.version: &apos;10.0&apos;, java.version: &apos;21.0.9&apos;
Driver info: com.kms.katalon.selenium.driver.CChromeDriver
Command: [e43099d9a5ed4667c645b535b1e9b03f, clickElement {id=f.9512225E57FB1572FEC9CA821E57F824.d.156CA2D9735E4F938AC4877C2D4D7ABE.e.67622}]
Capabilities {acceptInsecureCerts: false, browserName: chrome, browserVersion: 148.0.7778.179, chrome: {chromedriverVersion: 148.0.7778.167 (65db666ac2c..., userDataDir: C:\Users\CROWN-~1\AppData\L...}, fedcm:accounts: true, goog:chromeOptions: {debuggerAddress: localhost:59267}, goog:processID: 51480, networkConnectionEnabled: false, pageLoadStrategy: normal, platformName: windows, proxy: Proxy(), se:cdp: ws://localhost:59267/devtoo..., se:cdpVersion: 148.0.7778.179, setWindowRect: true, strictFileInteractability: false, timeouts: {implicit: 0, pageLoad: 300000, script: 30000}, unhandledPromptBehavior: {alert: ignore, beforeUnload: ignore, confirm: ignore, default: ignore, file: ignore, prompt: ignore}, webSocketUrl: ws://localhost:29467/sessio..., webauthn:extension:credBlob: true, webauthn:extension:largeBlob: true, webauthn:extension:minPinLength: true, webauthn:extension:prf: true, webauthn:virtualAuthenticators: true}
Element: [[CChromeDriver: chrome on windows (e43099d9a5ed4667c645b535b1e9b03f)] -&gt; xpath: //*[@class and contains(concat(&apos; &apos;, normalize-space(@class), &apos; &apos;), &apos; assign-modal-alert &apos;)]]
Session ID: e43099d9a5ed4667c645b535b1e9b03f
	at java.base/jdk.internal.reflect.DirectConstructorHandleAccessor.newInstance(DirectConstructorHandleAccessor.java:62)
	at org.openqa.selenium.remote.ErrorCodec.decode(ErrorCodec.java:167)
	at org.openqa.selenium.remote.codec.w3c.W3CHttpResponseCodec.decode(W3CHttpResponseCodec.java:142)
	at org.openqa.selenium.remote.codec.w3c.W3CHttpResponseCodec.decode(W3CHttpResponseCodec.java:49)
	at org.openqa.selenium.remote.HttpCommandExecutor.execute(HttpCommandExecutor.java:215)
	at org.openqa.selenium.remote.service.DriverCommandExecutor.invokeExecute(DriverCommandExecutor.java:216)
	at org.openqa.selenium.remote.service.DriverCommandExecutor.execute(DriverCommandExecutor.java:174)
	at org.openqa.selenium.remote.RemoteWebDriver.execute(RemoteWebDriver.java:561)
	at org.openqa.selenium.remote.RemoteWebElement.execute(RemoteWebElement.java:223)
	at org.openqa.selenium.remote.RemoteWebElement.click(RemoteWebElement.java:76)
	at java.base/jdk.internal.reflect.DirectMethodHandleAccessor.invoke(DirectMethodHandleAccessor.java:103)
	at org.openqa.selenium.support.decorators.WebDriverDecorator.call(WebDriverDecorator.java:326)
	at org.openqa.selenium.support.decorators.DefaultDecorated.call(DefaultDecorated.java:48)
	at org.openqa.selenium.support.decorators.WebDriverDecorator.lambda$createProxyFactory$3(WebDriverDecorator.java:416)
	at net.bytebuddy.renamed.java.lang.Object$ByteBuddy$ztyDKi2K.click(Unknown Source)
	at com.kms.katalon.core.webui.keyword.builtin.ClickKeyword$_click_closure1.doCall(ClickKeyword.groovy:63)
	at java.base/jdk.internal.reflect.DirectMethodHandleAccessor.invoke(DirectMethodHandleAccessor.java:103)
	at jdk.proxy2/jdk.proxy2.$Proxy56.execute(Unknown Source)
	at com.kms.katalon.core.webui.model.SeleniumActionRetryController.performAction(SeleniumActionRetryController.java:96)
	at com.kms.katalon.core.webui.model.SeleniumActionRetryController.performAction(SeleniumActionRetryController.java:83)
	at com.kms.katalon.core.webui.keyword.internal.WebUIKeywordMain$_runKeywordUntilTimeout_closure1.doCall(WebUIKeywordMain.groovy:135)
	at com.kms.katalon.core.webui.keyword.internal.WebUIKeywordMain$_runKeywordUntilTimeout_closure1.call(WebUIKeywordMain.groovy)
	at com.kms.katalon.core.webui.keyword.internal.WebUIKeywordMain.runKeyword(WebUIKeywordMain.groovy:41)
	at com.kms.katalon.core.webui.keyword.internal.WebUIKeywordMain.runKeywordUntilTimeout(WebUIKeywordMain.groovy:133)
	at com.kms.katalon.core.webui.keyword.builtin.ClickKeyword.click(ClickKeyword.groovy:72)
	at com.kms.katalon.core.webui.keyword.builtin.ClickKeyword.execute(ClickKeyword.groovy:38)
	at com.kms.katalon.core.keyword.internal.KeywordExecutor.executeKeywordForPlatform(KeywordExecutor.groovy:99)
	at com.kms.katalon.core.webui.keyword.WebUiBuiltInKeywords.click(WebUiBuiltInKeywords.groovy:722)
	at TC_Add_Comment.run(TC_Add_Comment:30)
	at com.kms.katalon.core.main.ScriptEngine.run(ScriptEngine.java:203)
	at com.kms.katalon.core.main.ScriptEngine.runScriptAsRawText(ScriptEngine.java:115)
	at com.kms.katalon.core.main.TestCaseExecutor.runScript(TestCaseExecutor.java:504)
	at com.kms.katalon.core.main.TestCaseExecutor.doExecute(TestCaseExecutor.java:495)
	at com.kms.katalon.core.main.TestCaseExecutor.processExecutionPhase(TestCaseExecutor.java:474)
	at com.kms.katalon.core.main.TestCaseExecutor.accessMainPhase(TestCaseExecutor.java:466)
	at com.kms.katalon.core.main.TestCaseExecutor.execute(TestCaseExecutor.java:336)
	at com.kms.katalon.core.common.CommonExecutor.accessTestCaseMainPhase(CommonExecutor.java:71)
	at com.kms.katalon.core.main.TestSuiteExecutor.accessTestSuiteMainPhase(TestSuiteExecutor.java:153)
	at com.kms.katalon.core.main.TestSuiteExecutor.execute(TestSuiteExecutor.java:110)
	at com.kms.katalon.core.main.TestCaseMain.startTestSuite(TestCaseMain.java:206)
	at S0528_0.run(S0528_0.groovy:40)
	at java.base/jdk.internal.reflect.DirectMethodHandleAccessor.invoke(DirectMethodHandleAccessor.java:103)
</property>
  <property name="failed.exception.class">org.openqa.selenium.ElementClickInterceptedException</property>
  <property name="failed.exception.message">element click intercepted: Element &lt;div class=&quot;assign-modal-alert&quot;&gt;...&lt;/div&gt; is not clickable at point (763, 99). Other element would receive the click: &lt;div class=&quot;modal-dialog&quot;&gt;...&lt;/div&gt;
  (Session info: chrome=148.0.7778.179)
Build info: version: &apos;4.39.0&apos;, revision: &apos;126f156aee&apos;
System info: os.name: &apos;Windows 11&apos;, os.arch: &apos;amd64&apos;, os.version: &apos;10.0&apos;, java.version: &apos;21.0.9&apos;
Driver info: com.kms.katalon.selenium.driver.CChromeDriver
Command: [e43099d9a5ed4667c645b535b1e9b03f, clickElement {id=f.9512225E57FB1572FEC9CA821E57F824.d.156CA2D9735E4F938AC4877C2D4D7ABE.e.67622}]
Capabilities {acceptInsecureCerts: false, browserName: chrome, browserVersion: 148.0.7778.179, chrome: {chromedriverVersion: 148.0.7778.167 (65db666ac2c..., userDataDir: C:\Users\CROWN-~1\AppData\L...}, fedcm:accounts: true, goog:chromeOptions: {debuggerAddress: localhost:59267}, goog:processID: 51480, networkConnectionEnabled: false, pageLoadStrategy: normal, platformName: windows, proxy: Proxy(), se:cdp: ws://localhost:59267/devtoo..., se:cdpVersion: 148.0.7778.179, setWindowRect: true, strictFileInteractability: false, timeouts: {implicit: 0, pageLoad: 300000, script: 30000}, unhandledPromptBehavior: {alert: ignore, beforeUnload: ignore, confirm: ignore, default: ignore, file: ignore, prompt: ignore}, webSocketUrl: ws://localhost:29467/sessio..., webauthn:extension:credBlob: true, webauthn:extension:largeBlob: true, webauthn:extension:minPinLength: true, webauthn:extension:prf: true, webauthn:virtualAuthenticators: true}
Element: [[CChromeDriver: chrome on windows (e43099d9a5ed4667c645b535b1e9b03f)] -&gt; xpath: //*[@class and contains(concat(&apos; &apos;, normalize-space(@class), &apos; &apos;), &apos; assign-modal-alert &apos;)]]
Session ID: e43099d9a5ed4667c645b535b1e9b03f</property>
</record>
<record>
  <date>2026-05-28T11:10:14.675224800Z</date>
  <millis>1779966614675</millis>
  <nanos>224800</nanos>
  <sequence>1356</sequence>
  <level>END</level>
  <class>com.kms.katalon.core.logging.XmlKeywordLogger</class>
  <method>endTest</method>
  <thread>1</thread>
  <message>End Test Case : Test Cases/TaskActions/Comments/TC_Add_Comment</message>
  <nestedLevel>0</nestedLevel>
  <escapedJava>false</escapedJava>
  <property name="executionBindingVariables">[]</property>
  <property name="applitools">false</property>
  <property name="remainingRetryCount">3</property>
  <property name="executedKeywords">{
  &quot;WebUI.click&quot;: 1,
  &quot;WebUI.waitForPageLoad&quot;: 2,
  &quot;WebUI.waitForElementPresent&quot;: 2
}</property>
  <property name="currentRetryCount">0</property>
  <property name="keywordsUsage">{
  &quot;web_ui&quot;: true,
  &quot;web_service&quot;: false,
  &quot;cucumber&quot;: false,
  &quot;builtin&quot;: false,
  &quot;mobile&quot;: false,
  &quot;windows&quot;: false,
  &quot;testng&quot;: false
}</property>
</record>
<record>
  <date>2026-05-28T11:10:14.675224800Z</date>
  <millis>1779966614675</millis>
  <nanos>224800</nanos>
  <sequence>1357</sequence>
  <level>START</level>
  <class>com.kms.katalon.core.logging.XmlKeywordLogger</class>
  <method>startTest</method>
  <thread>1</thread>
  <message>Start Test Case : Test Cases/TaskActions/Comments/TC_Add_Comment</message>
  <nestedLevel>1</nestedLevel>
  <escapedJava>false</escapedJava>
  <property name="remainingRetryCount">2</property>
  <property name="origin"></property>
  <property name="name">Test Cases/TaskActions/Comments/TC_Add_Comment</property>
  <property name="description"></property>
  <property name="iteration"></property>
  <property name="id">Test Cases/TaskActions/Comments/TC_Add_Comment</property>
  <property name="source">C:\Users\CROWN-STAFF\git\convergence-qa-tests\Test Cases\TaskActions\Comments\TC_Add_Comment.tc</property>
  <property name="tag"></property>
  <property name="isOptional">false</property>
  <property name="uuid">2c22e9f9-aa1f-45bb-9339-6b6e54ecddd4</property>
  <property name="currentRetryCount">1</property>
</record>
<record>
  <date>2026-05-28T11:10:14.695569800Z</date>
  <millis>1779966614695</millis>
  <nanos>569800</nanos>
  <sequence>1359</sequence>
  <level>RUN_DATA</level>
  <class>com.kms.katalon.core.logging.XmlKeywordLogger</class>
  <method>logMessage</method>
  <thread>1</thread>
  <message>executionBindingVariables = []</message>
  <nestedLevel>1</nestedLevel>
  <escapedJava>false</escapedJava>
  <property name="executionBindingVariables">[]</property>
</record>
<record>
  <date>2026-05-28T11:10:14.699650100Z</date>
  <millis>1779966614699</millis>
  <nanos>650100</nanos>
  <sequence>1360</sequence>
  <level>START</level>
  <class>com.kms.katalon.core.logging.XmlKeywordLogger</class>
  <method>startKeyword</method>
  <thread>1</thread>
  <message>Start action : waitForPageLoad(20)</message>
  <nestedLevel>1</nestedLevel>
  <escapedJava>false</escapedJava>
  <property name="startLine">21</property>
  <property name="stepIndex">1</property>
</record>
<record>
  <date>2026-05-28T11:10:14.705357400Z</date>
  <millis>1779966614705</millis>
  <nanos>357400</nanos>
  <sequence>1364</sequence>
  <level>PASSED</level>
  <class>com.kms.katalon.core.logging.XmlKeywordLogger</class>
  <method>logMessage</method>
  <thread>1</thread>
  <message>Wait for page load successfully</message>
  <nestedLevel>1</nestedLevel>
  <escapedJava>false</escapedJava>
  <property name="testops-method-name">com.kms.katalon.core.webui.keyword.internal.WebUIKeywordMain$runKeyword$0.call</property>
  <property name="testops-execution-stacktrace">com.kms.katalon.core.logging.KeywordLogger.logPassed(KeywordLogger.java:350)
com.kms.katalon.core.logging.KeywordLogger.logPassed(KeywordLogger.java:345)
com.kms.katalon.core.logging.KeywordLogger$logPassed$0.call(Unknown Source)
com.kms.katalon.core.webui.keyword.builtin.WaitForPageLoadKeyword$_waitForPageLoad_closure1.doCall(WaitForPageLoadKeyword.groovy:94)
com.kms.katalon.core.webui.keyword.builtin.WaitForPageLoadKeyword$_waitForPageLoad_closure1.doCall(WaitForPageLoadKeyword.groovy)
java.base/jdk.internal.reflect.DirectMethodHandleAccessor.invoke(DirectMethodHandleAccessor.java:103)
com.kms.katalon.core.webui.keyword.internal.WebUIKeywordMain.runKeyword(WebUIKeywordMain.groovy:41)
com.kms.katalon.core.webui.keyword.internal.WebUIKeywordMain$runKeyword$0.call(Unknown Source)
com.kms.katalon.core.webui.keyword.builtin.WaitForPageLoadKeyword.waitForPageLoad(WaitForPageLoadKeyword.groovy:95)
com.kms.katalon.core.webui.keyword.builtin.WaitForPageLoadKeyword.execute(WaitForPageLoadKeyword.groovy:68)
com.kms.katalon.core.keyword.internal.KeywordExecutor.executeKeywordForPlatform(KeywordExecutor.groovy:99)
com.kms.katalon.core.webui.keyword.WebUiBuiltInKeywords.waitForPageLoad(WebUiBuiltInKeywords.groovy:2559)
TC_Add_Comment.run(TC_Add_Comment:21)
</property>
</record>
<record>
  <date>2026-05-28T11:10:14.705357400Z</date>
  <millis>1779966614705</millis>
  <nanos>357400</nanos>
  <sequence>1365</sequence>
  <level>END</level>
  <class>com.kms.katalon.core.logging.XmlKeywordLogger</class>
  <method>endKeyword</method>
  <thread>1</thread>
  <message>End action : waitForPageLoad(20)</message>
  <nestedLevel>1</nestedLevel>
  <escapedJava>false</escapedJava>
</record>
<record>
  <date>2026-05-28T11:10:14.705357400Z</date>
  <millis>1779966614705</millis>
  <nanos>357400</nanos>
  <sequence>1366</sequence>
  <level>START</level>
  <class>com.kms.katalon.core.logging.XmlKeywordLogger</class>
  <method>startKeyword</method>
  <thread>1</thread>
  <message>Start action : waitForElementPresent(findTestObject(&amp;quot;Page_Work Order  Index- Workforce Manager/input_Search&amp;quot;), 20)</message>
  <nestedLevel>1</nestedLevel>
  <escapedJava>false</escapedJava>
  <property name="startLine">23</property>
  <property name="stepIndex">2</property>
</record>
<record>
  <date>2026-05-28T11:10:34.906710300Z</date>
  <millis>1779966634906</millis>
  <nanos>710300</nanos>
  <sequence>1372</sequence>
  <level>WARNING</level>
  <class>com.kms.katalon.core.logging.XmlKeywordLogger</class>
  <method>logMessage</method>
  <thread>1</thread>
  <message>Object &amp;apos;Object Repository/Page_Work Order  Index- Workforce Manager/input_Search&amp;apos; is not present after 20 second(s)</message>
  <nestedLevel>1</nestedLevel>
  <escapedJava>false</escapedJava>
  <property name="failed.exception.stacktrace">com.kms.katalon.core.webui.exception.WebElementNotFoundException: Web element with id: &apos;Object Repository/Page_Work Order  Index- Workforce Manager/input_Search&apos; located by &apos;By.xpath: //*[@id = &apos;created-by-me&apos;]//*[@id = &apos;search-table&apos;]&apos; not found
	at com.kms.katalon.core.webui.model.WebUiElementFinder.findElementByNormalMethods(WebUiElementFinder.java:201)
	at com.kms.katalon.core.webui.model.WebUiElementFinder.findElementsBySelectedMethod(WebUiElementFinder.java:99)
	at com.kms.katalon.core.webui.model.WebUiElementFinder.findElementsBySelectedMethod(WebUiElementFinder.java:82)
	at com.kms.katalon.core.webui.model.WebUiElementFinder.findElementsBySelectedMethod(WebUiElementFinder.java:77)
	at com.kms.katalon.core.webui.model.WebUiElementFinder.findElement(WebUiElementFinder.java:51)
	at com.kms.katalon.core.webui.model.WebUiElementFinderWithTimeout.basicFindElement(WebUiElementFinderWithTimeout.java:51)
	at com.kms.katalon.core.webui.model.WebUiElementFinderWithTimeout.lambda$0(WebUiElementFinderWithTimeout.java:29)
	at com.kms.katalon.core.webui.model.SeleniumActionRetryController.performAction(SeleniumActionRetryController.java:96)
	at com.kms.katalon.core.webui.model.SeleniumActionRetryController.performAction(SeleniumActionRetryController.java:83)
	at com.kms.katalon.core.webui.model.WebUiElementFinderWithTimeout.findElement(WebUiElementFinderWithTimeout.java:28)
	at com.kms.katalon.core.webui.keyword.internal.WebUIAbstractKeyword.lambda$1(WebUIAbstractKeyword.java:119)
	at com.kms.katalon.core.webui.model.SeleniumActionRetryController.performAction(SeleniumActionRetryController.java:96)
	at com.kms.katalon.core.webui.model.SeleniumActionRetryController.performAction(SeleniumActionRetryController.java:83)
	at com.kms.katalon.core.webui.model.SeleniumActionRetryController.retry(SeleniumActionRetryController.java:49)
	at com.kms.katalon.core.webui.model.SeleniumActionRetryController.retry(SeleniumActionRetryController.java:44)
	at com.kms.katalon.core.webui.keyword.internal.WebUIAbstractKeyword.findWebElement(WebUIAbstractKeyword.java:116)
	at com.kms.katalon.core.webui.keyword.builtin.WaitForElementPresentKeyword$_waitForElementPresent_closure1.doCall(WaitForElementPresentKeyword.groovy:54)
	at java.base/jdk.internal.reflect.DirectMethodHandleAccessor.invoke(DirectMethodHandleAccessor.java:103)
	at jdk.proxy2/jdk.proxy2.$Proxy56.execute(Unknown Source)
	at com.kms.katalon.core.webui.model.SeleniumActionRetryController.performAction(SeleniumActionRetryController.java:96)
	at com.kms.katalon.core.webui.model.SeleniumActionRetryController.performAction(SeleniumActionRetryController.java:83)
	at com.kms.katalon.core.webui.keyword.internal.WebUIKeywordMain$_runKeywordUntilTimeout_closure2.doCall(WebUIKeywordMain.groovy:155)
	at com.kms.katalon.core.webui.keyword.internal.WebUIKeywordMain$_runKeywordUntilTimeout_closure2.call(WebUIKeywordMain.groovy)
	at com.kms.katalon.core.webui.keyword.internal.WebUIKeywordMain.runKeyword(WebUIKeywordMain.groovy:41)
	at com.kms.katalon.core.webui.keyword.internal.WebUIKeywordMain.runKeywordUntilTimeout(WebUIKeywordMain.groovy:152)
	at com.kms.katalon.core.webui.keyword.builtin.WaitForElementPresentKeyword.waitForElementPresent(WaitForElementPresentKeyword.groovy:68)
	at com.kms.katalon.core.webui.keyword.builtin.WaitForElementPresentKeyword.execute(WaitForElementPresentKeyword.groovy:38)
	at com.kms.katalon.core.keyword.internal.KeywordExecutor.executeKeywordForPlatform(KeywordExecutor.groovy:99)
	at com.kms.katalon.core.webui.keyword.WebUiBuiltInKeywords.waitForElementPresent(WebUiBuiltInKeywords.groovy:424)
	at TC_Add_Comment.run(TC_Add_Comment:23)
	at com.kms.katalon.core.main.ScriptEngine.run(ScriptEngine.java:203)
	at com.kms.katalon.core.main.ScriptEngine.runScriptAsRawText(ScriptEngine.java:115)
	at com.kms.katalon.core.main.TestCaseExecutor.runScript(TestCaseExecutor.java:504)
	at com.kms.katalon.core.main.TestCaseExecutor.doExecute(TestCaseExecutor.java:495)
	at com.kms.katalon.core.main.TestCaseExecutor.processExecutionPhase(TestCaseExecutor.java:474)
	at com.kms.katalon.core.main.TestCaseExecutor.accessMainPhase(TestCaseExecutor.java:466)
	at com.kms.katalon.core.main.TestCaseExecutor.execute(TestCaseExecutor.java:336)
	at com.kms.katalon.core.main.TestCaseExecutor.execute(TestCaseExecutor.java:424)
	at com.kms.katalon.core.common.CommonExecutor.accessTestCaseMainPhase(CommonExecutor.java:71)
	at com.kms.katalon.core.main.TestSuiteExecutor.accessTestSuiteMainPhase(TestSuiteExecutor.java:153)
	at com.kms.katalon.core.main.TestSuiteExecutor.execute(TestSuiteExecutor.java:110)
	at com.kms.katalon.core.main.TestCaseMain.startTestSuite(TestCaseMain.java:206)
	at S0528_0.run(S0528_0.groovy:40)
	at java.base/jdk.internal.reflect.DirectMethodHandleAccessor.invoke(DirectMethodHandleAccessor.java:103)
</property>
  <property name="failed.exception.class">com.kms.katalon.core.webui.exception.WebElementNotFoundException</property>
  <property name="failed.exception.message">Web element with id: &apos;Object Repository/Page_Work Order  Index- Workforce Manager/input_Search&apos; located by &apos;By.xpath: //*[@id = &apos;created-by-me&apos;]//*[@id = &apos;search-table&apos;]&apos; not found</property>
</record>
<record>
  <date>2026-05-28T11:10:34.908123900Z</date>
  <millis>1779966634908</millis>
  <nanos>123900</nanos>
  <sequence>1373</sequence>
  <level>END</level>
  <class>com.kms.katalon.core.logging.XmlKeywordLogger</class>
  <method>endKeyword</method>
  <thread>1</thread>
  <message>End action : waitForElementPresent(findTestObject(&amp;quot;Page_Work Order  Index- Workforce Manager/input_Search&amp;quot;), 20)</message>
  <nestedLevel>1</nestedLevel>
  <escapedJava>false</escapedJava>
</record>
<record>
  <date>2026-05-28T11:10:34.908123900Z</date>
  <millis>1779966634908</millis>
  <nanos>123900</nanos>
  <sequence>1374</sequence>
  <level>START</level>
  <class>com.kms.katalon.core.logging.XmlKeywordLogger</class>
  <method>startKeyword</method>
  <thread>1</thread>
  <message>Start action : waitForPageLoad(20)</message>
  <nestedLevel>1</nestedLevel>
  <escapedJava>false</escapedJava>
  <property name="startLine">26</property>
  <property name="stepIndex">3</property>
</record>
<record>
  <date>2026-05-28T11:10:34.914131400Z</date>
  <millis>1779966634914</millis>
  <nanos>131400</nanos>
  <sequence>1378</sequence>
  <level>PASSED</level>
  <class>com.kms.katalon.core.logging.XmlKeywordLogger</class>
  <method>logMessage</method>
  <thread>1</thread>
  <message>Wait for page load successfully</message>
  <nestedLevel>1</nestedLevel>
  <escapedJava>false</escapedJava>
  <property name="testops-method-name">com.kms.katalon.core.webui.keyword.internal.WebUIKeywordMain$runKeyword$0.call</property>
  <property name="testops-execution-stacktrace">com.kms.katalon.core.logging.KeywordLogger.logPassed(KeywordLogger.java:350)
com.kms.katalon.core.logging.KeywordLogger.logPassed(KeywordLogger.java:345)
com.kms.katalon.core.logging.KeywordLogger$logPassed$0.call(Unknown Source)
com.kms.katalon.core.webui.keyword.builtin.WaitForPageLoadKeyword$_waitForPageLoad_closure1.doCall(WaitForPageLoadKeyword.groovy:94)
com.kms.katalon.core.webui.keyword.builtin.WaitForPageLoadKeyword$_waitForPageLoad_closure1.doCall(WaitForPageLoadKeyword.groovy)
java.base/jdk.internal.reflect.DirectMethodHandleAccessor.invoke(DirectMethodHandleAccessor.java:103)
com.kms.katalon.core.webui.keyword.internal.WebUIKeywordMain.runKeyword(WebUIKeywordMain.groovy:41)
com.kms.katalon.core.webui.keyword.internal.WebUIKeywordMain$runKeyword$0.call(Unknown Source)
com.kms.katalon.core.webui.keyword.builtin.WaitForPageLoadKeyword.waitForPageLoad(WaitForPageLoadKeyword.groovy:95)
com.kms.katalon.core.webui.keyword.builtin.WaitForPageLoadKeyword.execute(WaitForPageLoadKeyword.groovy:68)
com.kms.katalon.core.keyword.internal.KeywordExecutor.executeKeywordForPlatform(KeywordExecutor.groovy:99)
com.kms.katalon.core.webui.keyword.WebUiBuiltInKeywords.waitForPageLoad(WebUiBuiltInKeywords.groovy:2559)
TC_Add_Comment.run(TC_Add_Comment:26)
</property>
</record>
<record>
  <date>2026-05-28T11:10:34.914131400Z</date>
  <millis>1779966634914</millis>
  <nanos>131400</nanos>
  <sequence>1379</sequence>
  <level>END</level>
  <class>com.kms.katalon.core.logging.XmlKeywordLogger</class>
  <method>endKeyword</method>
  <thread>1</thread>
  <message>End action : waitForPageLoad(20)</message>
  <nestedLevel>1</nestedLevel>
  <escapedJava>false</escapedJava>
</record>
<record>
  <date>2026-05-28T11:10:34.914131400Z</date>
  <millis>1779966634914</millis>
  <nanos>131400</nanos>
  <sequence>1380</sequence>
  <level>START</level>
  <class>com.kms.katalon.core.logging.XmlKeywordLogger</class>
  <method>startKeyword</method>
  <thread>1</thread>
  <message>Start action : waitForElementPresent(findTestObject(&amp;quot;Page_Work Order  Index- Workforce Manager/input_Search&amp;quot;), 20)</message>
  <nestedLevel>1</nestedLevel>
  <escapedJava>false</escapedJava>
  <property name="startLine">28</property>
  <property name="stepIndex">4</property>
</record>
<record>
  <date>2026-05-28T11:10:55.141632800Z</date>
  <millis>1779966655141</millis>
  <nanos>632800</nanos>
  <sequence>1386</sequence>
  <level>WARNING</level>
  <class>com.kms.katalon.core.logging.XmlKeywordLogger</class>
  <method>logMessage</method>
  <thread>1</thread>
  <message>Object &amp;apos;Object Repository/Page_Work Order  Index- Workforce Manager/input_Search&amp;apos; is not present after 20 second(s)</message>
  <nestedLevel>1</nestedLevel>
  <escapedJava>false</escapedJava>
  <property name="failed.exception.stacktrace">com.kms.katalon.core.webui.exception.WebElementNotFoundException: Web element with id: &apos;Object Repository/Page_Work Order  Index- Workforce Manager/input_Search&apos; located by &apos;By.xpath: //*[@id = &apos;created-by-me&apos;]//*[@id = &apos;search-table&apos;]&apos; not found
	at com.kms.katalon.core.webui.model.WebUiElementFinder.findElementByNormalMethods(WebUiElementFinder.java:201)
	at com.kms.katalon.core.webui.model.WebUiElementFinder.findElementsBySelectedMethod(WebUiElementFinder.java:99)
	at com.kms.katalon.core.webui.model.WebUiElementFinder.findElementsBySelectedMethod(WebUiElementFinder.java:82)
	at com.kms.katalon.core.webui.model.WebUiElementFinder.findElementsBySelectedMethod(WebUiElementFinder.java:77)
	at com.kms.katalon.core.webui.model.WebUiElementFinder.findElement(WebUiElementFinder.java:51)
	at com.kms.katalon.core.webui.model.WebUiElementFinderWithTimeout.basicFindElement(WebUiElementFinderWithTimeout.java:51)
	at com.kms.katalon.core.webui.model.WebUiElementFinderWithTimeout.lambda$0(WebUiElementFinderWithTimeout.java:29)
	at com.kms.katalon.core.webui.model.SeleniumActionRetryController.performAction(SeleniumActionRetryController.java:96)
	at com.kms.katalon.core.webui.model.SeleniumActionRetryController.performAction(SeleniumActionRetryController.java:83)
	at com.kms.katalon.core.webui.model.WebUiElementFinderWithTimeout.findElement(WebUiElementFinderWithTimeout.java:28)
	at com.kms.katalon.core.webui.keyword.internal.WebUIAbstractKeyword.lambda$1(WebUIAbstractKeyword.java:119)
	at com.kms.katalon.core.webui.model.SeleniumActionRetryController.performAction(SeleniumActionRetryController.java:96)
	at com.kms.katalon.core.webui.model.SeleniumActionRetryController.performAction(SeleniumActionRetryController.java:83)
	at com.kms.katalon.core.webui.model.SeleniumActionRetryController.retry(SeleniumActionRetryController.java:49)
	at com.kms.katalon.core.webui.model.SeleniumActionRetryController.retry(SeleniumActionRetryController.java:44)
	at com.kms.katalon.core.webui.keyword.internal.WebUIAbstractKeyword.findWebElement(WebUIAbstractKeyword.java:116)
	at com.kms.katalon.core.webui.keyword.builtin.WaitForElementPresentKeyword$_waitForElementPresent_closure1.doCall(WaitForElementPresentKeyword.groovy:54)
	at java.base/jdk.internal.reflect.DirectMethodHandleAccessor.invoke(DirectMethodHandleAccessor.java:103)
	at jdk.proxy2/jdk.proxy2.$Proxy56.execute(Unknown Source)
	at com.kms.katalon.core.webui.model.SeleniumActionRetryController.performAction(SeleniumActionRetryController.java:96)
	at com.kms.katalon.core.webui.model.SeleniumActionRetryController.performAction(SeleniumActionRetryController.java:83)
	at com.kms.katalon.core.webui.keyword.internal.WebUIKeywordMain$_runKeywordUntilTimeout_closure2.doCall(WebUIKeywordMain.groovy:155)
	at com.kms.katalon.core.webui.keyword.internal.WebUIKeywordMain$_runKeywordUntilTimeout_closure2.call(WebUIKeywordMain.groovy)
	at com.kms.katalon.core.webui.keyword.internal.WebUIKeywordMain.runKeyword(WebUIKeywordMain.groovy:41)
	at com.kms.katalon.core.webui.keyword.internal.WebUIKeywordMain.runKeywordUntilTimeout(WebUIKeywordMain.groovy:152)
	at com.kms.katalon.core.webui.keyword.builtin.WaitForElementPresentKeyword.waitForElementPresent(WaitForElementPresentKeyword.groovy:68)
	at com.kms.katalon.core.webui.keyword.builtin.WaitForElementPresentKeyword.execute(WaitForElementPresentKeyword.groovy:38)
	at com.kms.katalon.core.keyword.internal.KeywordExecutor.executeKeywordForPlatform(KeywordExecutor.groovy:99)
	at com.kms.katalon.core.webui.keyword.WebUiBuiltInKeywords.waitForElementPresent(WebUiBuiltInKeywords.groovy:424)
	at TC_Add_Comment.run(TC_Add_Comment:28)
	at com.kms.katalon.core.main.ScriptEngine.run(ScriptEngine.java:203)
	at com.kms.katalon.core.main.ScriptEngine.runScriptAsRawText(ScriptEngine.java:115)
	at com.kms.katalon.core.main.TestCaseExecutor.runScript(TestCaseExecutor.java:504)
	at com.kms.katalon.core.main.TestCaseExecutor.doExecute(TestCaseExecutor.java:495)
	at com.kms.katalon.core.main.TestCaseExecutor.processExecutionPhase(TestCaseExecutor.java:474)
	at com.kms.katalon.core.main.TestCaseExecutor.accessMainPhase(TestCaseExecutor.java:466)
	at com.kms.katalon.core.main.TestCaseExecutor.execute(TestCaseExecutor.java:336)
	at com.kms.katalon.core.main.TestCaseExecutor.execute(TestCaseExecutor.java:424)
	at com.kms.katalon.core.common.CommonExecutor.accessTestCaseMainPhase(CommonExecutor.java:71)
	at com.kms.katalon.core.main.TestSuiteExecutor.accessTestSuiteMainPhase(TestSuiteExecutor.java:153)
	at com.kms.katalon.core.main.TestSuiteExecutor.execute(TestSuiteExecutor.java:110)
	at com.kms.katalon.core.main.TestCaseMain.startTestSuite(TestCaseMain.java:206)
	at S0528_0.run(S0528_0.groovy:40)
	at java.base/jdk.internal.reflect.DirectMethodHandleAccessor.invoke(DirectMethodHandleAccessor.java:103)
</property>
  <property name="failed.exception.class">com.kms.katalon.core.webui.exception.WebElementNotFoundException</property>
  <property name="failed.exception.message">Web element with id: &apos;Object Repository/Page_Work Order  Index- Workforce Manager/input_Search&apos; located by &apos;By.xpath: //*[@id = &apos;created-by-me&apos;]//*[@id = &apos;search-table&apos;]&apos; not found</property>
</record>
<record>
  <date>2026-05-28T11:10:55.144702300Z</date>
  <millis>1779966655144</millis>
  <nanos>702300</nanos>
  <sequence>1387</sequence>
  <level>END</level>
  <class>com.kms.katalon.core.logging.XmlKeywordLogger</class>
  <method>endKeyword</method>
  <thread>1</thread>
  <message>End action : waitForElementPresent(findTestObject(&amp;quot;Page_Work Order  Index- Workforce Manager/input_Search&amp;quot;), 20)</message>
  <nestedLevel>1</nestedLevel>
  <escapedJava>false</escapedJava>
</record>
<record>
  <date>2026-05-28T11:10:55.145210Z</date>
  <millis>1779966655145</millis>
  <nanos>210000</nanos>
  <sequence>1388</sequence>
  <level>START</level>
  <class>com.kms.katalon.core.logging.XmlKeywordLogger</class>
  <method>startKeyword</method>
  <thread>1</thread>
  <message>Start action : click(findTestObject(&amp;quot;Page_Work Order  View- Workforce Manager/div_Hi there, For line manager escalation or app&amp;quot;))</message>
  <nestedLevel>1</nestedLevel>
  <escapedJava>false</escapedJava>
  <property name="startLine">30</property>
  <property name="stepIndex">5</property>
</record>
<record>
  <date>2026-05-28T11:11:05.163337300Z</date>
  <millis>1779966665163</millis>
  <nanos>337300</nanos>
  <sequence>1397</sequence>
  <level>WARNING</level>
  <class>com.kms.katalon.core.logging.XmlKeywordLogger</class>
  <method>logMessage</method>
  <thread>1</thread>
  <message>Waiting for element timed out</message>
  <nestedLevel>1</nestedLevel>
  <escapedJava>false</escapedJava>
</record>
<record>
  <date>2026-05-28T11:11:06.354455300Z</date>
  <millis>1779966666354</millis>
  <nanos>455300</nanos>
  <sequence>1402</sequence>
  <level>FAILED</level>
  <class>com.kms.katalon.core.logging.XmlKeywordLogger</class>
  <method>logMessage</method>
  <thread>1</thread>
  <message>Unable to click on object &amp;apos;Object Repository/Page_Work Order  View- Workforce Manager/div_Hi there, For line manager escalation or app&amp;apos; (Root cause: com.kms.katalon.core.exception.StepFailedException: Unable to click on object &amp;apos;Object Repository/Page_Work Order  View- Workforce Manager/div_Hi there, For line manager escalation or app&amp;apos;
	at com.kms.katalon.core.webui.keyword.internal.WebUIKeywordMain.stepFailed(WebUIKeywordMain.groovy:177)
	at com.kms.katalon.core.webui.keyword.internal.WebUIKeywordMain.runKeyword(WebUIKeywordMain.groovy:49)
	at com.kms.katalon.core.webui.keyword.internal.WebUIKeywordMain.runKeywordUntilTimeout(WebUIKeywordMain.groovy:133)
	at com.kms.katalon.core.webui.keyword.builtin.ClickKeyword.click(ClickKeyword.groovy:72)
	at com.kms.katalon.core.webui.keyword.builtin.ClickKeyword.execute(ClickKeyword.groovy:38)
	at com.kms.katalon.core.keyword.internal.KeywordExecutor.executeKeywordForPlatform(KeywordExecutor.groovy:99)
	at com.kms.katalon.core.webui.keyword.WebUiBuiltInKeywords.click(WebUiBuiltInKeywords.groovy:722)
	at TC_Add_Comment.run(TC_Add_Comment:30)
	at com.kms.katalon.core.main.ScriptEngine.run(ScriptEngine.java:203)
	at com.kms.katalon.core.main.ScriptEngine.runScriptAsRawText(ScriptEngine.java:115)
	at com.kms.katalon.core.main.TestCaseExecutor.runScript(TestCaseExecutor.java:504)
	at com.kms.katalon.core.main.TestCaseExecutor.doExecute(TestCaseExecutor.java:495)
	at com.kms.katalon.core.main.TestCaseExecutor.processExecutionPhase(TestCaseExecutor.java:474)
	at com.kms.katalon.core.main.TestCaseExecutor.accessMainPhase(TestCaseExecutor.java:466)
	at com.kms.katalon.core.main.TestCaseExecutor.execute(TestCaseExecutor.java:336)
	at com.kms.katalon.core.main.TestCaseExecutor.execute(TestCaseExecutor.java:424)
	at com.kms.katalon.core.common.CommonExecutor.accessTestCaseMainPhase(CommonExecutor.java:71)
	at com.kms.katalon.core.main.TestSuiteExecutor.accessTestSuiteMainPhase(TestSuiteExecutor.java:153)
	at com.kms.katalon.core.main.TestSuiteExecutor.execute(TestSuiteExecutor.java:110)
	at com.kms.katalon.core.main.TestCaseMain.startTestSuite(TestCaseMain.java:206)
	at S0528_0.run(S0528_0.groovy:40)
	at java.base/jdk.internal.reflect.DirectMethodHandleAccessor.invoke(DirectMethodHandleAccessor.java:103)
Caused by: org.openqa.selenium.ElementClickInterceptedException: element click intercepted: Element &amp;lt;div class=&amp;quot;assign-modal-alert&amp;quot;&amp;gt;...&amp;lt;/div&amp;gt; is not clickable at point (457, 96). Other element would receive the click: &amp;lt;div class=&amp;quot;modal-backdrop fade in&amp;quot; style=&amp;quot;height: 1062px;&amp;quot;&amp;gt;&amp;lt;/div&amp;gt;
  (Session info: chrome=148.0.7778.179)
Build info: version: &amp;apos;4.39.0&amp;apos;, revision: &amp;apos;126f156aee&amp;apos;
System info: os.name: &amp;apos;Windows 11&amp;apos;, os.arch: &amp;apos;amd64&amp;apos;, os.version: &amp;apos;10.0&amp;apos;, java.version: &amp;apos;21.0.9&amp;apos;
Driver info: com.kms.katalon.selenium.driver.CChromeDriver
Command: [e43099d9a5ed4667c645b535b1e9b03f, clickElement {id=f.9512225E57FB1572FEC9CA821E57F824.d.156CA2D9735E4F938AC4877C2D4D7ABE.e.67622}]
Capabilities {acceptInsecureCerts: false, browserName: chrome, browserVersion: 148.0.7778.179, chrome: {chromedriverVersion: 148.0.7778.167 (65db666ac2c..., userDataDir: C:\Users\CROWN-~1\AppData\L...}, fedcm:accounts: true, goog:chromeOptions: {debuggerAddress: localhost:59267}, goog:processID: 51480, networkConnectionEnabled: false, pageLoadStrategy: normal, platformName: windows, proxy: Proxy(), se:cdp: ws://localhost:59267/devtoo..., se:cdpVersion: 148.0.7778.179, setWindowRect: true, strictFileInteractability: false, timeouts: {implicit: 0, pageLoad: 300000, script: 30000}, unhandledPromptBehavior: {alert: ignore, beforeUnload: ignore, confirm: ignore, default: ignore, file: ignore, prompt: ignore}, webSocketUrl: ws://localhost:29467/sessio..., webauthn:extension:credBlob: true, webauthn:extension:largeBlob: true, webauthn:extension:minPinLength: true, webauthn:extension:prf: true, webauthn:virtualAuthenticators: true}
Element: [[CChromeDriver: chrome on windows (e43099d9a5ed4667c645b535b1e9b03f)] -&amp;gt; xpath: //*[@class and contains(concat(&amp;apos; &amp;apos;, normalize-space(@class), &amp;apos; &amp;apos;), &amp;apos; assign-modal-alert &amp;apos;)]]
Session ID: e43099d9a5ed4667c645b535b1e9b03f
	at java.base/jdk.internal.reflect.DirectConstructorHandleAccessor.newInstance(DirectConstructorHandleAccessor.java:62)
	at org.openqa.selenium.remote.ErrorCodec.decode(ErrorCodec.java:167)
	at org.openqa.selenium.remote.codec.w3c.W3CHttpResponseCodec.decode(W3CHttpResponseCodec.java:142)
	at org.openqa.selenium.remote.codec.w3c.W3CHttpResponseCodec.decode(W3CHttpResponseCodec.java:49)
	at org.openqa.selenium.remote.HttpCommandExecutor.execute(HttpCommandExecutor.java:215)
	at org.openqa.selenium.remote.service.DriverCommandExecutor.invokeExecute(DriverCommandExecutor.java:216)
	at org.openqa.selenium.remote.service.DriverCommandExecutor.execute(DriverCommandExecutor.java:174)
	at org.openqa.selenium.remote.RemoteWebDriver.execute(RemoteWebDriver.java:561)
	at org.openqa.selenium.remote.RemoteWebElement.execute(RemoteWebElement.java:223)
	at org.openqa.selenium.remote.RemoteWebElement.click(RemoteWebElement.java:76)
	at java.base/jdk.internal.reflect.DirectMethodHandleAccessor.invoke(DirectMethodHandleAccessor.java:103)
	at org.openqa.selenium.support.decorators.WebDriverDecorator.call(WebDriverDecorator.java:326)
	at org.openqa.selenium.support.decorators.DefaultDecorated.call(DefaultDecorated.java:48)
	at org.openqa.selenium.support.decorators.WebDriverDecorator.lambda$createProxyFactory$3(WebDriverDecorator.java:416)
	at net.bytebuddy.renamed.java.lang.Object$ByteBuddy$ztyDKi2K.click(Unknown Source)
	at com.kms.katalon.core.webui.keyword.builtin.ClickKeyword$_click_closure1.doCall(ClickKeyword.groovy:63)
	at java.base/jdk.internal.reflect.DirectMethodHandleAccessor.invoke(DirectMethodHandleAccessor.java:103)
	at jdk.proxy2/jdk.proxy2.$Proxy56.execute(Unknown Source)
	at com.kms.katalon.core.webui.model.SeleniumActionRetryController.performAction(SeleniumActionRetryController.java:96)
	at com.kms.katalon.core.webui.model.SeleniumActionRetryController.performAction(SeleniumActionRetryController.java:83)
	at com.kms.katalon.core.webui.keyword.internal.WebUIKeywordMain$_runKeywordUntilTimeout_closure1.doCall(WebUIKeywordMain.groovy:135)
	at com.kms.katalon.core.webui.keyword.internal.WebUIKeywordMain$_runKeywordUntilTimeout_closure1.call(WebUIKeywordMain.groovy)
	at com.kms.katalon.core.webui.keyword.internal.WebUIKeywordMain.runKeyword(WebUIKeywordMain.groovy:41)
	at com.kms.katalon.core.webui.keyword.internal.WebUIKeywordMain.runKeywordUntilTimeout(WebUIKeywordMain.groovy:133)
	at com.kms.katalon.core.webui.keyword.builtin.ClickKeyword.click(ClickKeyword.groovy:72)
	at com.kms.katalon.core.webui.keyword.builtin.ClickKeyword.execute(ClickKeyword.groovy:38)
	at com.kms.katalon.core.keyword.internal.KeywordExecutor.executeKeywordForPlatform(KeywordExecutor.groovy:99)
	at com.kms.katalon.core.webui.keyword.WebUiBuiltInKeywords.click(WebUiBuiltInKeywords.groovy:722)
	at Script1779529027086.run(Script1779529027086.groovy:30)
	... 14 more
)</message>
  <nestedLevel>1</nestedLevel>
  <escapedJava>false</escapedJava>
  <property name="failed.exception.class">org.openqa.selenium.ElementClickInterceptedException</property>
  <property name="attachment">1779966666262.png</property>
  <property name="failed.exception.stacktrace">org.openqa.selenium.ElementClickInterceptedException: element click intercepted: Element &lt;div class=&quot;assign-modal-alert&quot;&gt;...&lt;/div&gt; is not clickable at point (457, 96). Other element would receive the click: &lt;div class=&quot;modal-backdrop fade in&quot; style=&quot;height: 1062px;&quot;&gt;&lt;/div&gt;
  (Session info: chrome=148.0.7778.179)
Build info: version: &apos;4.39.0&apos;, revision: &apos;126f156aee&apos;
System info: os.name: &apos;Windows 11&apos;, os.arch: &apos;amd64&apos;, os.version: &apos;10.0&apos;, java.version: &apos;21.0.9&apos;
Driver info: com.kms.katalon.selenium.driver.CChromeDriver
Command: [e43099d9a5ed4667c645b535b1e9b03f, clickElement {id=f.9512225E57FB1572FEC9CA821E57F824.d.156CA2D9735E4F938AC4877C2D4D7ABE.e.67622}]
Capabilities {acceptInsecureCerts: false, browserName: chrome, browserVersion: 148.0.7778.179, chrome: {chromedriverVersion: 148.0.7778.167 (65db666ac2c..., userDataDir: C:\Users\CROWN-~1\AppData\L...}, fedcm:accounts: true, goog:chromeOptions: {debuggerAddress: localhost:59267}, goog:processID: 51480, networkConnectionEnabled: false, pageLoadStrategy: normal, platformName: windows, proxy: Proxy(), se:cdp: ws://localhost:59267/devtoo..., se:cdpVersion: 148.0.7778.179, setWindowRect: true, strictFileInteractability: false, timeouts: {implicit: 0, pageLoad: 300000, script: 30000}, unhandledPromptBehavior: {alert: ignore, beforeUnload: ignore, confirm: ignore, default: ignore, file: ignore, prompt: ignore}, webSocketUrl: ws://localhost:29467/sessio..., webauthn:extension:credBlob: true, webauthn:extension:largeBlob: true, webauthn:extension:minPinLength: true, webauthn:extension:prf: true, webauthn:virtualAuthenticators: true}
Element: [[CChromeDriver: chrome on windows (e43099d9a5ed4667c645b535b1e9b03f)] -&gt; xpath: //*[@class and contains(concat(&apos; &apos;, normalize-space(@class), &apos; &apos;), &apos; assign-modal-alert &apos;)]]
Session ID: e43099d9a5ed4667c645b535b1e9b03f
	at java.base/jdk.internal.reflect.DirectConstructorHandleAccessor.newInstance(DirectConstructorHandleAccessor.java:62)
	at org.openqa.selenium.remote.ErrorCodec.decode(ErrorCodec.java:167)
	at org.openqa.selenium.remote.codec.w3c.W3CHttpResponseCodec.decode(W3CHttpResponseCodec.java:142)
	at org.openqa.selenium.remote.codec.w3c.W3CHttpResponseCodec.decode(W3CHttpResponseCodec.java:49)
	at org.openqa.selenium.remote.HttpCommandExecutor.execute(HttpCommandExecutor.java:215)
	at org.openqa.selenium.remote.service.DriverCommandExecutor.invokeExecute(DriverCommandExecutor.java:216)
	at org.openqa.selenium.remote.service.DriverCommandExecutor.execute(DriverCommandExecutor.java:174)
	at org.openqa.selenium.remote.RemoteWebDriver.execute(RemoteWebDriver.java:561)
	at org.openqa.selenium.remote.RemoteWebElement.execute(RemoteWebElement.java:223)
	at org.openqa.selenium.remote.RemoteWebElement.click(RemoteWebElement.java:76)
	at java.base/jdk.internal.reflect.DirectMethodHandleAccessor.invoke(DirectMethodHandleAccessor.java:103)
	at org.openqa.selenium.support.decorators.WebDriverDecorator.call(WebDriverDecorator.java:326)
	at org.openqa.selenium.support.decorators.DefaultDecorated.call(DefaultDecorated.java:48)
	at org.openqa.selenium.support.decorators.WebDriverDecorator.lambda$createProxyFactory$3(WebDriverDecorator.java:416)
	at net.bytebuddy.renamed.java.lang.Object$ByteBuddy$ztyDKi2K.click(Unknown Source)
	at com.kms.katalon.core.webui.keyword.builtin.ClickKeyword$_click_closure1.doCall(ClickKeyword.groovy:63)
	at java.base/jdk.internal.reflect.DirectMethodHandleAccessor.invoke(DirectMethodHandleAccessor.java:103)
	at jdk.proxy2/jdk.proxy2.$Proxy56.execute(Unknown Source)
	at com.kms.katalon.core.webui.model.SeleniumActionRetryController.performAction(SeleniumActionRetryController.java:96)
	at com.kms.katalon.core.webui.model.SeleniumActionRetryController.performAction(SeleniumActionRetryController.java:83)
	at com.kms.katalon.core.webui.keyword.internal.WebUIKeywordMain$_runKeywordUntilTimeout_closure1.doCall(WebUIKeywordMain.groovy:135)
	at com.kms.katalon.core.webui.keyword.internal.WebUIKeywordMain$_runKeywordUntilTimeout_closure1.call(WebUIKeywordMain.groovy)
	at com.kms.katalon.core.webui.keyword.internal.WebUIKeywordMain.runKeyword(WebUIKeywordMain.groovy:41)
	at com.kms.katalon.core.webui.keyword.internal.WebUIKeywordMain.runKeywordUntilTimeout(WebUIKeywordMain.groovy:133)
	at com.kms.katalon.core.webui.keyword.builtin.ClickKeyword.click(ClickKeyword.groovy:72)
	at com.kms.katalon.core.webui.keyword.builtin.ClickKeyword.execute(ClickKeyword.groovy:38)
	at com.kms.katalon.core.keyword.internal.KeywordExecutor.executeKeywordForPlatform(KeywordExecutor.groovy:99)
	at com.kms.katalon.core.webui.keyword.WebUiBuiltInKeywords.click(WebUiBuiltInKeywords.groovy:722)
	at TC_Add_Comment.run(TC_Add_Comment:30)
	at com.kms.katalon.core.main.ScriptEngine.run(ScriptEngine.java:203)
	at com.kms.katalon.core.main.ScriptEngine.runScriptAsRawText(ScriptEngine.java:115)
	at com.kms.katalon.core.main.TestCaseExecutor.runScript(TestCaseExecutor.java:504)
	at com.kms.katalon.core.main.TestCaseExecutor.doExecute(TestCaseExecutor.java:495)
	at com.kms.katalon.core.main.TestCaseExecutor.processExecutionPhase(TestCaseExecutor.java:474)
	at com.kms.katalon.core.main.TestCaseExecutor.accessMainPhase(TestCaseExecutor.java:466)
	at com.kms.katalon.core.main.TestCaseExecutor.execute(TestCaseExecutor.java:336)
	at com.kms.katalon.core.main.TestCaseExecutor.execute(TestCaseExecutor.java:424)
	at com.kms.katalon.core.common.CommonExecutor.accessTestCaseMainPhase(CommonExecutor.java:71)
	at com.kms.katalon.core.main.TestSuiteExecutor.accessTestSuiteMainPhase(TestSuiteExecutor.java:153)
	at com.kms.katalon.core.main.TestSuiteExecutor.execute(TestSuiteExecutor.java:110)
	at com.kms.katalon.core.main.TestCaseMain.startTestSuite(TestCaseMain.java:206)
	at S0528_0.run(S0528_0.groovy:40)
	at java.base/jdk.internal.reflect.DirectMethodHandleAccessor.invoke(DirectMethodHandleAccessor.java:103)
</property>
  <property name="failed.exception.message">element click intercepted: Element &lt;div class=&quot;assign-modal-alert&quot;&gt;...&lt;/div&gt; is not clickable at point (457, 96). Other element would receive the click: &lt;div class=&quot;modal-backdrop fade in&quot; style=&quot;height: 1062px;&quot;&gt;&lt;/div&gt;
  (Session info: chrome=148.0.7778.179)
Build info: version: &apos;4.39.0&apos;, revision: &apos;126f156aee&apos;
System info: os.name: &apos;Windows 11&apos;, os.arch: &apos;amd64&apos;, os.version: &apos;10.0&apos;, java.version: &apos;21.0.9&apos;
Driver info: com.kms.katalon.selenium.driver.CChromeDriver
Command: [e43099d9a5ed4667c645b535b1e9b03f, clickElement {id=f.9512225E57FB1572FEC9CA821E57F824.d.156CA2D9735E4F938AC4877C2D4D7ABE.e.67622}]
Capabilities {acceptInsecureCerts: false, browserName: chrome, browserVersion: 148.0.7778.179, chrome: {chromedriverVersion: 148.0.7778.167 (65db666ac2c..., userDataDir: C:\Users\CROWN-~1\AppData\L...}, fedcm:accounts: true, goog:chromeOptions: {debuggerAddress: localhost:59267}, goog:processID: 51480, networkConnectionEnabled: false, pageLoadStrategy: normal, platformName: windows, proxy: Proxy(), se:cdp: ws://localhost:59267/devtoo..., se:cdpVersion: 148.0.7778.179, setWindowRect: true, strictFileInteractability: false, timeouts: {implicit: 0, pageLoad: 300000, script: 30000}, unhandledPromptBehavior: {alert: ignore, beforeUnload: ignore, confirm: ignore, default: ignore, file: ignore, prompt: ignore}, webSocketUrl: ws://localhost:29467/sessio..., webauthn:extension:credBlob: true, webauthn:extension:largeBlob: true, webauthn:extension:minPinLength: true, webauthn:extension:prf: true, webauthn:virtualAuthenticators: true}
Element: [[CChromeDriver: chrome on windows (e43099d9a5ed4667c645b535b1e9b03f)] -&gt; xpath: //*[@class and contains(concat(&apos; &apos;, normalize-space(@class), &apos; &apos;), &apos; assign-modal-alert &apos;)]]
Session ID: e43099d9a5ed4667c645b535b1e9b03f</property>
</record>
<record>
  <date>2026-05-28T11:11:06.357110800Z</date>
  <millis>1779966666357</millis>
  <nanos>110800</nanos>
  <sequence>1405</sequence>
  <level>END</level>
  <class>com.kms.katalon.core.logging.XmlKeywordLogger</class>
  <method>endKeyword</method>
  <thread>1</thread>
  <message>End action : click(findTestObject(&amp;quot;Page_Work Order  View- Workforce Manager/div_Hi there, For line manager escalation or app&amp;quot;))</message>
  <nestedLevel>1</nestedLevel>
  <escapedJava>false</escapedJava>
</record>
<record>
  <date>2026-05-28T11:11:06.358122400Z</date>
  <millis>1779966666358</millis>
  <nanos>122400</nanos>
  <sequence>1408</sequence>
  <level>FAILED</level>
  <class>com.kms.katalon.core.logging.XmlKeywordLogger</class>
  <method>logMessage</method>
  <thread>1</thread>
  <message>Test Cases/TaskActions/Comments/TC_Add_Comment FAILED.
Reason:
com.kms.katalon.core.exception.StepFailedException: Unable to click on object &amp;apos;Object Repository/Page_Work Order  View- Workforce Manager/div_Hi there, For line manager escalation or app&amp;apos;
	at com.kms.katalon.core.webui.keyword.internal.WebUIKeywordMain.stepFailed(WebUIKeywordMain.groovy:177)
	at com.kms.katalon.core.webui.keyword.internal.WebUIKeywordMain.runKeyword(WebUIKeywordMain.groovy:49)
	at com.kms.katalon.core.webui.keyword.internal.WebUIKeywordMain.runKeywordUntilTimeout(WebUIKeywordMain.groovy:133)
	at com.kms.katalon.core.webui.keyword.builtin.ClickKeyword.click(ClickKeyword.groovy:72)
	at com.kms.katalon.core.webui.keyword.builtin.ClickKeyword.execute(ClickKeyword.groovy:38)
	at com.kms.katalon.core.keyword.internal.KeywordExecutor.executeKeywordForPlatform(KeywordExecutor.groovy:99)
	at com.kms.katalon.core.webui.keyword.WebUiBuiltInKeywords.click(WebUiBuiltInKeywords.groovy:722)
	at TC_Add_Comment.run(TC_Add_Comment:30)
	at com.kms.katalon.core.main.ScriptEngine.run(ScriptEngine.java:203)
	at com.kms.katalon.core.main.ScriptEngine.runScriptAsRawText(ScriptEngine.java:115)
	at com.kms.katalon.core.main.TestCaseExecutor.runScript(TestCaseExecutor.java:504)
	at com.kms.katalon.core.main.TestCaseExecutor.doExecute(TestCaseExecutor.java:495)
	at com.kms.katalon.core.main.TestCaseExecutor.processExecutionPhase(TestCaseExecutor.java:474)
	at com.kms.katalon.core.main.TestCaseExecutor.accessMainPhase(TestCaseExecutor.java:466)
	at com.kms.katalon.core.main.TestCaseExecutor.execute(TestCaseExecutor.java:336)
	at com.kms.katalon.core.main.TestCaseExecutor.execute(TestCaseExecutor.java:424)
	at com.kms.katalon.core.common.CommonExecutor.accessTestCaseMainPhase(CommonExecutor.java:71)
	at com.kms.katalon.core.main.TestSuiteExecutor.accessTestSuiteMainPhase(TestSuiteExecutor.java:153)
	at com.kms.katalon.core.main.TestSuiteExecutor.execute(TestSuiteExecutor.java:110)
	at com.kms.katalon.core.main.TestCaseMain.startTestSuite(TestCaseMain.java:206)
	at S0528_0.run(S0528_0.groovy:40)
	at java.base/jdk.internal.reflect.DirectMethodHandleAccessor.invoke(DirectMethodHandleAccessor.java:103)
Caused by: org.openqa.selenium.ElementClickInterceptedException: element click intercepted: Element &amp;lt;div class=&amp;quot;assign-modal-alert&amp;quot;&amp;gt;...&amp;lt;/div&amp;gt; is not clickable at point (457, 96). Other element would receive the click: &amp;lt;div class=&amp;quot;modal-backdrop fade in&amp;quot; style=&amp;quot;height: 1062px;&amp;quot;&amp;gt;&amp;lt;/div&amp;gt;
  (Session info: chrome=148.0.7778.179)
Build info: version: &amp;apos;4.39.0&amp;apos;, revision: &amp;apos;126f156aee&amp;apos;
System info: os.name: &amp;apos;Windows 11&amp;apos;, os.arch: &amp;apos;amd64&amp;apos;, os.version: &amp;apos;10.0&amp;apos;, java.version: &amp;apos;21.0.9&amp;apos;
Driver info: com.kms.katalon.selenium.driver.CChromeDriver
Command: [e43099d9a5ed4667c645b535b1e9b03f, clickElement {id=f.9512225E57FB1572FEC9CA821E57F824.d.156CA2D9735E4F938AC4877C2D4D7ABE.e.67622}]
Capabilities {acceptInsecureCerts: false, browserName: chrome, browserVersion: 148.0.7778.179, chrome: {chromedriverVersion: 148.0.7778.167 (65db666ac2c..., userDataDir: C:\Users\CROWN-~1\AppData\L...}, fedcm:accounts: true, goog:chromeOptions: {debuggerAddress: localhost:59267}, goog:processID: 51480, networkConnectionEnabled: false, pageLoadStrategy: normal, platformName: windows, proxy: Proxy(), se:cdp: ws://localhost:59267/devtoo..., se:cdpVersion: 148.0.7778.179, setWindowRect: true, strictFileInteractability: false, timeouts: {implicit: 0, pageLoad: 300000, script: 30000}, unhandledPromptBehavior: {alert: ignore, beforeUnload: ignore, confirm: ignore, default: ignore, file: ignore, prompt: ignore}, webSocketUrl: ws://localhost:29467/sessio..., webauthn:extension:credBlob: true, webauthn:extension:largeBlob: true, webauthn:extension:minPinLength: true, webauthn:extension:prf: true, webauthn:virtualAuthenticators: true}
Element: [[CChromeDriver: chrome on windows (e43099d9a5ed4667c645b535b1e9b03f)] -&amp;gt; xpath: //*[@class and contains(concat(&amp;apos; &amp;apos;, normalize-space(@class), &amp;apos; &amp;apos;), &amp;apos; assign-modal-alert &amp;apos;)]]
Session ID: e43099d9a5ed4667c645b535b1e9b03f
	at java.base/jdk.internal.reflect.DirectConstructorHandleAccessor.newInstance(DirectConstructorHandleAccessor.java:62)
	at org.openqa.selenium.remote.ErrorCodec.decode(ErrorCodec.java:167)
	at org.openqa.selenium.remote.codec.w3c.W3CHttpResponseCodec.decode(W3CHttpResponseCodec.java:142)
	at org.openqa.selenium.remote.codec.w3c.W3CHttpResponseCodec.decode(W3CHttpResponseCodec.java:49)
	at org.openqa.selenium.remote.HttpCommandExecutor.execute(HttpCommandExecutor.java:215)
	at org.openqa.selenium.remote.service.DriverCommandExecutor.invokeExecute(DriverCommandExecutor.java:216)
	at org.openqa.selenium.remote.service.DriverCommandExecutor.execute(DriverCommandExecutor.java:174)
	at org.openqa.selenium.remote.RemoteWebDriver.execute(RemoteWebDriver.java:561)
	at org.openqa.selenium.remote.RemoteWebElement.execute(RemoteWebElement.java:223)
	at org.openqa.selenium.remote.RemoteWebElement.click(RemoteWebElement.java:76)
	at java.base/jdk.internal.reflect.DirectMethodHandleAccessor.invoke(DirectMethodHandleAccessor.java:103)
	at org.openqa.selenium.support.decorators.WebDriverDecorator.call(WebDriverDecorator.java:326)
	at org.openqa.selenium.support.decorators.DefaultDecorated.call(DefaultDecorated.java:48)
	at org.openqa.selenium.support.decorators.WebDriverDecorator.lambda$createProxyFactory$3(WebDriverDecorator.java:416)
	at net.bytebuddy.renamed.java.lang.Object$ByteBuddy$ztyDKi2K.click(Unknown Source)
	at com.kms.katalon.core.webui.keyword.builtin.ClickKeyword$_click_closure1.doCall(ClickKeyword.groovy:63)
	at java.base/jdk.internal.reflect.DirectMethodHandleAccessor.invoke(DirectMethodHandleAccessor.java:103)
	at jdk.proxy2/jdk.proxy2.$Proxy56.execute(Unknown Source)
	at com.kms.katalon.core.webui.model.SeleniumActionRetryController.performAction(SeleniumActionRetryController.java:96)
	at com.kms.katalon.core.webui.model.SeleniumActionRetryController.performAction(SeleniumActionRetryController.java:83)
	at com.kms.katalon.core.webui.keyword.internal.WebUIKeywordMain$_runKeywordUntilTimeout_closure1.doCall(WebUIKeywordMain.groovy:135)
	at com.kms.katalon.core.webui.keyword.internal.WebUIKeywordMain$_runKeywordUntilTimeout_closure1.call(WebUIKeywordMain.groovy)
	at com.kms.katalon.core.webui.keyword.internal.WebUIKeywordMain.runKeyword(WebUIKeywordMain.groovy:41)
	... 20 more
</message>
  <exception>
    <message>com.kms.katalon.core.exception.StepFailedException: Unable to click on object 'Object Repository/Page_Work Order  View- Workforce Manager/div_Hi there, For line manager escalation or app'</message>
    <frame>
      <class>com.kms.katalon.core.logging.XmlKeywordLogger</class>
      <method>logMessage</method>
      <line>518</line>
    </frame>
    <frame>
      <class>com.kms.katalon.core.logging.KeywordLogger</class>
      <method>logMessage</method>
      <line>475</line>
    </frame>
    <frame>
      <class>com.kms.katalon.core.main.TestCaseExecutor</class>
      <method>logError</method>
      <line>621</line>
    </frame>
    <frame>
      <class>com.kms.katalon.core.main.TestCaseExecutor</class>
      <method>onExecutionError</method>
      <line>199</line>
    </frame>
    <frame>
      <class>com.kms.katalon.core.main.TestCaseExecutor</class>
      <method>processExecutionPhase</method>
      <line>484</line>
    </frame>
    <frame>
      <class>com.kms.katalon.core.main.TestCaseExecutor</class>
      <method>accessMainPhase</method>
      <line>466</line>
    </frame>
    <frame>
      <class>com.kms.katalon.core.main.TestCaseExecutor</class>
      <method>execute</method>
      <line>336</line>
    </frame>
    <frame>
      <class>com.kms.katalon.core.main.TestCaseExecutor</class>
      <method>execute</method>
      <line>424</line>
    </frame>
    <frame>
      <class>com.kms.katalon.core.common.CommonExecutor</class>
      <method>accessTestCaseMainPhase</method>
      <line>71</line>
    </frame>
    <frame>
      <class>com.kms.katalon.core.main.TestSuiteExecutor</class>
      <method>accessTestSuiteMainPhase</method>
      <line>153</line>
    </frame>
    <frame>
      <class>com.kms.katalon.core.main.TestSuiteExecutor</class>
      <method>execute</method>
      <line>110</line>
    </frame>
    <frame>
      <class>com.kms.katalon.core.main.TestCaseMain</class>
      <method>startTestSuite</method>
      <line>206</line>
    </frame>
    <frame>
      <class>org.codehaus.groovy.vmplugin.v8.IndyInterface</class>
      <method>fromCache</method>
      <line>318</line>
    </frame>
    <frame>
      <class>S0528_0</class>
      <method>run</method>
      <line>40</line>
    </frame>
    <frame>
      <class>groovy.lang.GroovyShell</class>
      <method>runScriptOrMainOrTestOrRunnable</method>
      <line>254</line>
    </frame>
    <frame>
      <class>groovy.lang.GroovyShell</class>
      <method>run</method>
      <line>360</line>
    </frame>
    <frame>
      <class>groovy.lang.GroovyShell</class>
      <method>run</method>
      <line>349</line>
    </frame>
    <frame>
      <class>groovy.ui.GroovyMain</class>
      <method>processOnce</method>
      <line>652</line>
    </frame>
    <frame>
      <class>groovy.ui.GroovyMain</class>
      <method>run</method>
      <line>398</line>
    </frame>
    <frame>
      <class>groovy.ui.GroovyMain</class>
      <method>access$1400</method>
      <line>68</line>
    </frame>
    <frame>
      <class>groovy.ui.GroovyMain$GroovyCommand</class>
      <method>process</method>
      <line>322</line>
    </frame>
    <frame>
      <class>groovy.ui.GroovyMain</class>
      <method>processArgs</method>
      <line>142</line>
    </frame>
    <frame>
      <class>groovy.ui.GroovyMain</class>
      <method>main</method>
      <line>115</line>
    </frame>
    <frame>
      <class>jdk.internal.reflect.DirectMethodHandleAccessor</class>
      <method>invoke</method>
      <line>103</line>
    </frame>
    <frame>
      <class>java.lang.reflect.Method</class>
      <method>invoke</method>
      <line>580</line>
    </frame>
    <frame>
      <class>org.codehaus.groovy.tools.GroovyStarter</class>
      <method>rootLoader</method>
      <line>117</line>
    </frame>
    <frame>
      <class>org.codehaus.groovy.tools.GroovyStarter</class>
      <method>main</method>
      <line>39</line>
    </frame>
  </exception>
  <nestedLevel>0</nestedLevel>
  <escapedJava>false</escapedJava>
  <property name="failed.exception.stacktrace">org.openqa.selenium.ElementClickInterceptedException: element click intercepted: Element &lt;div class=&quot;assign-modal-alert&quot;&gt;...&lt;/div&gt; is not clickable at point (457, 96). Other element would receive the click: &lt;div class=&quot;modal-backdrop fade in&quot; style=&quot;height: 1062px;&quot;&gt;&lt;/div&gt;
  (Session info: chrome=148.0.7778.179)
Build info: version: &apos;4.39.0&apos;, revision: &apos;126f156aee&apos;
System info: os.name: &apos;Windows 11&apos;, os.arch: &apos;amd64&apos;, os.version: &apos;10.0&apos;, java.version: &apos;21.0.9&apos;
Driver info: com.kms.katalon.selenium.driver.CChromeDriver
Command: [e43099d9a5ed4667c645b535b1e9b03f, clickElement {id=f.9512225E57FB1572FEC9CA821E57F824.d.156CA2D9735E4F938AC4877C2D4D7ABE.e.67622}]
Capabilities {acceptInsecureCerts: false, browserName: chrome, browserVersion: 148.0.7778.179, chrome: {chromedriverVersion: 148.0.7778.167 (65db666ac2c..., userDataDir: C:\Users\CROWN-~1\AppData\L...}, fedcm:accounts: true, goog:chromeOptions: {debuggerAddress: localhost:59267}, goog:processID: 51480, networkConnectionEnabled: false, pageLoadStrategy: normal, platformName: windows, proxy: Proxy(), se:cdp: ws://localhost:59267/devtoo..., se:cdpVersion: 148.0.7778.179, setWindowRect: true, strictFileInteractability: false, timeouts: {implicit: 0, pageLoad: 300000, script: 30000}, unhandledPromptBehavior: {alert: ignore, beforeUnload: ignore, confirm: ignore, default: ignore, file: ignore, prompt: ignore}, webSocketUrl: ws://localhost:29467/sessio..., webauthn:extension:credBlob: true, webauthn:extension:largeBlob: true, webauthn:extension:minPinLength: true, webauthn:extension:prf: true, webauthn:virtualAuthenticators: true}
Element: [[CChromeDriver: chrome on windows (e43099d9a5ed4667c645b535b1e9b03f)] -&gt; xpath: //*[@class and contains(concat(&apos; &apos;, normalize-space(@class), &apos; &apos;), &apos; assign-modal-alert &apos;)]]
Session ID: e43099d9a5ed4667c645b535b1e9b03f
	at java.base/jdk.internal.reflect.DirectConstructorHandleAccessor.newInstance(DirectConstructorHandleAccessor.java:62)
	at org.openqa.selenium.remote.ErrorCodec.decode(ErrorCodec.java:167)
	at org.openqa.selenium.remote.codec.w3c.W3CHttpResponseCodec.decode(W3CHttpResponseCodec.java:142)
	at org.openqa.selenium.remote.codec.w3c.W3CHttpResponseCodec.decode(W3CHttpResponseCodec.java:49)
	at org.openqa.selenium.remote.HttpCommandExecutor.execute(HttpCommandExecutor.java:215)
	at org.openqa.selenium.remote.service.DriverCommandExecutor.invokeExecute(DriverCommandExecutor.java:216)
	at org.openqa.selenium.remote.service.DriverCommandExecutor.execute(DriverCommandExecutor.java:174)
	at org.openqa.selenium.remote.RemoteWebDriver.execute(RemoteWebDriver.java:561)
	at org.openqa.selenium.remote.RemoteWebElement.execute(RemoteWebElement.java:223)
	at org.openqa.selenium.remote.RemoteWebElement.click(RemoteWebElement.java:76)
	at java.base/jdk.internal.reflect.DirectMethodHandleAccessor.invoke(DirectMethodHandleAccessor.java:103)
	at org.openqa.selenium.support.decorators.WebDriverDecorator.call(WebDriverDecorator.java:326)
	at org.openqa.selenium.support.decorators.DefaultDecorated.call(DefaultDecorated.java:48)
	at org.openqa.selenium.support.decorators.WebDriverDecorator.lambda$createProxyFactory$3(WebDriverDecorator.java:416)
	at net.bytebuddy.renamed.java.lang.Object$ByteBuddy$ztyDKi2K.click(Unknown Source)
	at com.kms.katalon.core.webui.keyword.builtin.ClickKeyword$_click_closure1.doCall(ClickKeyword.groovy:63)
	at java.base/jdk.internal.reflect.DirectMethodHandleAccessor.invoke(DirectMethodHandleAccessor.java:103)
	at jdk.proxy2/jdk.proxy2.$Proxy56.execute(Unknown Source)
	at com.kms.katalon.core.webui.model.SeleniumActionRetryController.performAction(SeleniumActionRetryController.java:96)
	at com.kms.katalon.core.webui.model.SeleniumActionRetryController.performAction(SeleniumActionRetryController.java:83)
	at com.kms.katalon.core.webui.keyword.internal.WebUIKeywordMain$_runKeywordUntilTimeout_closure1.doCall(WebUIKeywordMain.groovy:135)
	at com.kms.katalon.core.webui.keyword.internal.WebUIKeywordMain$_runKeywordUntilTimeout_closure1.call(WebUIKeywordMain.groovy)
	at com.kms.katalon.core.webui.keyword.internal.WebUIKeywordMain.runKeyword(WebUIKeywordMain.groovy:41)
	at com.kms.katalon.core.webui.keyword.internal.WebUIKeywordMain.runKeywordUntilTimeout(WebUIKeywordMain.groovy:133)
	at com.kms.katalon.core.webui.keyword.builtin.ClickKeyword.click(ClickKeyword.groovy:72)
	at com.kms.katalon.core.webui.keyword.builtin.ClickKeyword.execute(ClickKeyword.groovy:38)
	at com.kms.katalon.core.keyword.internal.KeywordExecutor.executeKeywordForPlatform(KeywordExecutor.groovy:99)
	at com.kms.katalon.core.webui.keyword.WebUiBuiltInKeywords.click(WebUiBuiltInKeywords.groovy:722)
	at TC_Add_Comment.run(TC_Add_Comment:30)
	at com.kms.katalon.core.main.ScriptEngine.run(ScriptEngine.java:203)
	at com.kms.katalon.core.main.ScriptEngine.runScriptAsRawText(ScriptEngine.java:115)
	at com.kms.katalon.core.main.TestCaseExecutor.runScript(TestCaseExecutor.java:504)
	at com.kms.katalon.core.main.TestCaseExecutor.doExecute(TestCaseExecutor.java:495)
	at com.kms.katalon.core.main.TestCaseExecutor.processExecutionPhase(TestCaseExecutor.java:474)
	at com.kms.katalon.core.main.TestCaseExecutor.accessMainPhase(TestCaseExecutor.java:466)
	at com.kms.katalon.core.main.TestCaseExecutor.execute(TestCaseExecutor.java:336)
	at com.kms.katalon.core.main.TestCaseExecutor.execute(TestCaseExecutor.java:424)
	at com.kms.katalon.core.common.CommonExecutor.accessTestCaseMainPhase(CommonExecutor.java:71)
	at com.kms.katalon.core.main.TestSuiteExecutor.accessTestSuiteMainPhase(TestSuiteExecutor.java:153)
	at com.kms.katalon.core.main.TestSuiteExecutor.execute(TestSuiteExecutor.java:110)
	at com.kms.katalon.core.main.TestCaseMain.startTestSuite(TestCaseMain.java:206)
	at S0528_0.run(S0528_0.groovy:40)
	at java.base/jdk.internal.reflect.DirectMethodHandleAccessor.invoke(DirectMethodHandleAccessor.java:103)
</property>
  <property name="failed.exception.class">org.openqa.selenium.ElementClickInterceptedException</property>
  <property name="failed.exception.message">element click intercepted: Element &lt;div class=&quot;assign-modal-alert&quot;&gt;...&lt;/div&gt; is not clickable at point (457, 96). Other element would receive the click: &lt;div class=&quot;modal-backdrop fade in&quot; style=&quot;height: 1062px;&quot;&gt;&lt;/div&gt;
  (Session info: chrome=148.0.7778.179)
Build info: version: &apos;4.39.0&apos;, revision: &apos;126f156aee&apos;
System info: os.name: &apos;Windows 11&apos;, os.arch: &apos;amd64&apos;, os.version: &apos;10.0&apos;, java.version: &apos;21.0.9&apos;
Driver info: com.kms.katalon.selenium.driver.CChromeDriver
Command: [e43099d9a5ed4667c645b535b1e9b03f, clickElement {id=f.9512225E57FB1572FEC9CA821E57F824.d.156CA2D9735E4F938AC4877C2D4D7ABE.e.67622}]
Capabilities {acceptInsecureCerts: false, browserName: chrome, browserVersion: 148.0.7778.179, chrome: {chromedriverVersion: 148.0.7778.167 (65db666ac2c..., userDataDir: C:\Users\CROWN-~1\AppData\L...}, fedcm:accounts: true, goog:chromeOptions: {debuggerAddress: localhost:59267}, goog:processID: 51480, networkConnectionEnabled: false, pageLoadStrategy: normal, platformName: windows, proxy: Proxy(), se:cdp: ws://localhost:59267/devtoo..., se:cdpVersion: 148.0.7778.179, setWindowRect: true, strictFileInteractability: false, timeouts: {implicit: 0, pageLoad: 300000, script: 30000}, unhandledPromptBehavior: {alert: ignore, beforeUnload: ignore, confirm: ignore, default: ignore, file: ignore, prompt: ignore}, webSocketUrl: ws://localhost:29467/sessio..., webauthn:extension:credBlob: true, webauthn:extension:largeBlob: true, webauthn:extension:minPinLength: true, webauthn:extension:prf: true, webauthn:virtualAuthenticators: true}
Element: [[CChromeDriver: chrome on windows (e43099d9a5ed4667c645b535b1e9b03f)] -&gt; xpath: //*[@class and contains(concat(&apos; &apos;, normalize-space(@class), &apos; &apos;), &apos; assign-modal-alert &apos;)]]
Session ID: e43099d9a5ed4667c645b535b1e9b03f</property>
</record>
<record>
  <date>2026-05-28T11:11:06.360122900Z</date>
  <millis>1779966666360</millis>
  <nanos>122900</nanos>
  <sequence>1410</sequence>
  <level>END</level>
  <class>com.kms.katalon.core.logging.XmlKeywordLogger</class>
  <method>endTest</method>
  <thread>1</thread>
  <message>End Test Case : Test Cases/TaskActions/Comments/TC_Add_Comment</message>
  <nestedLevel>0</nestedLevel>
  <escapedJava>false</escapedJava>
  <property name="executionBindingVariables">[]</property>
  <property name="applitools">false</property>
  <property name="remainingRetryCount">2</property>
  <property name="executedKeywords">{
  &quot;WebUI.click&quot;: 1,
  &quot;WebUI.waitForPageLoad&quot;: 2,
  &quot;WebUI.waitForElementPresent&quot;: 2
}</property>
  <property name="currentRetryCount">1</property>
  <property name="keywordsUsage">{
  &quot;web_ui&quot;: true,
  &quot;web_service&quot;: false,
  &quot;cucumber&quot;: false,
  &quot;builtin&quot;: false,
  &quot;mobile&quot;: false,
  &quot;windows&quot;: false,
  &quot;testng&quot;: false
}</property>
</record>
<record>
  <date>2026-05-28T11:11:06.363119900Z</date>
  <millis>1779966666363</millis>
  <nanos>119900</nanos>
  <sequence>1411</sequence>
  <level>START</level>
  <class>com.kms.katalon.core.logging.XmlKeywordLogger</class>
  <method>startTest</method>
  <thread>1</thread>
  <message>Start Test Case : Test Cases/TaskActions/Comments/TC_Add_Comment</message>
  <nestedLevel>1</nestedLevel>
  <escapedJava>false</escapedJava>
  <property name="remainingRetryCount">1</property>
  <property name="origin"></property>
  <property name="name">Test Cases/TaskActions/Comments/TC_Add_Comment</property>
  <property name="description"></property>
  <property name="iteration"></property>
  <property name="id">Test Cases/TaskActions/Comments/TC_Add_Comment</property>
  <property name="source">C:\Users\CROWN-STAFF\git\convergence-qa-tests\Test Cases\TaskActions\Comments\TC_Add_Comment.tc</property>
  <property name="tag"></property>
  <property name="isOptional">false</property>
  <property name="uuid">2c22e9f9-aa1f-45bb-9339-6b6e54ecddd4</property>
  <property name="currentRetryCount">2</property>
</record>
<record>
  <date>2026-05-28T11:11:06.370640200Z</date>
  <millis>1779966666370</millis>
  <nanos>640200</nanos>
  <sequence>1413</sequence>
  <level>RUN_DATA</level>
  <class>com.kms.katalon.core.logging.XmlKeywordLogger</class>
  <method>logMessage</method>
  <thread>1</thread>
  <message>executionBindingVariables = []</message>
  <nestedLevel>1</nestedLevel>
  <escapedJava>false</escapedJava>
  <property name="executionBindingVariables">[]</property>
</record>
<record>
  <date>2026-05-28T11:11:06.371639600Z</date>
  <millis>1779966666371</millis>
  <nanos>639600</nanos>
  <sequence>1414</sequence>
  <level>START</level>
  <class>com.kms.katalon.core.logging.XmlKeywordLogger</class>
  <method>startKeyword</method>
  <thread>1</thread>
  <message>Start action : waitForPageLoad(20)</message>
  <nestedLevel>1</nestedLevel>
  <escapedJava>false</escapedJava>
  <property name="startLine">21</property>
  <property name="stepIndex">1</property>
</record>
<record>
  <date>2026-05-28T11:11:06.379684500Z</date>
  <millis>1779966666379</millis>
  <nanos>684500</nanos>
  <sequence>1418</sequence>
  <level>PASSED</level>
  <class>com.kms.katalon.core.logging.XmlKeywordLogger</class>
  <method>logMessage</method>
  <thread>1</thread>
  <message>Wait for page load successfully</message>
  <nestedLevel>1</nestedLevel>
  <escapedJava>false</escapedJava>
  <property name="testops-method-name">com.kms.katalon.core.webui.keyword.internal.WebUIKeywordMain$runKeyword$0.call</property>
  <property name="testops-execution-stacktrace">com.kms.katalon.core.logging.KeywordLogger.logPassed(KeywordLogger.java:350)
com.kms.katalon.core.logging.KeywordLogger.logPassed(KeywordLogger.java:345)
com.kms.katalon.core.logging.KeywordLogger$logPassed$0.call(Unknown Source)
com.kms.katalon.core.webui.keyword.builtin.WaitForPageLoadKeyword$_waitForPageLoad_closure1.doCall(WaitForPageLoadKeyword.groovy:94)
com.kms.katalon.core.webui.keyword.builtin.WaitForPageLoadKeyword$_waitForPageLoad_closure1.doCall(WaitForPageLoadKeyword.groovy)
java.base/jdk.internal.reflect.DirectMethodHandleAccessor.invoke(DirectMethodHandleAccessor.java:103)
com.kms.katalon.core.webui.keyword.internal.WebUIKeywordMain.runKeyword(WebUIKeywordMain.groovy:41)
com.kms.katalon.core.webui.keyword.internal.WebUIKeywordMain$runKeyword$0.call(Unknown Source)
com.kms.katalon.core.webui.keyword.builtin.WaitForPageLoadKeyword.waitForPageLoad(WaitForPageLoadKeyword.groovy:95)
com.kms.katalon.core.webui.keyword.builtin.WaitForPageLoadKeyword.execute(WaitForPageLoadKeyword.groovy:68)
com.kms.katalon.core.keyword.internal.KeywordExecutor.executeKeywordForPlatform(KeywordExecutor.groovy:99)
com.kms.katalon.core.webui.keyword.WebUiBuiltInKeywords.waitForPageLoad(WebUiBuiltInKeywords.groovy:2559)
TC_Add_Comment.run(TC_Add_Comment:21)
</property>
</record>
<record>
  <date>2026-05-28T11:11:06.380735200Z</date>
  <millis>1779966666380</millis>
  <nanos>735200</nanos>
  <sequence>1419</sequence>
  <level>END</level>
  <class>com.kms.katalon.core.logging.XmlKeywordLogger</class>
  <method>endKeyword</method>
  <thread>1</thread>
  <message>End action : waitForPageLoad(20)</message>
  <nestedLevel>1</nestedLevel>
  <escapedJava>false</escapedJava>
</record>
<record>
  <date>2026-05-28T11:11:06.380735200Z</date>
  <millis>1779966666380</millis>
  <nanos>735200</nanos>
  <sequence>1420</sequence>
  <level>START</level>
  <class>com.kms.katalon.core.logging.XmlKeywordLogger</class>
  <method>startKeyword</method>
  <thread>1</thread>
  <message>Start action : waitForElementPresent(findTestObject(&amp;quot;Page_Work Order  Index- Workforce Manager/input_Search&amp;quot;), 20)</message>
  <nestedLevel>1</nestedLevel>
  <escapedJava>false</escapedJava>
  <property name="startLine">23</property>
  <property name="stepIndex">2</property>
</record>
<record>
  <date>2026-05-28T11:11:26.581581400Z</date>
  <millis>1779966686581</millis>
  <nanos>581400</nanos>
  <sequence>1426</sequence>
  <level>WARNING</level>
  <class>com.kms.katalon.core.logging.XmlKeywordLogger</class>
  <method>logMessage</method>
  <thread>1</thread>
  <message>Object &amp;apos;Object Repository/Page_Work Order  Index- Workforce Manager/input_Search&amp;apos; is not present after 20 second(s)</message>
  <nestedLevel>1</nestedLevel>
  <escapedJava>false</escapedJava>
  <property name="failed.exception.stacktrace">com.kms.katalon.core.webui.exception.WebElementNotFoundException: Web element with id: &apos;Object Repository/Page_Work Order  Index- Workforce Manager/input_Search&apos; located by &apos;By.xpath: //*[@id = &apos;created-by-me&apos;]//*[@id = &apos;search-table&apos;]&apos; not found
	at com.kms.katalon.core.webui.model.WebUiElementFinder.findElementByNormalMethods(WebUiElementFinder.java:201)
	at com.kms.katalon.core.webui.model.WebUiElementFinder.findElementsBySelectedMethod(WebUiElementFinder.java:99)
	at com.kms.katalon.core.webui.model.WebUiElementFinder.findElementsBySelectedMethod(WebUiElementFinder.java:82)
	at com.kms.katalon.core.webui.model.WebUiElementFinder.findElementsBySelectedMethod(WebUiElementFinder.java:77)
	at com.kms.katalon.core.webui.model.WebUiElementFinder.findElement(WebUiElementFinder.java:51)
	at com.kms.katalon.core.webui.model.WebUiElementFinderWithTimeout.basicFindElement(WebUiElementFinderWithTimeout.java:51)
	at com.kms.katalon.core.webui.model.WebUiElementFinderWithTimeout.lambda$0(WebUiElementFinderWithTimeout.java:29)
	at com.kms.katalon.core.webui.model.SeleniumActionRetryController.performAction(SeleniumActionRetryController.java:96)
	at com.kms.katalon.core.webui.model.SeleniumActionRetryController.performAction(SeleniumActionRetryController.java:83)
	at com.kms.katalon.core.webui.model.WebUiElementFinderWithTimeout.findElement(WebUiElementFinderWithTimeout.java:28)
	at com.kms.katalon.core.webui.keyword.internal.WebUIAbstractKeyword.lambda$1(WebUIAbstractKeyword.java:119)
	at com.kms.katalon.core.webui.model.SeleniumActionRetryController.performAction(SeleniumActionRetryController.java:96)
	at com.kms.katalon.core.webui.model.SeleniumActionRetryController.performAction(SeleniumActionRetryController.java:83)
	at com.kms.katalon.core.webui.model.SeleniumActionRetryController.retry(SeleniumActionRetryController.java:49)
	at com.kms.katalon.core.webui.model.SeleniumActionRetryController.retry(SeleniumActionRetryController.java:44)
	at com.kms.katalon.core.webui.keyword.internal.WebUIAbstractKeyword.findWebElement(WebUIAbstractKeyword.java:116)
	at com.kms.katalon.core.webui.keyword.builtin.WaitForElementPresentKeyword$_waitForElementPresent_closure1.doCall(WaitForElementPresentKeyword.groovy:54)
	at java.base/jdk.internal.reflect.DirectMethodHandleAccessor.invoke(DirectMethodHandleAccessor.java:103)
	at jdk.proxy2/jdk.proxy2.$Proxy56.execute(Unknown Source)
	at com.kms.katalon.core.webui.model.SeleniumActionRetryController.performAction(SeleniumActionRetryController.java:96)
	at com.kms.katalon.core.webui.model.SeleniumActionRetryController.performAction(SeleniumActionRetryController.java:83)
	at com.kms.katalon.core.webui.keyword.internal.WebUIKeywordMain$_runKeywordUntilTimeout_closure2.doCall(WebUIKeywordMain.groovy:155)
	at com.kms.katalon.core.webui.keyword.internal.WebUIKeywordMain$_runKeywordUntilTimeout_closure2.call(WebUIKeywordMain.groovy)
	at com.kms.katalon.core.webui.keyword.internal.WebUIKeywordMain.runKeyword(WebUIKeywordMain.groovy:41)
	at com.kms.katalon.core.webui.keyword.internal.WebUIKeywordMain.runKeywordUntilTimeout(WebUIKeywordMain.groovy:152)
	at com.kms.katalon.core.webui.keyword.builtin.WaitForElementPresentKeyword.waitForElementPresent(WaitForElementPresentKeyword.groovy:68)
	at com.kms.katalon.core.webui.keyword.builtin.WaitForElementPresentKeyword.execute(WaitForElementPresentKeyword.groovy:38)
	at com.kms.katalon.core.keyword.internal.KeywordExecutor.executeKeywordForPlatform(KeywordExecutor.groovy:99)
	at com.kms.katalon.core.webui.keyword.WebUiBuiltInKeywords.waitForElementPresent(WebUiBuiltInKeywords.groovy:424)
	at TC_Add_Comment.run(TC_Add_Comment:23)
	at com.kms.katalon.core.main.ScriptEngine.run(ScriptEngine.java:203)
	at com.kms.katalon.core.main.ScriptEngine.runScriptAsRawText(ScriptEngine.java:115)
	at com.kms.katalon.core.main.TestCaseExecutor.runScript(TestCaseExecutor.java:504)
	at com.kms.katalon.core.main.TestCaseExecutor.doExecute(TestCaseExecutor.java:495)
	at com.kms.katalon.core.main.TestCaseExecutor.processExecutionPhase(TestCaseExecutor.java:474)
	at com.kms.katalon.core.main.TestCaseExecutor.accessMainPhase(TestCaseExecutor.java:466)
	at com.kms.katalon.core.main.TestCaseExecutor.execute(TestCaseExecutor.java:336)
	at com.kms.katalon.core.main.TestCaseExecutor.execute(TestCaseExecutor.java:424)
	at com.kms.katalon.core.main.TestCaseExecutor.execute(TestCaseExecutor.java:424)
	at com.kms.katalon.core.common.CommonExecutor.accessTestCaseMainPhase(CommonExecutor.java:71)
	at com.kms.katalon.core.main.TestSuiteExecutor.accessTestSuiteMainPhase(TestSuiteExecutor.java:153)
	at com.kms.katalon.core.main.TestSuiteExecutor.execute(TestSuiteExecutor.java:110)
	at com.kms.katalon.core.main.TestCaseMain.startTestSuite(TestCaseMain.java:206)
	at S0528_0.run(S0528_0.groovy:40)
	at java.base/jdk.internal.reflect.DirectMethodHandleAccessor.invoke(DirectMethodHandleAccessor.java:103)
</property>
  <property name="failed.exception.class">com.kms.katalon.core.webui.exception.WebElementNotFoundException</property>
  <property name="failed.exception.message">Web element with id: &apos;Object Repository/Page_Work Order  Index- Workforce Manager/input_Search&apos; located by &apos;By.xpath: //*[@id = &apos;created-by-me&apos;]//*[@id = &apos;search-table&apos;]&apos; not found</property>
</record>
<record>
  <date>2026-05-28T11:11:26.582577500Z</date>
  <millis>1779966686582</millis>
  <nanos>577500</nanos>
  <sequence>1427</sequence>
  <level>END</level>
  <class>com.kms.katalon.core.logging.XmlKeywordLogger</class>
  <method>endKeyword</method>
  <thread>1</thread>
  <message>End action : waitForElementPresent(findTestObject(&amp;quot;Page_Work Order  Index- Workforce Manager/input_Search&amp;quot;), 20)</message>
  <nestedLevel>1</nestedLevel>
  <escapedJava>false</escapedJava>
</record>
<record>
  <date>2026-05-28T11:11:26.582577500Z</date>
  <millis>1779966686582</millis>
  <nanos>577500</nanos>
  <sequence>1428</sequence>
  <level>START</level>
  <class>com.kms.katalon.core.logging.XmlKeywordLogger</class>
  <method>startKeyword</method>
  <thread>1</thread>
  <message>Start action : waitForPageLoad(20)</message>
  <nestedLevel>1</nestedLevel>
  <escapedJava>false</escapedJava>
  <property name="startLine">26</property>
  <property name="stepIndex">3</property>
</record>
<record>
  <date>2026-05-28T11:11:26.589549Z</date>
  <millis>1779966686589</millis>
  <nanos>549000</nanos>
  <sequence>1432</sequence>
  <level>PASSED</level>
  <class>com.kms.katalon.core.logging.XmlKeywordLogger</class>
  <method>logMessage</method>
  <thread>1</thread>
  <message>Wait for page load successfully</message>
  <nestedLevel>1</nestedLevel>
  <escapedJava>false</escapedJava>
  <property name="testops-method-name">com.kms.katalon.core.webui.keyword.internal.WebUIKeywordMain$runKeyword$0.call</property>
  <property name="testops-execution-stacktrace">com.kms.katalon.core.logging.KeywordLogger.logPassed(KeywordLogger.java:350)
com.kms.katalon.core.logging.KeywordLogger.logPassed(KeywordLogger.java:345)
com.kms.katalon.core.logging.KeywordLogger$logPassed$0.call(Unknown Source)
com.kms.katalon.core.webui.keyword.builtin.WaitForPageLoadKeyword$_waitForPageLoad_closure1.doCall(WaitForPageLoadKeyword.groovy:94)
com.kms.katalon.core.webui.keyword.builtin.WaitForPageLoadKeyword$_waitForPageLoad_closure1.doCall(WaitForPageLoadKeyword.groovy)
java.base/jdk.internal.reflect.DirectMethodHandleAccessor.invoke(DirectMethodHandleAccessor.java:103)
com.kms.katalon.core.webui.keyword.internal.WebUIKeywordMain.runKeyword(WebUIKeywordMain.groovy:41)
com.kms.katalon.core.webui.keyword.internal.WebUIKeywordMain$runKeyword$0.call(Unknown Source)
com.kms.katalon.core.webui.keyword.builtin.WaitForPageLoadKeyword.waitForPageLoad(WaitForPageLoadKeyword.groovy:95)
com.kms.katalon.core.webui.keyword.builtin.WaitForPageLoadKeyword.execute(WaitForPageLoadKeyword.groovy:68)
com.kms.katalon.core.keyword.internal.KeywordExecutor.executeKeywordForPlatform(KeywordExecutor.groovy:99)
com.kms.katalon.core.webui.keyword.WebUiBuiltInKeywords.waitForPageLoad(WebUiBuiltInKeywords.groovy:2559)
TC_Add_Comment.run(TC_Add_Comment:26)
</property>
</record>
<record>
  <date>2026-05-28T11:11:26.590543500Z</date>
  <millis>1779966686590</millis>
  <nanos>543500</nanos>
  <sequence>1433</sequence>
  <level>END</level>
  <class>com.kms.katalon.core.logging.XmlKeywordLogger</class>
  <method>endKeyword</method>
  <thread>1</thread>
  <message>End action : waitForPageLoad(20)</message>
  <nestedLevel>1</nestedLevel>
  <escapedJava>false</escapedJava>
</record>
<record>
  <date>2026-05-28T11:11:26.590543500Z</date>
  <millis>1779966686590</millis>
  <nanos>543500</nanos>
  <sequence>1434</sequence>
  <level>START</level>
  <class>com.kms.katalon.core.logging.XmlKeywordLogger</class>
  <method>startKeyword</method>
  <thread>1</thread>
  <message>Start action : waitForElementPresent(findTestObject(&amp;quot;Page_Work Order  Index- Workforce Manager/input_Search&amp;quot;), 20)</message>
  <nestedLevel>1</nestedLevel>
  <escapedJava>false</escapedJava>
  <property name="startLine">28</property>
  <property name="stepIndex">4</property>
</record>
<record>
  <date>2026-05-28T11:11:46.626698400Z</date>
  <millis>1779966706626</millis>
  <nanos>698400</nanos>
  <sequence>1440</sequence>
  <level>WARNING</level>
  <class>com.kms.katalon.core.logging.XmlKeywordLogger</class>
  <method>logMessage</method>
  <thread>1</thread>
  <message>Object &amp;apos;Object Repository/Page_Work Order  Index- Workforce Manager/input_Search&amp;apos; is not present after 20 second(s)</message>
  <nestedLevel>1</nestedLevel>
  <escapedJava>false</escapedJava>
  <property name="failed.exception.stacktrace">com.kms.katalon.core.webui.exception.WebElementNotFoundException: Web element with id: &apos;Object Repository/Page_Work Order  Index- Workforce Manager/input_Search&apos; located by &apos;By.xpath: //*[@id = &apos;created-by-me&apos;]//*[@id = &apos;search-table&apos;]&apos; not found
	at com.kms.katalon.core.webui.model.WebUiElementFinder.findElementByNormalMethods(WebUiElementFinder.java:201)
	at com.kms.katalon.core.webui.model.WebUiElementFinder.findElementsBySelectedMethod(WebUiElementFinder.java:99)
	at com.kms.katalon.core.webui.model.WebUiElementFinder.findElementsBySelectedMethod(WebUiElementFinder.java:82)
	at com.kms.katalon.core.webui.model.WebUiElementFinder.findElementsBySelectedMethod(WebUiElementFinder.java:77)
	at com.kms.katalon.core.webui.model.WebUiElementFinder.findElement(WebUiElementFinder.java:51)
	at com.kms.katalon.core.webui.model.WebUiElementFinderWithTimeout.basicFindElement(WebUiElementFinderWithTimeout.java:51)
	at com.kms.katalon.core.webui.model.WebUiElementFinderWithTimeout.lambda$0(WebUiElementFinderWithTimeout.java:29)
	at com.kms.katalon.core.webui.model.SeleniumActionRetryController.performAction(SeleniumActionRetryController.java:96)
	at com.kms.katalon.core.webui.model.SeleniumActionRetryController.performAction(SeleniumActionRetryController.java:83)
	at com.kms.katalon.core.webui.model.WebUiElementFinderWithTimeout.findElement(WebUiElementFinderWithTimeout.java:28)
	at com.kms.katalon.core.webui.keyword.internal.WebUIAbstractKeyword.lambda$1(WebUIAbstractKeyword.java:119)
	at com.kms.katalon.core.webui.model.SeleniumActionRetryController.performAction(SeleniumActionRetryController.java:96)
	at com.kms.katalon.core.webui.model.SeleniumActionRetryController.performAction(SeleniumActionRetryController.java:83)
	at com.kms.katalon.core.webui.model.SeleniumActionRetryController.retry(SeleniumActionRetryController.java:49)
	at com.kms.katalon.core.webui.model.SeleniumActionRetryController.retry(SeleniumActionRetryController.java:44)
	at com.kms.katalon.core.webui.keyword.internal.WebUIAbstractKeyword.findWebElement(WebUIAbstractKeyword.java:116)
	at com.kms.katalon.core.webui.keyword.builtin.WaitForElementPresentKeyword$_waitForElementPresent_closure1.doCall(WaitForElementPresentKeyword.groovy:54)
	at java.base/jdk.internal.reflect.DirectMethodHandleAccessor.invoke(DirectMethodHandleAccessor.java:103)
	at jdk.proxy2/jdk.proxy2.$Proxy56.execute(Unknown Source)
	at com.kms.katalon.core.webui.model.SeleniumActionRetryController.performAction(SeleniumActionRetryController.java:96)
	at com.kms.katalon.core.webui.model.SeleniumActionRetryController.performAction(SeleniumActionRetryController.java:83)
	at com.kms.katalon.core.webui.keyword.internal.WebUIKeywordMain$_runKeywordUntilTimeout_closure2.doCall(WebUIKeywordMain.groovy:155)
	at com.kms.katalon.core.webui.keyword.internal.WebUIKeywordMain$_runKeywordUntilTimeout_closure2.call(WebUIKeywordMain.groovy)
	at com.kms.katalon.core.webui.keyword.internal.WebUIKeywordMain.runKeyword(WebUIKeywordMain.groovy:41)
	at com.kms.katalon.core.webui.keyword.internal.WebUIKeywordMain.runKeywordUntilTimeout(WebUIKeywordMain.groovy:152)
	at com.kms.katalon.core.webui.keyword.builtin.WaitForElementPresentKeyword.waitForElementPresent(WaitForElementPresentKeyword.groovy:68)
	at com.kms.katalon.core.webui.keyword.builtin.WaitForElementPresentKeyword.execute(WaitForElementPresentKeyword.groovy:38)
	at com.kms.katalon.core.keyword.internal.KeywordExecutor.executeKeywordForPlatform(KeywordExecutor.groovy:99)
	at com.kms.katalon.core.webui.keyword.WebUiBuiltInKeywords.waitForElementPresent(WebUiBuiltInKeywords.groovy:424)
	at TC_Add_Comment.run(TC_Add_Comment:28)
	at com.kms.katalon.core.main.ScriptEngine.run(ScriptEngine.java:203)
	at com.kms.katalon.core.main.ScriptEngine.runScriptAsRawText(ScriptEngine.java:115)
	at com.kms.katalon.core.main.TestCaseExecutor.runScript(TestCaseExecutor.java:504)
	at com.kms.katalon.core.main.TestCaseExecutor.doExecute(TestCaseExecutor.java:495)
	at com.kms.katalon.core.main.TestCaseExecutor.processExecutionPhase(TestCaseExecutor.java:474)
	at com.kms.katalon.core.main.TestCaseExecutor.accessMainPhase(TestCaseExecutor.java:466)
	at com.kms.katalon.core.main.TestCaseExecutor.execute(TestCaseExecutor.java:336)
	at com.kms.katalon.core.main.TestCaseExecutor.execute(TestCaseExecutor.java:424)
	at com.kms.katalon.core.main.TestCaseExecutor.execute(TestCaseExecutor.java:424)
	at com.kms.katalon.core.common.CommonExecutor.accessTestCaseMainPhase(CommonExecutor.java:71)
	at com.kms.katalon.core.main.TestSuiteExecutor.accessTestSuiteMainPhase(TestSuiteExecutor.java:153)
	at com.kms.katalon.core.main.TestSuiteExecutor.execute(TestSuiteExecutor.java:110)
	at com.kms.katalon.core.main.TestCaseMain.startTestSuite(TestCaseMain.java:206)
	at S0528_0.run(S0528_0.groovy:40)
	at java.base/jdk.internal.reflect.DirectMethodHandleAccessor.invoke(DirectMethodHandleAccessor.java:103)
</property>
  <property name="failed.exception.class">com.kms.katalon.core.webui.exception.WebElementNotFoundException</property>
  <property name="failed.exception.message">Web element with id: &apos;Object Repository/Page_Work Order  Index- Workforce Manager/input_Search&apos; located by &apos;By.xpath: //*[@id = &apos;created-by-me&apos;]//*[@id = &apos;search-table&apos;]&apos; not found</property>
</record>
<record>
  <date>2026-05-28T11:11:46.627709Z</date>
  <millis>1779966706627</millis>
  <nanos>709000</nanos>
  <sequence>1441</sequence>
  <level>END</level>
  <class>com.kms.katalon.core.logging.XmlKeywordLogger</class>
  <method>endKeyword</method>
  <thread>1</thread>
  <message>End action : waitForElementPresent(findTestObject(&amp;quot;Page_Work Order  Index- Workforce Manager/input_Search&amp;quot;), 20)</message>
  <nestedLevel>1</nestedLevel>
  <escapedJava>false</escapedJava>
</record>
<record>
  <date>2026-05-28T11:11:46.627709Z</date>
  <millis>1779966706627</millis>
  <nanos>709000</nanos>
  <sequence>1442</sequence>
  <level>START</level>
  <class>com.kms.katalon.core.logging.XmlKeywordLogger</class>
  <method>startKeyword</method>
  <thread>1</thread>
  <message>Start action : click(findTestObject(&amp;quot;Page_Work Order  View- Workforce Manager/div_Hi there, For line manager escalation or app&amp;quot;))</message>
  <nestedLevel>1</nestedLevel>
  <escapedJava>false</escapedJava>
  <property name="startLine">30</property>
  <property name="stepIndex">5</property>
</record>
<record>
  <date>2026-05-28T11:11:46.958785200Z</date>
  <millis>1779966706958</millis>
  <nanos>785200</nanos>
  <sequence>1453</sequence>
  <level>PASSED</level>
  <class>com.kms.katalon.core.logging.XmlKeywordLogger</class>
  <method>logMessage</method>
  <thread>1</thread>
  <message>Object: &amp;apos;Object Repository/Page_Work Order  View- Workforce Manager/div_Hi there, For line manager escalation or app&amp;apos; is clicked on</message>
  <nestedLevel>1</nestedLevel>
  <escapedJava>false</escapedJava>
  <property name="testops-method-name">com.kms.katalon.core.webui.keyword.internal.WebUIKeywordMain.runKeywordUntilTimeout</property>
  <property name="testops-execution-stacktrace">com.kms.katalon.core.logging.KeywordLogger.logPassed(KeywordLogger.java:350)
com.kms.katalon.core.logging.KeywordLogger.logPassed(KeywordLogger.java:345)
com.kms.katalon.core.webui.keyword.builtin.ClickKeyword$_click_closure1.doCall(ClickKeyword.groovy:66)
java.base/jdk.internal.reflect.DirectMethodHandleAccessor.invoke(DirectMethodHandleAccessor.java:103)
jdk.proxy2/jdk.proxy2.$Proxy56.execute(Unknown Source)
com.kms.katalon.core.webui.model.SeleniumActionRetryController.performAction(SeleniumActionRetryController.java:96)
com.kms.katalon.core.webui.model.SeleniumActionRetryController.performAction(SeleniumActionRetryController.java:83)
com.kms.katalon.core.webui.keyword.internal.WebUIKeywordMain$_runKeywordUntilTimeout_closure1.doCall(WebUIKeywordMain.groovy:135)
com.kms.katalon.core.webui.keyword.internal.WebUIKeywordMain$_runKeywordUntilTimeout_closure1.call(WebUIKeywordMain.groovy)
com.kms.katalon.core.webui.keyword.internal.WebUIKeywordMain.runKeyword(WebUIKeywordMain.groovy:41)
com.kms.katalon.core.webui.keyword.internal.WebUIKeywordMain.runKeywordUntilTimeout(WebUIKeywordMain.groovy:133)
com.kms.katalon.core.webui.keyword.builtin.ClickKeyword.click(ClickKeyword.groovy:72)
com.kms.katalon.core.webui.keyword.builtin.ClickKeyword.execute(ClickKeyword.groovy:38)
com.kms.katalon.core.keyword.internal.KeywordExecutor.executeKeywordForPlatform(KeywordExecutor.groovy:99)
com.kms.katalon.core.webui.keyword.WebUiBuiltInKeywords.click(WebUiBuiltInKeywords.groovy:722)
TC_Add_Comment.run(TC_Add_Comment:30)
</property>
</record>
<record>
  <date>2026-05-28T11:11:46.960726900Z</date>
  <millis>1779966706960</millis>
  <nanos>726900</nanos>
  <sequence>1454</sequence>
  <level>END</level>
  <class>com.kms.katalon.core.logging.XmlKeywordLogger</class>
  <method>endKeyword</method>
  <thread>1</thread>
  <message>End action : click(findTestObject(&amp;quot;Page_Work Order  View- Workforce Manager/div_Hi there, For line manager escalation or app&amp;quot;))</message>
  <nestedLevel>1</nestedLevel>
  <escapedJava>false</escapedJava>
</record>
<record>
  <date>2026-05-28T11:11:46.960726900Z</date>
  <millis>1779966706960</millis>
  <nanos>726900</nanos>
  <sequence>1455</sequence>
  <level>START</level>
  <class>com.kms.katalon.core.logging.XmlKeywordLogger</class>
  <method>startKeyword</method>
  <thread>1</thread>
  <message>Start action : click(findTestObject(&amp;quot;Page_Work Order  View- Workforce Manager/button_assign-modal-close-btn_1&amp;quot;))</message>
  <nestedLevel>1</nestedLevel>
  <escapedJava>false</escapedJava>
  <property name="startLine">32</property>
  <property name="stepIndex">6</property>
</record>
<record>
  <date>2026-05-28T11:11:47.282180800Z</date>
  <millis>1779966707282</millis>
  <nanos>180800</nanos>
  <sequence>1466</sequence>
  <level>PASSED</level>
  <class>com.kms.katalon.core.logging.XmlKeywordLogger</class>
  <method>logMessage</method>
  <thread>1</thread>
  <message>Object: &amp;apos;Object Repository/Page_Work Order  View- Workforce Manager/button_assign-modal-close-btn_1&amp;apos; is clicked on</message>
  <nestedLevel>1</nestedLevel>
  <escapedJava>false</escapedJava>
  <property name="testops-method-name">com.kms.katalon.core.webui.keyword.internal.WebUIKeywordMain.runKeywordUntilTimeout</property>
  <property name="testops-execution-stacktrace">com.kms.katalon.core.logging.KeywordLogger.logPassed(KeywordLogger.java:350)
com.kms.katalon.core.logging.KeywordLogger.logPassed(KeywordLogger.java:345)
com.kms.katalon.core.webui.keyword.builtin.ClickKeyword$_click_closure1.doCall(ClickKeyword.groovy:66)
java.base/jdk.internal.reflect.DirectMethodHandleAccessor.invoke(DirectMethodHandleAccessor.java:103)
jdk.proxy2/jdk.proxy2.$Proxy56.execute(Unknown Source)
com.kms.katalon.core.webui.model.SeleniumActionRetryController.performAction(SeleniumActionRetryController.java:96)
com.kms.katalon.core.webui.model.SeleniumActionRetryController.performAction(SeleniumActionRetryController.java:83)
com.kms.katalon.core.webui.keyword.internal.WebUIKeywordMain$_runKeywordUntilTimeout_closure1.doCall(WebUIKeywordMain.groovy:135)
com.kms.katalon.core.webui.keyword.internal.WebUIKeywordMain$_runKeywordUntilTimeout_closure1.call(WebUIKeywordMain.groovy)
com.kms.katalon.core.webui.keyword.internal.WebUIKeywordMain.runKeyword(WebUIKeywordMain.groovy:41)
com.kms.katalon.core.webui.keyword.internal.WebUIKeywordMain.runKeywordUntilTimeout(WebUIKeywordMain.groovy:133)
com.kms.katalon.core.webui.keyword.builtin.ClickKeyword.click(ClickKeyword.groovy:72)
com.kms.katalon.core.webui.keyword.builtin.ClickKeyword.execute(ClickKeyword.groovy:38)
com.kms.katalon.core.keyword.internal.KeywordExecutor.executeKeywordForPlatform(KeywordExecutor.groovy:99)
com.kms.katalon.core.webui.keyword.WebUiBuiltInKeywords.click(WebUiBuiltInKeywords.groovy:722)
TC_Add_Comment.run(TC_Add_Comment:32)
</property>
</record>
<record>
  <date>2026-05-28T11:11:47.282180800Z</date>
  <millis>1779966707282</millis>
  <nanos>180800</nanos>
  <sequence>1467</sequence>
  <level>END</level>
  <class>com.kms.katalon.core.logging.XmlKeywordLogger</class>
  <method>endKeyword</method>
  <thread>1</thread>
  <message>End action : click(findTestObject(&amp;quot;Page_Work Order  View- Workforce Manager/button_assign-modal-close-btn_1&amp;quot;))</message>
  <nestedLevel>1</nestedLevel>
  <escapedJava>false</escapedJava>
</record>
<record>
  <date>2026-05-28T11:11:47.283273500Z</date>
  <millis>1779966707283</millis>
  <nanos>273500</nanos>
  <sequence>1468</sequence>
  <level>START</level>
  <class>com.kms.katalon.core.logging.XmlKeywordLogger</class>
  <method>startKeyword</method>
  <thread>1</thread>
  <message>Start action : click(findTestObject(&amp;quot;Page_Work Order  View- Workforce Manager/a_Add Comment&amp;quot;))</message>
  <nestedLevel>1</nestedLevel>
  <escapedJava>false</escapedJava>
  <property name="startLine">34</property>
  <property name="stepIndex">7</property>
</record>
<record>
  <date>2026-05-28T11:11:47.670653900Z</date>
  <millis>1779966707670</millis>
  <nanos>653900</nanos>
  <sequence>1479</sequence>
  <level>PASSED</level>
  <class>com.kms.katalon.core.logging.XmlKeywordLogger</class>
  <method>logMessage</method>
  <thread>1</thread>
  <message>Object: &amp;apos;Object Repository/Page_Work Order  View- Workforce Manager/a_Add Comment&amp;apos; is clicked on</message>
  <nestedLevel>1</nestedLevel>
  <escapedJava>false</escapedJava>
  <property name="testops-method-name">com.kms.katalon.core.webui.keyword.internal.WebUIKeywordMain.runKeywordUntilTimeout</property>
  <property name="testops-execution-stacktrace">com.kms.katalon.core.logging.KeywordLogger.logPassed(KeywordLogger.java:350)
com.kms.katalon.core.logging.KeywordLogger.logPassed(KeywordLogger.java:345)
com.kms.katalon.core.webui.keyword.builtin.ClickKeyword$_click_closure1.doCall(ClickKeyword.groovy:66)
java.base/jdk.internal.reflect.DirectMethodHandleAccessor.invoke(DirectMethodHandleAccessor.java:103)
jdk.proxy2/jdk.proxy2.$Proxy56.execute(Unknown Source)
com.kms.katalon.core.webui.model.SeleniumActionRetryController.performAction(SeleniumActionRetryController.java:96)
com.kms.katalon.core.webui.model.SeleniumActionRetryController.performAction(SeleniumActionRetryController.java:83)
com.kms.katalon.core.webui.keyword.internal.WebUIKeywordMain$_runKeywordUntilTimeout_closure1.doCall(WebUIKeywordMain.groovy:135)
com.kms.katalon.core.webui.keyword.internal.WebUIKeywordMain$_runKeywordUntilTimeout_closure1.call(WebUIKeywordMain.groovy)
com.kms.katalon.core.webui.keyword.internal.WebUIKeywordMain.runKeyword(WebUIKeywordMain.groovy:41)
com.kms.katalon.core.webui.keyword.internal.WebUIKeywordMain.runKeywordUntilTimeout(WebUIKeywordMain.groovy:133)
com.kms.katalon.core.webui.keyword.builtin.ClickKeyword.click(ClickKeyword.groovy:72)
com.kms.katalon.core.webui.keyword.builtin.ClickKeyword.execute(ClickKeyword.groovy:38)
com.kms.katalon.core.keyword.internal.KeywordExecutor.executeKeywordForPlatform(KeywordExecutor.groovy:99)
com.kms.katalon.core.webui.keyword.WebUiBuiltInKeywords.click(WebUiBuiltInKeywords.groovy:722)
TC_Add_Comment.run(TC_Add_Comment:34)
</property>
</record>
<record>
  <date>2026-05-28T11:11:47.672650700Z</date>
  <millis>1779966707672</millis>
  <nanos>650700</nanos>
  <sequence>1480</sequence>
  <level>END</level>
  <class>com.kms.katalon.core.logging.XmlKeywordLogger</class>
  <method>endKeyword</method>
  <thread>1</thread>
  <message>End action : click(findTestObject(&amp;quot;Page_Work Order  View- Workforce Manager/a_Add Comment&amp;quot;))</message>
  <nestedLevel>1</nestedLevel>
  <escapedJava>false</escapedJava>
</record>
<record>
  <date>2026-05-28T11:11:47.672650700Z</date>
  <millis>1779966707672</millis>
  <nanos>650700</nanos>
  <sequence>1481</sequence>
  <level>START</level>
  <class>com.kms.katalon.core.logging.XmlKeywordLogger</class>
  <method>startKeyword</method>
  <thread>1</thread>
  <message>Start action : setText(findTestObject(&amp;quot;Page_Work Order  View- Workforce Manager/textarea_To mention a user or role, type  in fr&amp;quot;), &amp;quot;@chubby&amp;quot;)</message>
  <nestedLevel>1</nestedLevel>
  <escapedJava>false</escapedJava>
  <property name="startLine">36</property>
  <property name="stepIndex">8</property>
</record>
<record>
  <date>2026-05-28T11:11:48.571875700Z</date>
  <millis>1779966708571</millis>
  <nanos>875700</nanos>
  <sequence>1495</sequence>
  <level>PASSED</level>
  <class>com.kms.katalon.core.logging.XmlKeywordLogger</class>
  <method>logMessage</method>
  <thread>1</thread>
  <message>Text &amp;apos;@chubby&amp;apos; is set on object &amp;apos;Object Repository/Page_Work Order  View- Workforce Manager/textarea_To mention a user or role, type  in fr&amp;apos;</message>
  <nestedLevel>1</nestedLevel>
  <escapedJava>false</escapedJava>
  <property name="testops-method-name">com.kms.katalon.core.webui.keyword.internal.WebUIKeywordMain.runKeywordUntilTimeout</property>
  <property name="testops-execution-stacktrace">com.kms.katalon.core.logging.KeywordLogger.logPassed(KeywordLogger.java:350)
com.kms.katalon.core.logging.KeywordLogger.logPassed(KeywordLogger.java:345)
com.kms.katalon.core.webui.keyword.builtin.SetTextKeyword$_setText_closure1.doCall(SetTextKeyword.groovy:99)
java.base/jdk.internal.reflect.DirectMethodHandleAccessor.invoke(DirectMethodHandleAccessor.java:103)
jdk.proxy2/jdk.proxy2.$Proxy56.execute(Unknown Source)
com.kms.katalon.core.webui.model.SeleniumActionRetryController.performAction(SeleniumActionRetryController.java:96)
com.kms.katalon.core.webui.model.SeleniumActionRetryController.performAction(SeleniumActionRetryController.java:83)
com.kms.katalon.core.webui.keyword.internal.WebUIKeywordMain$_runKeywordUntilTimeout_closure1.doCall(WebUIKeywordMain.groovy:135)
com.kms.katalon.core.webui.keyword.internal.WebUIKeywordMain$_runKeywordUntilTimeout_closure1.call(WebUIKeywordMain.groovy)
com.kms.katalon.core.webui.keyword.internal.WebUIKeywordMain.runKeyword(WebUIKeywordMain.groovy:41)
com.kms.katalon.core.webui.keyword.internal.WebUIKeywordMain.runKeywordUntilTimeout(WebUIKeywordMain.groovy:133)
com.kms.katalon.core.webui.keyword.builtin.SetTextKeyword.setText(SetTextKeyword.groovy:106)
com.kms.katalon.core.webui.keyword.builtin.SetTextKeyword.execute(SetTextKeyword.groovy:49)
com.kms.katalon.core.keyword.internal.KeywordExecutor.executeKeywordForPlatform(KeywordExecutor.groovy:99)
com.kms.katalon.core.webui.keyword.WebUiBuiltInKeywords.setText(WebUiBuiltInKeywords.groovy:1082)
TC_Add_Comment.run(TC_Add_Comment:36)
</property>
</record>
<record>
  <date>2026-05-28T11:11:48.574359800Z</date>
  <millis>1779966708574</millis>
  <nanos>359800</nanos>
  <sequence>1496</sequence>
  <level>END</level>
  <class>com.kms.katalon.core.logging.XmlKeywordLogger</class>
  <method>endKeyword</method>
  <thread>1</thread>
  <message>End action : setText(findTestObject(&amp;quot;Page_Work Order  View- Workforce Manager/textarea_To mention a user or role, type  in fr&amp;quot;), &amp;quot;@chubby&amp;quot;)</message>
  <nestedLevel>1</nestedLevel>
  <escapedJava>false</escapedJava>
</record>
<record>
  <date>2026-05-28T11:11:48.574359800Z</date>
  <millis>1779966708574</millis>
  <nanos>359800</nanos>
  <sequence>1497</sequence>
  <level>START</level>
  <class>com.kms.katalon.core.logging.XmlKeywordLogger</class>
  <method>startKeyword</method>
  <thread>1</thread>
  <message>Start action : click(findTestObject(&amp;quot;Page_Work Order  View- Workforce Manager/a_Chubby Chubbystandard user&amp;quot;))</message>
  <nestedLevel>1</nestedLevel>
  <escapedJava>false</escapedJava>
  <property name="startLine">39</property>
  <property name="stepIndex">9</property>
</record>
<record>
  <date>2026-05-28T11:11:50.195289100Z</date>
  <millis>1779966710195</millis>
  <nanos>289100</nanos>
  <sequence>1508</sequence>
  <level>PASSED</level>
  <class>com.kms.katalon.core.logging.XmlKeywordLogger</class>
  <method>logMessage</method>
  <thread>1</thread>
  <message>Object: &amp;apos;Object Repository/Page_Work Order  View- Workforce Manager/a_Chubby Chubbystandard user&amp;apos; is clicked on</message>
  <nestedLevel>1</nestedLevel>
  <escapedJava>false</escapedJava>
  <property name="testops-method-name">com.kms.katalon.core.webui.keyword.internal.WebUIKeywordMain.runKeywordUntilTimeout</property>
  <property name="testops-execution-stacktrace">com.kms.katalon.core.logging.KeywordLogger.logPassed(KeywordLogger.java:350)
com.kms.katalon.core.logging.KeywordLogger.logPassed(KeywordLogger.java:345)
com.kms.katalon.core.webui.keyword.builtin.ClickKeyword$_click_closure1.doCall(ClickKeyword.groovy:66)
java.base/jdk.internal.reflect.DirectMethodHandleAccessor.invoke(DirectMethodHandleAccessor.java:103)
jdk.proxy2/jdk.proxy2.$Proxy56.execute(Unknown Source)
com.kms.katalon.core.webui.model.SeleniumActionRetryController.performAction(SeleniumActionRetryController.java:96)
com.kms.katalon.core.webui.model.SeleniumActionRetryController.performAction(SeleniumActionRetryController.java:83)
com.kms.katalon.core.webui.keyword.internal.WebUIKeywordMain$_runKeywordUntilTimeout_closure1.doCall(WebUIKeywordMain.groovy:135)
com.kms.katalon.core.webui.keyword.internal.WebUIKeywordMain$_runKeywordUntilTimeout_closure1.call(WebUIKeywordMain.groovy)
com.kms.katalon.core.webui.keyword.internal.WebUIKeywordMain.runKeyword(WebUIKeywordMain.groovy:41)
com.kms.katalon.core.webui.keyword.internal.WebUIKeywordMain.runKeywordUntilTimeout(WebUIKeywordMain.groovy:133)
com.kms.katalon.core.webui.keyword.builtin.ClickKeyword.click(ClickKeyword.groovy:72)
com.kms.katalon.core.webui.keyword.builtin.ClickKeyword.execute(ClickKeyword.groovy:38)
com.kms.katalon.core.keyword.internal.KeywordExecutor.executeKeywordForPlatform(KeywordExecutor.groovy:99)
com.kms.katalon.core.webui.keyword.WebUiBuiltInKeywords.click(WebUiBuiltInKeywords.groovy:722)
TC_Add_Comment.run(TC_Add_Comment:39)
</property>
</record>
<record>
  <date>2026-05-28T11:11:50.196297900Z</date>
  <millis>1779966710196</millis>
  <nanos>297900</nanos>
  <sequence>1509</sequence>
  <level>END</level>
  <class>com.kms.katalon.core.logging.XmlKeywordLogger</class>
  <method>endKeyword</method>
  <thread>1</thread>
  <message>End action : click(findTestObject(&amp;quot;Page_Work Order  View- Workforce Manager/a_Chubby Chubbystandard user&amp;quot;))</message>
  <nestedLevel>1</nestedLevel>
  <escapedJava>false</escapedJava>
</record>
<record>
  <date>2026-05-28T11:11:50.196297900Z</date>
  <millis>1779966710196</millis>
  <nanos>297900</nanos>
  <sequence>1510</sequence>
  <level>START</level>
  <class>com.kms.katalon.core.logging.XmlKeywordLogger</class>
  <method>startKeyword</method>
  <thread>1</thread>
  <message>Start action : setText(findTestObject(&amp;quot;Page_Work Order  View- Workforce Manager/textarea_To mention a user or role, type  in fr&amp;quot;), &amp;quot;[~Chubby Chubby] &amp;quot;)</message>
  <nestedLevel>1</nestedLevel>
  <escapedJava>false</escapedJava>
  <property name="startLine">41</property>
  <property name="stepIndex">10</property>
</record>
<record>
  <date>2026-05-28T11:11:50.880548100Z</date>
  <millis>1779966710880</millis>
  <nanos>548100</nanos>
  <sequence>1524</sequence>
  <level>PASSED</level>
  <class>com.kms.katalon.core.logging.XmlKeywordLogger</class>
  <method>logMessage</method>
  <thread>1</thread>
  <message>Text &amp;apos;[~Chubby Chubby] &amp;apos; is set on object &amp;apos;Object Repository/Page_Work Order  View- Workforce Manager/textarea_To mention a user or role, type  in fr&amp;apos;</message>
  <nestedLevel>1</nestedLevel>
  <escapedJava>false</escapedJava>
  <property name="testops-method-name">com.kms.katalon.core.webui.keyword.internal.WebUIKeywordMain.runKeywordUntilTimeout</property>
  <property name="testops-execution-stacktrace">com.kms.katalon.core.logging.KeywordLogger.logPassed(KeywordLogger.java:350)
com.kms.katalon.core.logging.KeywordLogger.logPassed(KeywordLogger.java:345)
com.kms.katalon.core.webui.keyword.builtin.SetTextKeyword$_setText_closure1.doCall(SetTextKeyword.groovy:99)
java.base/jdk.internal.reflect.DirectMethodHandleAccessor.invoke(DirectMethodHandleAccessor.java:103)
jdk.proxy2/jdk.proxy2.$Proxy56.execute(Unknown Source)
com.kms.katalon.core.webui.model.SeleniumActionRetryController.performAction(SeleniumActionRetryController.java:96)
com.kms.katalon.core.webui.model.SeleniumActionRetryController.performAction(SeleniumActionRetryController.java:83)
com.kms.katalon.core.webui.keyword.internal.WebUIKeywordMain$_runKeywordUntilTimeout_closure1.doCall(WebUIKeywordMain.groovy:135)
com.kms.katalon.core.webui.keyword.internal.WebUIKeywordMain$_runKeywordUntilTimeout_closure1.call(WebUIKeywordMain.groovy)
com.kms.katalon.core.webui.keyword.internal.WebUIKeywordMain.runKeyword(WebUIKeywordMain.groovy:41)
com.kms.katalon.core.webui.keyword.internal.WebUIKeywordMain.runKeywordUntilTimeout(WebUIKeywordMain.groovy:133)
com.kms.katalon.core.webui.keyword.builtin.SetTextKeyword.setText(SetTextKeyword.groovy:106)
com.kms.katalon.core.webui.keyword.builtin.SetTextKeyword.execute(SetTextKeyword.groovy:49)
com.kms.katalon.core.keyword.internal.KeywordExecutor.executeKeywordForPlatform(KeywordExecutor.groovy:99)
com.kms.katalon.core.webui.keyword.WebUiBuiltInKeywords.setText(WebUiBuiltInKeywords.groovy:1082)
TC_Add_Comment.run(TC_Add_Comment:41)
</property>
</record>
<record>
  <date>2026-05-28T11:11:50.881539100Z</date>
  <millis>1779966710881</millis>
  <nanos>539100</nanos>
  <sequence>1525</sequence>
  <level>END</level>
  <class>com.kms.katalon.core.logging.XmlKeywordLogger</class>
  <method>endKeyword</method>
  <thread>1</thread>
  <message>End action : setText(findTestObject(&amp;quot;Page_Work Order  View- Workforce Manager/textarea_To mention a user or role, type  in fr&amp;quot;), &amp;quot;[~Chubby Chubby] &amp;quot;)</message>
  <nestedLevel>1</nestedLevel>
  <escapedJava>false</escapedJava>
</record>
<record>
  <date>2026-05-28T11:11:50.881539100Z</date>
  <millis>1779966710881</millis>
  <nanos>539100</nanos>
  <sequence>1526</sequence>
  <level>START</level>
  <class>com.kms.katalon.core.logging.XmlKeywordLogger</class>
  <method>startKeyword</method>
  <thread>1</thread>
  <message>Start action : setText(findTestObject(&amp;quot;Page_Work Order  View- Workforce Manager/textarea_To mention a user or role, type  in fr&amp;quot;), &amp;quot;[~Chubby Chubby] Smoke test comment Automation &amp;quot;)</message>
  <nestedLevel>1</nestedLevel>
  <escapedJava>false</escapedJava>
  <property name="startLine">44</property>
  <property name="stepIndex">11</property>
</record>
<record>
  <date>2026-05-28T11:11:51.833888400Z</date>
  <millis>1779966711833</millis>
  <nanos>888400</nanos>
  <sequence>1540</sequence>
  <level>PASSED</level>
  <class>com.kms.katalon.core.logging.XmlKeywordLogger</class>
  <method>logMessage</method>
  <thread>1</thread>
  <message>Text &amp;apos;[~Chubby Chubby] Smoke test comment Automation &amp;apos; is set on object &amp;apos;Object Repository/Page_Work Order  View- Workforce Manager/textarea_To mention a user or role, type  in fr&amp;apos;</message>
  <nestedLevel>1</nestedLevel>
  <escapedJava>false</escapedJava>
  <property name="testops-method-name">com.kms.katalon.core.webui.keyword.internal.WebUIKeywordMain.runKeywordUntilTimeout</property>
  <property name="testops-execution-stacktrace">com.kms.katalon.core.logging.KeywordLogger.logPassed(KeywordLogger.java:350)
com.kms.katalon.core.logging.KeywordLogger.logPassed(KeywordLogger.java:345)
com.kms.katalon.core.webui.keyword.builtin.SetTextKeyword$_setText_closure1.doCall(SetTextKeyword.groovy:99)
java.base/jdk.internal.reflect.DirectMethodHandleAccessor.invoke(DirectMethodHandleAccessor.java:103)
jdk.proxy2/jdk.proxy2.$Proxy56.execute(Unknown Source)
com.kms.katalon.core.webui.model.SeleniumActionRetryController.performAction(SeleniumActionRetryController.java:96)
com.kms.katalon.core.webui.model.SeleniumActionRetryController.performAction(SeleniumActionRetryController.java:83)
com.kms.katalon.core.webui.keyword.internal.WebUIKeywordMain$_runKeywordUntilTimeout_closure1.doCall(WebUIKeywordMain.groovy:135)
com.kms.katalon.core.webui.keyword.internal.WebUIKeywordMain$_runKeywordUntilTimeout_closure1.call(WebUIKeywordMain.groovy)
com.kms.katalon.core.webui.keyword.internal.WebUIKeywordMain.runKeyword(WebUIKeywordMain.groovy:41)
com.kms.katalon.core.webui.keyword.internal.WebUIKeywordMain.runKeywordUntilTimeout(WebUIKeywordMain.groovy:133)
com.kms.katalon.core.webui.keyword.builtin.SetTextKeyword.setText(SetTextKeyword.groovy:106)
com.kms.katalon.core.webui.keyword.builtin.SetTextKeyword.execute(SetTextKeyword.groovy:49)
com.kms.katalon.core.keyword.internal.KeywordExecutor.executeKeywordForPlatform(KeywordExecutor.groovy:99)
com.kms.katalon.core.webui.keyword.WebUiBuiltInKeywords.setText(WebUiBuiltInKeywords.groovy:1082)
TC_Add_Comment.run(TC_Add_Comment:44)
</property>
</record>
<record>
  <date>2026-05-28T11:11:51.836525500Z</date>
  <millis>1779966711836</millis>
  <nanos>525500</nanos>
  <sequence>1541</sequence>
  <level>END</level>
  <class>com.kms.katalon.core.logging.XmlKeywordLogger</class>
  <method>endKeyword</method>
  <thread>1</thread>
  <message>End action : setText(findTestObject(&amp;quot;Page_Work Order  View- Workforce Manager/textarea_To mention a user or role, type  in fr&amp;quot;), &amp;quot;[~Chubby Chubby] Smoke test comment Automation &amp;quot;)</message>
  <nestedLevel>1</nestedLevel>
  <escapedJava>false</escapedJava>
</record>
<record>
  <date>2026-05-28T11:11:51.837539700Z</date>
  <millis>1779966711837</millis>
  <nanos>539700</nanos>
  <sequence>1542</sequence>
  <level>START</level>
  <class>com.kms.katalon.core.logging.XmlKeywordLogger</class>
  <method>startKeyword</method>
  <thread>1</thread>
  <message>Start action : click(findTestObject(&amp;quot;Page_Work Order  View- Workforce Manager/a_save_comment&amp;quot;))</message>
  <nestedLevel>1</nestedLevel>
  <escapedJava>false</escapedJava>
  <property name="startLine">47</property>
  <property name="stepIndex">12</property>
</record>
<record>
  <date>2026-05-28T11:11:52.372052500Z</date>
  <millis>1779966712372</millis>
  <nanos>52500</nanos>
  <sequence>1553</sequence>
  <level>PASSED</level>
  <class>com.kms.katalon.core.logging.XmlKeywordLogger</class>
  <method>logMessage</method>
  <thread>1</thread>
  <message>Object: &amp;apos;Object Repository/Page_Work Order  View- Workforce Manager/a_save_comment&amp;apos; is clicked on</message>
  <nestedLevel>1</nestedLevel>
  <escapedJava>false</escapedJava>
  <property name="testops-method-name">com.kms.katalon.core.webui.keyword.internal.WebUIKeywordMain.runKeywordUntilTimeout</property>
  <property name="testops-execution-stacktrace">com.kms.katalon.core.logging.KeywordLogger.logPassed(KeywordLogger.java:350)
com.kms.katalon.core.logging.KeywordLogger.logPassed(KeywordLogger.java:345)
com.kms.katalon.core.webui.keyword.builtin.ClickKeyword$_click_closure1.doCall(ClickKeyword.groovy:66)
java.base/jdk.internal.reflect.DirectMethodHandleAccessor.invoke(DirectMethodHandleAccessor.java:103)
jdk.proxy2/jdk.proxy2.$Proxy56.execute(Unknown Source)
com.kms.katalon.core.webui.model.SeleniumActionRetryController.performAction(SeleniumActionRetryController.java:96)
com.kms.katalon.core.webui.model.SeleniumActionRetryController.performAction(SeleniumActionRetryController.java:83)
com.kms.katalon.core.webui.keyword.internal.WebUIKeywordMain$_runKeywordUntilTimeout_closure1.doCall(WebUIKeywordMain.groovy:135)
com.kms.katalon.core.webui.keyword.internal.WebUIKeywordMain$_runKeywordUntilTimeout_closure1.call(WebUIKeywordMain.groovy)
com.kms.katalon.core.webui.keyword.internal.WebUIKeywordMain.runKeyword(WebUIKeywordMain.groovy:41)
com.kms.katalon.core.webui.keyword.internal.WebUIKeywordMain.runKeywordUntilTimeout(WebUIKeywordMain.groovy:133)
com.kms.katalon.core.webui.keyword.builtin.ClickKeyword.click(ClickKeyword.groovy:72)
com.kms.katalon.core.webui.keyword.builtin.ClickKeyword.execute(ClickKeyword.groovy:38)
com.kms.katalon.core.keyword.internal.KeywordExecutor.executeKeywordForPlatform(KeywordExecutor.groovy:99)
com.kms.katalon.core.webui.keyword.WebUiBuiltInKeywords.click(WebUiBuiltInKeywords.groovy:722)
TC_Add_Comment.run(TC_Add_Comment:47)
</property>
</record>
<record>
  <date>2026-05-28T11:11:52.373060600Z</date>
  <millis>1779966712373</millis>
  <nanos>60600</nanos>
  <sequence>1554</sequence>
  <level>END</level>
  <class>com.kms.katalon.core.logging.XmlKeywordLogger</class>
  <method>endKeyword</method>
  <thread>1</thread>
  <message>End action : click(findTestObject(&amp;quot;Page_Work Order  View- Workforce Manager/a_save_comment&amp;quot;))</message>
  <nestedLevel>1</nestedLevel>
  <escapedJava>false</escapedJava>
</record>
<record>
  <date>2026-05-28T11:11:52.373060600Z</date>
  <millis>1779966712373</millis>
  <nanos>60600</nanos>
  <sequence>1555</sequence>
  <level>START</level>
  <class>com.kms.katalon.core.logging.XmlKeywordLogger</class>
  <method>startKeyword</method>
  <thread>1</thread>
  <message>Start action : waitForElementVisible(findTestObject(&amp;quot;Page_Work Order  View- Workforce Manager/div_Comment saved successfully&amp;quot;), 20)</message>
  <nestedLevel>1</nestedLevel>
  <escapedJava>false</escapedJava>
  <property name="startLine">49</property>
  <property name="stepIndex">13</property>
</record>
<record>
  <date>2026-05-28T11:12:12.696785300Z</date>
  <millis>1779966732696</millis>
  <nanos>785300</nanos>
  <sequence>1562</sequence>
  <level>WARNING</level>
  <class>com.kms.katalon.core.logging.XmlKeywordLogger</class>
  <method>logMessage</method>
  <thread>1</thread>
  <message>Object &amp;apos;Object Repository/Page_Work Order  View- Workforce Manager/div_Comment saved successfully&amp;apos; is not visible after 20 second(s)</message>
  <nestedLevel>1</nestedLevel>
  <escapedJava>false</escapedJava>
  <property name="failed.exception.stacktrace">org.openqa.selenium.TimeoutException: Expected condition failed: waiting for visibility of Decorated {[[CChromeDriver: chrome on windows (e43099d9a5ed4667c645b535b1e9b03f)] -&gt; xpath: //*[@id = &apos;notificationModal&apos;]//*[@class and contains(concat(&apos; &apos;, normalize-space(@class), &apos; &apos;), &apos; modal-body &apos;)]]} (tried for 20 second(s) with 500 milliseconds interval)
Build info: version: &apos;4.39.0&apos;, revision: &apos;126f156aee&apos;
System info: os.name: &apos;Windows 11&apos;, os.arch: &apos;amd64&apos;, os.version: &apos;10.0&apos;, java.version: &apos;21.0.9&apos;
Driver info: org.openqa.selenium.remote.RemoteWebDriver$ByteBuddy$Vn2HuJQA
Capabilities {acceptInsecureCerts: false, browserName: chrome, browserVersion: 148.0.7778.179, chrome: {chromedriverVersion: 148.0.7778.167 (65db666ac2c..., userDataDir: C:\Users\CROWN-~1\AppData\L...}, fedcm:accounts: true, goog:chromeOptions: {debuggerAddress: localhost:59267}, goog:processID: 51480, networkConnectionEnabled: false, pageLoadStrategy: normal, platformName: windows, proxy: Proxy(), se:cdp: ws://localhost:59267/devtoo..., se:cdpVersion: 148.0.7778.179, setWindowRect: true, strictFileInteractability: false, timeouts: {implicit: 0, pageLoad: 300000, script: 30000}, unhandledPromptBehavior: {alert: ignore, beforeUnload: ignore, confirm: ignore, default: ignore, file: ignore, prompt: ignore}, webSocketUrl: ws://localhost:29467/sessio..., webauthn:extension:credBlob: true, webauthn:extension:largeBlob: true, webauthn:extension:minPinLength: true, webauthn:extension:prf: true, webauthn:virtualAuthenticators: true}
Session ID: e43099d9a5ed4667c645b535b1e9b03f
	at org.openqa.selenium.support.ui.WebDriverWait.timeoutException(WebDriverWait.java:84)
	at org.openqa.selenium.support.ui.FluentWait.until(FluentWait.java:228)
	at org.openqa.selenium.support.ui.Wait$until.call(Unknown Source)
	at com.kms.katalon.core.webui.keyword.builtin.WaitForElementVisibleKeyword$_waitForElementVisible_closure1.doCall(WaitForElementVisibleKeyword.groovy:84)
	at java.base/jdk.internal.reflect.DirectMethodHandleAccessor.invoke(DirectMethodHandleAccessor.java:103)
	at jdk.proxy2/jdk.proxy2.$Proxy56.execute(Unknown Source)
	at com.kms.katalon.core.webui.model.SeleniumActionRetryController.performAction(SeleniumActionRetryController.java:96)
	at com.kms.katalon.core.webui.model.SeleniumActionRetryController.performAction(SeleniumActionRetryController.java:83)
	at com.kms.katalon.core.webui.keyword.internal.WebUIKeywordMain$_runKeywordUntilTimeout_closure2.doCall(WebUIKeywordMain.groovy:155)
	at com.kms.katalon.core.webui.keyword.internal.WebUIKeywordMain$_runKeywordUntilTimeout_closure2.call(WebUIKeywordMain.groovy)
	at com.kms.katalon.core.webui.keyword.internal.WebUIKeywordMain.runKeyword(WebUIKeywordMain.groovy:41)
	at com.kms.katalon.core.webui.keyword.internal.WebUIKeywordMain.runKeywordUntilTimeout(WebUIKeywordMain.groovy:152)
	at com.kms.katalon.core.webui.keyword.internal.WebUIKeywordMain$runKeywordUntilTimeout.call(Unknown Source)
	at com.kms.katalon.core.webui.keyword.builtin.WaitForElementVisibleKeyword.waitForElementVisible(WaitForElementVisibleKeyword.groovy:101)
	at com.kms.katalon.core.webui.keyword.builtin.WaitForElementVisibleKeyword.execute(WaitForElementVisibleKeyword.groovy:69)
	at com.kms.katalon.core.keyword.internal.KeywordExecutor.executeKeywordForPlatform(KeywordExecutor.groovy:99)
	at com.kms.katalon.core.webui.keyword.WebUiBuiltInKeywords.waitForElementVisible(WebUiBuiltInKeywords.groovy:515)
	at TC_Add_Comment.run(TC_Add_Comment:49)
	at com.kms.katalon.core.main.ScriptEngine.run(ScriptEngine.java:203)
	at com.kms.katalon.core.main.ScriptEngine.runScriptAsRawText(ScriptEngine.java:115)
	at com.kms.katalon.core.main.TestCaseExecutor.runScript(TestCaseExecutor.java:504)
	at com.kms.katalon.core.main.TestCaseExecutor.doExecute(TestCaseExecutor.java:495)
	at com.kms.katalon.core.main.TestCaseExecutor.processExecutionPhase(TestCaseExecutor.java:474)
	at com.kms.katalon.core.main.TestCaseExecutor.accessMainPhase(TestCaseExecutor.java:466)
	at com.kms.katalon.core.main.TestCaseExecutor.execute(TestCaseExecutor.java:336)
	at com.kms.katalon.core.main.TestCaseExecutor.execute(TestCaseExecutor.java:424)
	at com.kms.katalon.core.main.TestCaseExecutor.execute(TestCaseExecutor.java:424)
	at com.kms.katalon.core.common.CommonExecutor.accessTestCaseMainPhase(CommonExecutor.java:71)
	at com.kms.katalon.core.main.TestSuiteExecutor.accessTestSuiteMainPhase(TestSuiteExecutor.java:153)
	at com.kms.katalon.core.main.TestSuiteExecutor.execute(TestSuiteExecutor.java:110)
	at com.kms.katalon.core.main.TestCaseMain.startTestSuite(TestCaseMain.java:206)
	at S0528_0.run(S0528_0.groovy:40)
	at java.base/jdk.internal.reflect.DirectMethodHandleAccessor.invoke(DirectMethodHandleAccessor.java:103)
</property>
  <property name="failed.exception.class">org.openqa.selenium.TimeoutException</property>
  <property name="failed.exception.message">Expected condition failed: waiting for visibility of Decorated {[[CChromeDriver: chrome on windows (e43099d9a5ed4667c645b535b1e9b03f)] -&gt; xpath: //*[@id = &apos;notificationModal&apos;]//*[@class and contains(concat(&apos; &apos;, normalize-space(@class), &apos; &apos;), &apos; modal-body &apos;)]]} (tried for 20 second(s) with 500 milliseconds interval)
Build info: version: &apos;4.39.0&apos;, revision: &apos;126f156aee&apos;
System info: os.name: &apos;Windows 11&apos;, os.arch: &apos;amd64&apos;, os.version: &apos;10.0&apos;, java.version: &apos;21.0.9&apos;
Driver info: org.openqa.selenium.remote.RemoteWebDriver$ByteBuddy$Vn2HuJQA
Capabilities {acceptInsecureCerts: false, browserName: chrome, browserVersion: 148.0.7778.179, chrome: {chromedriverVersion: 148.0.7778.167 (65db666ac2c..., userDataDir: C:\Users\CROWN-~1\AppData\L...}, fedcm:accounts: true, goog:chromeOptions: {debuggerAddress: localhost:59267}, goog:processID: 51480, networkConnectionEnabled: false, pageLoadStrategy: normal, platformName: windows, proxy: Proxy(), se:cdp: ws://localhost:59267/devtoo..., se:cdpVersion: 148.0.7778.179, setWindowRect: true, strictFileInteractability: false, timeouts: {implicit: 0, pageLoad: 300000, script: 30000}, unhandledPromptBehavior: {alert: ignore, beforeUnload: ignore, confirm: ignore, default: ignore, file: ignore, prompt: ignore}, webSocketUrl: ws://localhost:29467/sessio..., webauthn:extension:credBlob: true, webauthn:extension:largeBlob: true, webauthn:extension:minPinLength: true, webauthn:extension:prf: true, webauthn:virtualAuthenticators: true}
Session ID: e43099d9a5ed4667c645b535b1e9b03f</property>
</record>
<record>
  <date>2026-05-28T11:12:12.696785300Z</date>
  <millis>1779966732696</millis>
  <nanos>785300</nanos>
  <sequence>1563</sequence>
  <level>END</level>
  <class>com.kms.katalon.core.logging.XmlKeywordLogger</class>
  <method>endKeyword</method>
  <thread>1</thread>
  <message>End action : waitForElementVisible(findTestObject(&amp;quot;Page_Work Order  View- Workforce Manager/div_Comment saved successfully&amp;quot;), 20)</message>
  <nestedLevel>1</nestedLevel>
  <escapedJava>false</escapedJava>
</record>
<record>
  <date>2026-05-28T11:12:12.698252900Z</date>
  <millis>1779966732698</millis>
  <nanos>252900</nanos>
  <sequence>1564</sequence>
  <level>START</level>
  <class>com.kms.katalon.core.logging.XmlKeywordLogger</class>
  <method>startKeyword</method>
  <thread>1</thread>
  <message>Start action : delay(2)</message>
  <nestedLevel>1</nestedLevel>
  <escapedJava>false</escapedJava>
  <property name="startLine">51</property>
  <property name="stepIndex">14</property>
</record>
<record>
  <date>2026-05-28T11:12:14.702850700Z</date>
  <millis>1779966734702</millis>
  <nanos>850700</nanos>
  <sequence>1567</sequence>
  <level>PASSED</level>
  <class>com.kms.katalon.core.logging.XmlKeywordLogger</class>
  <method>logMessage</method>
  <thread>1</thread>
  <message>Delayed 2 second(s)</message>
  <nestedLevel>1</nestedLevel>
  <escapedJava>false</escapedJava>
  <property name="testops-method-name">com.kms.katalon.core.keyword.builtin.DelayKeyword.delay</property>
  <property name="testops-execution-stacktrace"></property>
</record>
<record>
  <date>2026-05-28T11:12:14.703839Z</date>
  <millis>1779966734703</millis>
  <nanos>839000</nanos>
  <sequence>1568</sequence>
  <level>END</level>
  <class>com.kms.katalon.core.logging.XmlKeywordLogger</class>
  <method>endKeyword</method>
  <thread>1</thread>
  <message>End action : delay(2)</message>
  <nestedLevel>1</nestedLevel>
  <escapedJava>false</escapedJava>
</record>
<record>
  <date>2026-05-28T11:12:14.703839Z</date>
  <millis>1779966734703</millis>
  <nanos>839000</nanos>
  <sequence>1569</sequence>
  <level>START</level>
  <class>com.kms.katalon.core.logging.XmlKeywordLogger</class>
  <method>startKeyword</method>
  <thread>1</thread>
  <message>Start action : waitForElementClickable(findTestObject(&amp;quot;Page_Work Order  View- Workforce Manager/button_SaveComment&amp;quot;), 20)</message>
  <nestedLevel>1</nestedLevel>
  <escapedJava>false</escapedJava>
  <property name="startLine">54</property>
  <property name="stepIndex">15</property>
</record>
<record>
  <date>2026-05-28T11:12:16.763153100Z</date>
  <millis>1779966736763</millis>
  <nanos>153100</nanos>
  <sequence>1576</sequence>
  <level>PASSED</level>
  <class>com.kms.katalon.core.logging.XmlKeywordLogger</class>
  <method>logMessage</method>
  <thread>1</thread>
  <message>Object &amp;apos;Object Repository/Page_Work Order  View- Workforce Manager/button_SaveComment&amp;apos; is clickable</message>
  <nestedLevel>1</nestedLevel>
  <escapedJava>false</escapedJava>
  <property name="testops-method-name">com.kms.katalon.core.webui.keyword.internal.WebUIKeywordMain.runKeywordUntilTimeout</property>
  <property name="testops-execution-stacktrace">com.kms.katalon.core.logging.KeywordLogger.logPassed(KeywordLogger.java:350)
com.kms.katalon.core.logging.KeywordLogger.logPassed(KeywordLogger.java:345)
com.kms.katalon.core.logging.KeywordLogger$logPassed$0.call(Unknown Source)
com.kms.katalon.core.webui.keyword.builtin.WaitForElementClickableKeyword$_waitForElementClickable_closure1.doCall(WaitForElementClickableKeyword.groovy:59)
java.base/jdk.internal.reflect.DirectMethodHandleAccessor.invoke(DirectMethodHandleAccessor.java:103)
jdk.proxy2/jdk.proxy2.$Proxy56.execute(Unknown Source)
com.kms.katalon.core.webui.model.SeleniumActionRetryController.performAction(SeleniumActionRetryController.java:96)
com.kms.katalon.core.webui.model.SeleniumActionRetryController.performAction(SeleniumActionRetryController.java:83)
com.kms.katalon.core.webui.keyword.internal.WebUIKeywordMain$_runKeywordUntilTimeout_closure2.doCall(WebUIKeywordMain.groovy:155)
com.kms.katalon.core.webui.keyword.internal.WebUIKeywordMain$_runKeywordUntilTimeout_closure2.call(WebUIKeywordMain.groovy)
com.kms.katalon.core.webui.keyword.internal.WebUIKeywordMain.runKeyword(WebUIKeywordMain.groovy:41)
com.kms.katalon.core.webui.keyword.internal.WebUIKeywordMain.runKeywordUntilTimeout(WebUIKeywordMain.groovy:152)
com.kms.katalon.core.webui.keyword.internal.WebUIKeywordMain$runKeywordUntilTimeout.call(Unknown Source)
com.kms.katalon.core.webui.keyword.builtin.WaitForElementClickableKeyword.waitForElementClickable(WaitForElementClickableKeyword.groovy:76)
com.kms.katalon.core.webui.keyword.builtin.WaitForElementClickableKeyword.execute(WaitForElementClickableKeyword.groovy:42)
com.kms.katalon.core.keyword.internal.KeywordExecutor.executeKeywordForPlatform(KeywordExecutor.groovy:99)
com.kms.katalon.core.webui.keyword.WebUiBuiltInKeywords.waitForElementClickable(WebUiBuiltInKeywords.groovy:581)
TC_Add_Comment.run(TC_Add_Comment:54)
</property>
</record>
<record>
  <date>2026-05-28T11:12:16.764164600Z</date>
  <millis>1779966736764</millis>
  <nanos>164600</nanos>
  <sequence>1577</sequence>
  <level>END</level>
  <class>com.kms.katalon.core.logging.XmlKeywordLogger</class>
  <method>endKeyword</method>
  <thread>1</thread>
  <message>End action : waitForElementClickable(findTestObject(&amp;quot;Page_Work Order  View- Workforce Manager/button_SaveComment&amp;quot;), 20)</message>
  <nestedLevel>1</nestedLevel>
  <escapedJava>false</escapedJava>
</record>
<record>
  <date>2026-05-28T11:12:16.764164600Z</date>
  <millis>1779966736764</millis>
  <nanos>164600</nanos>
  <sequence>1578</sequence>
  <level>START</level>
  <class>com.kms.katalon.core.logging.XmlKeywordLogger</class>
  <method>startKeyword</method>
  <thread>1</thread>
  <message>Start action : click(findTestObject(&amp;quot;Page_Work Order  View- Workforce Manager/button_SaveComment&amp;quot;))</message>
  <nestedLevel>1</nestedLevel>
  <escapedJava>false</escapedJava>
  <property name="startLine">56</property>
  <property name="stepIndex">16</property>
</record>
<record>
  <date>2026-05-28T11:12:17.552127700Z</date>
  <millis>1779966737552</millis>
  <nanos>127700</nanos>
  <sequence>1589</sequence>
  <level>PASSED</level>
  <class>com.kms.katalon.core.logging.XmlKeywordLogger</class>
  <method>logMessage</method>
  <thread>1</thread>
  <message>Object: &amp;apos;Object Repository/Page_Work Order  View- Workforce Manager/button_SaveComment&amp;apos; is clicked on</message>
  <nestedLevel>1</nestedLevel>
  <escapedJava>false</escapedJava>
  <property name="testops-method-name">com.kms.katalon.core.webui.keyword.internal.WebUIKeywordMain.runKeywordUntilTimeout</property>
  <property name="testops-execution-stacktrace">com.kms.katalon.core.logging.KeywordLogger.logPassed(KeywordLogger.java:350)
com.kms.katalon.core.logging.KeywordLogger.logPassed(KeywordLogger.java:345)
com.kms.katalon.core.webui.keyword.builtin.ClickKeyword$_click_closure1.doCall(ClickKeyword.groovy:66)
java.base/jdk.internal.reflect.DirectMethodHandleAccessor.invoke(DirectMethodHandleAccessor.java:103)
jdk.proxy2/jdk.proxy2.$Proxy56.execute(Unknown Source)
com.kms.katalon.core.webui.model.SeleniumActionRetryController.performAction(SeleniumActionRetryController.java:96)
com.kms.katalon.core.webui.model.SeleniumActionRetryController.performAction(SeleniumActionRetryController.java:83)
com.kms.katalon.core.webui.keyword.internal.WebUIKeywordMain$_runKeywordUntilTimeout_closure1.doCall(WebUIKeywordMain.groovy:135)
com.kms.katalon.core.webui.keyword.internal.WebUIKeywordMain$_runKeywordUntilTimeout_closure1.call(WebUIKeywordMain.groovy)
com.kms.katalon.core.webui.keyword.internal.WebUIKeywordMain.runKeyword(WebUIKeywordMain.groovy:41)
com.kms.katalon.core.webui.keyword.internal.WebUIKeywordMain.runKeywordUntilTimeout(WebUIKeywordMain.groovy:133)
com.kms.katalon.core.webui.keyword.builtin.ClickKeyword.click(ClickKeyword.groovy:72)
com.kms.katalon.core.webui.keyword.builtin.ClickKeyword.execute(ClickKeyword.groovy:38)
com.kms.katalon.core.keyword.internal.KeywordExecutor.executeKeywordForPlatform(KeywordExecutor.groovy:99)
com.kms.katalon.core.webui.keyword.WebUiBuiltInKeywords.click(WebUiBuiltInKeywords.groovy:722)
TC_Add_Comment.run(TC_Add_Comment:56)
</property>
</record>
<record>
  <date>2026-05-28T11:12:17.553162900Z</date>
  <millis>1779966737553</millis>
  <nanos>162900</nanos>
  <sequence>1590</sequence>
  <level>END</level>
  <class>com.kms.katalon.core.logging.XmlKeywordLogger</class>
  <method>endKeyword</method>
  <thread>1</thread>
  <message>End action : click(findTestObject(&amp;quot;Page_Work Order  View- Workforce Manager/button_SaveComment&amp;quot;))</message>
  <nestedLevel>1</nestedLevel>
  <escapedJava>false</escapedJava>
</record>
<record>
  <date>2026-05-28T11:12:17.553162900Z</date>
  <millis>1779966737553</millis>
  <nanos>162900</nanos>
  <sequence>1591</sequence>
  <level>PASSED</level>
  <class>com.kms.katalon.core.logging.XmlKeywordLogger</class>
  <method>logMessage</method>
  <thread>1</thread>
  <message>Test Cases/TaskActions/Comments/TC_Add_Comment</message>
  <nestedLevel>1</nestedLevel>
  <escapedJava>false</escapedJava>
</record>
<record>
  <date>2026-05-28T11:12:17.554135500Z</date>
  <millis>1779966737554</millis>
  <nanos>135500</nanos>
  <sequence>1592</sequence>
  <level>END</level>
  <class>com.kms.katalon.core.logging.XmlKeywordLogger</class>
  <method>endTest</method>
  <thread>1</thread>
  <message>End Test Case : Test Cases/TaskActions/Comments/TC_Add_Comment</message>
  <nestedLevel>0</nestedLevel>
  <escapedJava>false</escapedJava>
  <property name="executionBindingVariables">[]</property>
  <property name="applitools">false</property>
  <property name="remainingRetryCount">1</property>
  <property name="executedKeywords">{
  &quot;WebUI.waitForElementVisible&quot;: 1,
  &quot;WebUI.click&quot;: 6,
  &quot;WebUI.waitForPageLoad&quot;: 2,
  &quot;WebUI.waitForElementPresent&quot;: 2,
  &quot;BuiltIn.delay&quot;: 1,
  &quot;WebUI.setText&quot;: 3,
  &quot;WebUI.waitForElementClickable&quot;: 1
}</property>
  <property name="currentRetryCount">2</property>
  <property name="keywordsUsage">{
  &quot;web_ui&quot;: true,
  &quot;web_service&quot;: false,
  &quot;cucumber&quot;: false,
  &quot;builtin&quot;: true,
  &quot;mobile&quot;: false,
  &quot;windows&quot;: false,
  &quot;testng&quot;: false
}</property>
</record>
<record>
  <date>2026-05-28T11:12:17.555648900Z</date>
  <millis>1779966737555</millis>
  <nanos>648900</nanos>
  <sequence>1593</sequence>
  <level>START</level>
  <class>com.kms.katalon.core.logging.XmlKeywordLogger</class>
  <method>startTest</method>
  <thread>1</thread>
  <message>Start Test Case : Test Cases/TaskActions/Change_Priority/Priority</message>
  <nestedLevel>1</nestedLevel>
  <escapedJava>false</escapedJava>
  <property name="remainingRetryCount">3</property>
  <property name="origin"></property>
  <property name="name">Test Cases/TaskActions/Change_Priority/Priority</property>
  <property name="description"></property>
  <property name="iteration"></property>
  <property name="id">Test Cases/TaskActions/Change_Priority/Priority</property>
  <property name="source">C:\Users\CROWN-STAFF\git\convergence-qa-tests\Test Cases\TaskActions\Change_Priority\Priority.tc</property>
  <property name="tag"></property>
  <property name="isOptional">false</property>
  <property name="uuid">e5ea9f9f-2ec9-4abe-8181-af77b83c7dd8</property>
  <property name="currentRetryCount">0</property>
</record>
<record>
  <date>2026-05-28T11:12:17.563307900Z</date>
  <millis>1779966737563</millis>
  <nanos>307900</nanos>
  <sequence>1595</sequence>
  <level>RUN_DATA</level>
  <class>com.kms.katalon.core.logging.XmlKeywordLogger</class>
  <method>logMessage</method>
  <thread>1</thread>
  <message>executionBindingVariables = []</message>
  <nestedLevel>1</nestedLevel>
  <escapedJava>false</escapedJava>
  <property name="executionBindingVariables">[]</property>
</record>
<record>
  <date>2026-05-28T11:12:17.589084300Z</date>
  <millis>1779966737589</millis>
  <nanos>84300</nanos>
  <sequence>1596</sequence>
  <level>START</level>
  <class>com.kms.katalon.core.logging.XmlKeywordLogger</class>
  <method>startKeyword</method>
  <thread>1</thread>
  <message>Start action : waitForPageLoad(20)</message>
  <nestedLevel>1</nestedLevel>
  <escapedJava>false</escapedJava>
  <property name="startLine">5</property>
  <property name="stepIndex">1</property>
</record>
<record>
  <date>2026-05-28T11:12:17.595587500Z</date>
  <millis>1779966737595</millis>
  <nanos>587500</nanos>
  <sequence>1600</sequence>
  <level>PASSED</level>
  <class>com.kms.katalon.core.logging.XmlKeywordLogger</class>
  <method>logMessage</method>
  <thread>1</thread>
  <message>Wait for page load successfully</message>
  <nestedLevel>1</nestedLevel>
  <escapedJava>false</escapedJava>
  <property name="testops-method-name">com.kms.katalon.core.webui.keyword.internal.WebUIKeywordMain$runKeyword$0.call</property>
  <property name="testops-execution-stacktrace">com.kms.katalon.core.logging.KeywordLogger.logPassed(KeywordLogger.java:350)
com.kms.katalon.core.logging.KeywordLogger.logPassed(KeywordLogger.java:345)
com.kms.katalon.core.logging.KeywordLogger$logPassed$0.call(Unknown Source)
com.kms.katalon.core.webui.keyword.builtin.WaitForPageLoadKeyword$_waitForPageLoad_closure1.doCall(WaitForPageLoadKeyword.groovy:94)
com.kms.katalon.core.webui.keyword.builtin.WaitForPageLoadKeyword$_waitForPageLoad_closure1.doCall(WaitForPageLoadKeyword.groovy)
java.base/jdk.internal.reflect.DirectMethodHandleAccessor.invoke(DirectMethodHandleAccessor.java:103)
com.kms.katalon.core.webui.keyword.internal.WebUIKeywordMain.runKeyword(WebUIKeywordMain.groovy:41)
com.kms.katalon.core.webui.keyword.internal.WebUIKeywordMain$runKeyword$0.call(Unknown Source)
com.kms.katalon.core.webui.keyword.builtin.WaitForPageLoadKeyword.waitForPageLoad(WaitForPageLoadKeyword.groovy:95)
com.kms.katalon.core.webui.keyword.builtin.WaitForPageLoadKeyword.execute(WaitForPageLoadKeyword.groovy:68)
com.kms.katalon.core.keyword.internal.KeywordExecutor.executeKeywordForPlatform(KeywordExecutor.groovy:99)
com.kms.katalon.core.webui.keyword.WebUiBuiltInKeywords.waitForPageLoad(WebUiBuiltInKeywords.groovy:2559)
Priority.run(Priority:5)
</property>
</record>
<record>
  <date>2026-05-28T11:12:17.596596200Z</date>
  <millis>1779966737596</millis>
  <nanos>596200</nanos>
  <sequence>1601</sequence>
  <level>END</level>
  <class>com.kms.katalon.core.logging.XmlKeywordLogger</class>
  <method>endKeyword</method>
  <thread>1</thread>
  <message>End action : waitForPageLoad(20)</message>
  <nestedLevel>1</nestedLevel>
  <escapedJava>false</escapedJava>
</record>
<record>
  <date>2026-05-28T11:12:17.596596200Z</date>
  <millis>1779966737596</millis>
  <nanos>596200</nanos>
  <sequence>1602</sequence>
  <level>START</level>
  <class>com.kms.katalon.core.logging.XmlKeywordLogger</class>
  <method>startKeyword</method>
  <thread>1</thread>
  <message>Start action : waitForElementClickable(findTestObject(&amp;quot;Page_Work Order  View- Workforce Manager/i_fa fa-pencil text-interact-blue&amp;quot;), 20)</message>
  <nestedLevel>1</nestedLevel>
  <escapedJava>false</escapedJava>
  <property name="startLine">8</property>
  <property name="stepIndex">2</property>
</record>
<record>
  <date>2026-05-28T11:12:17.892806200Z</date>
  <millis>1779966737892</millis>
  <nanos>806200</nanos>
  <sequence>1609</sequence>
  <level>PASSED</level>
  <class>com.kms.katalon.core.logging.XmlKeywordLogger</class>
  <method>logMessage</method>
  <thread>1</thread>
  <message>Object &amp;apos;Object Repository/Page_Work Order  View- Workforce Manager/i_fa fa-pencil text-interact-blue&amp;apos; is clickable</message>
  <nestedLevel>1</nestedLevel>
  <escapedJava>false</escapedJava>
  <property name="testops-method-name">com.kms.katalon.core.webui.keyword.internal.WebUIKeywordMain.runKeywordUntilTimeout</property>
  <property name="testops-execution-stacktrace">com.kms.katalon.core.logging.KeywordLogger.logPassed(KeywordLogger.java:350)
com.kms.katalon.core.logging.KeywordLogger.logPassed(KeywordLogger.java:345)
com.kms.katalon.core.logging.KeywordLogger$logPassed$0.call(Unknown Source)
com.kms.katalon.core.webui.keyword.builtin.WaitForElementClickableKeyword$_waitForElementClickable_closure1.doCall(WaitForElementClickableKeyword.groovy:59)
java.base/jdk.internal.reflect.DirectMethodHandleAccessor.invoke(DirectMethodHandleAccessor.java:103)
jdk.proxy2/jdk.proxy2.$Proxy56.execute(Unknown Source)
com.kms.katalon.core.webui.model.SeleniumActionRetryController.performAction(SeleniumActionRetryController.java:96)
com.kms.katalon.core.webui.model.SeleniumActionRetryController.performAction(SeleniumActionRetryController.java:83)
com.kms.katalon.core.webui.keyword.internal.WebUIKeywordMain$_runKeywordUntilTimeout_closure2.doCall(WebUIKeywordMain.groovy:155)
com.kms.katalon.core.webui.keyword.internal.WebUIKeywordMain$_runKeywordUntilTimeout_closure2.call(WebUIKeywordMain.groovy)
com.kms.katalon.core.webui.keyword.internal.WebUIKeywordMain.runKeyword(WebUIKeywordMain.groovy:41)
com.kms.katalon.core.webui.keyword.internal.WebUIKeywordMain.runKeywordUntilTimeout(WebUIKeywordMain.groovy:152)
com.kms.katalon.core.webui.keyword.internal.WebUIKeywordMain$runKeywordUntilTimeout.call(Unknown Source)
com.kms.katalon.core.webui.keyword.builtin.WaitForElementClickableKeyword.waitForElementClickable(WaitForElementClickableKeyword.groovy:76)
com.kms.katalon.core.webui.keyword.builtin.WaitForElementClickableKeyword.execute(WaitForElementClickableKeyword.groovy:42)
com.kms.katalon.core.keyword.internal.KeywordExecutor.executeKeywordForPlatform(KeywordExecutor.groovy:99)
com.kms.katalon.core.webui.keyword.WebUiBuiltInKeywords.waitForElementClickable(WebUiBuiltInKeywords.groovy:581)
Priority.run(Priority:9)
</property>
</record>
<record>
  <date>2026-05-28T11:12:17.893877200Z</date>
  <millis>1779966737893</millis>
  <nanos>877200</nanos>
  <sequence>1610</sequence>
  <level>END</level>
  <class>com.kms.katalon.core.logging.XmlKeywordLogger</class>
  <method>endKeyword</method>
  <thread>1</thread>
  <message>End action : waitForElementClickable(findTestObject(&amp;quot;Page_Work Order  View- Workforce Manager/i_fa fa-pencil text-interact-blue&amp;quot;), 20)</message>
  <nestedLevel>1</nestedLevel>
  <escapedJava>false</escapedJava>
</record>
<record>
  <date>2026-05-28T11:12:17.893877200Z</date>
  <millis>1779966737893</millis>
  <nanos>877200</nanos>
  <sequence>1611</sequence>
  <level>START</level>
  <class>com.kms.katalon.core.logging.XmlKeywordLogger</class>
  <method>startKeyword</method>
  <thread>1</thread>
  <message>Start action : click(findTestObject(&amp;quot;Page_Work Order  View- Workforce Manager/i_fa fa-pencil text-interact-blue&amp;quot;))</message>
  <nestedLevel>1</nestedLevel>
  <escapedJava>false</escapedJava>
  <property name="startLine">15</property>
  <property name="stepIndex">3</property>
</record>
<record>
  <date>2026-05-28T11:12:18.237709800Z</date>
  <millis>1779966738237</millis>
  <nanos>709800</nanos>
  <sequence>1622</sequence>
  <level>PASSED</level>
  <class>com.kms.katalon.core.logging.XmlKeywordLogger</class>
  <method>logMessage</method>
  <thread>1</thread>
  <message>Object: &amp;apos;Object Repository/Page_Work Order  View- Workforce Manager/i_fa fa-pencil text-interact-blue&amp;apos; is clicked on</message>
  <nestedLevel>1</nestedLevel>
  <escapedJava>false</escapedJava>
  <property name="testops-method-name">com.kms.katalon.core.webui.keyword.internal.WebUIKeywordMain.runKeywordUntilTimeout</property>
  <property name="testops-execution-stacktrace">com.kms.katalon.core.logging.KeywordLogger.logPassed(KeywordLogger.java:350)
com.kms.katalon.core.logging.KeywordLogger.logPassed(KeywordLogger.java:345)
com.kms.katalon.core.webui.keyword.builtin.ClickKeyword$_click_closure1.doCall(ClickKeyword.groovy:66)
java.base/jdk.internal.reflect.DirectMethodHandleAccessor.invoke(DirectMethodHandleAccessor.java:103)
jdk.proxy2/jdk.proxy2.$Proxy56.execute(Unknown Source)
com.kms.katalon.core.webui.model.SeleniumActionRetryController.performAction(SeleniumActionRetryController.java:96)
com.kms.katalon.core.webui.model.SeleniumActionRetryController.performAction(SeleniumActionRetryController.java:83)
com.kms.katalon.core.webui.keyword.internal.WebUIKeywordMain$_runKeywordUntilTimeout_closure1.doCall(WebUIKeywordMain.groovy:135)
com.kms.katalon.core.webui.keyword.internal.WebUIKeywordMain$_runKeywordUntilTimeout_closure1.call(WebUIKeywordMain.groovy)
com.kms.katalon.core.webui.keyword.internal.WebUIKeywordMain.runKeyword(WebUIKeywordMain.groovy:41)
com.kms.katalon.core.webui.keyword.internal.WebUIKeywordMain.runKeywordUntilTimeout(WebUIKeywordMain.groovy:133)
com.kms.katalon.core.webui.keyword.builtin.ClickKeyword.click(ClickKeyword.groovy:72)
com.kms.katalon.core.webui.keyword.builtin.ClickKeyword.execute(ClickKeyword.groovy:38)
com.kms.katalon.core.keyword.internal.KeywordExecutor.executeKeywordForPlatform(KeywordExecutor.groovy:99)
com.kms.katalon.core.webui.keyword.WebUiBuiltInKeywords.click(WebUiBuiltInKeywords.groovy:722)
Priority.run(Priority:16)
</property>
</record>
<record>
  <date>2026-05-28T11:12:18.238801600Z</date>
  <millis>1779966738238</millis>
  <nanos>801600</nanos>
  <sequence>1623</sequence>
  <level>END</level>
  <class>com.kms.katalon.core.logging.XmlKeywordLogger</class>
  <method>endKeyword</method>
  <thread>1</thread>
  <message>End action : click(findTestObject(&amp;quot;Page_Work Order  View- Workforce Manager/i_fa fa-pencil text-interact-blue&amp;quot;))</message>
  <nestedLevel>1</nestedLevel>
  <escapedJava>false</escapedJava>
</record>
<record>
  <date>2026-05-28T11:12:18.238801600Z</date>
  <millis>1779966738238</millis>
  <nanos>801600</nanos>
  <sequence>1624</sequence>
  <level>START</level>
  <class>com.kms.katalon.core.logging.XmlKeywordLogger</class>
  <method>startKeyword</method>
  <thread>1</thread>
  <message>Start action : waitForElementClickable(findTestObject(&amp;quot;Page_Work Order  View- Workforce Manager/small_High&amp;quot;), 20)</message>
  <nestedLevel>1</nestedLevel>
  <escapedJava>false</escapedJava>
  <property name="startLine">22</property>
  <property name="stepIndex">4</property>
</record>
<record>
  <date>2026-05-28T11:12:18.508902200Z</date>
  <millis>1779966738508</millis>
  <nanos>902200</nanos>
  <sequence>1631</sequence>
  <level>PASSED</level>
  <class>com.kms.katalon.core.logging.XmlKeywordLogger</class>
  <method>logMessage</method>
  <thread>1</thread>
  <message>Object &amp;apos;Object Repository/Page_Work Order  View- Workforce Manager/small_High&amp;apos; is clickable</message>
  <nestedLevel>1</nestedLevel>
  <escapedJava>false</escapedJava>
  <property name="testops-method-name">com.kms.katalon.core.webui.keyword.internal.WebUIKeywordMain.runKeywordUntilTimeout</property>
  <property name="testops-execution-stacktrace">com.kms.katalon.core.logging.KeywordLogger.logPassed(KeywordLogger.java:350)
com.kms.katalon.core.logging.KeywordLogger.logPassed(KeywordLogger.java:345)
com.kms.katalon.core.logging.KeywordLogger$logPassed$0.call(Unknown Source)
com.kms.katalon.core.webui.keyword.builtin.WaitForElementClickableKeyword$_waitForElementClickable_closure1.doCall(WaitForElementClickableKeyword.groovy:59)
java.base/jdk.internal.reflect.DirectMethodHandleAccessor.invoke(DirectMethodHandleAccessor.java:103)
jdk.proxy2/jdk.proxy2.$Proxy56.execute(Unknown Source)
com.kms.katalon.core.webui.model.SeleniumActionRetryController.performAction(SeleniumActionRetryController.java:96)
com.kms.katalon.core.webui.model.SeleniumActionRetryController.performAction(SeleniumActionRetryController.java:83)
com.kms.katalon.core.webui.keyword.internal.WebUIKeywordMain$_runKeywordUntilTimeout_closure2.doCall(WebUIKeywordMain.groovy:155)
com.kms.katalon.core.webui.keyword.internal.WebUIKeywordMain$_runKeywordUntilTimeout_closure2.call(WebUIKeywordMain.groovy)
com.kms.katalon.core.webui.keyword.internal.WebUIKeywordMain.runKeyword(WebUIKeywordMain.groovy:41)
com.kms.katalon.core.webui.keyword.internal.WebUIKeywordMain.runKeywordUntilTimeout(WebUIKeywordMain.groovy:152)
com.kms.katalon.core.webui.keyword.internal.WebUIKeywordMain$runKeywordUntilTimeout.call(Unknown Source)
com.kms.katalon.core.webui.keyword.builtin.WaitForElementClickableKeyword.waitForElementClickable(WaitForElementClickableKeyword.groovy:76)
com.kms.katalon.core.webui.keyword.builtin.WaitForElementClickableKeyword.execute(WaitForElementClickableKeyword.groovy:42)
com.kms.katalon.core.keyword.internal.KeywordExecutor.executeKeywordForPlatform(KeywordExecutor.groovy:99)
com.kms.katalon.core.webui.keyword.WebUiBuiltInKeywords.waitForElementClickable(WebUiBuiltInKeywords.groovy:581)
Priority.run(Priority:23)
</property>
</record>
<record>
  <date>2026-05-28T11:12:18.509916900Z</date>
  <millis>1779966738509</millis>
  <nanos>916900</nanos>
  <sequence>1632</sequence>
  <level>END</level>
  <class>com.kms.katalon.core.logging.XmlKeywordLogger</class>
  <method>endKeyword</method>
  <thread>1</thread>
  <message>End action : waitForElementClickable(findTestObject(&amp;quot;Page_Work Order  View- Workforce Manager/small_High&amp;quot;), 20)</message>
  <nestedLevel>1</nestedLevel>
  <escapedJava>false</escapedJava>
</record>
<record>
  <date>2026-05-28T11:12:18.509916900Z</date>
  <millis>1779966738509</millis>
  <nanos>916900</nanos>
  <sequence>1633</sequence>
  <level>START</level>
  <class>com.kms.katalon.core.logging.XmlKeywordLogger</class>
  <method>startKeyword</method>
  <thread>1</thread>
  <message>Start action : click(findTestObject(&amp;quot;Page_Work Order  View- Workforce Manager/small_High&amp;quot;))</message>
  <nestedLevel>1</nestedLevel>
  <escapedJava>false</escapedJava>
  <property name="startLine">29</property>
  <property name="stepIndex">5</property>
</record>
<record>
  <date>2026-05-28T11:12:20.722683100Z</date>
  <millis>1779966740722</millis>
  <nanos>683100</nanos>
  <sequence>1644</sequence>
  <level>PASSED</level>
  <class>com.kms.katalon.core.logging.XmlKeywordLogger</class>
  <method>logMessage</method>
  <thread>1</thread>
  <message>Object: &amp;apos;Object Repository/Page_Work Order  View- Workforce Manager/small_High&amp;apos; is clicked on</message>
  <nestedLevel>1</nestedLevel>
  <escapedJava>false</escapedJava>
  <property name="testops-method-name">com.kms.katalon.core.webui.keyword.internal.WebUIKeywordMain.runKeywordUntilTimeout</property>
  <property name="testops-execution-stacktrace">com.kms.katalon.core.logging.KeywordLogger.logPassed(KeywordLogger.java:350)
com.kms.katalon.core.logging.KeywordLogger.logPassed(KeywordLogger.java:345)
com.kms.katalon.core.webui.keyword.builtin.ClickKeyword$_click_closure1.doCall(ClickKeyword.groovy:66)
java.base/jdk.internal.reflect.DirectMethodHandleAccessor.invoke(DirectMethodHandleAccessor.java:103)
jdk.proxy2/jdk.proxy2.$Proxy56.execute(Unknown Source)
com.kms.katalon.core.webui.model.SeleniumActionRetryController.performAction(SeleniumActionRetryController.java:96)
com.kms.katalon.core.webui.model.SeleniumActionRetryController.performAction(SeleniumActionRetryController.java:83)
com.kms.katalon.core.webui.keyword.internal.WebUIKeywordMain$_runKeywordUntilTimeout_closure1.doCall(WebUIKeywordMain.groovy:135)
com.kms.katalon.core.webui.keyword.internal.WebUIKeywordMain$_runKeywordUntilTimeout_closure1.call(WebUIKeywordMain.groovy)
com.kms.katalon.core.webui.keyword.internal.WebUIKeywordMain.runKeyword(WebUIKeywordMain.groovy:41)
com.kms.katalon.core.webui.keyword.internal.WebUIKeywordMain.runKeywordUntilTimeout(WebUIKeywordMain.groovy:133)
com.kms.katalon.core.webui.keyword.builtin.ClickKeyword.click(ClickKeyword.groovy:72)
com.kms.katalon.core.webui.keyword.builtin.ClickKeyword.execute(ClickKeyword.groovy:38)
com.kms.katalon.core.keyword.internal.KeywordExecutor.executeKeywordForPlatform(KeywordExecutor.groovy:99)
com.kms.katalon.core.webui.keyword.WebUiBuiltInKeywords.click(WebUiBuiltInKeywords.groovy:722)
Priority.run(Priority:30)
</property>
</record>
<record>
  <date>2026-05-28T11:12:20.723696200Z</date>
  <millis>1779966740723</millis>
  <nanos>696200</nanos>
  <sequence>1645</sequence>
  <level>END</level>
  <class>com.kms.katalon.core.logging.XmlKeywordLogger</class>
  <method>endKeyword</method>
  <thread>1</thread>
  <message>End action : click(findTestObject(&amp;quot;Page_Work Order  View- Workforce Manager/small_High&amp;quot;))</message>
  <nestedLevel>1</nestedLevel>
  <escapedJava>false</escapedJava>
</record>
<record>
  <date>2026-05-28T11:12:20.725215Z</date>
  <millis>1779966740725</millis>
  <nanos>215000</nanos>
  <sequence>1646</sequence>
  <level>START</level>
  <class>com.kms.katalon.core.logging.XmlKeywordLogger</class>
  <method>startKeyword</method>
  <thread>1</thread>
  <message>Start action : click(findTestObject(&amp;quot;Page_Work Order  View- Workforce Manager/div_Successful&amp;quot;))</message>
  <nestedLevel>1</nestedLevel>
  <escapedJava>false</escapedJava>
  <property name="startLine">36</property>
  <property name="stepIndex">6</property>
</record>
<record>
  <date>2026-05-28T11:12:22.905906700Z</date>
  <millis>1779966742905</millis>
  <nanos>906700</nanos>
  <sequence>1657</sequence>
  <level>PASSED</level>
  <class>com.kms.katalon.core.logging.XmlKeywordLogger</class>
  <method>logMessage</method>
  <thread>1</thread>
  <message>Object: &amp;apos;Object Repository/Page_Work Order  View- Workforce Manager/div_Successful&amp;apos; is clicked on</message>
  <nestedLevel>1</nestedLevel>
  <escapedJava>false</escapedJava>
  <property name="testops-method-name">com.kms.katalon.core.webui.keyword.internal.WebUIKeywordMain.runKeywordUntilTimeout</property>
  <property name="testops-execution-stacktrace">com.kms.katalon.core.logging.KeywordLogger.logPassed(KeywordLogger.java:350)
com.kms.katalon.core.logging.KeywordLogger.logPassed(KeywordLogger.java:345)
com.kms.katalon.core.webui.keyword.builtin.ClickKeyword$_click_closure1.doCall(ClickKeyword.groovy:66)
java.base/jdk.internal.reflect.DirectMethodHandleAccessor.invoke(DirectMethodHandleAccessor.java:103)
jdk.proxy2/jdk.proxy2.$Proxy56.execute(Unknown Source)
com.kms.katalon.core.webui.model.SeleniumActionRetryController.performAction(SeleniumActionRetryController.java:96)
com.kms.katalon.core.webui.model.SeleniumActionRetryController.performAction(SeleniumActionRetryController.java:83)
com.kms.katalon.core.webui.keyword.internal.WebUIKeywordMain$_runKeywordUntilTimeout_closure1.doCall(WebUIKeywordMain.groovy:135)
com.kms.katalon.core.webui.keyword.internal.WebUIKeywordMain$_runKeywordUntilTimeout_closure1.call(WebUIKeywordMain.groovy)
com.kms.katalon.core.webui.keyword.internal.WebUIKeywordMain.runKeyword(WebUIKeywordMain.groovy:41)
com.kms.katalon.core.webui.keyword.internal.WebUIKeywordMain.runKeywordUntilTimeout(WebUIKeywordMain.groovy:133)
com.kms.katalon.core.webui.keyword.builtin.ClickKeyword.click(ClickKeyword.groovy:72)
com.kms.katalon.core.webui.keyword.builtin.ClickKeyword.execute(ClickKeyword.groovy:38)
com.kms.katalon.core.keyword.internal.KeywordExecutor.executeKeywordForPlatform(KeywordExecutor.groovy:99)
com.kms.katalon.core.webui.keyword.WebUiBuiltInKeywords.click(WebUiBuiltInKeywords.groovy:722)
Priority.run(Priority:37)
</property>
</record>
<record>
  <date>2026-05-28T11:12:22.906970400Z</date>
  <millis>1779966742906</millis>
  <nanos>970400</nanos>
  <sequence>1658</sequence>
  <level>END</level>
  <class>com.kms.katalon.core.logging.XmlKeywordLogger</class>
  <method>endKeyword</method>
  <thread>1</thread>
  <message>End action : click(findTestObject(&amp;quot;Page_Work Order  View- Workforce Manager/div_Successful&amp;quot;))</message>
  <nestedLevel>1</nestedLevel>
  <escapedJava>false</escapedJava>
</record>
<record>
  <date>2026-05-28T11:12:22.906970400Z</date>
  <millis>1779966742906</millis>
  <nanos>970400</nanos>
  <sequence>1659</sequence>
  <level>START</level>
  <class>com.kms.katalon.core.logging.XmlKeywordLogger</class>
  <method>startKeyword</method>
  <thread>1</thread>
  <message>Start action : click(findTestObject(&amp;quot;Page_Work Order  View- Workforce Manager/button_OK&amp;quot;))</message>
  <nestedLevel>1</nestedLevel>
  <escapedJava>false</escapedJava>
  <property name="startLine">43</property>
  <property name="stepIndex">7</property>
</record>
<record>
  <date>2026-05-28T11:12:23.235667300Z</date>
  <millis>1779966743235</millis>
  <nanos>667300</nanos>
  <sequence>1670</sequence>
  <level>PASSED</level>
  <class>com.kms.katalon.core.logging.XmlKeywordLogger</class>
  <method>logMessage</method>
  <thread>1</thread>
  <message>Object: &amp;apos;Object Repository/Page_Work Order  View- Workforce Manager/button_OK&amp;apos; is clicked on</message>
  <nestedLevel>1</nestedLevel>
  <escapedJava>false</escapedJava>
  <property name="testops-method-name">com.kms.katalon.core.webui.keyword.internal.WebUIKeywordMain.runKeywordUntilTimeout</property>
  <property name="testops-execution-stacktrace">com.kms.katalon.core.logging.KeywordLogger.logPassed(KeywordLogger.java:350)
com.kms.katalon.core.logging.KeywordLogger.logPassed(KeywordLogger.java:345)
com.kms.katalon.core.webui.keyword.builtin.ClickKeyword$_click_closure1.doCall(ClickKeyword.groovy:66)
java.base/jdk.internal.reflect.DirectMethodHandleAccessor.invoke(DirectMethodHandleAccessor.java:103)
jdk.proxy2/jdk.proxy2.$Proxy56.execute(Unknown Source)
com.kms.katalon.core.webui.model.SeleniumActionRetryController.performAction(SeleniumActionRetryController.java:96)
com.kms.katalon.core.webui.model.SeleniumActionRetryController.performAction(SeleniumActionRetryController.java:83)
com.kms.katalon.core.webui.keyword.internal.WebUIKeywordMain$_runKeywordUntilTimeout_closure1.doCall(WebUIKeywordMain.groovy:135)
com.kms.katalon.core.webui.keyword.internal.WebUIKeywordMain$_runKeywordUntilTimeout_closure1.call(WebUIKeywordMain.groovy)
com.kms.katalon.core.webui.keyword.internal.WebUIKeywordMain.runKeyword(WebUIKeywordMain.groovy:41)
com.kms.katalon.core.webui.keyword.internal.WebUIKeywordMain.runKeywordUntilTimeout(WebUIKeywordMain.groovy:133)
com.kms.katalon.core.webui.keyword.builtin.ClickKeyword.click(ClickKeyword.groovy:72)
com.kms.katalon.core.webui.keyword.builtin.ClickKeyword.execute(ClickKeyword.groovy:38)
com.kms.katalon.core.keyword.internal.KeywordExecutor.executeKeywordForPlatform(KeywordExecutor.groovy:99)
com.kms.katalon.core.webui.keyword.WebUiBuiltInKeywords.click(WebUiBuiltInKeywords.groovy:722)
Priority.run(Priority:44)
</property>
</record>
<record>
  <date>2026-05-28T11:12:23.236175800Z</date>
  <millis>1779966743236</millis>
  <nanos>175800</nanos>
  <sequence>1671</sequence>
  <level>END</level>
  <class>com.kms.katalon.core.logging.XmlKeywordLogger</class>
  <method>endKeyword</method>
  <thread>1</thread>
  <message>End action : click(findTestObject(&amp;quot;Page_Work Order  View- Workforce Manager/button_OK&amp;quot;))</message>
  <nestedLevel>1</nestedLevel>
  <escapedJava>false</escapedJava>
</record>
<record>
  <date>2026-05-28T11:12:23.236175800Z</date>
  <millis>1779966743236</millis>
  <nanos>175800</nanos>
  <sequence>1672</sequence>
  <level>PASSED</level>
  <class>com.kms.katalon.core.logging.XmlKeywordLogger</class>
  <method>logMessage</method>
  <thread>1</thread>
  <message>Test Cases/TaskActions/Change_Priority/Priority</message>
  <nestedLevel>1</nestedLevel>
  <escapedJava>false</escapedJava>
</record>
<record>
  <date>2026-05-28T11:12:23.237191200Z</date>
  <millis>1779966743237</millis>
  <nanos>191200</nanos>
  <sequence>1673</sequence>
  <level>END</level>
  <class>com.kms.katalon.core.logging.XmlKeywordLogger</class>
  <method>endTest</method>
  <thread>1</thread>
  <message>End Test Case : Test Cases/TaskActions/Change_Priority/Priority</message>
  <nestedLevel>0</nestedLevel>
  <escapedJava>false</escapedJava>
  <property name="executionBindingVariables">[]</property>
  <property name="applitools">false</property>
  <property name="remainingRetryCount">3</property>
  <property name="executedKeywords">{
  &quot;WebUI.click&quot;: 4,
  &quot;WebUI.waitForPageLoad&quot;: 1,
  &quot;WebUI.waitForElementClickable&quot;: 2
}</property>
  <property name="currentRetryCount">0</property>
  <property name="keywordsUsage">{
  &quot;web_ui&quot;: true,
  &quot;web_service&quot;: false,
  &quot;cucumber&quot;: false,
  &quot;builtin&quot;: false,
  &quot;mobile&quot;: false,
  &quot;windows&quot;: false,
  &quot;testng&quot;: false
}</property>
</record>
<record>
  <date>2026-05-28T11:12:23.240190600Z</date>
  <millis>1779966743240</millis>
  <nanos>190600</nanos>
  <sequence>1674</sequence>
  <level>START</level>
  <class>com.kms.katalon.core.logging.XmlKeywordLogger</class>
  <method>startTest</method>
  <thread>1</thread>
  <message>Start Test Case : Test Cases/TaskActions/Table_Actions/Download_File</message>
  <nestedLevel>1</nestedLevel>
  <escapedJava>false</escapedJava>
  <property name="remainingRetryCount">3</property>
  <property name="origin"></property>
  <property name="name">Test Cases/TaskActions/Table_Actions/Download_File</property>
  <property name="description"></property>
  <property name="iteration"></property>
  <property name="id">Test Cases/TaskActions/Table_Actions/Download_File</property>
  <property name="source">C:\Users\CROWN-STAFF\git\convergence-qa-tests\Test Cases\TaskActions\Table_Actions\Download_File.tc</property>
  <property name="tag"></property>
  <property name="isOptional">false</property>
  <property name="uuid">9a224cf9-39b3-44c3-b489-0e78e2312fc5</property>
  <property name="currentRetryCount">0</property>
</record>
<record>
  <date>2026-05-28T11:12:23.248886400Z</date>
  <millis>1779966743248</millis>
  <nanos>886400</nanos>
  <sequence>1676</sequence>
  <level>RUN_DATA</level>
  <class>com.kms.katalon.core.logging.XmlKeywordLogger</class>
  <method>logMessage</method>
  <thread>1</thread>
  <message>executionBindingVariables = []</message>
  <nestedLevel>1</nestedLevel>
  <escapedJava>false</escapedJava>
  <property name="executionBindingVariables">[]</property>
</record>
<record>
  <date>2026-05-28T11:12:23.284493700Z</date>
  <millis>1779966743284</millis>
  <nanos>493700</nanos>
  <sequence>1677</sequence>
  <level>START</level>
  <class>com.kms.katalon.core.logging.XmlKeywordLogger</class>
  <method>startKeyword</method>
  <thread>1</thread>
  <message>Start action : waitForPageLoad(20)</message>
  <nestedLevel>1</nestedLevel>
  <escapedJava>false</escapedJava>
  <property name="startLine">21</property>
  <property name="stepIndex">1</property>
</record>
<record>
  <date>2026-05-28T11:12:23.290025500Z</date>
  <millis>1779966743290</millis>
  <nanos>25500</nanos>
  <sequence>1681</sequence>
  <level>PASSED</level>
  <class>com.kms.katalon.core.logging.XmlKeywordLogger</class>
  <method>logMessage</method>
  <thread>1</thread>
  <message>Wait for page load successfully</message>
  <nestedLevel>1</nestedLevel>
  <escapedJava>false</escapedJava>
  <property name="testops-method-name">com.kms.katalon.core.webui.keyword.internal.WebUIKeywordMain$runKeyword$0.call</property>
  <property name="testops-execution-stacktrace">com.kms.katalon.core.logging.KeywordLogger.logPassed(KeywordLogger.java:350)
com.kms.katalon.core.logging.KeywordLogger.logPassed(KeywordLogger.java:345)
com.kms.katalon.core.logging.KeywordLogger$logPassed$0.call(Unknown Source)
com.kms.katalon.core.webui.keyword.builtin.WaitForPageLoadKeyword$_waitForPageLoad_closure1.doCall(WaitForPageLoadKeyword.groovy:94)
com.kms.katalon.core.webui.keyword.builtin.WaitForPageLoadKeyword$_waitForPageLoad_closure1.doCall(WaitForPageLoadKeyword.groovy)
java.base/jdk.internal.reflect.DirectMethodHandleAccessor.invoke(DirectMethodHandleAccessor.java:103)
com.kms.katalon.core.webui.keyword.internal.WebUIKeywordMain.runKeyword(WebUIKeywordMain.groovy:41)
com.kms.katalon.core.webui.keyword.internal.WebUIKeywordMain$runKeyword$0.call(Unknown Source)
com.kms.katalon.core.webui.keyword.builtin.WaitForPageLoadKeyword.waitForPageLoad(WaitForPageLoadKeyword.groovy:95)
com.kms.katalon.core.webui.keyword.builtin.WaitForPageLoadKeyword.execute(WaitForPageLoadKeyword.groovy:68)
com.kms.katalon.core.keyword.internal.KeywordExecutor.executeKeywordForPlatform(KeywordExecutor.groovy:99)
com.kms.katalon.core.webui.keyword.WebUiBuiltInKeywords.waitForPageLoad(WebUiBuiltInKeywords.groovy:2559)
Download_File.run(Download_File:21)
</property>
</record>
<record>
  <date>2026-05-28T11:12:23.291023100Z</date>
  <millis>1779966743291</millis>
  <nanos>23100</nanos>
  <sequence>1682</sequence>
  <level>END</level>
  <class>com.kms.katalon.core.logging.XmlKeywordLogger</class>
  <method>endKeyword</method>
  <thread>1</thread>
  <message>End action : waitForPageLoad(20)</message>
  <nestedLevel>1</nestedLevel>
  <escapedJava>false</escapedJava>
</record>
<record>
  <date>2026-05-28T11:12:23.291023100Z</date>
  <millis>1779966743291</millis>
  <nanos>23100</nanos>
  <sequence>1683</sequence>
  <level>START</level>
  <class>com.kms.katalon.core.logging.XmlKeywordLogger</class>
  <method>startKeyword</method>
  <thread>1</thread>
  <message>Start action : waitForElementPresent(findTestObject(&amp;quot;Page_Work Order  Index- Workforce Manager/input_Search&amp;quot;), 20)</message>
  <nestedLevel>1</nestedLevel>
  <escapedJava>false</escapedJava>
  <property name="startLine">23</property>
  <property name="stepIndex">2</property>
</record>
<record>
  <date>2026-05-28T11:12:43.366417Z</date>
  <millis>1779966763366</millis>
  <nanos>417000</nanos>
  <sequence>1689</sequence>
  <level>WARNING</level>
  <class>com.kms.katalon.core.logging.XmlKeywordLogger</class>
  <method>logMessage</method>
  <thread>1</thread>
  <message>Object &amp;apos;Object Repository/Page_Work Order  Index- Workforce Manager/input_Search&amp;apos; is not present after 20 second(s)</message>
  <nestedLevel>1</nestedLevel>
  <escapedJava>false</escapedJava>
  <property name="failed.exception.stacktrace">com.kms.katalon.core.webui.exception.WebElementNotFoundException: Web element with id: &apos;Object Repository/Page_Work Order  Index- Workforce Manager/input_Search&apos; located by &apos;By.xpath: //*[@id = &apos;created-by-me&apos;]//*[@id = &apos;search-table&apos;]&apos; not found
	at com.kms.katalon.core.webui.model.WebUiElementFinder.findElementByNormalMethods(WebUiElementFinder.java:201)
	at com.kms.katalon.core.webui.model.WebUiElementFinder.findElementsBySelectedMethod(WebUiElementFinder.java:99)
	at com.kms.katalon.core.webui.model.WebUiElementFinder.findElementsBySelectedMethod(WebUiElementFinder.java:82)
	at com.kms.katalon.core.webui.model.WebUiElementFinder.findElementsBySelectedMethod(WebUiElementFinder.java:77)
	at com.kms.katalon.core.webui.model.WebUiElementFinder.findElement(WebUiElementFinder.java:51)
	at com.kms.katalon.core.webui.model.WebUiElementFinderWithTimeout.basicFindElement(WebUiElementFinderWithTimeout.java:51)
	at com.kms.katalon.core.webui.model.WebUiElementFinderWithTimeout.lambda$0(WebUiElementFinderWithTimeout.java:29)
	at com.kms.katalon.core.webui.model.SeleniumActionRetryController.performAction(SeleniumActionRetryController.java:96)
	at com.kms.katalon.core.webui.model.SeleniumActionRetryController.performAction(SeleniumActionRetryController.java:83)
	at com.kms.katalon.core.webui.model.WebUiElementFinderWithTimeout.findElement(WebUiElementFinderWithTimeout.java:28)
	at com.kms.katalon.core.webui.keyword.internal.WebUIAbstractKeyword.lambda$1(WebUIAbstractKeyword.java:119)
	at com.kms.katalon.core.webui.model.SeleniumActionRetryController.performAction(SeleniumActionRetryController.java:96)
	at com.kms.katalon.core.webui.model.SeleniumActionRetryController.performAction(SeleniumActionRetryController.java:83)
	at com.kms.katalon.core.webui.model.SeleniumActionRetryController.retry(SeleniumActionRetryController.java:49)
	at com.kms.katalon.core.webui.model.SeleniumActionRetryController.retry(SeleniumActionRetryController.java:44)
	at com.kms.katalon.core.webui.keyword.internal.WebUIAbstractKeyword.findWebElement(WebUIAbstractKeyword.java:116)
	at com.kms.katalon.core.webui.keyword.builtin.WaitForElementPresentKeyword$_waitForElementPresent_closure1.doCall(WaitForElementPresentKeyword.groovy:54)
	at java.base/jdk.internal.reflect.DirectMethodHandleAccessor.invoke(DirectMethodHandleAccessor.java:103)
	at jdk.proxy2/jdk.proxy2.$Proxy56.execute(Unknown Source)
	at com.kms.katalon.core.webui.model.SeleniumActionRetryController.performAction(SeleniumActionRetryController.java:96)
	at com.kms.katalon.core.webui.model.SeleniumActionRetryController.performAction(SeleniumActionRetryController.java:83)
	at com.kms.katalon.core.webui.keyword.internal.WebUIKeywordMain$_runKeywordUntilTimeout_closure2.doCall(WebUIKeywordMain.groovy:155)
	at com.kms.katalon.core.webui.keyword.internal.WebUIKeywordMain$_runKeywordUntilTimeout_closure2.call(WebUIKeywordMain.groovy)
	at com.kms.katalon.core.webui.keyword.internal.WebUIKeywordMain.runKeyword(WebUIKeywordMain.groovy:41)
	at com.kms.katalon.core.webui.keyword.internal.WebUIKeywordMain.runKeywordUntilTimeout(WebUIKeywordMain.groovy:152)
	at com.kms.katalon.core.webui.keyword.builtin.WaitForElementPresentKeyword.waitForElementPresent(WaitForElementPresentKeyword.groovy:68)
	at com.kms.katalon.core.webui.keyword.builtin.WaitForElementPresentKeyword.execute(WaitForElementPresentKeyword.groovy:38)
	at com.kms.katalon.core.keyword.internal.KeywordExecutor.executeKeywordForPlatform(KeywordExecutor.groovy:99)
	at com.kms.katalon.core.webui.keyword.WebUiBuiltInKeywords.waitForElementPresent(WebUiBuiltInKeywords.groovy:424)
	at Download_File.run(Download_File:23)
	at com.kms.katalon.core.main.ScriptEngine.run(ScriptEngine.java:203)
	at com.kms.katalon.core.main.ScriptEngine.runScriptAsRawText(ScriptEngine.java:115)
	at com.kms.katalon.core.main.TestCaseExecutor.runScript(TestCaseExecutor.java:504)
	at com.kms.katalon.core.main.TestCaseExecutor.doExecute(TestCaseExecutor.java:495)
	at com.kms.katalon.core.main.TestCaseExecutor.processExecutionPhase(TestCaseExecutor.java:474)
	at com.kms.katalon.core.main.TestCaseExecutor.accessMainPhase(TestCaseExecutor.java:466)
	at com.kms.katalon.core.main.TestCaseExecutor.execute(TestCaseExecutor.java:336)
	at com.kms.katalon.core.common.CommonExecutor.accessTestCaseMainPhase(CommonExecutor.java:71)
	at com.kms.katalon.core.main.TestSuiteExecutor.accessTestSuiteMainPhase(TestSuiteExecutor.java:153)
	at com.kms.katalon.core.main.TestSuiteExecutor.execute(TestSuiteExecutor.java:110)
	at com.kms.katalon.core.main.TestCaseMain.startTestSuite(TestCaseMain.java:206)
	at S0528_0.run(S0528_0.groovy:40)
	at java.base/jdk.internal.reflect.DirectMethodHandleAccessor.invoke(DirectMethodHandleAccessor.java:103)
</property>
  <property name="failed.exception.class">com.kms.katalon.core.webui.exception.WebElementNotFoundException</property>
  <property name="failed.exception.message">Web element with id: &apos;Object Repository/Page_Work Order  Index- Workforce Manager/input_Search&apos; located by &apos;By.xpath: //*[@id = &apos;created-by-me&apos;]//*[@id = &apos;search-table&apos;]&apos; not found</property>
</record>
<record>
  <date>2026-05-28T11:12:43.367415800Z</date>
  <millis>1779966763367</millis>
  <nanos>415800</nanos>
  <sequence>1690</sequence>
  <level>END</level>
  <class>com.kms.katalon.core.logging.XmlKeywordLogger</class>
  <method>endKeyword</method>
  <thread>1</thread>
  <message>End action : waitForElementPresent(findTestObject(&amp;quot;Page_Work Order  Index- Workforce Manager/input_Search&amp;quot;), 20)</message>
  <nestedLevel>1</nestedLevel>
  <escapedJava>false</escapedJava>
</record>
<record>
  <date>2026-05-28T11:12:43.367415800Z</date>
  <millis>1779966763367</millis>
  <nanos>415800</nanos>
  <sequence>1691</sequence>
  <level>START</level>
  <class>com.kms.katalon.core.logging.XmlKeywordLogger</class>
  <method>startKeyword</method>
  <thread>1</thread>
  <message>Start action : click(findTestObject(&amp;quot;Page_Work Order  View- Workforce Manager/btn_Download&amp;quot;))</message>
  <nestedLevel>1</nestedLevel>
  <escapedJava>false</escapedJava>
  <property name="startLine">25</property>
  <property name="stepIndex">3</property>
</record>
<record>
  <date>2026-05-28T11:12:43.908677100Z</date>
  <millis>1779966763908</millis>
  <nanos>677100</nanos>
  <sequence>1702</sequence>
  <level>PASSED</level>
  <class>com.kms.katalon.core.logging.XmlKeywordLogger</class>
  <method>logMessage</method>
  <thread>1</thread>
  <message>Object: &amp;apos;Object Repository/Page_Work Order  View- Workforce Manager/btn_Download&amp;apos; is clicked on</message>
  <nestedLevel>1</nestedLevel>
  <escapedJava>false</escapedJava>
  <property name="testops-method-name">com.kms.katalon.core.webui.keyword.internal.WebUIKeywordMain.runKeywordUntilTimeout</property>
  <property name="testops-execution-stacktrace">com.kms.katalon.core.logging.KeywordLogger.logPassed(KeywordLogger.java:350)
com.kms.katalon.core.logging.KeywordLogger.logPassed(KeywordLogger.java:345)
com.kms.katalon.core.webui.keyword.builtin.ClickKeyword$_click_closure1.doCall(ClickKeyword.groovy:66)
java.base/jdk.internal.reflect.DirectMethodHandleAccessor.invoke(DirectMethodHandleAccessor.java:103)
jdk.proxy2/jdk.proxy2.$Proxy56.execute(Unknown Source)
com.kms.katalon.core.webui.model.SeleniumActionRetryController.performAction(SeleniumActionRetryController.java:96)
com.kms.katalon.core.webui.model.SeleniumActionRetryController.performAction(SeleniumActionRetryController.java:83)
com.kms.katalon.core.webui.keyword.internal.WebUIKeywordMain$_runKeywordUntilTimeout_closure1.doCall(WebUIKeywordMain.groovy:135)
com.kms.katalon.core.webui.keyword.internal.WebUIKeywordMain$_runKeywordUntilTimeout_closure1.call(WebUIKeywordMain.groovy)
com.kms.katalon.core.webui.keyword.internal.WebUIKeywordMain.runKeyword(WebUIKeywordMain.groovy:41)
com.kms.katalon.core.webui.keyword.internal.WebUIKeywordMain.runKeywordUntilTimeout(WebUIKeywordMain.groovy:133)
com.kms.katalon.core.webui.keyword.builtin.ClickKeyword.click(ClickKeyword.groovy:72)
com.kms.katalon.core.webui.keyword.builtin.ClickKeyword.execute(ClickKeyword.groovy:38)
com.kms.katalon.core.keyword.internal.KeywordExecutor.executeKeywordForPlatform(KeywordExecutor.groovy:99)
com.kms.katalon.core.webui.keyword.WebUiBuiltInKeywords.click(WebUiBuiltInKeywords.groovy:722)
Download_File.run(Download_File:25)
</property>
</record>
<record>
  <date>2026-05-28T11:12:43.908677100Z</date>
  <millis>1779966763908</millis>
  <nanos>677100</nanos>
  <sequence>1703</sequence>
  <level>END</level>
  <class>com.kms.katalon.core.logging.XmlKeywordLogger</class>
  <method>endKeyword</method>
  <thread>1</thread>
  <message>End action : click(findTestObject(&amp;quot;Page_Work Order  View- Workforce Manager/btn_Download&amp;quot;))</message>
  <nestedLevel>1</nestedLevel>
  <escapedJava>false</escapedJava>
</record>
<record>
  <date>2026-05-28T11:12:43.909675600Z</date>
  <millis>1779966763909</millis>
  <nanos>675600</nanos>
  <sequence>1704</sequence>
  <level>PASSED</level>
  <class>com.kms.katalon.core.logging.XmlKeywordLogger</class>
  <method>logMessage</method>
  <thread>1</thread>
  <message>Test Cases/TaskActions/Table_Actions/Download_File</message>
  <nestedLevel>1</nestedLevel>
  <escapedJava>false</escapedJava>
</record>
<record>
  <date>2026-05-28T11:12:43.910673Z</date>
  <millis>1779966763910</millis>
  <nanos>673000</nanos>
  <sequence>1705</sequence>
  <level>END</level>
  <class>com.kms.katalon.core.logging.XmlKeywordLogger</class>
  <method>endTest</method>
  <thread>1</thread>
  <message>End Test Case : Test Cases/TaskActions/Table_Actions/Download_File</message>
  <nestedLevel>0</nestedLevel>
  <escapedJava>false</escapedJava>
  <property name="executionBindingVariables">[]</property>
  <property name="applitools">false</property>
  <property name="remainingRetryCount">3</property>
  <property name="executedKeywords">{
  &quot;WebUI.click&quot;: 1,
  &quot;WebUI.waitForPageLoad&quot;: 1,
  &quot;WebUI.waitForElementPresent&quot;: 1
}</property>
  <property name="currentRetryCount">0</property>
  <property name="keywordsUsage">{
  &quot;web_ui&quot;: true,
  &quot;web_service&quot;: false,
  &quot;cucumber&quot;: false,
  &quot;builtin&quot;: false,
  &quot;mobile&quot;: false,
  &quot;windows&quot;: false,
  &quot;testng&quot;: false
}</property>
</record>
<record>
  <date>2026-05-28T11:12:43.914268400Z</date>
  <millis>1779966763914</millis>
  <nanos>268400</nanos>
  <sequence>1706</sequence>
  <level>START</level>
  <class>com.kms.katalon.core.logging.XmlKeywordLogger</class>
  <method>startTest</method>
  <thread>1</thread>
  <message>Start Test Case : Test Cases/TaskActions/Table_Actions/View_File</message>
  <nestedLevel>1</nestedLevel>
  <escapedJava>false</escapedJava>
  <property name="remainingRetryCount">3</property>
  <property name="origin"></property>
  <property name="name">Test Cases/TaskActions/Table_Actions/View_File</property>
  <property name="description"></property>
  <property name="iteration"></property>
  <property name="id">Test Cases/TaskActions/Table_Actions/View_File</property>
  <property name="source">C:\Users\CROWN-STAFF\git\convergence-qa-tests\Test Cases\TaskActions\Table_Actions\View_File.tc</property>
  <property name="tag"></property>
  <property name="isOptional">false</property>
  <property name="uuid">bec3abf7-38ed-48f0-b3d5-436f3df32569</property>
  <property name="currentRetryCount">0</property>
</record>
<record>
  <date>2026-05-28T11:12:43.926482400Z</date>
  <millis>1779966763926</millis>
  <nanos>482400</nanos>
  <sequence>1708</sequence>
  <level>RUN_DATA</level>
  <class>com.kms.katalon.core.logging.XmlKeywordLogger</class>
  <method>logMessage</method>
  <thread>1</thread>
  <message>executionBindingVariables = []</message>
  <nestedLevel>1</nestedLevel>
  <escapedJava>false</escapedJava>
  <property name="executionBindingVariables">[]</property>
</record>
<record>
  <date>2026-05-28T11:12:43.968827Z</date>
  <millis>1779966763968</millis>
  <nanos>827000</nanos>
  <sequence>1709</sequence>
  <level>START</level>
  <class>com.kms.katalon.core.logging.XmlKeywordLogger</class>
  <method>startKeyword</method>
  <thread>1</thread>
  <message>Start action : waitForPageLoad(20)</message>
  <nestedLevel>1</nestedLevel>
  <escapedJava>false</escapedJava>
  <property name="startLine">21</property>
  <property name="stepIndex">1</property>
</record>
<record>
  <date>2026-05-28T11:12:43.981322300Z</date>
  <millis>1779966763981</millis>
  <nanos>322300</nanos>
  <sequence>1713</sequence>
  <level>PASSED</level>
  <class>com.kms.katalon.core.logging.XmlKeywordLogger</class>
  <method>logMessage</method>
  <thread>1</thread>
  <message>Wait for page load successfully</message>
  <nestedLevel>1</nestedLevel>
  <escapedJava>false</escapedJava>
  <property name="testops-method-name">com.kms.katalon.core.webui.keyword.internal.WebUIKeywordMain$runKeyword$0.call</property>
  <property name="testops-execution-stacktrace">com.kms.katalon.core.logging.KeywordLogger.logPassed(KeywordLogger.java:350)
com.kms.katalon.core.logging.KeywordLogger.logPassed(KeywordLogger.java:345)
com.kms.katalon.core.logging.KeywordLogger$logPassed$0.call(Unknown Source)
com.kms.katalon.core.webui.keyword.builtin.WaitForPageLoadKeyword$_waitForPageLoad_closure1.doCall(WaitForPageLoadKeyword.groovy:94)
com.kms.katalon.core.webui.keyword.builtin.WaitForPageLoadKeyword$_waitForPageLoad_closure1.doCall(WaitForPageLoadKeyword.groovy)
java.base/jdk.internal.reflect.DirectMethodHandleAccessor.invoke(DirectMethodHandleAccessor.java:103)
com.kms.katalon.core.webui.keyword.internal.WebUIKeywordMain.runKeyword(WebUIKeywordMain.groovy:41)
com.kms.katalon.core.webui.keyword.internal.WebUIKeywordMain$runKeyword$0.call(Unknown Source)
com.kms.katalon.core.webui.keyword.builtin.WaitForPageLoadKeyword.waitForPageLoad(WaitForPageLoadKeyword.groovy:95)
com.kms.katalon.core.webui.keyword.builtin.WaitForPageLoadKeyword.execute(WaitForPageLoadKeyword.groovy:68)
com.kms.katalon.core.keyword.internal.KeywordExecutor.executeKeywordForPlatform(KeywordExecutor.groovy:99)
com.kms.katalon.core.webui.keyword.WebUiBuiltInKeywords.waitForPageLoad(WebUiBuiltInKeywords.groovy:2559)
View_File.run(View_File:21)
</property>
</record>
<record>
  <date>2026-05-28T11:12:43.982322400Z</date>
  <millis>1779966763982</millis>
  <nanos>322400</nanos>
  <sequence>1714</sequence>
  <level>END</level>
  <class>com.kms.katalon.core.logging.XmlKeywordLogger</class>
  <method>endKeyword</method>
  <thread>1</thread>
  <message>End action : waitForPageLoad(20)</message>
  <nestedLevel>1</nestedLevel>
  <escapedJava>false</escapedJava>
</record>
<record>
  <date>2026-05-28T11:12:43.982322400Z</date>
  <millis>1779966763982</millis>
  <nanos>322400</nanos>
  <sequence>1715</sequence>
  <level>START</level>
  <class>com.kms.katalon.core.logging.XmlKeywordLogger</class>
  <method>startKeyword</method>
  <thread>1</thread>
  <message>Start action : waitForElementPresent(findTestObject(&amp;quot;Page_Work Order  Index- Workforce Manager/input_Search&amp;quot;), 20)</message>
  <nestedLevel>1</nestedLevel>
  <escapedJava>false</escapedJava>
  <property name="startLine">23</property>
  <property name="stepIndex">2</property>
</record>
<record>
  <date>2026-05-28T11:13:04.218502100Z</date>
  <millis>1779966784218</millis>
  <nanos>502100</nanos>
  <sequence>1721</sequence>
  <level>WARNING</level>
  <class>com.kms.katalon.core.logging.XmlKeywordLogger</class>
  <method>logMessage</method>
  <thread>1</thread>
  <message>Object &amp;apos;Object Repository/Page_Work Order  Index- Workforce Manager/input_Search&amp;apos; is not present after 20 second(s)</message>
  <nestedLevel>1</nestedLevel>
  <escapedJava>false</escapedJava>
  <property name="failed.exception.stacktrace">com.kms.katalon.core.webui.exception.WebElementNotFoundException: Web element with id: &apos;Object Repository/Page_Work Order  Index- Workforce Manager/input_Search&apos; located by &apos;By.xpath: //*[@id = &apos;created-by-me&apos;]//*[@id = &apos;search-table&apos;]&apos; not found
	at com.kms.katalon.core.webui.model.WebUiElementFinder.findElementByNormalMethods(WebUiElementFinder.java:201)
	at com.kms.katalon.core.webui.model.WebUiElementFinder.findElementsBySelectedMethod(WebUiElementFinder.java:99)
	at com.kms.katalon.core.webui.model.WebUiElementFinder.findElementsBySelectedMethod(WebUiElementFinder.java:82)
	at com.kms.katalon.core.webui.model.WebUiElementFinder.findElementsBySelectedMethod(WebUiElementFinder.java:77)
	at com.kms.katalon.core.webui.model.WebUiElementFinder.findElement(WebUiElementFinder.java:51)
	at com.kms.katalon.core.webui.model.WebUiElementFinderWithTimeout.basicFindElement(WebUiElementFinderWithTimeout.java:51)
	at com.kms.katalon.core.webui.model.WebUiElementFinderWithTimeout.lambda$0(WebUiElementFinderWithTimeout.java:29)
	at com.kms.katalon.core.webui.model.SeleniumActionRetryController.performAction(SeleniumActionRetryController.java:96)
	at com.kms.katalon.core.webui.model.SeleniumActionRetryController.performAction(SeleniumActionRetryController.java:83)
	at com.kms.katalon.core.webui.model.WebUiElementFinderWithTimeout.findElement(WebUiElementFinderWithTimeout.java:28)
	at com.kms.katalon.core.webui.keyword.internal.WebUIAbstractKeyword.lambda$1(WebUIAbstractKeyword.java:119)
	at com.kms.katalon.core.webui.model.SeleniumActionRetryController.performAction(SeleniumActionRetryController.java:96)
	at com.kms.katalon.core.webui.model.SeleniumActionRetryController.performAction(SeleniumActionRetryController.java:83)
	at com.kms.katalon.core.webui.model.SeleniumActionRetryController.retry(SeleniumActionRetryController.java:49)
	at com.kms.katalon.core.webui.model.SeleniumActionRetryController.retry(SeleniumActionRetryController.java:44)
	at com.kms.katalon.core.webui.keyword.internal.WebUIAbstractKeyword.findWebElement(WebUIAbstractKeyword.java:116)
	at com.kms.katalon.core.webui.keyword.builtin.WaitForElementPresentKeyword$_waitForElementPresent_closure1.doCall(WaitForElementPresentKeyword.groovy:54)
	at java.base/jdk.internal.reflect.DirectMethodHandleAccessor.invoke(DirectMethodHandleAccessor.java:103)
	at jdk.proxy2/jdk.proxy2.$Proxy56.execute(Unknown Source)
	at com.kms.katalon.core.webui.model.SeleniumActionRetryController.performAction(SeleniumActionRetryController.java:96)
	at com.kms.katalon.core.webui.model.SeleniumActionRetryController.performAction(SeleniumActionRetryController.java:83)
	at com.kms.katalon.core.webui.keyword.internal.WebUIKeywordMain$_runKeywordUntilTimeout_closure2.doCall(WebUIKeywordMain.groovy:155)
	at com.kms.katalon.core.webui.keyword.internal.WebUIKeywordMain$_runKeywordUntilTimeout_closure2.call(WebUIKeywordMain.groovy)
	at com.kms.katalon.core.webui.keyword.internal.WebUIKeywordMain.runKeyword(WebUIKeywordMain.groovy:41)
	at com.kms.katalon.core.webui.keyword.internal.WebUIKeywordMain.runKeywordUntilTimeout(WebUIKeywordMain.groovy:152)
	at com.kms.katalon.core.webui.keyword.builtin.WaitForElementPresentKeyword.waitForElementPresent(WaitForElementPresentKeyword.groovy:68)
	at com.kms.katalon.core.webui.keyword.builtin.WaitForElementPresentKeyword.execute(WaitForElementPresentKeyword.groovy:38)
	at com.kms.katalon.core.keyword.internal.KeywordExecutor.executeKeywordForPlatform(KeywordExecutor.groovy:99)
	at com.kms.katalon.core.webui.keyword.WebUiBuiltInKeywords.waitForElementPresent(WebUiBuiltInKeywords.groovy:424)
	at View_File.run(View_File:24)
	at com.kms.katalon.core.main.ScriptEngine.run(ScriptEngine.java:203)
	at com.kms.katalon.core.main.ScriptEngine.runScriptAsRawText(ScriptEngine.java:115)
	at com.kms.katalon.core.main.TestCaseExecutor.runScript(TestCaseExecutor.java:504)
	at com.kms.katalon.core.main.TestCaseExecutor.doExecute(TestCaseExecutor.java:495)
	at com.kms.katalon.core.main.TestCaseExecutor.processExecutionPhase(TestCaseExecutor.java:474)
	at com.kms.katalon.core.main.TestCaseExecutor.accessMainPhase(TestCaseExecutor.java:466)
	at com.kms.katalon.core.main.TestCaseExecutor.execute(TestCaseExecutor.java:336)
	at com.kms.katalon.core.common.CommonExecutor.accessTestCaseMainPhase(CommonExecutor.java:71)
	at com.kms.katalon.core.main.TestSuiteExecutor.accessTestSuiteMainPhase(TestSuiteExecutor.java:153)
	at com.kms.katalon.core.main.TestSuiteExecutor.execute(TestSuiteExecutor.java:110)
	at com.kms.katalon.core.main.TestCaseMain.startTestSuite(TestCaseMain.java:206)
	at S0528_0.run(S0528_0.groovy:40)
	at java.base/jdk.internal.reflect.DirectMethodHandleAccessor.invoke(DirectMethodHandleAccessor.java:103)
</property>
  <property name="failed.exception.class">com.kms.katalon.core.webui.exception.WebElementNotFoundException</property>
  <property name="failed.exception.message">Web element with id: &apos;Object Repository/Page_Work Order  Index- Workforce Manager/input_Search&apos; located by &apos;By.xpath: //*[@id = &apos;created-by-me&apos;]//*[@id = &apos;search-table&apos;]&apos; not found</property>
</record>
<record>
  <date>2026-05-28T11:13:04.220473Z</date>
  <millis>1779966784220</millis>
  <nanos>473000</nanos>
  <sequence>1722</sequence>
  <level>END</level>
  <class>com.kms.katalon.core.logging.XmlKeywordLogger</class>
  <method>endKeyword</method>
  <thread>1</thread>
  <message>End action : waitForElementPresent(findTestObject(&amp;quot;Page_Work Order  Index- Workforce Manager/input_Search&amp;quot;), 20)</message>
  <nestedLevel>1</nestedLevel>
  <escapedJava>false</escapedJava>
</record>
<record>
  <date>2026-05-28T11:13:04.220473Z</date>
  <millis>1779966784220</millis>
  <nanos>473000</nanos>
  <sequence>1723</sequence>
  <level>START</level>
  <class>com.kms.katalon.core.logging.XmlKeywordLogger</class>
  <method>startKeyword</method>
  <thread>1</thread>
  <message>Start action : click(findTestObject(&amp;quot;Page_Work Order  View- Workforce Manager/btn_View&amp;quot;))</message>
  <nestedLevel>1</nestedLevel>
  <escapedJava>false</escapedJava>
  <property name="startLine">31</property>
  <property name="stepIndex">3</property>
</record>
<record>
  <date>2026-05-28T11:13:04.571133500Z</date>
  <millis>1779966784571</millis>
  <nanos>133500</nanos>
  <sequence>1734</sequence>
  <level>PASSED</level>
  <class>com.kms.katalon.core.logging.XmlKeywordLogger</class>
  <method>logMessage</method>
  <thread>1</thread>
  <message>Object: &amp;apos;Object Repository/Page_Work Order  View- Workforce Manager/btn_View&amp;apos; is clicked on</message>
  <nestedLevel>1</nestedLevel>
  <escapedJava>false</escapedJava>
  <property name="testops-method-name">com.kms.katalon.core.webui.keyword.internal.WebUIKeywordMain.runKeywordUntilTimeout</property>
  <property name="testops-execution-stacktrace">com.kms.katalon.core.logging.KeywordLogger.logPassed(KeywordLogger.java:350)
com.kms.katalon.core.logging.KeywordLogger.logPassed(KeywordLogger.java:345)
com.kms.katalon.core.webui.keyword.builtin.ClickKeyword$_click_closure1.doCall(ClickKeyword.groovy:66)
java.base/jdk.internal.reflect.DirectMethodHandleAccessor.invoke(DirectMethodHandleAccessor.java:103)
jdk.proxy2/jdk.proxy2.$Proxy56.execute(Unknown Source)
com.kms.katalon.core.webui.model.SeleniumActionRetryController.performAction(SeleniumActionRetryController.java:96)
com.kms.katalon.core.webui.model.SeleniumActionRetryController.performAction(SeleniumActionRetryController.java:83)
com.kms.katalon.core.webui.keyword.internal.WebUIKeywordMain$_runKeywordUntilTimeout_closure1.doCall(WebUIKeywordMain.groovy:135)
com.kms.katalon.core.webui.keyword.internal.WebUIKeywordMain$_runKeywordUntilTimeout_closure1.call(WebUIKeywordMain.groovy)
com.kms.katalon.core.webui.keyword.internal.WebUIKeywordMain.runKeyword(WebUIKeywordMain.groovy:41)
com.kms.katalon.core.webui.keyword.internal.WebUIKeywordMain.runKeywordUntilTimeout(WebUIKeywordMain.groovy:133)
com.kms.katalon.core.webui.keyword.builtin.ClickKeyword.click(ClickKeyword.groovy:72)
com.kms.katalon.core.webui.keyword.builtin.ClickKeyword.execute(ClickKeyword.groovy:38)
com.kms.katalon.core.keyword.internal.KeywordExecutor.executeKeywordForPlatform(KeywordExecutor.groovy:99)
com.kms.katalon.core.webui.keyword.WebUiBuiltInKeywords.click(WebUiBuiltInKeywords.groovy:722)
View_File.run(View_File:32)
</property>
</record>
<record>
  <date>2026-05-28T11:13:04.572142500Z</date>
  <millis>1779966784572</millis>
  <nanos>142500</nanos>
  <sequence>1735</sequence>
  <level>END</level>
  <class>com.kms.katalon.core.logging.XmlKeywordLogger</class>
  <method>endKeyword</method>
  <thread>1</thread>
  <message>End action : click(findTestObject(&amp;quot;Page_Work Order  View- Workforce Manager/btn_View&amp;quot;))</message>
  <nestedLevel>1</nestedLevel>
  <escapedJava>false</escapedJava>
</record>
<record>
  <date>2026-05-28T11:13:04.572142500Z</date>
  <millis>1779966784572</millis>
  <nanos>142500</nanos>
  <sequence>1736</sequence>
  <level>START</level>
  <class>com.kms.katalon.core.logging.XmlKeywordLogger</class>
  <method>startKeyword</method>
  <thread>1</thread>
  <message>Start action : println(&amp;quot;Viewer opened&amp;quot;)</message>
  <nestedLevel>1</nestedLevel>
  <escapedJava>false</escapedJava>
  <property name="startLine">37</property>
  <property name="stepIndex">4</property>
</record>
<record>
  <date>2026-05-28T11:13:04.573426Z</date>
  <millis>1779966784573</millis>
  <nanos>426000</nanos>
  <sequence>1737</sequence>
  <level>END</level>
  <class>com.kms.katalon.core.logging.XmlKeywordLogger</class>
  <method>endKeyword</method>
  <thread>1</thread>
  <message>End action : println(&amp;quot;Viewer opened&amp;quot;)</message>
  <nestedLevel>1</nestedLevel>
  <escapedJava>false</escapedJava>
</record>
<record>
  <date>2026-05-28T11:13:04.574642500Z</date>
  <millis>1779966784574</millis>
  <nanos>642500</nanos>
  <sequence>1738</sequence>
  <level>START</level>
  <class>com.kms.katalon.core.logging.XmlKeywordLogger</class>
  <method>startKeyword</method>
  <thread>1</thread>
  <message>Start action : delay(5)</message>
  <nestedLevel>1</nestedLevel>
  <escapedJava>false</escapedJava>
  <property name="startLine">40</property>
  <property name="stepIndex">5</property>
</record>
<record>
  <date>2026-05-28T11:13:09.577052900Z</date>
  <millis>1779966789577</millis>
  <nanos>52900</nanos>
  <sequence>1741</sequence>
  <level>PASSED</level>
  <class>com.kms.katalon.core.logging.XmlKeywordLogger</class>
  <method>logMessage</method>
  <thread>1</thread>
  <message>Delayed 5 second(s)</message>
  <nestedLevel>1</nestedLevel>
  <escapedJava>false</escapedJava>
  <property name="testops-method-name">com.kms.katalon.core.keyword.builtin.DelayKeyword.delay</property>
  <property name="testops-execution-stacktrace"></property>
</record>
<record>
  <date>2026-05-28T11:13:09.579071800Z</date>
  <millis>1779966789579</millis>
  <nanos>71800</nanos>
  <sequence>1742</sequence>
  <level>END</level>
  <class>com.kms.katalon.core.logging.XmlKeywordLogger</class>
  <method>endKeyword</method>
  <thread>1</thread>
  <message>End action : delay(5)</message>
  <nestedLevel>1</nestedLevel>
  <escapedJava>false</escapedJava>
</record>
<record>
  <date>2026-05-28T11:13:09.579071800Z</date>
  <millis>1779966789579</millis>
  <nanos>71800</nanos>
  <sequence>1743</sequence>
  <level>START</level>
  <class>com.kms.katalon.core.logging.XmlKeywordLogger</class>
  <method>startKeyword</method>
  <thread>1</thread>
  <message>Start action : waitForElementVisible(findTestObject(&amp;quot;Page_Work Order  View- Workforce Manager/i_fa fa-chevron-right_1&amp;quot;), 20)</message>
  <nestedLevel>1</nestedLevel>
  <escapedJava>false</escapedJava>
  <property name="startLine">43</property>
  <property name="stepIndex">6</property>
</record>
<record>
  <date>2026-05-28T11:13:09.845805500Z</date>
  <millis>1779966789845</millis>
  <nanos>805500</nanos>
  <sequence>1750</sequence>
  <level>PASSED</level>
  <class>com.kms.katalon.core.logging.XmlKeywordLogger</class>
  <method>logMessage</method>
  <thread>1</thread>
  <message>Object &amp;apos;Object Repository/Page_Work Order  View- Workforce Manager/i_fa fa-chevron-right_1&amp;apos; is visible</message>
  <nestedLevel>1</nestedLevel>
  <escapedJava>false</escapedJava>
  <property name="testops-method-name">com.kms.katalon.core.webui.keyword.internal.WebUIKeywordMain.runKeywordUntilTimeout</property>
  <property name="testops-execution-stacktrace">com.kms.katalon.core.logging.KeywordLogger.logPassed(KeywordLogger.java:350)
com.kms.katalon.core.logging.KeywordLogger.logPassed(KeywordLogger.java:345)
com.kms.katalon.core.logging.KeywordLogger$logPassed$0.call(Unknown Source)
com.kms.katalon.core.webui.keyword.builtin.WaitForElementVisibleKeyword$_waitForElementVisible_closure1.doCall(WaitForElementVisibleKeyword.groovy:86)
java.base/jdk.internal.reflect.DirectMethodHandleAccessor.invoke(DirectMethodHandleAccessor.java:103)
jdk.proxy2/jdk.proxy2.$Proxy56.execute(Unknown Source)
com.kms.katalon.core.webui.model.SeleniumActionRetryController.performAction(SeleniumActionRetryController.java:96)
com.kms.katalon.core.webui.model.SeleniumActionRetryController.performAction(SeleniumActionRetryController.java:83)
com.kms.katalon.core.webui.keyword.internal.WebUIKeywordMain$_runKeywordUntilTimeout_closure2.doCall(WebUIKeywordMain.groovy:155)
com.kms.katalon.core.webui.keyword.internal.WebUIKeywordMain$_runKeywordUntilTimeout_closure2.call(WebUIKeywordMain.groovy)
com.kms.katalon.core.webui.keyword.internal.WebUIKeywordMain.runKeyword(WebUIKeywordMain.groovy:41)
com.kms.katalon.core.webui.keyword.internal.WebUIKeywordMain.runKeywordUntilTimeout(WebUIKeywordMain.groovy:152)
com.kms.katalon.core.webui.keyword.internal.WebUIKeywordMain$runKeywordUntilTimeout.call(Unknown Source)
com.kms.katalon.core.webui.keyword.builtin.WaitForElementVisibleKeyword.waitForElementVisible(WaitForElementVisibleKeyword.groovy:101)
com.kms.katalon.core.webui.keyword.builtin.WaitForElementVisibleKeyword.execute(WaitForElementVisibleKeyword.groovy:69)
com.kms.katalon.core.keyword.internal.KeywordExecutor.executeKeywordForPlatform(KeywordExecutor.groovy:99)
com.kms.katalon.core.webui.keyword.WebUiBuiltInKeywords.waitForElementVisible(WebUiBuiltInKeywords.groovy:515)
View_File.run(View_File:44)
</property>
</record>
<record>
  <date>2026-05-28T11:13:09.846962200Z</date>
  <millis>1779966789846</millis>
  <nanos>962200</nanos>
  <sequence>1751</sequence>
  <level>END</level>
  <class>com.kms.katalon.core.logging.XmlKeywordLogger</class>
  <method>endKeyword</method>
  <thread>1</thread>
  <message>End action : waitForElementVisible(findTestObject(&amp;quot;Page_Work Order  View- Workforce Manager/i_fa fa-chevron-right_1&amp;quot;), 20)</message>
  <nestedLevel>1</nestedLevel>
  <escapedJava>false</escapedJava>
</record>
<record>
  <date>2026-05-28T11:13:09.846962200Z</date>
  <millis>1779966789846</millis>
  <nanos>962200</nanos>
  <sequence>1752</sequence>
  <level>START</level>
  <class>com.kms.katalon.core.logging.XmlKeywordLogger</class>
  <method>startKeyword</method>
  <thread>1</thread>
  <message>Start action : click(findTestObject(&amp;quot;Page_Work Order  View- Workforce Manager/i_fa fa-chevron-right_1&amp;quot;))</message>
  <nestedLevel>1</nestedLevel>
  <escapedJava>false</escapedJava>
  <property name="startLine">51</property>
  <property name="stepIndex">7</property>
</record>
<record>
  <date>2026-05-28T11:13:10.171659100Z</date>
  <millis>1779966790171</millis>
  <nanos>659100</nanos>
  <sequence>1763</sequence>
  <level>PASSED</level>
  <class>com.kms.katalon.core.logging.XmlKeywordLogger</class>
  <method>logMessage</method>
  <thread>1</thread>
  <message>Object: &amp;apos;Object Repository/Page_Work Order  View- Workforce Manager/i_fa fa-chevron-right_1&amp;apos; is clicked on</message>
  <nestedLevel>1</nestedLevel>
  <escapedJava>false</escapedJava>
  <property name="testops-method-name">com.kms.katalon.core.webui.keyword.internal.WebUIKeywordMain.runKeywordUntilTimeout</property>
  <property name="testops-execution-stacktrace">com.kms.katalon.core.logging.KeywordLogger.logPassed(KeywordLogger.java:350)
com.kms.katalon.core.logging.KeywordLogger.logPassed(KeywordLogger.java:345)
com.kms.katalon.core.webui.keyword.builtin.ClickKeyword$_click_closure1.doCall(ClickKeyword.groovy:66)
java.base/jdk.internal.reflect.DirectMethodHandleAccessor.invoke(DirectMethodHandleAccessor.java:103)
jdk.proxy2/jdk.proxy2.$Proxy56.execute(Unknown Source)
com.kms.katalon.core.webui.model.SeleniumActionRetryController.performAction(SeleniumActionRetryController.java:96)
com.kms.katalon.core.webui.model.SeleniumActionRetryController.performAction(SeleniumActionRetryController.java:83)
com.kms.katalon.core.webui.keyword.internal.WebUIKeywordMain$_runKeywordUntilTimeout_closure1.doCall(WebUIKeywordMain.groovy:135)
com.kms.katalon.core.webui.keyword.internal.WebUIKeywordMain$_runKeywordUntilTimeout_closure1.call(WebUIKeywordMain.groovy)
com.kms.katalon.core.webui.keyword.internal.WebUIKeywordMain.runKeyword(WebUIKeywordMain.groovy:41)
com.kms.katalon.core.webui.keyword.internal.WebUIKeywordMain.runKeywordUntilTimeout(WebUIKeywordMain.groovy:133)
com.kms.katalon.core.webui.keyword.builtin.ClickKeyword.click(ClickKeyword.groovy:72)
com.kms.katalon.core.webui.keyword.builtin.ClickKeyword.execute(ClickKeyword.groovy:38)
com.kms.katalon.core.keyword.internal.KeywordExecutor.executeKeywordForPlatform(KeywordExecutor.groovy:99)
com.kms.katalon.core.webui.keyword.WebUiBuiltInKeywords.click(WebUiBuiltInKeywords.groovy:722)
View_File.run(View_File:52)
</property>
</record>
<record>
  <date>2026-05-28T11:13:10.172666100Z</date>
  <millis>1779966790172</millis>
  <nanos>666100</nanos>
  <sequence>1764</sequence>
  <level>END</level>
  <class>com.kms.katalon.core.logging.XmlKeywordLogger</class>
  <method>endKeyword</method>
  <thread>1</thread>
  <message>End action : click(findTestObject(&amp;quot;Page_Work Order  View- Workforce Manager/i_fa fa-chevron-right_1&amp;quot;))</message>
  <nestedLevel>1</nestedLevel>
  <escapedJava>false</escapedJava>
</record>
<record>
  <date>2026-05-28T11:13:10.172666100Z</date>
  <millis>1779966790172</millis>
  <nanos>666100</nanos>
  <sequence>1765</sequence>
  <level>START</level>
  <class>com.kms.katalon.core.logging.XmlKeywordLogger</class>
  <method>startKeyword</method>
  <thread>1</thread>
  <message>Start action : println(&amp;quot;Viewer closed&amp;quot;)</message>
  <nestedLevel>1</nestedLevel>
  <escapedJava>false</escapedJava>
  <property name="startLine">57</property>
  <property name="stepIndex">8</property>
</record>
<record>
  <date>2026-05-28T11:13:10.172666100Z</date>
  <millis>1779966790172</millis>
  <nanos>666100</nanos>
  <sequence>1766</sequence>
  <level>END</level>
  <class>com.kms.katalon.core.logging.XmlKeywordLogger</class>
  <method>endKeyword</method>
  <thread>1</thread>
  <message>End action : println(&amp;quot;Viewer closed&amp;quot;)</message>
  <nestedLevel>1</nestedLevel>
  <escapedJava>false</escapedJava>
</record>
<record>
  <date>2026-05-28T11:13:10.173664800Z</date>
  <millis>1779966790173</millis>
  <nanos>664800</nanos>
  <sequence>1767</sequence>
  <level>PASSED</level>
  <class>com.kms.katalon.core.logging.XmlKeywordLogger</class>
  <method>logMessage</method>
  <thread>1</thread>
  <message>Test Cases/TaskActions/Table_Actions/View_File</message>
  <nestedLevel>1</nestedLevel>
  <escapedJava>false</escapedJava>
</record>
<record>
  <date>2026-05-28T11:13:10.173664800Z</date>
  <millis>1779966790173</millis>
  <nanos>664800</nanos>
  <sequence>1768</sequence>
  <level>END</level>
  <class>com.kms.katalon.core.logging.XmlKeywordLogger</class>
  <method>endTest</method>
  <thread>1</thread>
  <message>End Test Case : Test Cases/TaskActions/Table_Actions/View_File</message>
  <nestedLevel>0</nestedLevel>
  <escapedJava>false</escapedJava>
  <property name="executionBindingVariables">[]</property>
  <property name="applitools">false</property>
  <property name="remainingRetryCount">3</property>
  <property name="executedKeywords">{
  &quot;WebUI.waitForElementPresent&quot;: 1,
  &quot;WebUI.waitForElementVisible&quot;: 1,
  &quot;BuiltIn.delay&quot;: 1,
  &quot;WebUI.click&quot;: 2,
  &quot;WebUI.waitForPageLoad&quot;: 1
}</property>
  <property name="currentRetryCount">0</property>
  <property name="keywordsUsage">{
  &quot;web_ui&quot;: true,
  &quot;web_service&quot;: false,
  &quot;cucumber&quot;: false,
  &quot;builtin&quot;: true,
  &quot;mobile&quot;: false,
  &quot;windows&quot;: false,
  &quot;testng&quot;: false
}</property>
</record>
<record>
  <date>2026-05-28T11:13:10.515400Z</date>
  <millis>1779966790515</millis>
  <nanos>400000</nanos>
  <sequence>1769</sequence>
  <level>END</level>
  <class>com.kms.katalon.core.logging.XmlKeywordLogger</class>
  <method>endSuite</method>
  <thread>1</thread>
  <message>End Test Suite : Test Suites/Survey_suite_model</message>
  <nestedLevel>0</nestedLevel>
  <escapedJava>false</escapedJava>
</record>
</log>
<?xml version="1.0" encoding="UTF-8" standalone="no"?>
<!DOCTYPE log SYSTEM "logger.dtd">
<log>
<record>
  <date>2026-05-28T11:25:52.597050200Z</date>
  <millis>1779967552597</millis>
  <nanos>50200</nanos>
  <sequence>3735</sequence>
  <level>INFO</level>
  <class>com.kms.katalon.core.logging.XmlKeywordLogger</class>
  <method>logMessage</method>
  <thread>3584</thread>
  <message>Action delay is set to 0 milliseconds</message>
  <nestedLevel>0</nestedLevel>
  <escapedJava>false</escapedJava>
</record>
<record>
  <date>2026-05-28T11:37:46.076138200Z</date>
  <millis>1779968266076</millis>
  <nanos>138200</nanos>
  <sequence>3935</sequence>
  <level>INFO</level>
  <class>com.kms.katalon.core.logging.XmlKeywordLogger</class>
  <method>logMessage</method>
  <thread>4332</thread>
  <message>Action delay is set to 0 milliseconds</message>
  <nestedLevel>0</nestedLevel>
  <escapedJava>false</escapedJava>
</record>
